period_start,period_end,period_start_utc,period_end_utc,sn,n_datapoints,rh,temp,pm1,pm25,pm10,co,no,no2,o3
2024-06-12T20:00:00-04:00,2024-06-12T21:00:00-04:00,2024-06-13T00:00:00+00:00,2024-06-13T01:00:00+00:00,MOD-00811,16,,,,,,,,,
2024-06-12T21:00:00-04:00,2024-06-12T22:00:00-04:00,2024-06-13T01:00:00+00:00,2024-06-13T02:00:00+00:00,MOD-00811,60,52.215,23.418,,,,,,,
2024-06-12T22:00:00-04:00,2024-06-12T23:00:00-04:00,2024-06-13T02:00:00+00:00,2024-06-13T03:00:00+00:00,MOD-00811,60,50.477,23.995,,,,,,,
2024-06-12T23:00:00-04:00,2024-06-13T00:00:00-04:00,2024-06-13T03:00:00+00:00,2024-06-13T04:00:00+00:00,MOD-00811,60,50.237,24.165,,,,,,,
2024-06-13T00:00:00-04:00,2024-06-13T01:00:00-04:00,2024-06-13T04:00:00+00:00,2024-06-13T05:00:00+00:00,MOD-00811,60,50.36,24.167,,,,,,,
2024-06-13T01:00:00-04:00,2024-06-13T02:00:00-04:00,2024-06-13T05:00:00+00:00,2024-06-13T06:00:00+00:00,MOD-00811,60,49.913,24.132,,,,,,,
2024-06-13T02:00:00-04:00,2024-06-13T03:00:00-04:00,2024-06-13T06:00:00+00:00,2024-06-13T07:00:00+00:00,MOD-00811,60,50.103,24.1,,,,,,,
2024-06-13T03:00:00-04:00,2024-06-13T04:00:00-04:00,2024-06-13T07:00:00+00:00,2024-06-13T08:00:00+00:00,MOD-00811,60,49.9,24.118,,,,,,,
2024-06-13T04:00:00-04:00,2024-06-13T05:00:00-04:00,2024-06-13T08:00:00+00:00,2024-06-13T09:00:00+00:00,MOD-00811,60,49.525,24.063,,,,,,,
2024-06-13T05:00:00-04:00,2024-06-13T06:00:00-04:00,2024-06-13T09:00:00+00:00,2024-06-13T10:00:00+00:00,MOD-00811,60,49.47,24.132,,,,,,,
2024-06-13T06:00:00-04:00,2024-06-13T07:00:00-04:00,2024-06-13T10:00:00+00:00,2024-06-13T11:00:00+00:00,MOD-00811,60,49.037,24.097,,,,,,,
2024-06-13T07:00:00-04:00,2024-06-13T08:00:00-04:00,2024-06-13T11:00:00+00:00,2024-06-13T12:00:00+00:00,MOD-00811,60,49.02,24.037,,,,,,,
2024-06-13T08:00:00-04:00,2024-06-13T09:00:00-04:00,2024-06-13T12:00:00+00:00,2024-06-13T13:00:00+00:00,MOD-00811,60,48.527,24.167,,,,,,,
2024-06-13T09:00:00-04:00,2024-06-13T10:00:00-04:00,2024-06-13T13:00:00+00:00,2024-06-13T14:00:00+00:00,MOD-00811,43,,,,,,,,,
2024-07-06T11:00:00-04:00,2024-07-06T12:00:00-04:00,2024-07-06T15:00:00+00:00,2024-07-06T16:00:00+00:00,MOD-00811,41,,,,,,,,,
2024-07-06T12:00:00-04:00,2024-07-06T13:00:00-04:00,2024-07-06T16:00:00+00:00,2024-07-06T17:00:00+00:00,MOD-00811,60,59.717,23.945,,,,,,,
2024-07-06T13:00:00-04:00,2024-07-06T14:00:00-04:00,2024-07-06T17:00:00+00:00,2024-07-06T18:00:00+00:00,MOD-00811,60,59.928,23.923,,,,,,,
2024-07-06T14:00:00-04:00,2024-07-06T15:00:00-04:00,2024-07-06T18:00:00+00:00,2024-07-06T19:00:00+00:00,MOD-00811,60,59.502,23.955,,,,,,,
2024-07-06T15:00:00-04:00,2024-07-06T16:00:00-04:00,2024-07-06T19:00:00+00:00,2024-07-06T20:00:00+00:00,MOD-00811,60,59.01,23.93,,,,,,,
2024-07-06T16:00:00-04:00,2024-07-06T17:00:00-04:00,2024-07-06T20:00:00+00:00,2024-07-06T21:00:00+00:00,MOD-00811,60,60.44,23.938,,,,,,,
2024-07-06T17:00:00-04:00,2024-07-06T18:00:00-04:00,2024-07-06T21:00:00+00:00,2024-07-06T22:00:00+00:00,MOD-00811,60,59.715,23.953,,,,,,,
2024-07-06T18:00:00-04:00,2024-07-06T19:00:00-04:00,2024-07-06T22:00:00+00:00,2024-07-06T23:00:00+00:00,MOD-00811,60,60.24,23.955,,,,,,,
2024-07-06T19:00:00-04:00,2024-07-06T20:00:00-04:00,2024-07-06T23:00:00+00:00,2024-07-07T00:00:00+00:00,MOD-00811,60,60.368,23.953,,,,,,,
2024-07-06T20:00:00-04:00,2024-07-06T21:00:00-04:00,2024-07-07T00:00:00+00:00,2024-07-07T01:00:00+00:00,MOD-00811,60,59.652,23.945,,,,,,,
2024-07-06T21:00:00-04:00,2024-07-06T22:00:00-04:00,2024-07-07T01:00:00+00:00,2024-07-07T02:00:00+00:00,MOD-00811,60,60.388,23.952,,,,,,,
2024-07-06T22:00:00-04:00,2024-07-06T23:00:00-04:00,2024-07-07T02:00:00+00:00,2024-07-07T03:00:00+00:00,MOD-00811,60,59.812,23.93,,,,,,,
2024-07-06T23:00:00-04:00,2024-07-07T00:00:00-04:00,2024-07-07T03:00:00+00:00,2024-07-07T04:00:00+00:00,MOD-00811,60,59.943,23.933,,,,,,,
2024-07-07T00:00:00-04:00,2024-07-07T01:00:00-04:00,2024-07-07T04:00:00+00:00,2024-07-07T05:00:00+00:00,MOD-00811,60,59.822,23.913,,,,,,,
2024-07-07T01:00:00-04:00,2024-07-07T02:00:00-04:00,2024-07-07T05:00:00+00:00,2024-07-07T06:00:00+00:00,MOD-00811,60,59.35,23.877,,,,,,,
2024-07-07T02:00:00-04:00,2024-07-07T03:00:00-04:00,2024-07-07T06:00:00+00:00,2024-07-07T07:00:00+00:00,MOD-00811,60,60.172,23.872,,,,,,,
2024-07-07T03:00:00-04:00,2024-07-07T04:00:00-04:00,2024-07-07T07:00:00+00:00,2024-07-07T08:00:00+00:00,MOD-00811,60,59.857,23.833,,,,,,,
2024-07-07T04:00:00-04:00,2024-07-07T05:00:00-04:00,2024-07-07T08:00:00+00:00,2024-07-07T09:00:00+00:00,MOD-00811,60,60.523,23.835,,,,,,,
2024-07-07T05:00:00-04:00,2024-07-07T06:00:00-04:00,2024-07-07T09:00:00+00:00,2024-07-07T10:00:00+00:00,MOD-00811,60,60.922,23.915,,,,,,,
2024-07-07T06:00:00-04:00,2024-07-07T07:00:00-04:00,2024-07-07T10:00:00+00:00,2024-07-07T11:00:00+00:00,MOD-00811,60,60.12,23.905,,,,,,,
2024-07-07T07:00:00-04:00,2024-07-07T08:00:00-04:00,2024-07-07T11:00:00+00:00,2024-07-07T12:00:00+00:00,MOD-00811,60,60.987,23.91,,,,,,,
2024-07-07T08:00:00-04:00,2024-07-07T09:00:00-04:00,2024-07-07T12:00:00+00:00,2024-07-07T13:00:00+00:00,MOD-00811,60,60.978,23.887,,,,,,,
2024-07-07T09:00:00-04:00,2024-07-07T10:00:00-04:00,2024-07-07T13:00:00+00:00,2024-07-07T14:00:00+00:00,MOD-00811,60,61.1,23.923,,,,,,,
2024-07-07T10:00:00-04:00,2024-07-07T11:00:00-04:00,2024-07-07T14:00:00+00:00,2024-07-07T15:00:00+00:00,MOD-00811,60,61.173,23.897,,,,,,,
2024-07-07T11:00:00-04:00,2024-07-07T12:00:00-04:00,2024-07-07T15:00:00+00:00,2024-07-07T16:00:00+00:00,MOD-00811,60,59.677,23.953,,,,,,,
2024-07-07T12:00:00-04:00,2024-07-07T13:00:00-04:00,2024-07-07T16:00:00+00:00,2024-07-07T17:00:00+00:00,MOD-00811,54,59.733,23.917,,,,,,,
2024-07-07T13:00:00-04:00,2024-07-07T14:00:00-04:00,2024-07-07T17:00:00+00:00,2024-07-07T18:00:00+00:00,MOD-00811,54,58.911,23.917,,,,,,,
2024-07-07T14:00:00-04:00,2024-07-07T15:00:00-04:00,2024-07-07T18:00:00+00:00,2024-07-07T19:00:00+00:00,MOD-00811,60,58.465,23.945,,,,,,,
2024-07-07T15:00:00-04:00,2024-07-07T16:00:00-04:00,2024-07-07T19:00:00+00:00,2024-07-07T20:00:00+00:00,MOD-00811,54,57.524,23.993,,,,,,,
2024-07-07T16:00:00-04:00,2024-07-07T17:00:00-04:00,2024-07-07T20:00:00+00:00,2024-07-07T21:00:00+00:00,MOD-00811,56,57.104,23.932,,,,,,,
2024-07-07T17:00:00-04:00,2024-07-07T18:00:00-04:00,2024-07-07T21:00:00+00:00,2024-07-07T22:00:00+00:00,MOD-00811,58,56.481,23.95,,,,,,,
2024-07-07T18:00:00-04:00,2024-07-07T19:00:00-04:00,2024-07-07T22:00:00+00:00,2024-07-07T23:00:00+00:00,MOD-00811,48,56.919,23.967,,,,,,,
2024-07-07T19:00:00-04:00,2024-07-07T20:00:00-04:00,2024-07-07T23:00:00+00:00,2024-07-08T00:00:00+00:00,MOD-00811,60,57.105,24.028,,,,,,,
2024-07-07T20:00:00-04:00,2024-07-07T21:00:00-04:00,2024-07-08T00:00:00+00:00,2024-07-08T01:00:00+00:00,MOD-00811,48,56.781,23.937,,,,,,,
2024-07-07T21:00:00-04:00,2024-07-07T22:00:00-04:00,2024-07-08T01:00:00+00:00,2024-07-08T02:00:00+00:00,MOD-00811,60,57.718,24.045,,,,,,,
2024-07-07T22:00:00-04:00,2024-07-07T23:00:00-04:00,2024-07-08T02:00:00+00:00,2024-07-08T03:00:00+00:00,MOD-00811,60,57.395,24.083,,,,,,,
2024-07-07T23:00:00-04:00,2024-07-08T00:00:00-04:00,2024-07-08T03:00:00+00:00,2024-07-08T04:00:00+00:00,MOD-00811,60,56.912,24.062,,,,,,,
2024-07-08T00:00:00-04:00,2024-07-08T01:00:00-04:00,2024-07-08T04:00:00+00:00,2024-07-08T05:00:00+00:00,MOD-00811,60,57.005,24.01,,,,,,,
2024-07-08T01:00:00-04:00,2024-07-08T02:00:00-04:00,2024-07-08T05:00:00+00:00,2024-07-08T06:00:00+00:00,MOD-00811,60,57.532,23.992,,,,,,,
2024-07-08T02:00:00-04:00,2024-07-08T03:00:00-04:00,2024-07-08T06:00:00+00:00,2024-07-08T07:00:00+00:00,MOD-00811,60,57.598,23.978,,,,,,,
2024-07-08T03:00:00-04:00,2024-07-08T04:00:00-04:00,2024-07-08T07:00:00+00:00,2024-07-08T08:00:00+00:00,MOD-00811,60,57.548,23.935,,,,,,,
2024-07-08T04:00:00-04:00,2024-07-08T05:00:00-04:00,2024-07-08T08:00:00+00:00,2024-07-08T09:00:00+00:00,MOD-00811,60,58.14,23.973,,,,,,,
2024-07-08T05:00:00-04:00,2024-07-08T06:00:00-04:00,2024-07-08T09:00:00+00:00,2024-07-08T10:00:00+00:00,MOD-00811,60,57.437,23.99,,,,,,,
2024-07-08T06:00:00-04:00,2024-07-08T07:00:00-04:00,2024-07-08T10:00:00+00:00,2024-07-08T11:00:00+00:00,MOD-00811,60,56.842,23.98,,,,,,,
2024-07-08T07:00:00-04:00,2024-07-08T08:00:00-04:00,2024-07-08T11:00:00+00:00,2024-07-08T12:00:00+00:00,MOD-00811,60,57.268,23.898,,,,,,,
2024-07-08T08:00:00-04:00,2024-07-08T09:00:00-04:00,2024-07-08T12:00:00+00:00,2024-07-08T13:00:00+00:00,MOD-00811,60,56.518,23.93,,,,,,,
2024-07-08T09:00:00-04:00,2024-07-08T10:00:00-04:00,2024-07-08T13:00:00+00:00,2024-07-08T14:00:00+00:00,MOD-00811,31,,,,,,,,,
2024-07-09T14:00:00-04:00,2024-07-09T15:00:00-04:00,2024-07-09T18:00:00+00:00,2024-07-09T19:00:00+00:00,MOD-00811,30,,,,,,,,,
2024-07-09T15:00:00-04:00,2024-07-09T16:00:00-04:00,2024-07-09T19:00:00+00:00,2024-07-09T20:00:00+00:00,MOD-00811,60,41.228,37.835,,,,,,,
2024-07-09T16:00:00-04:00,2024-07-09T17:00:00-04:00,2024-07-09T20:00:00+00:00,2024-07-09T21:00:00+00:00,MOD-00811,60,41.972,37.643,,,,,,,
2024-07-09T17:00:00-04:00,2024-07-09T18:00:00-04:00,2024-07-09T21:00:00+00:00,2024-07-09T22:00:00+00:00,MOD-00811,60,47.532,35.227,,,,,,,
2024-07-09T18:00:00-04:00,2024-07-09T19:00:00-04:00,2024-07-09T22:00:00+00:00,2024-07-09T23:00:00+00:00,MOD-00811,60,49.655,33.537,,,,,,,
2024-07-09T19:00:00-04:00,2024-07-09T20:00:00-04:00,2024-07-09T23:00:00+00:00,2024-07-10T00:00:00+00:00,MOD-00811,60,51.638,31.822,,,,,,,
2024-07-09T20:00:00-04:00,2024-07-09T21:00:00-04:00,2024-07-10T00:00:00+00:00,2024-07-10T01:00:00+00:00,MOD-00811,60,55.108,30.44,,,,,,,
2024-07-09T21:00:00-04:00,2024-07-09T22:00:00-04:00,2024-07-10T01:00:00+00:00,2024-07-10T02:00:00+00:00,MOD-00811,60,60.372,29.267,,,,,,,
2024-07-09T22:00:00-04:00,2024-07-09T23:00:00-04:00,2024-07-10T02:00:00+00:00,2024-07-10T03:00:00+00:00,MOD-00811,60,63.14,28.74,,,,,,,
2024-07-09T23:00:00-04:00,2024-07-10T00:00:00-04:00,2024-07-10T03:00:00+00:00,2024-07-10T04:00:00+00:00,MOD-00811,60,67.307,28.25,,,,,,,
2024-07-10T00:00:00-04:00,2024-07-10T01:00:00-04:00,2024-07-10T04:00:00+00:00,2024-07-10T05:00:00+00:00,MOD-00811,60,71.232,27.793,,,,,,,
2024-07-10T01:00:00-04:00,2024-07-10T02:00:00-04:00,2024-07-10T05:00:00+00:00,2024-07-10T06:00:00+00:00,MOD-00811,60,74.047,27.353,,,,,,,
2024-07-10T02:00:00-04:00,2024-07-10T03:00:00-04:00,2024-07-10T06:00:00+00:00,2024-07-10T07:00:00+00:00,MOD-00811,60,75.845,26.895,,,,,,,
2024-07-10T03:00:00-04:00,2024-07-10T04:00:00-04:00,2024-07-10T07:00:00+00:00,2024-07-10T08:00:00+00:00,MOD-00811,60,77.345,26.622,,,,,,,
2024-07-10T04:00:00-04:00,2024-07-10T05:00:00-04:00,2024-07-10T08:00:00+00:00,2024-07-10T09:00:00+00:00,MOD-00811,60,78.732,26.248,,,,,,,
2024-07-10T05:00:00-04:00,2024-07-10T06:00:00-04:00,2024-07-10T09:00:00+00:00,2024-07-10T10:00:00+00:00,MOD-00811,60,80.675,25.852,,,,,,,
2024-07-10T06:00:00-04:00,2024-07-10T07:00:00-04:00,2024-07-10T10:00:00+00:00,2024-07-10T11:00:00+00:00,MOD-00811,60,81.778,25.947,,,,,,,
2024-07-10T07:00:00-04:00,2024-07-10T08:00:00-04:00,2024-07-10T11:00:00+00:00,2024-07-10T12:00:00+00:00,MOD-00811,60,78.887,26.878,,,,,,,
2024-07-10T08:00:00-04:00,2024-07-10T09:00:00-04:00,2024-07-10T12:00:00+00:00,2024-07-10T13:00:00+00:00,MOD-00811,60,72.492,28.532,,,,,,,
2024-07-10T09:00:00-04:00,2024-07-10T10:00:00-04:00,2024-07-10T13:00:00+00:00,2024-07-10T14:00:00+00:00,MOD-00811,60,68.503,29.675,,,,,,,
2024-07-10T10:00:00-04:00,2024-07-10T11:00:00-04:00,2024-07-10T14:00:00+00:00,2024-07-10T15:00:00+00:00,MOD-00811,60,63.577,31.488,,,,,,,
2024-07-10T11:00:00-04:00,2024-07-10T12:00:00-04:00,2024-07-10T15:00:00+00:00,2024-07-10T16:00:00+00:00,MOD-00811,60,55.997,34.305,,,,,,,
2024-07-10T12:00:00-04:00,2024-07-10T13:00:00-04:00,2024-07-10T16:00:00+00:00,2024-07-10T17:00:00+00:00,MOD-00811,60,50.595,35.907,,,,,,,
2024-07-10T13:00:00-04:00,2024-07-10T14:00:00-04:00,2024-07-10T17:00:00+00:00,2024-07-10T18:00:00+00:00,MOD-00811,60,46.557,37.258,,,,,,,
2024-07-10T14:00:00-04:00,2024-07-10T15:00:00-04:00,2024-07-10T18:00:00+00:00,2024-07-10T19:00:00+00:00,MOD-00811,60,42.363,38.32,,,,,,,
2024-07-10T15:00:00-04:00,2024-07-10T16:00:00-04:00,2024-07-10T19:00:00+00:00,2024-07-10T20:00:00+00:00,MOD-00811,60,38.177,38.592,,,,,,,
2024-07-10T16:00:00-04:00,2024-07-10T17:00:00-04:00,2024-07-10T20:00:00+00:00,2024-07-10T21:00:00+00:00,MOD-00811,60,40.523,37.667,,,,,,,
2024-07-10T17:00:00-04:00,2024-07-10T18:00:00-04:00,2024-07-10T21:00:00+00:00,2024-07-10T22:00:00+00:00,MOD-00811,60,43.907,35.595,,,,,,,
2024-07-10T18:00:00-04:00,2024-07-10T19:00:00-04:00,2024-07-10T22:00:00+00:00,2024-07-10T23:00:00+00:00,MOD-00811,60,48.665,33.28,,,,,,,
2024-07-10T19:00:00-04:00,2024-07-10T20:00:00-04:00,2024-07-10T23:00:00+00:00,2024-07-11T00:00:00+00:00,MOD-00811,60,55.01,30.877,,,,,,,
2024-07-10T20:00:00-04:00,2024-07-10T21:00:00-04:00,2024-07-11T00:00:00+00:00,2024-07-11T01:00:00+00:00,MOD-00811,60,61.012,29.06,,,,,,,
2024-07-10T21:00:00-04:00,2024-07-10T22:00:00-04:00,2024-07-11T01:00:00+00:00,2024-07-11T02:00:00+00:00,MOD-00811,60,64.162,27.99,,,,,,,
2024-07-10T22:00:00-04:00,2024-07-10T23:00:00-04:00,2024-07-11T02:00:00+00:00,2024-07-11T03:00:00+00:00,MOD-00811,60,64.193,27.105,,,,,,,
2024-07-10T23:00:00-04:00,2024-07-11T00:00:00-04:00,2024-07-11T03:00:00+00:00,2024-07-11T04:00:00+00:00,MOD-00811,60,66.772,26.537,,,,,,,
2024-07-11T00:00:00-04:00,2024-07-11T01:00:00-04:00,2024-07-11T04:00:00+00:00,2024-07-11T05:00:00+00:00,MOD-00811,60,69.443,26.465,,,,,,,
2024-07-11T01:00:00-04:00,2024-07-11T02:00:00-04:00,2024-07-11T05:00:00+00:00,2024-07-11T06:00:00+00:00,MOD-00811,60,69.81,26.623,,,,,,,
2024-07-11T02:00:00-04:00,2024-07-11T03:00:00-04:00,2024-07-11T06:00:00+00:00,2024-07-11T07:00:00+00:00,MOD-00811,60,70.448,26.7,,,,,,,
2024-07-11T03:00:00-04:00,2024-07-11T04:00:00-04:00,2024-07-11T07:00:00+00:00,2024-07-11T08:00:00+00:00,MOD-00811,60,70.423,26.907,,,,,,,
2024-07-11T04:00:00-04:00,2024-07-11T05:00:00-04:00,2024-07-11T08:00:00+00:00,2024-07-11T09:00:00+00:00,MOD-00811,60,71.54,27.155,,,,,,,
2024-07-11T05:00:00-04:00,2024-07-11T06:00:00-04:00,2024-07-11T09:00:00+00:00,2024-07-11T10:00:00+00:00,MOD-00811,60,73.348,27.352,,,,,,,
2024-07-11T06:00:00-04:00,2024-07-11T07:00:00-04:00,2024-07-11T10:00:00+00:00,2024-07-11T11:00:00+00:00,MOD-00811,60,75.68,27.353,,,,,,,
2024-07-11T07:00:00-04:00,2024-07-11T08:00:00-04:00,2024-07-11T11:00:00+00:00,2024-07-11T12:00:00+00:00,MOD-00811,60,78.848,26.957,,,,,,,
2024-07-11T08:00:00-04:00,2024-07-11T09:00:00-04:00,2024-07-11T12:00:00+00:00,2024-07-11T13:00:00+00:00,MOD-00811,60,76.577,27.58,,,,,,,
2024-07-11T09:00:00-04:00,2024-07-11T10:00:00-04:00,2024-07-11T13:00:00+00:00,2024-07-11T14:00:00+00:00,MOD-00811,60,74.795,28.225,,,,,,,
2024-07-11T10:00:00-04:00,2024-07-11T11:00:00-04:00,2024-07-11T14:00:00+00:00,2024-07-11T15:00:00+00:00,MOD-00811,60,72.555,28.95,,,,,,,
2024-07-11T11:00:00-04:00,2024-07-11T12:00:00-04:00,2024-07-11T15:00:00+00:00,2024-07-11T16:00:00+00:00,MOD-00811,60,71.618,29.248,,,,,,,
2024-07-11T12:00:00-04:00,2024-07-11T13:00:00-04:00,2024-07-11T16:00:00+00:00,2024-07-11T17:00:00+00:00,MOD-00811,60,61.073,32.108,,,,,,,
2024-07-11T13:00:00-04:00,2024-07-11T14:00:00-04:00,2024-07-11T17:00:00+00:00,2024-07-11T18:00:00+00:00,MOD-00811,60,50.023,35.17,,,,,,,
2024-07-11T14:00:00-04:00,2024-07-11T15:00:00-04:00,2024-07-11T18:00:00+00:00,2024-07-11T19:00:00+00:00,MOD-00811,60,42.968,37.277,,,,,,,
2024-07-11T15:00:00-04:00,2024-07-11T16:00:00-04:00,2024-07-11T19:00:00+00:00,2024-07-11T20:00:00+00:00,MOD-00811,60,39.338,37.825,,,,,,,
2024-07-11T16:00:00-04:00,2024-07-11T17:00:00-04:00,2024-07-11T20:00:00+00:00,2024-07-11T21:00:00+00:00,MOD-00811,60,40.82,36.808,,,,,,,
2024-07-11T17:00:00-04:00,2024-07-11T18:00:00-04:00,2024-07-11T21:00:00+00:00,2024-07-11T22:00:00+00:00,MOD-00811,60,43.58,35.497,,,,,,,
2024-07-11T18:00:00-04:00,2024-07-11T19:00:00-04:00,2024-07-11T22:00:00+00:00,2024-07-11T23:00:00+00:00,MOD-00811,60,45.247,34.285,,,,,,,
2024-07-11T19:00:00-04:00,2024-07-11T20:00:00-04:00,2024-07-11T23:00:00+00:00,2024-07-12T00:00:00+00:00,MOD-00811,60,48.517,32.327,,,,,,,
2024-07-11T20:00:00-04:00,2024-07-11T21:00:00-04:00,2024-07-12T00:00:00+00:00,2024-07-12T01:00:00+00:00,MOD-00811,60,54.483,30.017,,,,,,,
2024-07-11T21:00:00-04:00,2024-07-11T22:00:00-04:00,2024-07-12T01:00:00+00:00,2024-07-12T02:00:00+00:00,MOD-00811,60,59.728,28.35,,,,,,,
2024-07-11T22:00:00-04:00,2024-07-11T23:00:00-04:00,2024-07-12T02:00:00+00:00,2024-07-12T03:00:00+00:00,MOD-00811,60,62.575,27.438,,,,,,,
2024-07-11T23:00:00-04:00,2024-07-12T00:00:00-04:00,2024-07-12T03:00:00+00:00,2024-07-12T04:00:00+00:00,MOD-00811,60,64.485,26.827,,,,,,,
2024-07-12T00:00:00-04:00,2024-07-12T01:00:00-04:00,2024-07-12T04:00:00+00:00,2024-07-12T05:00:00+00:00,MOD-00811,60,66.797,26.142,,,,,,,
2024-07-12T01:00:00-04:00,2024-07-12T02:00:00-04:00,2024-07-12T05:00:00+00:00,2024-07-12T06:00:00+00:00,MOD-00811,60,69.38,25.415,,,,,,,
2024-07-12T02:00:00-04:00,2024-07-12T03:00:00-04:00,2024-07-12T06:00:00+00:00,2024-07-12T07:00:00+00:00,MOD-00811,60,71.955,24.728,,,,,,,
2024-07-12T03:00:00-04:00,2024-07-12T04:00:00-04:00,2024-07-12T07:00:00+00:00,2024-07-12T08:00:00+00:00,MOD-00811,60,74.067,24.333,,,,,,,
2024-07-12T04:00:00-04:00,2024-07-12T05:00:00-04:00,2024-07-12T08:00:00+00:00,2024-07-12T09:00:00+00:00,MOD-00811,60,75.427,24.132,,,,,,,
2024-07-12T05:00:00-04:00,2024-07-12T06:00:00-04:00,2024-07-12T09:00:00+00:00,2024-07-12T10:00:00+00:00,MOD-00811,60,76.682,23.908,,,,,,,
2024-07-12T06:00:00-04:00,2024-07-12T07:00:00-04:00,2024-07-12T10:00:00+00:00,2024-07-12T11:00:00+00:00,MOD-00811,60,75.997,24.123,,,,,,,
2024-07-12T07:00:00-04:00,2024-07-12T08:00:00-04:00,2024-07-12T11:00:00+00:00,2024-07-12T12:00:00+00:00,MOD-00811,60,66.695,26.425,,,,,,,
2024-07-12T08:00:00-04:00,2024-07-12T09:00:00-04:00,2024-07-12T12:00:00+00:00,2024-07-12T13:00:00+00:00,MOD-00811,60,57.917,28.778,,,,,,,
2024-07-12T09:00:00-04:00,2024-07-12T10:00:00-04:00,2024-07-12T13:00:00+00:00,2024-07-12T14:00:00+00:00,MOD-00811,60,54.11,29.912,,,,,,,
2024-07-12T10:00:00-04:00,2024-07-12T11:00:00-04:00,2024-07-12T14:00:00+00:00,2024-07-12T15:00:00+00:00,MOD-00811,60,49.132,31.023,,,,,,,
2024-07-12T11:00:00-04:00,2024-07-12T12:00:00-04:00,2024-07-12T15:00:00+00:00,2024-07-12T16:00:00+00:00,MOD-00811,60,45.285,32.882,,,,,,,
2024-07-12T12:00:00-04:00,2024-07-12T13:00:00-04:00,2024-07-12T16:00:00+00:00,2024-07-12T17:00:00+00:00,MOD-00811,60,42.92,34.14,,,,,,,
2024-07-12T13:00:00-04:00,2024-07-12T14:00:00-04:00,2024-07-12T17:00:00+00:00,2024-07-12T18:00:00+00:00,MOD-00811,60,46.942,33.858,,,,,,,
2024-07-12T14:00:00-04:00,2024-07-12T15:00:00-04:00,2024-07-12T18:00:00+00:00,2024-07-12T19:00:00+00:00,MOD-00811,60,55.91,31.338,,,,,,,
2024-07-12T15:00:00-04:00,2024-07-12T16:00:00-04:00,2024-07-12T19:00:00+00:00,2024-07-12T20:00:00+00:00,MOD-00811,60,59.095,30.765,,,,,,,
2024-07-12T16:00:00-04:00,2024-07-12T17:00:00-04:00,2024-07-12T20:00:00+00:00,2024-07-12T21:00:00+00:00,MOD-00811,60,53.127,33.228,,,,,,,
2024-07-12T17:00:00-04:00,2024-07-12T18:00:00-04:00,2024-07-12T21:00:00+00:00,2024-07-12T22:00:00+00:00,MOD-00811,60,55.068,32.667,,,,,,,
2024-07-12T18:00:00-04:00,2024-07-12T19:00:00-04:00,2024-07-12T22:00:00+00:00,2024-07-12T23:00:00+00:00,MOD-00811,60,58.883,31.698,,,,,,,
2024-07-12T19:00:00-04:00,2024-07-12T20:00:00-04:00,2024-07-12T23:00:00+00:00,2024-07-13T00:00:00+00:00,MOD-00811,60,66.852,29.63,,,,,,,
2024-07-12T20:00:00-04:00,2024-07-12T21:00:00-04:00,2024-07-13T00:00:00+00:00,2024-07-13T01:00:00+00:00,MOD-00811,60,71.643,28.723,,,,,,,
2024-07-12T21:00:00-04:00,2024-07-12T22:00:00-04:00,2024-07-13T01:00:00+00:00,2024-07-13T02:00:00+00:00,MOD-00811,60,74.372,27.768,,,,,,,
2024-07-12T22:00:00-04:00,2024-07-12T23:00:00-04:00,2024-07-13T02:00:00+00:00,2024-07-13T03:00:00+00:00,MOD-00811,60,76.247,27.043,,,,,,,
2024-07-12T23:00:00-04:00,2024-07-13T00:00:00-04:00,2024-07-13T03:00:00+00:00,2024-07-13T04:00:00+00:00,MOD-00811,60,77.452,26.738,,,,,,,
2024-07-13T00:00:00-04:00,2024-07-13T01:00:00-04:00,2024-07-13T04:00:00+00:00,2024-07-13T05:00:00+00:00,MOD-00811,60,77.83,26.537,,,,,,,
2024-07-13T01:00:00-04:00,2024-07-13T02:00:00-04:00,2024-07-13T05:00:00+00:00,2024-07-13T06:00:00+00:00,MOD-00811,60,78.162,26.32,,,,,,,
2024-07-13T02:00:00-04:00,2024-07-13T03:00:00-04:00,2024-07-13T06:00:00+00:00,2024-07-13T07:00:00+00:00,MOD-00811,60,78.222,26.243,,,,,,,
2024-07-13T03:00:00-04:00,2024-07-13T04:00:00-04:00,2024-07-13T07:00:00+00:00,2024-07-13T08:00:00+00:00,MOD-00811,60,78.81,26.002,,,,,,,
2024-07-13T04:00:00-04:00,2024-07-13T05:00:00-04:00,2024-07-13T08:00:00+00:00,2024-07-13T09:00:00+00:00,MOD-00811,60,78.31,25.793,,,,,,,
2024-07-13T05:00:00-04:00,2024-07-13T06:00:00-04:00,2024-07-13T09:00:00+00:00,2024-07-13T10:00:00+00:00,MOD-00811,60,79.368,25.607,,,,,,,
2024-07-13T06:00:00-04:00,2024-07-13T07:00:00-04:00,2024-07-13T10:00:00+00:00,2024-07-13T11:00:00+00:00,MOD-00811,60,80.493,25.438,,,,,,,
2024-07-13T07:00:00-04:00,2024-07-13T08:00:00-04:00,2024-07-13T11:00:00+00:00,2024-07-13T12:00:00+00:00,MOD-00811,60,80.542,25.597,,,,,,,
2024-07-13T08:00:00-04:00,2024-07-13T09:00:00-04:00,2024-07-13T12:00:00+00:00,2024-07-13T13:00:00+00:00,MOD-00811,60,77.125,26.532,,,,,,,
2024-07-13T09:00:00-04:00,2024-07-13T10:00:00-04:00,2024-07-13T13:00:00+00:00,2024-07-13T14:00:00+00:00,MOD-00811,60,80.195,26.272,,,,,,,
2024-07-13T10:00:00-04:00,2024-07-13T11:00:00-04:00,2024-07-13T14:00:00+00:00,2024-07-13T15:00:00+00:00,MOD-00811,60,80.872,26.343,,,,,,,
2024-07-13T11:00:00-04:00,2024-07-13T12:00:00-04:00,2024-07-13T15:00:00+00:00,2024-07-13T16:00:00+00:00,MOD-00811,60,83.643,25.78,,,,,,,
2024-07-13T12:00:00-04:00,2024-07-13T13:00:00-04:00,2024-07-13T16:00:00+00:00,2024-07-13T17:00:00+00:00,MOD-00811,60,75.955,27.813,,,,,,,
2024-07-13T13:00:00-04:00,2024-07-13T14:00:00-04:00,2024-07-13T17:00:00+00:00,2024-07-13T18:00:00+00:00,MOD-00811,60,68.39,29.54,,,,,,,
2024-07-13T14:00:00-04:00,2024-07-13T15:00:00-04:00,2024-07-13T18:00:00+00:00,2024-07-13T19:00:00+00:00,MOD-00811,60,73.868,28.525,,,,,,,
2024-07-13T15:00:00-04:00,2024-07-13T16:00:00-04:00,2024-07-13T19:00:00+00:00,2024-07-13T20:00:00+00:00,MOD-00811,60,61.193,31.498,,,,,,,
2024-07-13T16:00:00-04:00,2024-07-13T17:00:00-04:00,2024-07-13T20:00:00+00:00,2024-07-13T21:00:00+00:00,MOD-00811,60,53.188,33.412,,,,,,,
2024-07-13T17:00:00-04:00,2024-07-13T18:00:00-04:00,2024-07-13T21:00:00+00:00,2024-07-13T22:00:00+00:00,MOD-00811,60,53.1,33.18,,,,,,,
2024-07-13T18:00:00-04:00,2024-07-13T19:00:00-04:00,2024-07-13T22:00:00+00:00,2024-07-13T23:00:00+00:00,MOD-00811,60,55.74,32.438,,,,,,,
2024-07-13T19:00:00-04:00,2024-07-13T20:00:00-04:00,2024-07-13T23:00:00+00:00,2024-07-14T00:00:00+00:00,MOD-00811,60,62.17,30.512,,,,,,,
2024-07-13T20:00:00-04:00,2024-07-13T21:00:00-04:00,2024-07-14T00:00:00+00:00,2024-07-14T01:00:00+00:00,MOD-00811,60,69.257,28.617,,,,,,,
2024-07-13T21:00:00-04:00,2024-07-13T22:00:00-04:00,2024-07-14T01:00:00+00:00,2024-07-14T02:00:00+00:00,MOD-00811,60,74.608,27.437,,,,,,,
2024-07-13T22:00:00-04:00,2024-07-13T23:00:00-04:00,2024-07-14T02:00:00+00:00,2024-07-14T03:00:00+00:00,MOD-00811,60,77.273,26.705,,,,,,,
2024-07-13T23:00:00-04:00,2024-07-14T00:00:00-04:00,2024-07-14T03:00:00+00:00,2024-07-14T04:00:00+00:00,MOD-00811,60,78.503,26.518,,,,,,,
2024-07-14T00:00:00-04:00,2024-07-14T01:00:00-04:00,2024-07-14T04:00:00+00:00,2024-07-14T05:00:00+00:00,MOD-00811,60,80.038,25.997,,,,,,,
2024-07-14T01:00:00-04:00,2024-07-14T02:00:00-04:00,2024-07-14T05:00:00+00:00,2024-07-14T06:00:00+00:00,MOD-00811,60,83.103,25.212,,,,,,,
2024-07-14T02:00:00-04:00,2024-07-14T03:00:00-04:00,2024-07-14T06:00:00+00:00,2024-07-14T07:00:00+00:00,MOD-00811,60,85.5,24.59,,,,,,,
2024-07-14T03:00:00-04:00,2024-07-14T04:00:00-04:00,2024-07-14T07:00:00+00:00,2024-07-14T08:00:00+00:00,MOD-00811,60,87.485,24.107,,,,,,,
2024-07-14T04:00:00-04:00,2024-07-14T05:00:00-04:00,2024-07-14T08:00:00+00:00,2024-07-14T09:00:00+00:00,MOD-00811,60,87.988,23.863,,,,,,,
2024-07-14T05:00:00-04:00,2024-07-14T06:00:00-04:00,2024-07-14T09:00:00+00:00,2024-07-14T10:00:00+00:00,MOD-00811,60,87.02,23.535,,,,,,,
2024-07-14T06:00:00-04:00,2024-07-14T07:00:00-04:00,2024-07-14T10:00:00+00:00,2024-07-14T11:00:00+00:00,MOD-00811,60,82.873,23.783,,,,,,,
2024-07-14T07:00:00-04:00,2024-07-14T08:00:00-04:00,2024-07-14T11:00:00+00:00,2024-07-14T12:00:00+00:00,MOD-00811,60,71.665,25.93,,,,,,,
2024-07-14T08:00:00-04:00,2024-07-14T09:00:00-04:00,2024-07-14T12:00:00+00:00,2024-07-14T13:00:00+00:00,MOD-00811,60,57.662,28.702,,,,,,,
2024-07-14T09:00:00-04:00,2024-07-14T10:00:00-04:00,2024-07-14T13:00:00+00:00,2024-07-14T14:00:00+00:00,MOD-00811,60,48.052,30.243,,,,,,,
2024-07-14T10:00:00-04:00,2024-07-14T11:00:00-04:00,2024-07-14T14:00:00+00:00,2024-07-14T15:00:00+00:00,MOD-00811,60,43.288,31.76,,,,,,,
2024-07-14T11:00:00-04:00,2024-07-14T12:00:00-04:00,2024-07-14T15:00:00+00:00,2024-07-14T16:00:00+00:00,MOD-00811,60,39.532,33.173,,,,,,,
2024-07-14T12:00:00-04:00,2024-07-14T13:00:00-04:00,2024-07-14T16:00:00+00:00,2024-07-14T17:00:00+00:00,MOD-00811,60,34.553,34.768,,,,,,,
2024-07-14T13:00:00-04:00,2024-07-14T14:00:00-04:00,2024-07-14T17:00:00+00:00,2024-07-14T18:00:00+00:00,MOD-00811,60,29.542,36.863,,,,,,,
2024-07-14T14:00:00-04:00,2024-07-14T15:00:00-04:00,2024-07-14T18:00:00+00:00,2024-07-14T19:00:00+00:00,MOD-00811,60,28.45,37.717,,,,,,,
2024-07-14T15:00:00-04:00,2024-07-14T16:00:00-04:00,2024-07-14T19:00:00+00:00,2024-07-14T20:00:00+00:00,MOD-00811,60,26.587,38.795,,,,,,,
2024-07-14T16:00:00-04:00,2024-07-14T17:00:00-04:00,2024-07-14T20:00:00+00:00,2024-07-14T21:00:00+00:00,MOD-00811,60,28.135,38.413,,,,,,,
2024-07-14T17:00:00-04:00,2024-07-14T18:00:00-04:00,2024-07-14T21:00:00+00:00,2024-07-14T22:00:00+00:00,MOD-00811,60,32.017,37.598,,,,,,,
2024-07-14T18:00:00-04:00,2024-07-14T19:00:00-04:00,2024-07-14T22:00:00+00:00,2024-07-14T23:00:00+00:00,MOD-00811,60,32.823,35.685,,,,,,,
2024-07-14T19:00:00-04:00,2024-07-14T20:00:00-04:00,2024-07-14T23:00:00+00:00,2024-07-15T00:00:00+00:00,MOD-00811,60,33.367,33.672,,,,,,,
2024-07-14T20:00:00-04:00,2024-07-14T21:00:00-04:00,2024-07-15T00:00:00+00:00,2024-07-15T01:00:00+00:00,MOD-00811,60,39.363,31.037,,,,,,,
2024-07-14T21:00:00-04:00,2024-07-14T22:00:00-04:00,2024-07-15T01:00:00+00:00,2024-07-15T02:00:00+00:00,MOD-00811,60,46.803,29.335,,,,,,,
2024-07-14T22:00:00-04:00,2024-07-14T23:00:00-04:00,2024-07-15T02:00:00+00:00,2024-07-15T03:00:00+00:00,MOD-00811,60,53.578,28.565,,,,,,,
2024-07-14T23:00:00-04:00,2024-07-15T00:00:00-04:00,2024-07-15T03:00:00+00:00,2024-07-15T04:00:00+00:00,MOD-00811,60,60.032,27.692,,,,,,,
2024-07-15T00:00:00-04:00,2024-07-15T01:00:00-04:00,2024-07-15T04:00:00+00:00,2024-07-15T05:00:00+00:00,MOD-00811,60,62.527,26.943,,,,,,,
2024-07-15T01:00:00-04:00,2024-07-15T02:00:00-04:00,2024-07-15T05:00:00+00:00,2024-07-15T06:00:00+00:00,MOD-00811,60,73.197,25.898,,,,,,,
2024-07-15T02:00:00-04:00,2024-07-15T03:00:00-04:00,2024-07-15T06:00:00+00:00,2024-07-15T07:00:00+00:00,MOD-00811,60,79.867,24.393,,,,,,,
2024-07-15T03:00:00-04:00,2024-07-15T04:00:00-04:00,2024-07-15T07:00:00+00:00,2024-07-15T08:00:00+00:00,MOD-00811,60,79.345,23.835,,,,,,,
2024-07-15T04:00:00-04:00,2024-07-15T05:00:00-04:00,2024-07-15T08:00:00+00:00,2024-07-15T09:00:00+00:00,MOD-00811,60,80.06,23.257,,,,,,,
2024-07-15T05:00:00-04:00,2024-07-15T06:00:00-04:00,2024-07-15T09:00:00+00:00,2024-07-15T10:00:00+00:00,MOD-00811,60,79.133,23.388,,,,,,,
2024-07-15T06:00:00-04:00,2024-07-15T07:00:00-04:00,2024-07-15T10:00:00+00:00,2024-07-15T11:00:00+00:00,MOD-00811,60,79.023,24.058,,,,,,,
2024-07-15T07:00:00-04:00,2024-07-15T08:00:00-04:00,2024-07-15T11:00:00+00:00,2024-07-15T12:00:00+00:00,MOD-00811,60,74.598,25.67,,,,,,,
2024-07-15T08:00:00-04:00,2024-07-15T09:00:00-04:00,2024-07-15T12:00:00+00:00,2024-07-15T13:00:00+00:00,MOD-00811,60,70.06,26.987,,,,,,,
2024-07-15T09:00:00-04:00,2024-07-15T10:00:00-04:00,2024-07-15T13:00:00+00:00,2024-07-15T14:00:00+00:00,MOD-00811,60,64.317,29.012,,,,,,,
2024-07-15T10:00:00-04:00,2024-07-15T11:00:00-04:00,2024-07-15T14:00:00+00:00,2024-07-15T15:00:00+00:00,MOD-00811,60,58.127,31.398,,,,,,,
2024-07-15T11:00:00-04:00,2024-07-15T12:00:00-04:00,2024-07-15T15:00:00+00:00,2024-07-15T16:00:00+00:00,MOD-00811,60,52.462,33.688,,,,,,,
2024-07-15T12:00:00-04:00,2024-07-15T13:00:00-04:00,2024-07-15T16:00:00+00:00,2024-07-15T17:00:00+00:00,MOD-00811,60,42.592,35.867,,,,,,,
2024-07-15T13:00:00-04:00,2024-07-15T14:00:00-04:00,2024-07-15T17:00:00+00:00,2024-07-15T18:00:00+00:00,MOD-00811,60,34.655,38.797,,,,,,,
2024-07-15T14:00:00-04:00,2024-07-15T15:00:00-04:00,2024-07-15T18:00:00+00:00,2024-07-15T19:00:00+00:00,MOD-00811,60,32.837,39.25,,,,,,,
2024-07-15T15:00:00-04:00,2024-07-15T16:00:00-04:00,2024-07-15T19:00:00+00:00,2024-07-15T20:00:00+00:00,MOD-00811,60,39.975,36.607,,,,,,,
2024-07-15T16:00:00-04:00,2024-07-15T17:00:00-04:00,2024-07-15T20:00:00+00:00,2024-07-15T21:00:00+00:00,MOD-00811,60,58.333,31.692,,,,,,,
2024-07-15T17:00:00-04:00,2024-07-15T18:00:00-04:00,2024-07-15T21:00:00+00:00,2024-07-15T22:00:00+00:00,MOD-00811,60,60.228,31.057,,,,,,,
2024-07-15T18:00:00-04:00,2024-07-15T19:00:00-04:00,2024-07-15T22:00:00+00:00,2024-07-15T23:00:00+00:00,MOD-00811,60,53.757,32.223,,,,,,,
2024-07-15T19:00:00-04:00,2024-07-15T20:00:00-04:00,2024-07-15T23:00:00+00:00,2024-07-16T00:00:00+00:00,MOD-00811,60,58.252,30.968,,,,,,,
2024-07-15T20:00:00-04:00,2024-07-15T21:00:00-04:00,2024-07-16T00:00:00+00:00,2024-07-16T01:00:00+00:00,MOD-00811,60,63.543,29.867,,,,,,,
2024-07-15T21:00:00-04:00,2024-07-15T22:00:00-04:00,2024-07-16T01:00:00+00:00,2024-07-16T02:00:00+00:00,MOD-00811,60,70.392,28.84,,,,,,,
2024-07-15T22:00:00-04:00,2024-07-15T23:00:00-04:00,2024-07-16T02:00:00+00:00,2024-07-16T03:00:00+00:00,MOD-00811,60,74.725,28.062,,,,,,,
2024-07-15T23:00:00-04:00,2024-07-16T00:00:00-04:00,2024-07-16T03:00:00+00:00,2024-07-16T04:00:00+00:00,MOD-00811,60,77.802,27.42,,,,,,,
2024-07-16T00:00:00-04:00,2024-07-16T01:00:00-04:00,2024-07-16T04:00:00+00:00,2024-07-16T05:00:00+00:00,MOD-00811,60,78.747,27.155,,,,,,,
2024-07-16T01:00:00-04:00,2024-07-16T02:00:00-04:00,2024-07-16T05:00:00+00:00,2024-07-16T06:00:00+00:00,MOD-00811,60,79.35,26.975,,,,,,,
2024-07-16T02:00:00-04:00,2024-07-16T03:00:00-04:00,2024-07-16T06:00:00+00:00,2024-07-16T07:00:00+00:00,MOD-00811,60,80.58,26.53,,,,,,,
2024-07-16T03:00:00-04:00,2024-07-16T04:00:00-04:00,2024-07-16T07:00:00+00:00,2024-07-16T08:00:00+00:00,MOD-00811,60,79.985,26.388,,,,,,,
2024-07-16T04:00:00-04:00,2024-07-16T05:00:00-04:00,2024-07-16T08:00:00+00:00,2024-07-16T09:00:00+00:00,MOD-00811,60,78.697,26.343,,,,,,,
2024-07-16T05:00:00-04:00,2024-07-16T06:00:00-04:00,2024-07-16T09:00:00+00:00,2024-07-16T10:00:00+00:00,MOD-00811,60,78.672,26.107,,,,,,,
2024-07-16T06:00:00-04:00,2024-07-16T07:00:00-04:00,2024-07-16T10:00:00+00:00,2024-07-16T11:00:00+00:00,MOD-00811,60,73.48,26.22,,,,,,,
2024-07-16T07:00:00-04:00,2024-07-16T08:00:00-04:00,2024-07-16T11:00:00+00:00,2024-07-16T12:00:00+00:00,MOD-00811,60,67.338,27.088,,,,,,,
2024-07-16T08:00:00-04:00,2024-07-16T09:00:00-04:00,2024-07-16T12:00:00+00:00,2024-07-16T13:00:00+00:00,MOD-00811,60,58.5,28.792,,,,,,,
2024-07-16T09:00:00-04:00,2024-07-16T10:00:00-04:00,2024-07-16T13:00:00+00:00,2024-07-16T14:00:00+00:00,MOD-00811,60,55.217,29.77,,,,,,,
2024-07-16T10:00:00-04:00,2024-07-16T11:00:00-04:00,2024-07-16T14:00:00+00:00,2024-07-16T15:00:00+00:00,MOD-00811,60,50.683,31.203,,,,,,,
2024-07-16T11:00:00-04:00,2024-07-16T12:00:00-04:00,2024-07-16T15:00:00+00:00,2024-07-16T16:00:00+00:00,MOD-00811,60,46.263,33.055,,,,,,,
2024-07-16T12:00:00-04:00,2024-07-16T13:00:00-04:00,2024-07-16T16:00:00+00:00,2024-07-16T17:00:00+00:00,MOD-00811,60,41.628,34.832,,,,,,,
2024-07-16T13:00:00-04:00,2024-07-16T14:00:00-04:00,2024-07-16T17:00:00+00:00,2024-07-16T18:00:00+00:00,MOD-00811,60,36.368,37.627,,,,,,,
2024-07-16T14:00:00-04:00,2024-07-16T15:00:00-04:00,2024-07-16T18:00:00+00:00,2024-07-16T19:00:00+00:00,MOD-00811,60,33.06,39.38,,,,,,,
2024-07-16T15:00:00-04:00,2024-07-16T16:00:00-04:00,2024-07-16T19:00:00+00:00,2024-07-16T20:00:00+00:00,MOD-00811,60,30.005,39.965,,,,,,,
2024-07-16T16:00:00-04:00,2024-07-16T17:00:00-04:00,2024-07-16T20:00:00+00:00,2024-07-16T21:00:00+00:00,MOD-00811,60,30.982,39.64,,,,,,,
2024-07-16T17:00:00-04:00,2024-07-16T18:00:00-04:00,2024-07-16T21:00:00+00:00,2024-07-16T22:00:00+00:00,MOD-00811,60,34.123,38.457,,,,,,,
2024-07-16T18:00:00-04:00,2024-07-16T19:00:00-04:00,2024-07-16T22:00:00+00:00,2024-07-16T23:00:00+00:00,MOD-00811,60,38.883,36.463,,,,,,,
2024-07-16T19:00:00-04:00,2024-07-16T20:00:00-04:00,2024-07-16T23:00:00+00:00,2024-07-17T00:00:00+00:00,MOD-00811,60,43.898,34.233,,,,,,,
2024-07-16T20:00:00-04:00,2024-07-16T21:00:00-04:00,2024-07-17T00:00:00+00:00,2024-07-17T01:00:00+00:00,MOD-00811,60,52.645,32.12,,,,,,,
2024-07-16T21:00:00-04:00,2024-07-16T22:00:00-04:00,2024-07-17T01:00:00+00:00,2024-07-17T02:00:00+00:00,MOD-00811,60,54.618,29.952,,,,,,,
2024-07-16T22:00:00-04:00,2024-07-16T23:00:00-04:00,2024-07-17T02:00:00+00:00,2024-07-17T03:00:00+00:00,MOD-00811,60,61.76,27.18,,,,,,,
2024-07-16T23:00:00-04:00,2024-07-17T00:00:00-04:00,2024-07-17T03:00:00+00:00,2024-07-17T04:00:00+00:00,MOD-00811,60,63.462,27.142,,,,,,,
2024-07-17T00:00:00-04:00,2024-07-17T01:00:00-04:00,2024-07-17T04:00:00+00:00,2024-07-17T05:00:00+00:00,MOD-00811,60,63.275,27.418,,,,,,,
2024-07-17T01:00:00-04:00,2024-07-17T02:00:00-04:00,2024-07-17T05:00:00+00:00,2024-07-17T06:00:00+00:00,MOD-00811,60,62.873,27.283,,,,,,,
2024-07-17T02:00:00-04:00,2024-07-17T03:00:00-04:00,2024-07-17T06:00:00+00:00,2024-07-17T07:00:00+00:00,MOD-00811,60,63.56,26.88,,,,,,,
2024-07-17T03:00:00-04:00,2024-07-17T04:00:00-04:00,2024-07-17T07:00:00+00:00,2024-07-17T08:00:00+00:00,MOD-00811,60,65.712,26.218,,,,,,,
2024-07-17T04:00:00-04:00,2024-07-17T05:00:00-04:00,2024-07-17T08:00:00+00:00,2024-07-17T09:00:00+00:00,MOD-00811,60,67.513,25.588,,,,,,,
2024-07-17T05:00:00-04:00,2024-07-17T06:00:00-04:00,2024-07-17T09:00:00+00:00,2024-07-17T10:00:00+00:00,MOD-00811,60,69.477,25.027,,,,,,,
2024-07-17T06:00:00-04:00,2024-07-17T07:00:00-04:00,2024-07-17T10:00:00+00:00,2024-07-17T11:00:00+00:00,MOD-00811,60,68.54,25.245,,,,,,,
2024-07-17T07:00:00-04:00,2024-07-17T08:00:00-04:00,2024-07-17T11:00:00+00:00,2024-07-17T12:00:00+00:00,MOD-00811,60,62.548,26.83,,,,,,,
2024-07-17T08:00:00-04:00,2024-07-17T09:00:00-04:00,2024-07-17T12:00:00+00:00,2024-07-17T13:00:00+00:00,MOD-00811,60,53.648,29.358,,,,,,,
2024-07-17T09:00:00-04:00,2024-07-17T10:00:00-04:00,2024-07-17T13:00:00+00:00,2024-07-17T14:00:00+00:00,MOD-00811,60,51.045,30.527,,,,,,,
2024-07-17T10:00:00-04:00,2024-07-17T11:00:00-04:00,2024-07-17T14:00:00+00:00,2024-07-17T15:00:00+00:00,MOD-00811,60,46.077,32.2,,,,,,,
2024-07-17T11:00:00-04:00,2024-07-17T12:00:00-04:00,2024-07-17T15:00:00+00:00,2024-07-17T16:00:00+00:00,MOD-00811,60,41.193,34.283,,,,,,,
2024-07-17T12:00:00-04:00,2024-07-17T13:00:00-04:00,2024-07-17T16:00:00+00:00,2024-07-17T17:00:00+00:00,MOD-00811,60,36.412,35.77,,,,,,,
2024-07-17T13:00:00-04:00,2024-07-17T14:00:00-04:00,2024-07-17T17:00:00+00:00,2024-07-17T18:00:00+00:00,MOD-00811,60,37.135,36.405,,,,,,,
2024-07-17T14:00:00-04:00,2024-07-17T15:00:00-04:00,2024-07-17T18:00:00+00:00,2024-07-17T19:00:00+00:00,MOD-00811,60,34.862,37.902,,,,,,,
2024-07-17T15:00:00-04:00,2024-07-17T16:00:00-04:00,2024-07-17T19:00:00+00:00,2024-07-17T20:00:00+00:00,MOD-00811,60,32.845,39.327,,,,,,,
2024-07-17T16:00:00-04:00,2024-07-17T17:00:00-04:00,2024-07-17T20:00:00+00:00,2024-07-17T21:00:00+00:00,MOD-00811,60,34.538,39.452,,,,,,,
2024-07-17T17:00:00-04:00,2024-07-17T18:00:00-04:00,2024-07-17T21:00:00+00:00,2024-07-17T22:00:00+00:00,MOD-00811,60,40.953,37.315,,,,,,,
2024-07-17T18:00:00-04:00,2024-07-17T19:00:00-04:00,2024-07-17T22:00:00+00:00,2024-07-17T23:00:00+00:00,MOD-00811,60,50.125,33.915,,,,,,,
2024-07-17T19:00:00-04:00,2024-07-17T20:00:00-04:00,2024-07-17T23:00:00+00:00,2024-07-18T00:00:00+00:00,MOD-00811,60,57.08,31.268,,,,,,,
2024-07-17T20:00:00-04:00,2024-07-17T21:00:00-04:00,2024-07-18T00:00:00+00:00,2024-07-18T01:00:00+00:00,MOD-00811,60,62.377,28.408,,,,,,,
2024-07-17T21:00:00-04:00,2024-07-17T22:00:00-04:00,2024-07-18T01:00:00+00:00,2024-07-18T02:00:00+00:00,MOD-00811,60,68.002,26.9,,,,,,,
2024-07-17T22:00:00-04:00,2024-07-17T23:00:00-04:00,2024-07-18T02:00:00+00:00,2024-07-18T03:00:00+00:00,MOD-00811,60,67.867,26.722,,,,,,,
2024-07-17T23:00:00-04:00,2024-07-18T00:00:00-04:00,2024-07-18T03:00:00+00:00,2024-07-18T04:00:00+00:00,MOD-00811,60,65.647,26.465,,,,,,,
2024-07-18T00:00:00-04:00,2024-07-18T01:00:00-04:00,2024-07-18T04:00:00+00:00,2024-07-18T05:00:00+00:00,MOD-00811,60,68.51,26.05,,,,,,,
2024-07-18T01:00:00-04:00,2024-07-18T02:00:00-04:00,2024-07-18T05:00:00+00:00,2024-07-18T06:00:00+00:00,MOD-00811,60,80.738,24.575,,,,,,,
2024-07-18T02:00:00-04:00,2024-07-18T03:00:00-04:00,2024-07-18T06:00:00+00:00,2024-07-18T07:00:00+00:00,MOD-00811,60,84.048,23.838,,,,,,,
2024-07-18T03:00:00-04:00,2024-07-18T04:00:00-04:00,2024-07-18T07:00:00+00:00,2024-07-18T08:00:00+00:00,MOD-00811,60,85.097,23.67,,,,,,,
2024-07-18T04:00:00-04:00,2024-07-18T05:00:00-04:00,2024-07-18T08:00:00+00:00,2024-07-18T09:00:00+00:00,MOD-00811,60,85.992,23.787,,,,,,,
2024-07-18T05:00:00-04:00,2024-07-18T06:00:00-04:00,2024-07-18T09:00:00+00:00,2024-07-18T10:00:00+00:00,MOD-00811,60,85.648,23.998,,,,,,,
2024-07-18T06:00:00-04:00,2024-07-18T07:00:00-04:00,2024-07-18T10:00:00+00:00,2024-07-18T11:00:00+00:00,MOD-00811,60,85.252,24.157,,,,,,,
2024-07-18T07:00:00-04:00,2024-07-18T08:00:00-04:00,2024-07-18T11:00:00+00:00,2024-07-18T12:00:00+00:00,MOD-00811,60,84.218,24.585,,,,,,,
2024-07-18T08:00:00-04:00,2024-07-18T09:00:00-04:00,2024-07-18T12:00:00+00:00,2024-07-18T13:00:00+00:00,MOD-00811,60,75.865,26.34,,,,,,,
2024-07-18T09:00:00-04:00,2024-07-18T10:00:00-04:00,2024-07-18T13:00:00+00:00,2024-07-18T14:00:00+00:00,MOD-00811,60,61.825,27.988,,,,,,,
2024-07-18T10:00:00-04:00,2024-07-18T11:00:00-04:00,2024-07-18T14:00:00+00:00,2024-07-18T15:00:00+00:00,MOD-00811,60,58.525,28.747,,,,,,,
2024-07-18T11:00:00-04:00,2024-07-18T12:00:00-04:00,2024-07-18T15:00:00+00:00,2024-07-18T16:00:00+00:00,MOD-00811,60,53.76,30.032,,,,,,,
2024-07-18T12:00:00-04:00,2024-07-18T13:00:00-04:00,2024-07-18T16:00:00+00:00,2024-07-18T17:00:00+00:00,MOD-00811,60,48.267,30.85,,,,,,,
2024-07-18T13:00:00-04:00,2024-07-18T14:00:00-04:00,2024-07-18T17:00:00+00:00,2024-07-18T18:00:00+00:00,MOD-00811,60,41.835,32.722,,,,,,,
2024-07-18T14:00:00-04:00,2024-07-18T15:00:00-04:00,2024-07-18T18:00:00+00:00,2024-07-18T19:00:00+00:00,MOD-00811,60,32.067,35.402,,,,,,,
2024-07-18T15:00:00-04:00,2024-07-18T16:00:00-04:00,2024-07-18T19:00:00+00:00,2024-07-18T20:00:00+00:00,MOD-00811,60,31.978,35.39,,,,,,,
2024-07-18T16:00:00-04:00,2024-07-18T17:00:00-04:00,2024-07-18T20:00:00+00:00,2024-07-18T21:00:00+00:00,MOD-00811,60,30.152,34.95,,,,,,,
2024-07-18T17:00:00-04:00,2024-07-18T18:00:00-04:00,2024-07-18T21:00:00+00:00,2024-07-18T22:00:00+00:00,MOD-00811,60,30.087,34.343,,,,,,,
2024-07-18T18:00:00-04:00,2024-07-18T19:00:00-04:00,2024-07-18T22:00:00+00:00,2024-07-18T23:00:00+00:00,MOD-00811,60,35.147,31.345,,,,,,,
2024-07-18T19:00:00-04:00,2024-07-18T20:00:00-04:00,2024-07-18T23:00:00+00:00,2024-07-19T00:00:00+00:00,MOD-00811,60,39.158,29.18,,,,,,,
2024-07-18T20:00:00-04:00,2024-07-18T21:00:00-04:00,2024-07-19T00:00:00+00:00,2024-07-19T01:00:00+00:00,MOD-00811,60,43.788,27.612,,,,,,,
2024-07-18T21:00:00-04:00,2024-07-18T22:00:00-04:00,2024-07-19T01:00:00+00:00,2024-07-19T02:00:00+00:00,MOD-00811,60,48.322,26.653,,,,,,,
2024-07-18T22:00:00-04:00,2024-07-18T23:00:00-04:00,2024-07-19T02:00:00+00:00,2024-07-19T03:00:00+00:00,MOD-00811,60,51.408,25.623,,,,,,,
2024-07-18T23:00:00-04:00,2024-07-19T00:00:00-04:00,2024-07-19T03:00:00+00:00,2024-07-19T04:00:00+00:00,MOD-00811,60,53.038,24.802,,,,,,,
2024-07-19T00:00:00-04:00,2024-07-19T01:00:00-04:00,2024-07-19T04:00:00+00:00,2024-07-19T05:00:00+00:00,MOD-00811,60,54.48,24.022,,,,,,,
2024-07-19T01:00:00-04:00,2024-07-19T02:00:00-04:00,2024-07-19T05:00:00+00:00,2024-07-19T06:00:00+00:00,MOD-00811,60,57.047,23.102,,,,,,,
2024-07-19T02:00:00-04:00,2024-07-19T03:00:00-04:00,2024-07-19T06:00:00+00:00,2024-07-19T07:00:00+00:00,MOD-00811,60,56.693,22.363,,,,,,,
2024-07-19T03:00:00-04:00,2024-07-19T04:00:00-04:00,2024-07-19T07:00:00+00:00,2024-07-19T08:00:00+00:00,MOD-00811,60,56.487,21.58,,,,,,,
2024-07-19T04:00:00-04:00,2024-07-19T05:00:00-04:00,2024-07-19T08:00:00+00:00,2024-07-19T09:00:00+00:00,MOD-00811,60,56.067,20.835,,,,,,,
2024-07-19T05:00:00-04:00,2024-07-19T06:00:00-04:00,2024-07-19T09:00:00+00:00,2024-07-19T10:00:00+00:00,MOD-00811,60,58.51,20.11,,,,,,,
2024-07-19T06:00:00-04:00,2024-07-19T07:00:00-04:00,2024-07-19T10:00:00+00:00,2024-07-19T11:00:00+00:00,MOD-00811,60,59.95,19.855,,,,,,,
2024-07-19T07:00:00-04:00,2024-07-19T08:00:00-04:00,2024-07-19T11:00:00+00:00,2024-07-19T12:00:00+00:00,MOD-00811,60,55.335,21.52,,,,,,,
2024-07-19T08:00:00-04:00,2024-07-19T09:00:00-04:00,2024-07-19T12:00:00+00:00,2024-07-19T13:00:00+00:00,MOD-00811,60,48.682,23.737,,,,,,,
2024-07-19T09:00:00-04:00,2024-07-19T10:00:00-04:00,2024-07-19T13:00:00+00:00,2024-07-19T14:00:00+00:00,MOD-00811,60,46.335,24.418,,,,,,,
2024-07-19T10:00:00-04:00,2024-07-19T11:00:00-04:00,2024-07-19T14:00:00+00:00,2024-07-19T15:00:00+00:00,MOD-00811,60,42.343,25.805,,,,,,,
2024-07-19T11:00:00-04:00,2024-07-19T12:00:00-04:00,2024-07-19T15:00:00+00:00,2024-07-19T16:00:00+00:00,MOD-00811,60,38.39,27.597,,,,,,,
2024-07-19T12:00:00-04:00,2024-07-19T13:00:00-04:00,2024-07-19T16:00:00+00:00,2024-07-19T17:00:00+00:00,MOD-00811,60,34.468,29.83,,,,,,,
2024-07-19T13:00:00-04:00,2024-07-19T14:00:00-04:00,2024-07-19T17:00:00+00:00,2024-07-19T18:00:00+00:00,MOD-00811,60,28.26,32.985,,,,,,,
2024-07-19T14:00:00-04:00,2024-07-19T15:00:00-04:00,2024-07-19T18:00:00+00:00,2024-07-19T19:00:00+00:00,MOD-00811,60,26.722,34.925,,,,,,,
2024-07-19T15:00:00-04:00,2024-07-19T16:00:00-04:00,2024-07-19T19:00:00+00:00,2024-07-19T20:00:00+00:00,MOD-00811,60,26.337,35.457,,,,,,,
2024-07-19T16:00:00-04:00,2024-07-19T17:00:00-04:00,2024-07-19T20:00:00+00:00,2024-07-19T21:00:00+00:00,MOD-00811,60,25.332,36.082,,,,,,,
2024-07-19T17:00:00-04:00,2024-07-19T18:00:00-04:00,2024-07-19T21:00:00+00:00,2024-07-19T22:00:00+00:00,MOD-00811,60,28.022,34.007,,,,,,,
2024-07-19T18:00:00-04:00,2024-07-19T19:00:00-04:00,2024-07-19T22:00:00+00:00,2024-07-19T23:00:00+00:00,MOD-00811,60,32.41,32.028,,,,,,,
2024-07-19T19:00:00-04:00,2024-07-19T20:00:00-04:00,2024-07-19T23:00:00+00:00,2024-07-20T00:00:00+00:00,MOD-00811,60,38.228,29.912,,,,,,,
2024-07-19T20:00:00-04:00,2024-07-19T21:00:00-04:00,2024-07-20T00:00:00+00:00,2024-07-20T01:00:00+00:00,MOD-00811,60,44.542,27.253,,,,,,,
2024-07-19T21:00:00-04:00,2024-07-19T22:00:00-04:00,2024-07-20T01:00:00+00:00,2024-07-20T02:00:00+00:00,MOD-00811,60,51.488,25.52,,,,,,,
2024-07-19T22:00:00-04:00,2024-07-19T23:00:00-04:00,2024-07-20T02:00:00+00:00,2024-07-20T03:00:00+00:00,MOD-00811,60,57.772,24.627,,,,,,,
2024-07-19T23:00:00-04:00,2024-07-20T00:00:00-04:00,2024-07-20T03:00:00+00:00,2024-07-20T04:00:00+00:00,MOD-00811,60,62.095,23.932,,,,,,,
2024-07-20T00:00:00-04:00,2024-07-20T01:00:00-04:00,2024-07-20T04:00:00+00:00,2024-07-20T05:00:00+00:00,MOD-00811,60,64.773,23.277,,,,,,,
2024-07-20T01:00:00-04:00,2024-07-20T02:00:00-04:00,2024-07-20T05:00:00+00:00,2024-07-20T06:00:00+00:00,MOD-00811,60,65.333,22.578,,,,,,,
2024-07-20T02:00:00-04:00,2024-07-20T03:00:00-04:00,2024-07-20T06:00:00+00:00,2024-07-20T07:00:00+00:00,MOD-00811,60,66.523,21.922,,,,,,,
2024-07-20T03:00:00-04:00,2024-07-20T04:00:00-04:00,2024-07-20T07:00:00+00:00,2024-07-20T08:00:00+00:00,MOD-00811,60,68.345,21.338,,,,,,,
2024-07-20T04:00:00-04:00,2024-07-20T05:00:00-04:00,2024-07-20T08:00:00+00:00,2024-07-20T09:00:00+00:00,MOD-00811,60,70.635,20.768,,,,,,,
2024-07-20T05:00:00-04:00,2024-07-20T06:00:00-04:00,2024-07-20T09:00:00+00:00,2024-07-20T10:00:00+00:00,MOD-00811,60,72.702,20.23,,,,,,,
2024-07-20T06:00:00-04:00,2024-07-20T07:00:00-04:00,2024-07-20T10:00:00+00:00,2024-07-20T11:00:00+00:00,MOD-00811,60,72.083,20.475,,,,,,,
2024-07-20T07:00:00-04:00,2024-07-20T08:00:00-04:00,2024-07-20T11:00:00+00:00,2024-07-20T12:00:00+00:00,MOD-00811,60,62.747,22.813,,,,,,,
2024-07-20T08:00:00-04:00,2024-07-20T09:00:00-04:00,2024-07-20T12:00:00+00:00,2024-07-20T13:00:00+00:00,MOD-00811,60,50.447,26.122,,,,,,,
2024-07-20T09:00:00-04:00,2024-07-20T10:00:00-04:00,2024-07-20T13:00:00+00:00,2024-07-20T14:00:00+00:00,MOD-00811,60,45.038,27.558,,,,,,,
2024-07-20T10:00:00-04:00,2024-07-20T11:00:00-04:00,2024-07-20T14:00:00+00:00,2024-07-20T15:00:00+00:00,MOD-00811,60,37.575,29.32,,,,,,,
2024-07-20T11:00:00-04:00,2024-07-20T12:00:00-04:00,2024-07-20T15:00:00+00:00,2024-07-20T16:00:00+00:00,MOD-00811,60,34.177,30.865,,,,,,,
2024-07-20T12:00:00-04:00,2024-07-20T13:00:00-04:00,2024-07-20T16:00:00+00:00,2024-07-20T17:00:00+00:00,MOD-00811,60,32.593,31.893,,,,,,,
2024-07-20T13:00:00-04:00,2024-07-20T14:00:00-04:00,2024-07-20T17:00:00+00:00,2024-07-20T18:00:00+00:00,MOD-00811,60,29.967,33.128,,,,,,,
2024-07-20T14:00:00-04:00,2024-07-20T15:00:00-04:00,2024-07-20T18:00:00+00:00,2024-07-20T19:00:00+00:00,MOD-00811,60,27.167,34.618,,,,,,,
2024-07-20T15:00:00-04:00,2024-07-20T16:00:00-04:00,2024-07-20T19:00:00+00:00,2024-07-20T20:00:00+00:00,MOD-00811,60,25.357,36.058,,,,,,,
2024-07-20T16:00:00-04:00,2024-07-20T17:00:00-04:00,2024-07-20T20:00:00+00:00,2024-07-20T21:00:00+00:00,MOD-00811,60,26.93,35.128,,,,,,,
2024-07-20T17:00:00-04:00,2024-07-20T18:00:00-04:00,2024-07-20T21:00:00+00:00,2024-07-20T22:00:00+00:00,MOD-00811,60,28.142,34.523,,,,,,,
2024-07-20T18:00:00-04:00,2024-07-20T19:00:00-04:00,2024-07-20T22:00:00+00:00,2024-07-20T23:00:00+00:00,MOD-00811,60,34.348,32.167,,,,,,,
2024-07-20T19:00:00-04:00,2024-07-20T20:00:00-04:00,2024-07-20T23:00:00+00:00,2024-07-21T00:00:00+00:00,MOD-00811,60,45.408,29.583,,,,,,,
2024-07-20T20:00:00-04:00,2024-07-20T21:00:00-04:00,2024-07-21T00:00:00+00:00,2024-07-21T01:00:00+00:00,MOD-00811,60,52.375,28.357,,,,,,,
2024-07-20T21:00:00-04:00,2024-07-20T22:00:00-04:00,2024-07-21T01:00:00+00:00,2024-07-21T02:00:00+00:00,MOD-00811,60,56.782,27.03,,,,,,,
2024-07-20T22:00:00-04:00,2024-07-20T23:00:00-04:00,2024-07-21T02:00:00+00:00,2024-07-21T03:00:00+00:00,MOD-00811,60,60.255,25.983,,,,,,,
2024-07-20T23:00:00-04:00,2024-07-21T00:00:00-04:00,2024-07-21T03:00:00+00:00,2024-07-21T04:00:00+00:00,MOD-00811,60,62.962,25.278,,,,,,,
2024-07-21T00:00:00-04:00,2024-07-21T01:00:00-04:00,2024-07-21T04:00:00+00:00,2024-07-21T05:00:00+00:00,MOD-00811,60,64.532,24.775,,,,,,,
2024-07-21T01:00:00-04:00,2024-07-21T02:00:00-04:00,2024-07-21T05:00:00+00:00,2024-07-21T06:00:00+00:00,MOD-00811,60,66.233,24.293,,,,,,,
2024-07-21T02:00:00-04:00,2024-07-21T03:00:00-04:00,2024-07-21T06:00:00+00:00,2024-07-21T07:00:00+00:00,MOD-00811,60,67.97,23.962,,,,,,,
2024-07-21T03:00:00-04:00,2024-07-21T04:00:00-04:00,2024-07-21T07:00:00+00:00,2024-07-21T08:00:00+00:00,MOD-00811,60,70.042,23.713,,,,,,,
2024-07-21T04:00:00-04:00,2024-07-21T05:00:00-04:00,2024-07-21T08:00:00+00:00,2024-07-21T09:00:00+00:00,MOD-00811,60,71.363,23.595,,,,,,,
2024-07-21T05:00:00-04:00,2024-07-21T06:00:00-04:00,2024-07-21T09:00:00+00:00,2024-07-21T10:00:00+00:00,MOD-00811,60,73.452,23.24,,,,,,,
2024-07-21T06:00:00-04:00,2024-07-21T07:00:00-04:00,2024-07-21T10:00:00+00:00,2024-07-21T11:00:00+00:00,MOD-00811,60,73.778,23.275,,,,,,,
2024-07-21T07:00:00-04:00,2024-07-21T08:00:00-04:00,2024-07-21T11:00:00+00:00,2024-07-21T12:00:00+00:00,MOD-00811,60,64.875,24.913,,,,,,,
2024-07-21T08:00:00-04:00,2024-07-21T09:00:00-04:00,2024-07-21T12:00:00+00:00,2024-07-21T13:00:00+00:00,MOD-00811,60,51.573,27.06,,,,,,,
2024-07-21T09:00:00-04:00,2024-07-21T10:00:00-04:00,2024-07-21T13:00:00+00:00,2024-07-21T14:00:00+00:00,MOD-00811,60,46.297,27.905,,,,,,,
2024-07-21T10:00:00-04:00,2024-07-21T11:00:00-04:00,2024-07-21T14:00:00+00:00,2024-07-21T15:00:00+00:00,MOD-00811,60,39.258,29.575,,,,,,,
2024-07-21T11:00:00-04:00,2024-07-21T12:00:00-04:00,2024-07-21T15:00:00+00:00,2024-07-21T16:00:00+00:00,MOD-00811,60,35.838,31.277,,,,,,,
2024-07-21T12:00:00-04:00,2024-07-21T13:00:00-04:00,2024-07-21T16:00:00+00:00,2024-07-21T17:00:00+00:00,MOD-00811,60,32.665,32.903,,,,,,,
2024-07-21T13:00:00-04:00,2024-07-21T14:00:00-04:00,2024-07-21T17:00:00+00:00,2024-07-21T18:00:00+00:00,MOD-00811,60,30.212,34.373,,,,,,,
2024-07-21T14:00:00-04:00,2024-07-21T15:00:00-04:00,2024-07-21T18:00:00+00:00,2024-07-21T19:00:00+00:00,MOD-00811,60,29.405,35.373,,,,,,,
2024-07-21T15:00:00-04:00,2024-07-21T16:00:00-04:00,2024-07-21T19:00:00+00:00,2024-07-21T20:00:00+00:00,MOD-00811,60,34.585,33.24,,,,,,,
2024-07-21T16:00:00-04:00,2024-07-21T17:00:00-04:00,2024-07-21T20:00:00+00:00,2024-07-21T21:00:00+00:00,MOD-00811,60,34.148,33.592,,,,,,,
2024-07-21T17:00:00-04:00,2024-07-21T18:00:00-04:00,2024-07-21T21:00:00+00:00,2024-07-21T22:00:00+00:00,MOD-00811,60,37.318,31.382,,,,,,,
2024-07-21T18:00:00-04:00,2024-07-21T19:00:00-04:00,2024-07-21T22:00:00+00:00,2024-07-21T23:00:00+00:00,MOD-00811,60,44.47,28.855,,,,,,,
2024-07-21T19:00:00-04:00,2024-07-21T20:00:00-04:00,2024-07-21T23:00:00+00:00,2024-07-22T00:00:00+00:00,MOD-00811,60,48.975,27.127,,,,,,,
2024-07-21T20:00:00-04:00,2024-07-21T21:00:00-04:00,2024-07-22T00:00:00+00:00,2024-07-22T01:00:00+00:00,MOD-00811,60,53.99,25.565,,,,,,,
2024-07-21T21:00:00-04:00,2024-07-21T22:00:00-04:00,2024-07-22T01:00:00+00:00,2024-07-22T02:00:00+00:00,MOD-00811,60,57.253,24.708,,,,,,,
2024-07-21T22:00:00-04:00,2024-07-21T23:00:00-04:00,2024-07-22T02:00:00+00:00,2024-07-22T03:00:00+00:00,MOD-00811,60,59.51,24.415,,,,,,,
2024-07-21T23:00:00-04:00,2024-07-22T00:00:00-04:00,2024-07-22T03:00:00+00:00,2024-07-22T04:00:00+00:00,MOD-00811,60,62.017,24.2,,,,,,,
2024-07-22T00:00:00-04:00,2024-07-22T01:00:00-04:00,2024-07-22T04:00:00+00:00,2024-07-22T05:00:00+00:00,MOD-00811,60,63.192,24.138,,,,,,,
2024-07-22T01:00:00-04:00,2024-07-22T02:00:00-04:00,2024-07-22T05:00:00+00:00,2024-07-22T06:00:00+00:00,MOD-00811,60,64.027,23.607,,,,,,,
2024-07-22T02:00:00-04:00,2024-07-22T03:00:00-04:00,2024-07-22T06:00:00+00:00,2024-07-22T07:00:00+00:00,MOD-00811,60,66.125,22.878,,,,,,,
2024-07-22T03:00:00-04:00,2024-07-22T04:00:00-04:00,2024-07-22T07:00:00+00:00,2024-07-22T08:00:00+00:00,MOD-00811,60,67.437,22.133,,,,,,,
2024-07-22T04:00:00-04:00,2024-07-22T05:00:00-04:00,2024-07-22T08:00:00+00:00,2024-07-22T09:00:00+00:00,MOD-00811,60,70.077,21.618,,,,,,,
2024-07-22T05:00:00-04:00,2024-07-22T06:00:00-04:00,2024-07-22T09:00:00+00:00,2024-07-22T10:00:00+00:00,MOD-00811,60,71.885,21.092,,,,,,,
2024-07-22T06:00:00-04:00,2024-07-22T07:00:00-04:00,2024-07-22T10:00:00+00:00,2024-07-22T11:00:00+00:00,MOD-00811,60,70.673,21.025,,,,,,,
2024-07-22T07:00:00-04:00,2024-07-22T08:00:00-04:00,2024-07-22T11:00:00+00:00,2024-07-22T12:00:00+00:00,MOD-00811,60,57.027,23.102,,,,,,,
2024-07-22T08:00:00-04:00,2024-07-22T09:00:00-04:00,2024-07-22T12:00:00+00:00,2024-07-22T13:00:00+00:00,MOD-00811,60,44.428,26.623,,,,,,,
2024-07-22T09:00:00-04:00,2024-07-22T10:00:00-04:00,2024-07-22T13:00:00+00:00,2024-07-22T14:00:00+00:00,MOD-00811,60,41.23,27.865,,,,,,,
2024-07-22T10:00:00-04:00,2024-07-22T11:00:00-04:00,2024-07-22T14:00:00+00:00,2024-07-22T15:00:00+00:00,MOD-00811,60,36.848,29.407,,,,,,,
2024-07-22T11:00:00-04:00,2024-07-22T12:00:00-04:00,2024-07-22T15:00:00+00:00,2024-07-22T16:00:00+00:00,MOD-00811,60,34.913,31.587,,,,,,,
2024-07-22T12:00:00-04:00,2024-07-22T13:00:00-04:00,2024-07-22T16:00:00+00:00,2024-07-22T17:00:00+00:00,MOD-00811,60,34.11,33.307,,,,,,,
2024-07-22T13:00:00-04:00,2024-07-22T14:00:00-04:00,2024-07-22T17:00:00+00:00,2024-07-22T18:00:00+00:00,MOD-00811,60,34.737,33.675,,,,,,,
2024-07-22T14:00:00-04:00,2024-07-22T15:00:00-04:00,2024-07-22T18:00:00+00:00,2024-07-22T19:00:00+00:00,MOD-00811,60,40.897,32.612,,,,,,,
2024-07-22T15:00:00-04:00,2024-07-22T16:00:00-04:00,2024-07-22T19:00:00+00:00,2024-07-22T20:00:00+00:00,MOD-00811,60,42.752,32.967,,,,,,,
2024-07-22T16:00:00-04:00,2024-07-22T17:00:00-04:00,2024-07-22T20:00:00+00:00,2024-07-22T21:00:00+00:00,MOD-00811,60,46.773,32.187,,,,,,,
2024-07-22T17:00:00-04:00,2024-07-22T18:00:00-04:00,2024-07-22T21:00:00+00:00,2024-07-22T22:00:00+00:00,MOD-00811,60,48.773,31.602,,,,,,,
2024-07-22T18:00:00-04:00,2024-07-22T19:00:00-04:00,2024-07-22T22:00:00+00:00,2024-07-22T23:00:00+00:00,MOD-00811,60,52.822,30.385,,,,,,,
2024-07-22T19:00:00-04:00,2024-07-22T20:00:00-04:00,2024-07-22T23:00:00+00:00,2024-07-23T00:00:00+00:00,MOD-00811,60,58.173,28.885,,,,,,,
2024-07-22T20:00:00-04:00,2024-07-22T21:00:00-04:00,2024-07-23T00:00:00+00:00,2024-07-23T01:00:00+00:00,MOD-00811,60,59.09,27.805,,,,,,,
2024-07-22T21:00:00-04:00,2024-07-22T22:00:00-04:00,2024-07-23T01:00:00+00:00,2024-07-23T02:00:00+00:00,MOD-00811,60,59.338,27.068,,,,,,,
2024-07-22T22:00:00-04:00,2024-07-22T23:00:00-04:00,2024-07-23T02:00:00+00:00,2024-07-23T03:00:00+00:00,MOD-00811,60,62.967,26.598,,,,,,,
2024-07-22T23:00:00-04:00,2024-07-23T00:00:00-04:00,2024-07-23T03:00:00+00:00,2024-07-23T04:00:00+00:00,MOD-00811,60,65.985,26.325,,,,,,,
2024-07-23T00:00:00-04:00,2024-07-23T01:00:00-04:00,2024-07-23T04:00:00+00:00,2024-07-23T05:00:00+00:00,MOD-00811,60,75.927,25.575,,,,,,,
2024-07-23T01:00:00-04:00,2024-07-23T02:00:00-04:00,2024-07-23T05:00:00+00:00,2024-07-23T06:00:00+00:00,MOD-00811,60,78.1,25.182,,,,,,,
2024-07-23T02:00:00-04:00,2024-07-23T03:00:00-04:00,2024-07-23T06:00:00+00:00,2024-07-23T07:00:00+00:00,MOD-00811,60,78.492,25.0,,,,,,,
2024-07-23T03:00:00-04:00,2024-07-23T04:00:00-04:00,2024-07-23T07:00:00+00:00,2024-07-23T08:00:00+00:00,MOD-00811,60,79.477,24.76,,,,,,,
2024-07-23T04:00:00-04:00,2024-07-23T05:00:00-04:00,2024-07-23T08:00:00+00:00,2024-07-23T09:00:00+00:00,MOD-00811,60,77.677,24.5,,,,,,,
2024-07-23T05:00:00-04:00,2024-07-23T06:00:00-04:00,2024-07-23T09:00:00+00:00,2024-07-23T10:00:00+00:00,MOD-00811,60,76.18,24.458,,,,,,,
2024-07-23T06:00:00-04:00,2024-07-23T07:00:00-04:00,2024-07-23T10:00:00+00:00,2024-07-23T11:00:00+00:00,MOD-00811,60,74.173,24.17,,,,,,,
2024-07-23T07:00:00-04:00,2024-07-23T08:00:00-04:00,2024-07-23T11:00:00+00:00,2024-07-23T12:00:00+00:00,MOD-00811,60,72.523,24.383,,,,,,,
2024-07-23T08:00:00-04:00,2024-07-23T09:00:00-04:00,2024-07-23T12:00:00+00:00,2024-07-23T13:00:00+00:00,MOD-00811,60,68.422,24.925,,,,,,,
2024-07-23T09:00:00-04:00,2024-07-23T10:00:00-04:00,2024-07-23T13:00:00+00:00,2024-07-23T14:00:00+00:00,MOD-00811,60,62.837,25.712,,,,,,,
2024-07-23T10:00:00-04:00,2024-07-23T11:00:00-04:00,2024-07-23T14:00:00+00:00,2024-07-23T15:00:00+00:00,MOD-00811,60,53.423,27.098,,,,,,,
2024-07-23T11:00:00-04:00,2024-07-23T12:00:00-04:00,2024-07-23T15:00:00+00:00,2024-07-23T16:00:00+00:00,MOD-00811,60,52.1,27.553,,,,,,,
2024-07-23T12:00:00-04:00,2024-07-23T13:00:00-04:00,2024-07-23T16:00:00+00:00,2024-07-23T17:00:00+00:00,MOD-00811,60,53.382,27.97,,,,,,,
2024-07-23T13:00:00-04:00,2024-07-23T14:00:00-04:00,2024-07-23T17:00:00+00:00,2024-07-23T18:00:00+00:00,MOD-00811,60,48.263,29.435,,,,,,,
2024-07-23T14:00:00-04:00,2024-07-23T15:00:00-04:00,2024-07-23T18:00:00+00:00,2024-07-23T19:00:00+00:00,MOD-00811,60,47.797,29.375,,,,,,,
2024-07-23T15:00:00-04:00,2024-07-23T16:00:00-04:00,2024-07-23T19:00:00+00:00,2024-07-23T20:00:00+00:00,MOD-00811,60,41.673,31.147,,,,,,,
2024-07-23T16:00:00-04:00,2024-07-23T17:00:00-04:00,2024-07-23T20:00:00+00:00,2024-07-23T21:00:00+00:00,MOD-00811,60,38.185,32.31,,,,,,,
2024-07-23T17:00:00-04:00,2024-07-23T18:00:00-04:00,2024-07-23T21:00:00+00:00,2024-07-23T22:00:00+00:00,MOD-00811,60,40.23,31.615,,,,,,,
2024-07-23T18:00:00-04:00,2024-07-23T19:00:00-04:00,2024-07-23T22:00:00+00:00,2024-07-23T23:00:00+00:00,MOD-00811,60,53.002,27.917,,,,,,,
2024-07-23T19:00:00-04:00,2024-07-23T20:00:00-04:00,2024-07-23T23:00:00+00:00,2024-07-24T00:00:00+00:00,MOD-00811,60,59.455,25.29,,,,,,,
2024-07-23T20:00:00-04:00,2024-07-23T21:00:00-04:00,2024-07-24T00:00:00+00:00,2024-07-24T01:00:00+00:00,MOD-00811,60,62.29,24.323,,,,,,,
2024-07-23T21:00:00-04:00,2024-07-23T22:00:00-04:00,2024-07-24T01:00:00+00:00,2024-07-24T02:00:00+00:00,MOD-00811,60,68.003,23.282,,,,,,,
2024-07-23T22:00:00-04:00,2024-07-23T23:00:00-04:00,2024-07-24T02:00:00+00:00,2024-07-24T03:00:00+00:00,MOD-00811,60,69.64,23.053,,,,,,,
2024-07-23T23:00:00-04:00,2024-07-24T00:00:00-04:00,2024-07-24T03:00:00+00:00,2024-07-24T04:00:00+00:00,MOD-00811,60,71.868,22.905,,,,,,,
2024-07-24T00:00:00-04:00,2024-07-24T01:00:00-04:00,2024-07-24T04:00:00+00:00,2024-07-24T05:00:00+00:00,MOD-00811,60,73.567,22.74,,,,,,,
2024-07-24T01:00:00-04:00,2024-07-24T02:00:00-04:00,2024-07-24T05:00:00+00:00,2024-07-24T06:00:00+00:00,MOD-00811,60,74.98,22.468,,,,,,,
2024-07-24T02:00:00-04:00,2024-07-24T03:00:00-04:00,2024-07-24T06:00:00+00:00,2024-07-24T07:00:00+00:00,MOD-00811,60,76.14,22.357,,,,,,,
2024-07-24T03:00:00-04:00,2024-07-24T04:00:00-04:00,2024-07-24T07:00:00+00:00,2024-07-24T08:00:00+00:00,MOD-00811,60,74.213,22.483,,,,,,,
2024-07-24T04:00:00-04:00,2024-07-24T05:00:00-04:00,2024-07-24T08:00:00+00:00,2024-07-24T09:00:00+00:00,MOD-00811,60,72.595,22.63,,,,,,,
2024-07-24T05:00:00-04:00,2024-07-24T06:00:00-04:00,2024-07-24T09:00:00+00:00,2024-07-24T10:00:00+00:00,MOD-00811,60,74.172,22.367,,,,,,,
2024-07-24T06:00:00-04:00,2024-07-24T07:00:00-04:00,2024-07-24T10:00:00+00:00,2024-07-24T11:00:00+00:00,MOD-00811,60,73.007,22.215,,,,,,,
2024-07-24T07:00:00-04:00,2024-07-24T08:00:00-04:00,2024-07-24T11:00:00+00:00,2024-07-24T12:00:00+00:00,MOD-00811,60,70.028,23.252,,,,,,,
2024-07-24T08:00:00-04:00,2024-07-24T09:00:00-04:00,2024-07-24T12:00:00+00:00,2024-07-24T13:00:00+00:00,MOD-00811,60,67.668,23.8,,,,,,,
2024-07-24T09:00:00-04:00,2024-07-24T10:00:00-04:00,2024-07-24T13:00:00+00:00,2024-07-24T14:00:00+00:00,MOD-00811,60,65.88,24.04,,,,,,,
2024-07-24T10:00:00-04:00,2024-07-24T11:00:00-04:00,2024-07-24T14:00:00+00:00,2024-07-24T15:00:00+00:00,MOD-00811,60,63.615,24.47,,,,,,,
2024-07-24T11:00:00-04:00,2024-07-24T12:00:00-04:00,2024-07-24T15:00:00+00:00,2024-07-24T16:00:00+00:00,MOD-00811,60,62.093,24.902,,,,,,,
2024-07-24T12:00:00-04:00,2024-07-24T13:00:00-04:00,2024-07-24T16:00:00+00:00,2024-07-24T17:00:00+00:00,MOD-00811,5,,,,,,,,,
2024-07-26T13:00:00-04:00,2024-07-26T14:00:00-04:00,2024-07-26T17:00:00+00:00,2024-07-26T18:00:00+00:00,MOD-00811,30,,,,,,,,,
2024-07-26T14:00:00-04:00,2024-07-26T15:00:00-04:00,2024-07-26T18:00:00+00:00,2024-07-26T19:00:00+00:00,MOD-00811,60,53.417,23.2,,,,,,,
2024-07-26T15:00:00-04:00,2024-07-26T16:00:00-04:00,2024-07-26T19:00:00+00:00,2024-07-26T20:00:00+00:00,MOD-00811,60,52.622,23.728,,,,,,,
2024-07-26T16:00:00-04:00,2024-07-26T17:00:00-04:00,2024-07-26T20:00:00+00:00,2024-07-26T21:00:00+00:00,MOD-00811,60,51.16,24.67,,,,,,,
2024-07-26T17:00:00-04:00,2024-07-26T18:00:00-04:00,2024-07-26T21:00:00+00:00,2024-07-26T22:00:00+00:00,MOD-00811,60,50.197,25.027,,,,,,,
2024-07-26T18:00:00-04:00,2024-07-26T19:00:00-04:00,2024-07-26T22:00:00+00:00,2024-07-26T23:00:00+00:00,MOD-00811,60,49.925,25.085,,,,,,,
2024-07-26T19:00:00-04:00,2024-07-26T20:00:00-04:00,2024-07-26T23:00:00+00:00,2024-07-27T00:00:00+00:00,MOD-00811,60,49.692,25.132,,,,,,,
2024-07-26T20:00:00-04:00,2024-07-26T21:00:00-04:00,2024-07-27T00:00:00+00:00,2024-07-27T01:00:00+00:00,MOD-00811,60,49.412,25.198,,,,,,,
2024-07-26T21:00:00-04:00,2024-07-26T22:00:00-04:00,2024-07-27T01:00:00+00:00,2024-07-27T02:00:00+00:00,MOD-00811,60,49.175,25.205,,,,,,,
2024-07-26T22:00:00-04:00,2024-07-26T23:00:00-04:00,2024-07-27T02:00:00+00:00,2024-07-27T03:00:00+00:00,MOD-00811,60,49.072,25.2,,,,,,,
2024-07-26T23:00:00-04:00,2024-07-27T00:00:00-04:00,2024-07-27T03:00:00+00:00,2024-07-27T04:00:00+00:00,MOD-00811,60,49.045,25.2,,,,,,,
2024-07-27T00:00:00-04:00,2024-07-27T01:00:00-04:00,2024-07-27T04:00:00+00:00,2024-07-27T05:00:00+00:00,MOD-00811,60,49.052,25.16,,,,,,,
2024-07-27T01:00:00-04:00,2024-07-27T02:00:00-04:00,2024-07-27T05:00:00+00:00,2024-07-27T06:00:00+00:00,MOD-00811,60,49.042,25.122,,,,,,,
2024-07-27T02:00:00-04:00,2024-07-27T03:00:00-04:00,2024-07-27T06:00:00+00:00,2024-07-27T07:00:00+00:00,MOD-00811,60,49.012,25.095,,,,,,,
2024-07-27T03:00:00-04:00,2024-07-27T04:00:00-04:00,2024-07-27T07:00:00+00:00,2024-07-27T08:00:00+00:00,MOD-00811,60,49.043,25.08,,,,,,,
2024-07-27T04:00:00-04:00,2024-07-27T05:00:00-04:00,2024-07-27T08:00:00+00:00,2024-07-27T09:00:00+00:00,MOD-00811,60,49.053,25.08,,,,,,,
2024-07-27T05:00:00-04:00,2024-07-27T06:00:00-04:00,2024-07-27T09:00:00+00:00,2024-07-27T10:00:00+00:00,MOD-00811,60,49.15,25.028,,,,,,,
2024-07-27T06:00:00-04:00,2024-07-27T07:00:00-04:00,2024-07-27T10:00:00+00:00,2024-07-27T11:00:00+00:00,MOD-00811,60,49.203,25.0,,,,,,,
2024-07-27T07:00:00-04:00,2024-07-27T08:00:00-04:00,2024-07-27T11:00:00+00:00,2024-07-27T12:00:00+00:00,MOD-00811,60,49.343,24.943,,,,,,,
2024-07-27T08:00:00-04:00,2024-07-27T09:00:00-04:00,2024-07-27T12:00:00+00:00,2024-07-27T13:00:00+00:00,MOD-00811,60,49.453,24.898,,,,,,,
2024-07-27T09:00:00-04:00,2024-07-27T10:00:00-04:00,2024-07-27T13:00:00+00:00,2024-07-27T14:00:00+00:00,MOD-00811,60,49.467,24.887,,,,,,,
2024-07-27T10:00:00-04:00,2024-07-27T11:00:00-04:00,2024-07-27T14:00:00+00:00,2024-07-27T15:00:00+00:00,MOD-00811,60,49.443,24.9,,,,,,,
2024-07-27T11:00:00-04:00,2024-07-27T12:00:00-04:00,2024-07-27T15:00:00+00:00,2024-07-27T16:00:00+00:00,MOD-00811,60,49.433,24.9,,,,,,,
2024-07-27T12:00:00-04:00,2024-07-27T13:00:00-04:00,2024-07-27T16:00:00+00:00,2024-07-27T17:00:00+00:00,MOD-00811,60,49.26,24.93,,,,,,,
2024-07-27T13:00:00-04:00,2024-07-27T14:00:00-04:00,2024-07-27T17:00:00+00:00,2024-07-27T18:00:00+00:00,MOD-00811,60,49.023,24.998,,,,,,,
2024-07-27T14:00:00-04:00,2024-07-27T15:00:00-04:00,2024-07-27T18:00:00+00:00,2024-07-27T19:00:00+00:00,MOD-00811,60,48.7,25.057,,,,,,,
2024-07-27T15:00:00-04:00,2024-07-27T16:00:00-04:00,2024-07-27T19:00:00+00:00,2024-07-27T20:00:00+00:00,MOD-00811,60,48.44,25.128,,,,,,,
2024-07-27T16:00:00-04:00,2024-07-27T17:00:00-04:00,2024-07-27T20:00:00+00:00,2024-07-27T21:00:00+00:00,MOD-00811,60,48.262,25.2,,,,,,,
2024-07-27T17:00:00-04:00,2024-07-27T18:00:00-04:00,2024-07-27T21:00:00+00:00,2024-07-27T22:00:00+00:00,MOD-00811,60,48.31,25.193,,,,,,,
2024-07-27T18:00:00-04:00,2024-07-27T19:00:00-04:00,2024-07-27T22:00:00+00:00,2024-07-27T23:00:00+00:00,MOD-00811,60,48.253,25.213,,,,,,,
2024-07-27T19:00:00-04:00,2024-07-27T20:00:00-04:00,2024-07-27T23:00:00+00:00,2024-07-28T00:00:00+00:00,MOD-00811,60,48.203,25.285,,,,,,,
2024-07-27T20:00:00-04:00,2024-07-27T21:00:00-04:00,2024-07-28T00:00:00+00:00,2024-07-28T01:00:00+00:00,MOD-00811,60,48.215,25.252,,,,,,,
2024-07-27T21:00:00-04:00,2024-07-27T22:00:00-04:00,2024-07-28T01:00:00+00:00,2024-07-28T02:00:00+00:00,MOD-00811,60,48.223,25.2,,,,,,,
2024-07-27T22:00:00-04:00,2024-07-27T23:00:00-04:00,2024-07-28T02:00:00+00:00,2024-07-28T03:00:00+00:00,MOD-00811,60,48.223,25.2,,,,,,,
2024-07-27T23:00:00-04:00,2024-07-28T00:00:00-04:00,2024-07-28T03:00:00+00:00,2024-07-28T04:00:00+00:00,MOD-00811,60,48.265,25.2,,,,,,,
2024-07-28T00:00:00-04:00,2024-07-28T01:00:00-04:00,2024-07-28T04:00:00+00:00,2024-07-28T05:00:00+00:00,MOD-00811,60,48.337,25.2,,,,,,,
2024-07-28T01:00:00-04:00,2024-07-28T02:00:00-04:00,2024-07-28T05:00:00+00:00,2024-07-28T06:00:00+00:00,MOD-00811,60,48.458,25.17,,,,,,,
2024-07-28T02:00:00-04:00,2024-07-28T03:00:00-04:00,2024-07-28T06:00:00+00:00,2024-07-28T07:00:00+00:00,MOD-00811,60,48.617,25.122,,,,,,,
2024-07-28T03:00:00-04:00,2024-07-28T04:00:00-04:00,2024-07-28T07:00:00+00:00,2024-07-28T08:00:00+00:00,MOD-00811,60,48.882,25.083,,,,,,,
2024-07-28T04:00:00-04:00,2024-07-28T05:00:00-04:00,2024-07-28T08:00:00+00:00,2024-07-28T09:00:00+00:00,MOD-00811,60,49.098,25.033,,,,,,,
2024-07-28T05:00:00-04:00,2024-07-28T06:00:00-04:00,2024-07-28T09:00:00+00:00,2024-07-28T10:00:00+00:00,MOD-00811,60,49.302,25.0,,,,,,,
2024-07-28T06:00:00-04:00,2024-07-28T07:00:00-04:00,2024-07-28T10:00:00+00:00,2024-07-28T11:00:00+00:00,MOD-00811,60,49.513,24.98,,,,,,,
2024-07-28T07:00:00-04:00,2024-07-28T08:00:00-04:00,2024-07-28T11:00:00+00:00,2024-07-28T12:00:00+00:00,MOD-00811,60,49.732,24.91,,,,,,,
2024-07-28T08:00:00-04:00,2024-07-28T09:00:00-04:00,2024-07-28T12:00:00+00:00,2024-07-28T13:00:00+00:00,MOD-00811,60,49.898,24.9,,,,,,,
2024-07-28T09:00:00-04:00,2024-07-28T10:00:00-04:00,2024-07-28T13:00:00+00:00,2024-07-28T14:00:00+00:00,MOD-00811,60,50.115,24.868,,,,,,,
2024-07-28T10:00:00-04:00,2024-07-28T11:00:00-04:00,2024-07-28T14:00:00+00:00,2024-07-28T15:00:00+00:00,MOD-00811,60,50.2,24.857,,,,,,,
2024-07-28T11:00:00-04:00,2024-07-28T12:00:00-04:00,2024-07-28T15:00:00+00:00,2024-07-28T16:00:00+00:00,MOD-00811,60,50.178,24.803,,,,,,,
2024-07-28T12:00:00-04:00,2024-07-28T13:00:00-04:00,2024-07-28T16:00:00+00:00,2024-07-28T17:00:00+00:00,MOD-00811,60,49.992,24.833,,,,,,,
2024-07-28T13:00:00-04:00,2024-07-28T14:00:00-04:00,2024-07-28T17:00:00+00:00,2024-07-28T18:00:00+00:00,MOD-00811,60,49.758,24.878,,,,,,,
2024-07-28T14:00:00-04:00,2024-07-28T15:00:00-04:00,2024-07-28T18:00:00+00:00,2024-07-28T19:00:00+00:00,MOD-00811,60,49.455,24.96,,,,,,,
2024-07-28T15:00:00-04:00,2024-07-28T16:00:00-04:00,2024-07-28T19:00:00+00:00,2024-07-28T20:00:00+00:00,MOD-00811,60,49.072,25.083,,,,,,,
2024-07-28T16:00:00-04:00,2024-07-28T17:00:00-04:00,2024-07-28T20:00:00+00:00,2024-07-28T21:00:00+00:00,MOD-00811,60,48.907,25.103,,,,,,,
2024-07-28T17:00:00-04:00,2024-07-28T18:00:00-04:00,2024-07-28T21:00:00+00:00,2024-07-28T22:00:00+00:00,MOD-00811,60,48.727,25.145,,,,,,,
2024-07-28T18:00:00-04:00,2024-07-28T19:00:00-04:00,2024-07-28T22:00:00+00:00,2024-07-28T23:00:00+00:00,MOD-00811,60,48.652,25.132,,,,,,,
2024-07-28T19:00:00-04:00,2024-07-28T20:00:00-04:00,2024-07-28T23:00:00+00:00,2024-07-29T00:00:00+00:00,MOD-00811,60,48.54,25.122,,,,,,,
2024-07-28T20:00:00-04:00,2024-07-28T21:00:00-04:00,2024-07-29T00:00:00+00:00,2024-07-29T01:00:00+00:00,MOD-00811,60,48.39,25.13,,,,,,,
2024-07-28T21:00:00-04:00,2024-07-28T22:00:00-04:00,2024-07-29T01:00:00+00:00,2024-07-29T02:00:00+00:00,MOD-00811,60,48.362,25.158,,,,,,,
2024-07-28T22:00:00-04:00,2024-07-28T23:00:00-04:00,2024-07-29T02:00:00+00:00,2024-07-29T03:00:00+00:00,MOD-00811,60,48.392,25.13,,,,,,,
2024-07-28T23:00:00-04:00,2024-07-29T00:00:00-04:00,2024-07-29T03:00:00+00:00,2024-07-29T04:00:00+00:00,MOD-00811,60,48.472,25.11,,,,,,,
2024-07-29T00:00:00-04:00,2024-07-29T01:00:00-04:00,2024-07-29T04:00:00+00:00,2024-07-29T05:00:00+00:00,MOD-00811,60,48.537,25.137,,,,,,,
2024-07-29T01:00:00-04:00,2024-07-29T02:00:00-04:00,2024-07-29T05:00:00+00:00,2024-07-29T06:00:00+00:00,MOD-00811,60,48.608,25.102,,,,,,,
2024-07-29T02:00:00-04:00,2024-07-29T03:00:00-04:00,2024-07-29T06:00:00+00:00,2024-07-29T07:00:00+00:00,MOD-00811,60,48.768,25.04,,,,,,,
2024-07-29T03:00:00-04:00,2024-07-29T04:00:00-04:00,2024-07-29T07:00:00+00:00,2024-07-29T08:00:00+00:00,MOD-00811,60,48.912,25.0,,,,,,,
2024-07-29T04:00:00-04:00,2024-07-29T05:00:00-04:00,2024-07-29T08:00:00+00:00,2024-07-29T09:00:00+00:00,MOD-00811,60,48.982,24.978,,,,,,,
2024-07-29T05:00:00-04:00,2024-07-29T06:00:00-04:00,2024-07-29T09:00:00+00:00,2024-07-29T10:00:00+00:00,MOD-00811,60,49.213,24.9,,,,,,,
2024-07-29T06:00:00-04:00,2024-07-29T07:00:00-04:00,2024-07-29T10:00:00+00:00,2024-07-29T11:00:00+00:00,MOD-00811,60,49.302,24.9,,,,,,,
2024-07-29T07:00:00-04:00,2024-07-29T08:00:00-04:00,2024-07-29T11:00:00+00:00,2024-07-29T12:00:00+00:00,MOD-00811,60,49.437,24.9,,,,,,,
2024-07-29T08:00:00-04:00,2024-07-29T09:00:00-04:00,2024-07-29T12:00:00+00:00,2024-07-29T13:00:00+00:00,MOD-00811,60,49.59,24.89,,,,,,,
2024-07-29T09:00:00-04:00,2024-07-29T10:00:00-04:00,2024-07-29T13:00:00+00:00,2024-07-29T14:00:00+00:00,MOD-00811,60,49.678,24.9,,,,,,,
2024-07-29T10:00:00-04:00,2024-07-29T11:00:00-04:00,2024-07-29T14:00:00+00:00,2024-07-29T15:00:00+00:00,MOD-00811,60,49.838,24.883,,,,,,,
2024-07-29T11:00:00-04:00,2024-07-29T12:00:00-04:00,2024-07-29T15:00:00+00:00,2024-07-29T16:00:00+00:00,MOD-00811,60,50.063,24.847,,,,,,,
2024-07-29T12:00:00-04:00,2024-07-29T13:00:00-04:00,2024-07-29T16:00:00+00:00,2024-07-29T17:00:00+00:00,MOD-00811,60,50.643,24.888,,,,,,,
2024-07-29T13:00:00-04:00,2024-07-29T14:00:00-04:00,2024-07-29T17:00:00+00:00,2024-07-29T18:00:00+00:00,MOD-00811,60,52.243,24.465,,,,,,,
2024-07-29T14:00:00-04:00,2024-07-29T15:00:00-04:00,2024-07-29T18:00:00+00:00,2024-07-29T19:00:00+00:00,MOD-00811,60,53.618,24.163,,,,,,,
2024-07-29T15:00:00-04:00,2024-07-29T16:00:00-04:00,2024-07-29T19:00:00+00:00,2024-07-29T20:00:00+00:00,MOD-00811,60,53.598,24.165,,,,,,,
2024-07-29T16:00:00-04:00,2024-07-29T17:00:00-04:00,2024-07-29T20:00:00+00:00,2024-07-29T21:00:00+00:00,MOD-00811,60,54.182,24.173,,,,,,,
2024-07-29T17:00:00-04:00,2024-07-29T18:00:00-04:00,2024-07-29T21:00:00+00:00,2024-07-29T22:00:00+00:00,MOD-00811,60,54.102,24.117,,,,,,,
2024-07-29T18:00:00-04:00,2024-07-29T19:00:00-04:00,2024-07-29T22:00:00+00:00,2024-07-29T23:00:00+00:00,MOD-00811,60,54.15,24.088,,,,,,,
2024-07-29T19:00:00-04:00,2024-07-29T20:00:00-04:00,2024-07-29T23:00:00+00:00,2024-07-30T00:00:00+00:00,MOD-00811,60,54.583,24.028,,,,,,,
2024-07-29T20:00:00-04:00,2024-07-29T21:00:00-04:00,2024-07-30T00:00:00+00:00,2024-07-30T01:00:00+00:00,MOD-00811,60,53.898,24.022,,,,,,,
2024-07-29T21:00:00-04:00,2024-07-29T22:00:00-04:00,2024-07-30T01:00:00+00:00,2024-07-30T02:00:00+00:00,MOD-00811,60,54.653,23.967,,,,,,,
2024-07-29T22:00:00-04:00,2024-07-29T23:00:00-04:00,2024-07-30T02:00:00+00:00,2024-07-30T03:00:00+00:00,MOD-00811,60,54.378,23.992,,,,,,,
2024-07-29T23:00:00-04:00,2024-07-30T00:00:00-04:00,2024-07-30T03:00:00+00:00,2024-07-30T04:00:00+00:00,MOD-00811,60,55.432,23.982,,,,,,,
2024-07-30T00:00:00-04:00,2024-07-30T01:00:00-04:00,2024-07-30T04:00:00+00:00,2024-07-30T05:00:00+00:00,MOD-00811,60,55.358,23.985,,,,,,,
2024-07-30T01:00:00-04:00,2024-07-30T02:00:00-04:00,2024-07-30T05:00:00+00:00,2024-07-30T06:00:00+00:00,MOD-00811,60,56.17,23.975,,,,,,,
2024-07-30T02:00:00-04:00,2024-07-30T03:00:00-04:00,2024-07-30T06:00:00+00:00,2024-07-30T07:00:00+00:00,MOD-00811,60,56.522,24.0,,,,,,,
2024-07-30T03:00:00-04:00,2024-07-30T04:00:00-04:00,2024-07-30T07:00:00+00:00,2024-07-30T08:00:00+00:00,MOD-00811,60,56.925,24.032,,,,,,,
2024-07-30T04:00:00-04:00,2024-07-30T05:00:00-04:00,2024-07-30T08:00:00+00:00,2024-07-30T09:00:00+00:00,MOD-00811,60,57.153,23.995,,,,,,,
2024-07-30T05:00:00-04:00,2024-07-30T06:00:00-04:00,2024-07-30T09:00:00+00:00,2024-07-30T10:00:00+00:00,MOD-00811,60,57.54,23.998,,,,,,,
2024-07-30T06:00:00-04:00,2024-07-30T07:00:00-04:00,2024-07-30T10:00:00+00:00,2024-07-30T11:00:00+00:00,MOD-00811,60,58.04,23.96,,,,,,,
2024-07-30T07:00:00-04:00,2024-07-30T08:00:00-04:00,2024-07-30T11:00:00+00:00,2024-07-30T12:00:00+00:00,MOD-00811,60,58.167,24.0,,,,,,,
2024-07-30T08:00:00-04:00,2024-07-30T09:00:00-04:00,2024-07-30T12:00:00+00:00,2024-07-30T13:00:00+00:00,MOD-00811,60,58.828,24.0,,,,,,,
2024-07-30T09:00:00-04:00,2024-07-30T10:00:00-04:00,2024-07-30T13:00:00+00:00,2024-07-30T14:00:00+00:00,MOD-00811,60,59.2,24.017,,,,,,,
2024-07-30T10:00:00-04:00,2024-07-30T11:00:00-04:00,2024-07-30T14:00:00+00:00,2024-07-30T15:00:00+00:00,MOD-00811,60,59.517,24.027,,,,,,,
2024-07-30T11:00:00-04:00,2024-07-30T12:00:00-04:00,2024-07-30T15:00:00+00:00,2024-07-30T16:00:00+00:00,MOD-00811,60,58.842,24.08,,,,,,,
2024-07-30T12:00:00-04:00,2024-07-30T13:00:00-04:00,2024-07-30T16:00:00+00:00,2024-07-30T17:00:00+00:00,MOD-00811,60,58.492,24.025,,,,,,,
2024-07-30T13:00:00-04:00,2024-07-30T14:00:00-04:00,2024-07-30T17:00:00+00:00,2024-07-30T18:00:00+00:00,MOD-00811,60,59.005,24.028,,,,,,,
2024-07-30T14:00:00-04:00,2024-07-30T15:00:00-04:00,2024-07-30T18:00:00+00:00,2024-07-30T19:00:00+00:00,MOD-00811,60,57.995,24.172,,,,,,,
2024-07-30T15:00:00-04:00,2024-07-30T16:00:00-04:00,2024-07-30T19:00:00+00:00,2024-07-30T20:00:00+00:00,MOD-00811,60,57.822,24.247,,,,,,,
2024-07-30T16:00:00-04:00,2024-07-30T17:00:00-04:00,2024-07-30T20:00:00+00:00,2024-07-30T21:00:00+00:00,MOD-00811,60,56.51,24.672,,,,,,,
2024-07-30T17:00:00-04:00,2024-07-30T18:00:00-04:00,2024-07-30T21:00:00+00:00,2024-07-30T22:00:00+00:00,MOD-00811,60,55.36,24.927,,,,,,,
2024-07-30T18:00:00-04:00,2024-07-30T19:00:00-04:00,2024-07-30T22:00:00+00:00,2024-07-30T23:00:00+00:00,MOD-00811,60,54.782,24.995,,,,,,,
2024-07-30T19:00:00-04:00,2024-07-30T20:00:00-04:00,2024-07-30T23:00:00+00:00,2024-07-31T00:00:00+00:00,MOD-00811,60,54.278,25.08,,,,,,,
2024-07-30T20:00:00-04:00,2024-07-30T21:00:00-04:00,2024-07-31T00:00:00+00:00,2024-07-31T01:00:00+00:00,MOD-00811,60,53.955,25.1,,,,,,,
2024-07-30T21:00:00-04:00,2024-07-30T22:00:00-04:00,2024-07-31T01:00:00+00:00,2024-07-31T02:00:00+00:00,MOD-00811,60,53.763,25.102,,,,,,,
2024-07-30T22:00:00-04:00,2024-07-30T23:00:00-04:00,2024-07-31T02:00:00+00:00,2024-07-31T03:00:00+00:00,MOD-00811,60,53.612,25.187,,,,,,,
2024-07-30T23:00:00-04:00,2024-07-31T00:00:00-04:00,2024-07-31T03:00:00+00:00,2024-07-31T04:00:00+00:00,MOD-00811,60,53.538,25.153,,,,,,,
2024-07-31T00:00:00-04:00,2024-07-31T01:00:00-04:00,2024-07-31T04:00:00+00:00,2024-07-31T05:00:00+00:00,MOD-00811,60,53.54,25.15,,,,,,,
2024-07-31T01:00:00-04:00,2024-07-31T02:00:00-04:00,2024-07-31T05:00:00+00:00,2024-07-31T06:00:00+00:00,MOD-00811,60,53.628,25.1,,,,,,,
2024-07-31T02:00:00-04:00,2024-07-31T03:00:00-04:00,2024-07-31T06:00:00+00:00,2024-07-31T07:00:00+00:00,MOD-00811,60,53.768,25.075,,,,,,,
2024-07-31T03:00:00-04:00,2024-07-31T04:00:00-04:00,2024-07-31T07:00:00+00:00,2024-07-31T08:00:00+00:00,MOD-00811,60,53.942,25.057,,,,,,,
2024-07-31T04:00:00-04:00,2024-07-31T05:00:00-04:00,2024-07-31T08:00:00+00:00,2024-07-31T09:00:00+00:00,MOD-00811,60,54.097,25.0,,,,,,,
2024-07-31T05:00:00-04:00,2024-07-31T06:00:00-04:00,2024-07-31T09:00:00+00:00,2024-07-31T10:00:00+00:00,MOD-00811,60,54.3,24.988,,,,,,,
2024-07-31T06:00:00-04:00,2024-07-31T07:00:00-04:00,2024-07-31T10:00:00+00:00,2024-07-31T11:00:00+00:00,MOD-00811,60,54.353,25.0,,,,,,,
2024-07-31T07:00:00-04:00,2024-07-31T08:00:00-04:00,2024-07-31T11:00:00+00:00,2024-07-31T12:00:00+00:00,MOD-00811,60,54.405,24.945,,,,,,,
2024-07-31T08:00:00-04:00,2024-07-31T09:00:00-04:00,2024-07-31T12:00:00+00:00,2024-07-31T13:00:00+00:00,MOD-00811,60,54.533,24.915,,,,,,,
2024-07-31T09:00:00-04:00,2024-07-31T10:00:00-04:00,2024-07-31T13:00:00+00:00,2024-07-31T14:00:00+00:00,MOD-00811,60,54.625,24.938,,,,,,,
2024-07-31T10:00:00-04:00,2024-07-31T11:00:00-04:00,2024-07-31T14:00:00+00:00,2024-07-31T15:00:00+00:00,MOD-00811,60,54.662,24.967,,,,,,,
2024-07-31T11:00:00-04:00,2024-07-31T12:00:00-04:00,2024-07-31T15:00:00+00:00,2024-07-31T16:00:00+00:00,MOD-00811,60,54.762,24.993,,,,,,,
2024-07-31T12:00:00-04:00,2024-07-31T13:00:00-04:00,2024-07-31T16:00:00+00:00,2024-07-31T17:00:00+00:00,MOD-00811,60,54.982,24.957,,,,,,,
2024-07-31T13:00:00-04:00,2024-07-31T14:00:00-04:00,2024-07-31T17:00:00+00:00,2024-07-31T18:00:00+00:00,MOD-00811,60,54.967,25.005,,,,,,,
2024-07-31T14:00:00-04:00,2024-07-31T15:00:00-04:00,2024-07-31T18:00:00+00:00,2024-07-31T19:00:00+00:00,MOD-00811,48,55.05,25.096,,,,,,,
2024-07-31T15:00:00-04:00,2024-07-31T16:00:00-04:00,2024-07-31T19:00:00+00:00,2024-07-31T20:00:00+00:00,MOD-00811,60,54.757,25.118,,,,,,,
2024-07-31T16:00:00-04:00,2024-07-31T17:00:00-04:00,2024-07-31T20:00:00+00:00,2024-07-31T21:00:00+00:00,MOD-00811,60,54.057,25.088,,,,,,,
2024-07-31T17:00:00-04:00,2024-07-31T18:00:00-04:00,2024-07-31T21:00:00+00:00,2024-07-31T22:00:00+00:00,MOD-00811,60,55.36,25.122,,,,,,,
2024-07-31T18:00:00-04:00,2024-07-31T19:00:00-04:00,2024-07-31T22:00:00+00:00,2024-07-31T23:00:00+00:00,MOD-00811,60,55.11,25.1,,,,,,,
2024-07-31T19:00:00-04:00,2024-07-31T20:00:00-04:00,2024-07-31T23:00:00+00:00,2024-08-01T00:00:00+00:00,MOD-00811,60,55.005,25.125,,,,,,,
2024-07-31T20:00:00-04:00,2024-07-31T21:00:00-04:00,2024-08-01T00:00:00+00:00,2024-08-01T01:00:00+00:00,MOD-00811,60,54.9,25.1,,,,,,,
2024-07-31T21:00:00-04:00,2024-07-31T22:00:00-04:00,2024-08-01T01:00:00+00:00,2024-08-01T02:00:00+00:00,MOD-00811,60,54.855,25.085,,,,,,,
2024-07-31T22:00:00-04:00,2024-07-31T23:00:00-04:00,2024-08-01T02:00:00+00:00,2024-08-01T03:00:00+00:00,MOD-00811,60,54.887,25.1,,,,,,,
2024-07-31T23:00:00-04:00,2024-08-01T00:00:00-04:00,2024-08-01T03:00:00+00:00,2024-08-01T04:00:00+00:00,MOD-00811,60,54.892,25.117,,,,,,,
2024-08-01T00:00:00-04:00,2024-08-01T01:00:00-04:00,2024-08-01T04:00:00+00:00,2024-08-01T05:00:00+00:00,MOD-00811,60,55.063,25.082,,,,,,,
2024-08-01T01:00:00-04:00,2024-08-01T02:00:00-04:00,2024-08-01T05:00:00+00:00,2024-08-01T06:00:00+00:00,MOD-00811,60,55.168,25.025,,,,,,,
2024-08-01T02:00:00-04:00,2024-08-01T03:00:00-04:00,2024-08-01T06:00:00+00:00,2024-08-01T07:00:00+00:00,MOD-00811,60,55.298,25.0,,,,,,,
2024-08-01T03:00:00-04:00,2024-08-01T04:00:00-04:00,2024-08-01T07:00:00+00:00,2024-08-01T08:00:00+00:00,MOD-00811,60,55.367,24.972,,,,,,,
2024-08-01T04:00:00-04:00,2024-08-01T05:00:00-04:00,2024-08-01T08:00:00+00:00,2024-08-01T09:00:00+00:00,MOD-00811,60,55.473,24.92,,,,,,,
2024-08-01T05:00:00-04:00,2024-08-01T06:00:00-04:00,2024-08-01T09:00:00+00:00,2024-08-01T10:00:00+00:00,MOD-00811,60,55.66,24.958,,,,,,,
2024-08-01T06:00:00-04:00,2024-08-01T07:00:00-04:00,2024-08-01T10:00:00+00:00,2024-08-01T11:00:00+00:00,MOD-00811,60,55.812,24.922,,,,,,,
2024-08-01T07:00:00-04:00,2024-08-01T08:00:00-04:00,2024-08-01T11:00:00+00:00,2024-08-01T12:00:00+00:00,MOD-00811,60,55.96,24.907,,,,,,,
2024-08-01T08:00:00-04:00,2024-08-01T09:00:00-04:00,2024-08-01T12:00:00+00:00,2024-08-01T13:00:00+00:00,MOD-00811,60,56.093,24.9,,,,,,,
2024-08-01T09:00:00-04:00,2024-08-01T10:00:00-04:00,2024-08-01T13:00:00+00:00,2024-08-01T14:00:00+00:00,MOD-00811,32,,,,,,,,,
2024-08-01T10:00:00-04:00,2024-08-01T11:00:00-04:00,2024-08-01T14:00:00+00:00,2024-08-01T15:00:00+00:00,MOD-00811,46,57.141,25.417,,,,,,,
2024-08-01T11:00:00-04:00,2024-08-01T12:00:00-04:00,2024-08-01T15:00:00+00:00,2024-08-01T16:00:00+00:00,MOD-00811,60,58.017,25.135,,,,,,,
2024-08-01T12:00:00-04:00,2024-08-01T13:00:00-04:00,2024-08-01T16:00:00+00:00,2024-08-01T17:00:00+00:00,MOD-00811,60,57.838,24.862,,,,,,,
2024-08-01T13:00:00-04:00,2024-08-01T14:00:00-04:00,2024-08-01T17:00:00+00:00,2024-08-01T18:00:00+00:00,MOD-00811,60,57.162,24.928,,,,,,,
2024-08-01T14:00:00-04:00,2024-08-01T15:00:00-04:00,2024-08-01T18:00:00+00:00,2024-08-01T19:00:00+00:00,MOD-00811,60,56.35,25.043,,,,,,,
2024-08-01T15:00:00-04:00,2024-08-01T16:00:00-04:00,2024-08-01T19:00:00+00:00,2024-08-01T20:00:00+00:00,MOD-00811,60,54.13,24.992,,,,,,,
2024-08-01T16:00:00-04:00,2024-08-01T17:00:00-04:00,2024-08-01T20:00:00+00:00,2024-08-01T21:00:00+00:00,MOD-00811,60,54.672,24.308,,,,,,,
2024-08-01T17:00:00-04:00,2024-08-01T18:00:00-04:00,2024-08-01T21:00:00+00:00,2024-08-01T22:00:00+00:00,MOD-00811,60,54.963,24.248,,,,,,,
2024-08-01T18:00:00-04:00,2024-08-01T19:00:00-04:00,2024-08-01T22:00:00+00:00,2024-08-01T23:00:00+00:00,MOD-00811,60,53.563,24.793,,,,,,,
2024-08-01T19:00:00-04:00,2024-08-01T20:00:00-04:00,2024-08-01T23:00:00+00:00,2024-08-02T00:00:00+00:00,MOD-00811,60,53.223,25.028,,,,,,,
2024-08-01T20:00:00-04:00,2024-08-01T21:00:00-04:00,2024-08-02T00:00:00+00:00,2024-08-02T01:00:00+00:00,MOD-00811,60,53.087,25.08,,,,,,,
2024-08-01T21:00:00-04:00,2024-08-01T22:00:00-04:00,2024-08-02T01:00:00+00:00,2024-08-02T02:00:00+00:00,MOD-00811,60,53.018,25.133,,,,,,,
2024-08-01T22:00:00-04:00,2024-08-01T23:00:00-04:00,2024-08-02T02:00:00+00:00,2024-08-02T03:00:00+00:00,MOD-00811,60,53.03,25.188,,,,,,,
2024-08-01T23:00:00-04:00,2024-08-02T00:00:00-04:00,2024-08-02T03:00:00+00:00,2024-08-02T04:00:00+00:00,MOD-00811,60,53.187,25.162,,,,,,,
2024-08-02T00:00:00-04:00,2024-08-02T01:00:00-04:00,2024-08-02T04:00:00+00:00,2024-08-02T05:00:00+00:00,MOD-00811,60,53.288,25.197,,,,,,,
2024-08-02T01:00:00-04:00,2024-08-02T02:00:00-04:00,2024-08-02T05:00:00+00:00,2024-08-02T06:00:00+00:00,MOD-00811,60,53.363,25.17,,,,,,,
2024-08-02T02:00:00-04:00,2024-08-02T03:00:00-04:00,2024-08-02T06:00:00+00:00,2024-08-02T07:00:00+00:00,MOD-00811,60,53.475,25.167,,,,,,,
2024-08-02T03:00:00-04:00,2024-08-02T04:00:00-04:00,2024-08-02T07:00:00+00:00,2024-08-02T08:00:00+00:00,MOD-00811,60,53.612,25.135,,,,,,,
2024-08-02T04:00:00-04:00,2024-08-02T05:00:00-04:00,2024-08-02T08:00:00+00:00,2024-08-02T09:00:00+00:00,MOD-00811,60,53.698,25.1,,,,,,,
2024-08-02T05:00:00-04:00,2024-08-02T06:00:00-04:00,2024-08-02T09:00:00+00:00,2024-08-02T10:00:00+00:00,MOD-00811,60,53.792,25.1,,,,,,,
2024-08-02T06:00:00-04:00,2024-08-02T07:00:00-04:00,2024-08-02T10:00:00+00:00,2024-08-02T11:00:00+00:00,MOD-00811,60,53.922,25.062,,,,,,,
2024-08-02T07:00:00-04:00,2024-08-02T08:00:00-04:00,2024-08-02T11:00:00+00:00,2024-08-02T12:00:00+00:00,MOD-00811,60,54.03,25.002,,,,,,,
2024-08-02T08:00:00-04:00,2024-08-02T09:00:00-04:00,2024-08-02T12:00:00+00:00,2024-08-02T13:00:00+00:00,MOD-00811,60,54.203,24.967,,,,,,,
2024-08-02T09:00:00-04:00,2024-08-02T10:00:00-04:00,2024-08-02T13:00:00+00:00,2024-08-02T14:00:00+00:00,MOD-00811,60,57.677,26.24,,,,,,,
2024-08-02T10:00:00-04:00,2024-08-02T11:00:00-04:00,2024-08-02T14:00:00+00:00,2024-08-02T15:00:00+00:00,MOD-00811,60,61.625,28.22,,,,,,,
2024-08-02T11:00:00-04:00,2024-08-02T12:00:00-04:00,2024-08-02T15:00:00+00:00,2024-08-02T16:00:00+00:00,MOD-00811,60,63.325,25.895,,,,,,,
2024-08-02T12:00:00-04:00,2024-08-02T13:00:00-04:00,2024-08-02T16:00:00+00:00,2024-08-02T17:00:00+00:00,MOD-00811,60,62.173,25.243,,,,,,,
2024-08-02T13:00:00-04:00,2024-08-02T14:00:00-04:00,2024-08-02T17:00:00+00:00,2024-08-02T18:00:00+00:00,MOD-00811,60,60.28,25.1,,,,,,,
2024-08-02T14:00:00-04:00,2024-08-02T15:00:00-04:00,2024-08-02T18:00:00+00:00,2024-08-02T19:00:00+00:00,MOD-00811,60,58.502,25.123,,,,,,,
2024-08-02T15:00:00-04:00,2024-08-02T16:00:00-04:00,2024-08-02T19:00:00+00:00,2024-08-02T20:00:00+00:00,MOD-00811,60,57.182,25.137,,,,,,,
2024-08-02T16:00:00-04:00,2024-08-02T17:00:00-04:00,2024-08-02T20:00:00+00:00,2024-08-02T21:00:00+00:00,MOD-00811,60,56.342,25.138,,,,,,,
2024-08-02T17:00:00-04:00,2024-08-02T18:00:00-04:00,2024-08-02T21:00:00+00:00,2024-08-02T22:00:00+00:00,MOD-00811,60,55.762,25.122,,,,,,,
2024-08-02T18:00:00-04:00,2024-08-02T19:00:00-04:00,2024-08-02T22:00:00+00:00,2024-08-02T23:00:00+00:00,MOD-00811,60,55.418,25.145,,,,,,,
2024-08-02T19:00:00-04:00,2024-08-02T20:00:00-04:00,2024-08-02T23:00:00+00:00,2024-08-03T00:00:00+00:00,MOD-00811,60,55.305,25.14,,,,,,,
2024-08-02T20:00:00-04:00,2024-08-02T21:00:00-04:00,2024-08-03T00:00:00+00:00,2024-08-03T01:00:00+00:00,MOD-00811,60,55.237,25.09,,,,,,,
2024-08-02T21:00:00-04:00,2024-08-02T22:00:00-04:00,2024-08-03T01:00:00+00:00,2024-08-03T02:00:00+00:00,MOD-00811,60,55.123,25.105,,,,,,,
2024-08-02T22:00:00-04:00,2024-08-02T23:00:00-04:00,2024-08-03T02:00:00+00:00,2024-08-03T03:00:00+00:00,MOD-00811,60,55.145,25.103,,,,,,,
2024-08-02T23:00:00-04:00,2024-08-03T00:00:00-04:00,2024-08-03T03:00:00+00:00,2024-08-03T04:00:00+00:00,MOD-00811,60,55.265,25.075,,,,,,,
2024-08-03T00:00:00-04:00,2024-08-03T01:00:00-04:00,2024-08-03T04:00:00+00:00,2024-08-03T05:00:00+00:00,MOD-00811,60,55.3,25.078,,,,,,,
2024-08-03T01:00:00-04:00,2024-08-03T02:00:00-04:00,2024-08-03T05:00:00+00:00,2024-08-03T06:00:00+00:00,MOD-00811,60,55.415,25.037,,,,,,,
2024-08-03T02:00:00-04:00,2024-08-03T03:00:00-04:00,2024-08-03T06:00:00+00:00,2024-08-03T07:00:00+00:00,MOD-00811,60,55.537,24.972,,,,,,,
2024-08-03T03:00:00-04:00,2024-08-03T04:00:00-04:00,2024-08-03T07:00:00+00:00,2024-08-03T08:00:00+00:00,MOD-00811,60,55.563,24.958,,,,,,,
2024-08-03T04:00:00-04:00,2024-08-03T05:00:00-04:00,2024-08-03T08:00:00+00:00,2024-08-03T09:00:00+00:00,MOD-00811,60,55.632,24.95,,,,,,,
2024-08-03T05:00:00-04:00,2024-08-03T06:00:00-04:00,2024-08-03T09:00:00+00:00,2024-08-03T10:00:00+00:00,MOD-00811,60,55.773,24.9,,,,,,,
2024-08-03T06:00:00-04:00,2024-08-03T07:00:00-04:00,2024-08-03T10:00:00+00:00,2024-08-03T11:00:00+00:00,MOD-00811,60,55.885,24.903,,,,,,,
2024-08-03T07:00:00-04:00,2024-08-03T08:00:00-04:00,2024-08-03T11:00:00+00:00,2024-08-03T12:00:00+00:00,MOD-00811,60,56.353,24.63,,,,,,,
2024-08-03T08:00:00-04:00,2024-08-03T09:00:00-04:00,2024-08-03T12:00:00+00:00,2024-08-03T13:00:00+00:00,MOD-00811,60,60.03,24.062,,,,,,,
2024-08-03T09:00:00-04:00,2024-08-03T10:00:00-04:00,2024-08-03T13:00:00+00:00,2024-08-03T14:00:00+00:00,MOD-00811,60,60.137,23.985,,,,,,,
2024-08-03T10:00:00-04:00,2024-08-03T11:00:00-04:00,2024-08-03T14:00:00+00:00,2024-08-03T15:00:00+00:00,MOD-00811,60,59.923,23.933,,,,,,,
2024-08-03T11:00:00-04:00,2024-08-03T12:00:00-04:00,2024-08-03T15:00:00+00:00,2024-08-03T16:00:00+00:00,MOD-00811,60,59.322,23.863,,,,,,,
2024-08-03T12:00:00-04:00,2024-08-03T13:00:00-04:00,2024-08-03T16:00:00+00:00,2024-08-03T17:00:00+00:00,MOD-00811,60,59.212,23.883,,,,,,,
2024-08-03T13:00:00-04:00,2024-08-03T14:00:00-04:00,2024-08-03T17:00:00+00:00,2024-08-03T18:00:00+00:00,MOD-00811,60,58.508,23.913,,,,,,,
2024-08-03T14:00:00-04:00,2024-08-03T15:00:00-04:00,2024-08-03T18:00:00+00:00,2024-08-03T19:00:00+00:00,MOD-00811,60,57.805,23.958,,,,,,,
2024-08-03T15:00:00-04:00,2024-08-03T16:00:00-04:00,2024-08-03T19:00:00+00:00,2024-08-03T20:00:00+00:00,MOD-00811,60,57.333,23.992,,,,,,,
2024-08-03T16:00:00-04:00,2024-08-03T17:00:00-04:00,2024-08-03T20:00:00+00:00,2024-08-03T21:00:00+00:00,MOD-00811,60,57.395,24.075,,,,,,,
2024-08-03T17:00:00-04:00,2024-08-03T18:00:00-04:00,2024-08-03T21:00:00+00:00,2024-08-03T22:00:00+00:00,MOD-00811,60,56.897,23.985,,,,,,,
2024-08-03T18:00:00-04:00,2024-08-03T19:00:00-04:00,2024-08-03T22:00:00+00:00,2024-08-03T23:00:00+00:00,MOD-00811,60,57.05,23.97,,,,,,,
2024-08-03T19:00:00-04:00,2024-08-03T20:00:00-04:00,2024-08-03T23:00:00+00:00,2024-08-04T00:00:00+00:00,MOD-00811,60,57.143,24.045,,,,,,,
2024-08-03T20:00:00-04:00,2024-08-03T21:00:00-04:00,2024-08-04T00:00:00+00:00,2024-08-04T01:00:00+00:00,MOD-00811,60,55.272,24.135,,,,,,,
2024-08-03T21:00:00-04:00,2024-08-03T22:00:00-04:00,2024-08-04T01:00:00+00:00,2024-08-04T02:00:00+00:00,MOD-00811,60,54.183,24.742,,,,,,,
2024-08-03T22:00:00-04:00,2024-08-03T23:00:00-04:00,2024-08-04T02:00:00+00:00,2024-08-04T03:00:00+00:00,MOD-00811,60,53.86,25.047,,,,,,,
2024-08-03T23:00:00-04:00,2024-08-04T00:00:00-04:00,2024-08-04T03:00:00+00:00,2024-08-04T04:00:00+00:00,MOD-00811,60,53.957,25.107,,,,,,,
2024-08-04T00:00:00-04:00,2024-08-04T01:00:00-04:00,2024-08-04T04:00:00+00:00,2024-08-04T05:00:00+00:00,MOD-00811,60,54.14,25.135,,,,,,,
2024-08-04T01:00:00-04:00,2024-08-04T02:00:00-04:00,2024-08-04T05:00:00+00:00,2024-08-04T06:00:00+00:00,MOD-00811,60,54.373,25.117,,,,,,,
2024-08-04T02:00:00-04:00,2024-08-04T03:00:00-04:00,2024-08-04T06:00:00+00:00,2024-08-04T07:00:00+00:00,MOD-00811,60,54.46,25.1,,,,,,,
2024-08-04T03:00:00-04:00,2024-08-04T04:00:00-04:00,2024-08-04T07:00:00+00:00,2024-08-04T08:00:00+00:00,MOD-00811,60,54.538,25.067,,,,,,,
2024-08-04T04:00:00-04:00,2024-08-04T05:00:00-04:00,2024-08-04T08:00:00+00:00,2024-08-04T09:00:00+00:00,MOD-00811,60,54.548,25.0,,,,,,,
2024-08-04T05:00:00-04:00,2024-08-04T06:00:00-04:00,2024-08-04T09:00:00+00:00,2024-08-04T10:00:00+00:00,MOD-00811,60,54.568,24.975,,,,,,,
2024-08-04T06:00:00-04:00,2024-08-04T07:00:00-04:00,2024-08-04T10:00:00+00:00,2024-08-04T11:00:00+00:00,MOD-00811,60,54.64,25.0,,,,,,,
2024-08-04T07:00:00-04:00,2024-08-04T08:00:00-04:00,2024-08-04T11:00:00+00:00,2024-08-04T12:00:00+00:00,MOD-00811,60,54.75,25.0,,,,,,,
2024-08-04T08:00:00-04:00,2024-08-04T09:00:00-04:00,2024-08-04T12:00:00+00:00,2024-08-04T13:00:00+00:00,MOD-00811,60,54.833,25.0,,,,,,,
2024-08-04T09:00:00-04:00,2024-08-04T10:00:00-04:00,2024-08-04T13:00:00+00:00,2024-08-04T14:00:00+00:00,MOD-00811,60,54.942,24.962,,,,,,,
2024-08-04T10:00:00-04:00,2024-08-04T11:00:00-04:00,2024-08-04T14:00:00+00:00,2024-08-04T15:00:00+00:00,MOD-00811,60,55.02,25.0,,,,,,,
2024-08-04T11:00:00-04:00,2024-08-04T12:00:00-04:00,2024-08-04T15:00:00+00:00,2024-08-04T16:00:00+00:00,MOD-00811,60,55.133,24.998,,,,,,,
2024-08-04T12:00:00-04:00,2024-08-04T13:00:00-04:00,2024-08-04T16:00:00+00:00,2024-08-04T17:00:00+00:00,MOD-00811,60,55.1,24.998,,,,,,,
2024-08-04T13:00:00-04:00,2024-08-04T14:00:00-04:00,2024-08-04T17:00:00+00:00,2024-08-04T18:00:00+00:00,MOD-00811,60,54.918,25.07,,,,,,,
2024-08-04T14:00:00-04:00,2024-08-04T15:00:00-04:00,2024-08-04T18:00:00+00:00,2024-08-04T19:00:00+00:00,MOD-00811,60,54.74,25.1,,,,,,,
2024-08-04T15:00:00-04:00,2024-08-04T16:00:00-04:00,2024-08-04T19:00:00+00:00,2024-08-04T20:00:00+00:00,MOD-00811,60,54.647,25.035,,,,,,,
2024-08-04T16:00:00-04:00,2024-08-04T17:00:00-04:00,2024-08-04T20:00:00+00:00,2024-08-04T21:00:00+00:00,MOD-00811,60,55.383,24.595,,,,,,,
2024-08-04T17:00:00-04:00,2024-08-04T18:00:00-04:00,2024-08-04T21:00:00+00:00,2024-08-04T22:00:00+00:00,MOD-00811,60,54.998,25.208,,,,,,,
2024-08-04T18:00:00-04:00,2024-08-04T19:00:00-04:00,2024-08-04T22:00:00+00:00,2024-08-04T23:00:00+00:00,MOD-00811,60,54.575,25.475,,,,,,,
2024-08-04T19:00:00-04:00,2024-08-04T20:00:00-04:00,2024-08-04T23:00:00+00:00,2024-08-05T00:00:00+00:00,MOD-00811,60,55.078,25.278,,,,,,,
2024-08-04T20:00:00-04:00,2024-08-04T21:00:00-04:00,2024-08-05T00:00:00+00:00,2024-08-05T01:00:00+00:00,MOD-00811,60,55.362,25.122,,,,,,,
2024-08-04T21:00:00-04:00,2024-08-04T22:00:00-04:00,2024-08-05T01:00:00+00:00,2024-08-05T02:00:00+00:00,MOD-00811,60,55.525,25.088,,,,,,,
2024-08-04T22:00:00-04:00,2024-08-04T23:00:00-04:00,2024-08-05T02:00:00+00:00,2024-08-05T03:00:00+00:00,MOD-00811,60,55.507,25.027,,,,,,,
2024-08-04T23:00:00-04:00,2024-08-05T00:00:00-04:00,2024-08-05T03:00:00+00:00,2024-08-05T04:00:00+00:00,MOD-00811,60,55.483,25.0,,,,,,,
2024-08-05T00:00:00-04:00,2024-08-05T01:00:00-04:00,2024-08-05T04:00:00+00:00,2024-08-05T05:00:00+00:00,MOD-00811,60,55.542,24.987,,,,,,,
2024-08-05T01:00:00-04:00,2024-08-05T02:00:00-04:00,2024-08-05T05:00:00+00:00,2024-08-05T06:00:00+00:00,MOD-00811,60,55.615,24.9,,,,,,,
2024-08-05T02:00:00-04:00,2024-08-05T03:00:00-04:00,2024-08-05T06:00:00+00:00,2024-08-05T07:00:00+00:00,MOD-00811,60,55.582,24.9,,,,,,,
2024-08-05T03:00:00-04:00,2024-08-05T04:00:00-04:00,2024-08-05T07:00:00+00:00,2024-08-05T08:00:00+00:00,MOD-00811,60,55.607,24.902,,,,,,,
2024-08-05T04:00:00-04:00,2024-08-05T05:00:00-04:00,2024-08-05T08:00:00+00:00,2024-08-05T09:00:00+00:00,MOD-00811,60,55.75,24.9,,,,,,,
2024-08-05T05:00:00-04:00,2024-08-05T06:00:00-04:00,2024-08-05T09:00:00+00:00,2024-08-05T10:00:00+00:00,MOD-00811,60,55.948,24.867,,,,,,,
2024-08-05T06:00:00-04:00,2024-08-05T07:00:00-04:00,2024-08-05T10:00:00+00:00,2024-08-05T11:00:00+00:00,MOD-00811,60,56.075,24.848,,,,,,,
2024-08-05T07:00:00-04:00,2024-08-05T08:00:00-04:00,2024-08-05T11:00:00+00:00,2024-08-05T12:00:00+00:00,MOD-00811,60,56.298,24.845,,,,,,,
2024-08-05T08:00:00-04:00,2024-08-05T09:00:00-04:00,2024-08-05T12:00:00+00:00,2024-08-05T13:00:00+00:00,MOD-00811,16,,,,,,,,,
2024-11-22T14:00:00-05:00,2024-11-22T15:00:00-05:00,2024-11-22T19:00:00+00:00,2024-11-22T20:00:00+00:00,MOD-00811,10,,,,,,,,,
2024-11-22T15:00:00-05:00,2024-11-22T16:00:00-05:00,2024-11-22T20:00:00+00:00,2024-11-22T21:00:00+00:00,MOD-00811,57,52.507,11.126,2.165,3.881,28.913,,,,
2024-11-22T16:00:00-05:00,2024-11-22T17:00:00-05:00,2024-11-22T21:00:00+00:00,2024-11-22T22:00:00+00:00,MOD-00811,60,65.667,9.275,1.353,2.853,20.277,,,,
2024-11-22T17:00:00-05:00,2024-11-22T18:00:00-05:00,2024-11-22T22:00:00+00:00,2024-11-22T23:00:00+00:00,MOD-00811,60,72.505,8.022,1.465,2.672,14.913,947.548,1.844,12.593,22.507
2024-11-22T18:00:00-05:00,2024-11-22T19:00:00-05:00,2024-11-22T23:00:00+00:00,2024-11-23T00:00:00+00:00,MOD-00811,60,76.882,7.738,3.042,4.368,18.473,920.345,1.874,18.351,20.265
2024-11-22T19:00:00-05:00,2024-11-22T20:00:00-05:00,2024-11-23T00:00:00+00:00,2024-11-23T01:00:00+00:00,MOD-00811,60,77.368,7.668,4.738,6.215,22.077,910.243,1.95,18.113,21.287
2024-11-22T20:00:00-05:00,2024-11-22T21:00:00-05:00,2024-11-23T01:00:00+00:00,2024-11-23T02:00:00+00:00,MOD-00811,60,79.982,7.185,3.32,4.982,15.693,830.922,2.098,11.117,24.828
2024-11-22T21:00:00-05:00,2024-11-22T22:00:00-05:00,2024-11-23T02:00:00+00:00,2024-11-23T03:00:00+00:00,MOD-00811,60,82.123,7.112,2.714,4.595,14.296,806.717,2.196,3.277,26.532
2024-11-22T22:00:00-05:00,2024-11-22T23:00:00-05:00,2024-11-23T03:00:00+00:00,2024-11-23T04:00:00+00:00,MOD-00811,60,78.298,7.45,2.553,4.076,11.596,884.791,2.002,15.369,26.917
2024-11-22T23:00:00-05:00,2024-11-23T00:00:00-05:00,2024-11-23T04:00:00+00:00,2024-11-23T05:00:00+00:00,MOD-00811,60,80.793,7.337,2.084,3.652,9.489,864.609,2.005,6.821,26.456
2024-11-23T00:00:00-05:00,2024-11-23T01:00:00-05:00,2024-11-23T05:00:00+00:00,2024-11-23T06:00:00+00:00,MOD-00811,60,82.445,7.193,2.302,3.736,8.695,827.601,2.255,4.796,27.248
2024-11-23T01:00:00-05:00,2024-11-23T02:00:00-05:00,2024-11-23T06:00:00+00:00,2024-11-23T07:00:00+00:00,MOD-00811,60,84.738,7.137,2.902,4.233,7.558,831.412,2.499,7.97,27.644
2024-11-23T02:00:00-05:00,2024-11-23T03:00:00-05:00,2024-11-23T07:00:00+00:00,2024-11-23T08:00:00+00:00,MOD-00811,60,86.093,7.043,2.633,3.712,6.466,844.991,2.55,8.53,27.202
2024-11-23T03:00:00-05:00,2024-11-23T04:00:00-05:00,2024-11-23T08:00:00+00:00,2024-11-23T09:00:00+00:00,MOD-00811,60,85.562,6.898,1.737,2.394,4.7,770.527,2.544,8.257,30.431
2024-11-23T04:00:00-05:00,2024-11-23T05:00:00-05:00,2024-11-23T09:00:00+00:00,2024-11-23T10:00:00+00:00,MOD-00811,60,82.66,6.842,0.617,0.908,1.807,743.804,2.281,4.587,33.635
2024-11-23T05:00:00-05:00,2024-11-23T06:00:00-05:00,2024-11-23T10:00:00+00:00,2024-11-23T11:00:00+00:00,MOD-00811,60,82.382,6.623,0.372,0.629,1.157,734.208,2.306,2.992,34.037
2024-11-23T06:00:00-05:00,2024-11-23T07:00:00-05:00,2024-11-23T11:00:00+00:00,2024-11-23T12:00:00+00:00,MOD-00811,60,83.772,6.58,0.397,0.619,1.455,739.975,2.446,6.025,34.799
2024-11-23T07:00:00-05:00,2024-11-23T08:00:00-05:00,2024-11-23T12:00:00+00:00,2024-11-23T13:00:00+00:00,MOD-00811,60,83.555,6.33,0.426,0.613,1.505,730.089,2.421,5.519,35.254
2024-11-23T08:00:00-05:00,2024-11-23T09:00:00-05:00,2024-11-23T13:00:00+00:00,2024-11-23T14:00:00+00:00,MOD-00811,60,83.835,6.26,0.385,0.603,1.447,736.561,2.453,5.665,33.839
2024-11-23T09:00:00-05:00,2024-11-23T10:00:00-05:00,2024-11-23T14:00:00+00:00,2024-11-23T15:00:00+00:00,MOD-00811,60,82.545,6.302,0.42,0.622,1.675,740.033,2.349,3.577,31.892
2024-11-23T10:00:00-05:00,2024-11-23T11:00:00-05:00,2024-11-23T15:00:00+00:00,2024-11-23T16:00:00+00:00,MOD-00811,60,82.92,6.485,0.655,0.986,1.499,751.287,2.399,3.629,32.486
2024-11-23T11:00:00-05:00,2024-11-23T12:00:00-05:00,2024-11-23T16:00:00+00:00,2024-11-23T17:00:00+00:00,MOD-00811,60,83.163,6.833,0.578,0.837,1.403,753.892,2.382,4.105,31.225
2024-11-23T12:00:00-05:00,2024-11-23T13:00:00-05:00,2024-11-23T17:00:00+00:00,2024-11-23T18:00:00+00:00,MOD-00811,60,78.937,7.443,0.437,0.545,1.373,735.008,1.96,7.729,32.149
2024-11-23T13:00:00-05:00,2024-11-23T14:00:00-05:00,2024-11-23T18:00:00+00:00,2024-11-23T19:00:00+00:00,MOD-00811,60,69.723,8.703,0.425,0.489,1.157,721.955,1.593,8.468,34.083
2024-11-23T14:00:00-05:00,2024-11-23T15:00:00-05:00,2024-11-23T19:00:00+00:00,2024-11-23T20:00:00+00:00,MOD-00811,60,61.227,9.918,0.615,0.685,8.202,709.315,2.444,8.672,36.3
2024-11-23T15:00:00-05:00,2024-11-23T16:00:00-05:00,2024-11-23T20:00:00+00:00,2024-11-23T21:00:00+00:00,MOD-00811,60,56.465,10.418,1.109,1.348,69.967,694.866,1.736,7.122,38.552
2024-11-23T16:00:00-05:00,2024-11-23T17:00:00-05:00,2024-11-23T21:00:00+00:00,2024-11-23T22:00:00+00:00,MOD-00811,60,57.382,9.772,0.549,0.589,1.597,695.242,1.998,9.484,36.73
2024-11-23T17:00:00-05:00,2024-11-23T18:00:00-05:00,2024-11-23T22:00:00+00:00,2024-11-23T23:00:00+00:00,MOD-00811,60,59.123,9.268,0.567,0.624,1.596,704.935,2.506,12.023,35.464
2024-11-23T18:00:00-05:00,2024-11-23T19:00:00-05:00,2024-11-23T23:00:00+00:00,2024-11-24T00:00:00+00:00,MOD-00811,60,59.208,8.97,0.684,0.76,1.185,715.157,2.608,12.067,36.414
2024-11-23T19:00:00-05:00,2024-11-23T20:00:00-05:00,2024-11-24T00:00:00+00:00,2024-11-24T01:00:00+00:00,MOD-00811,60,60.18,8.73,1.213,1.345,2.233,725.306,2.657,11.615,36.33
2024-11-23T20:00:00-05:00,2024-11-23T21:00:00-05:00,2024-11-24T01:00:00+00:00,2024-11-24T02:00:00+00:00,MOD-00811,60,59.163,8.328,1.368,1.535,2.121,716.618,2.546,10.273,37.435
2024-11-23T21:00:00-05:00,2024-11-23T22:00:00-05:00,2024-11-24T02:00:00+00:00,2024-11-24T03:00:00+00:00,MOD-00811,60,58.432,7.8,1.344,1.476,2.789,719.352,2.497,12.643,38.093
2024-11-23T22:00:00-05:00,2024-11-23T23:00:00-05:00,2024-11-24T03:00:00+00:00,2024-11-24T04:00:00+00:00,MOD-00811,60,59.942,7.218,1.333,1.454,2.112,728.318,2.701,15.39,38.179
2024-11-23T23:00:00-05:00,2024-11-24T00:00:00-05:00,2024-11-24T04:00:00+00:00,2024-11-24T05:00:00+00:00,MOD-00811,60,60.868,6.885,1.082,1.198,1.914,727.341,2.711,16.414,38.886
2024-11-24T00:00:00-05:00,2024-11-24T01:00:00-05:00,2024-11-24T05:00:00+00:00,2024-11-24T06:00:00+00:00,MOD-00811,60,63.647,6.462,0.798,0.887,1.532,729.187,2.069,16.421,37.602
2024-11-24T01:00:00-05:00,2024-11-24T02:00:00-05:00,2024-11-24T06:00:00+00:00,2024-11-24T07:00:00+00:00,MOD-00811,60,65.29,6.843,0.515,0.583,1.736,739.687,1.739,14.389,35.018
2024-11-24T02:00:00-05:00,2024-11-24T03:00:00-05:00,2024-11-24T07:00:00+00:00,2024-11-24T08:00:00+00:00,MOD-00811,60,65.148,7.855,0.409,0.451,0.661,723.857,1.806,12.473,33.607
2024-11-24T03:00:00-05:00,2024-11-24T04:00:00-05:00,2024-11-24T08:00:00+00:00,2024-11-24T09:00:00+00:00,MOD-00811,60,58.577,8.278,0.416,0.461,1.065,699.944,2.484,11.947,35.428
2024-11-24T04:00:00-05:00,2024-11-24T05:00:00-05:00,2024-11-24T09:00:00+00:00,2024-11-24T10:00:00+00:00,MOD-00811,60,51.747,8.01,0.452,0.5,0.708,683.692,1.824,9.762,38.186
2024-11-24T05:00:00-05:00,2024-11-24T06:00:00-05:00,2024-11-24T10:00:00+00:00,2024-11-24T11:00:00+00:00,MOD-00811,60,50.647,7.655,0.47,0.527,1.41,679.376,1.761,8.444,38.554
2024-11-24T06:00:00-05:00,2024-11-24T07:00:00-05:00,2024-11-24T11:00:00+00:00,2024-11-24T12:00:00+00:00,MOD-00811,60,48.46,7.417,0.462,0.503,1.337,686.063,1.864,10.355,40.551
2024-11-24T07:00:00-05:00,2024-11-24T08:00:00-05:00,2024-11-24T12:00:00+00:00,2024-11-24T13:00:00+00:00,MOD-00811,60,43.253,7.833,0.585,0.636,0.743,691.257,2.076,9.672,42.906
2024-11-24T08:00:00-05:00,2024-11-24T09:00:00-05:00,2024-11-24T13:00:00+00:00,2024-11-24T14:00:00+00:00,MOD-00811,60,39.75,8.96,0.638,0.696,3.385,695.42,2.058,10.766,43.664
2024-11-24T09:00:00-05:00,2024-11-24T10:00:00-05:00,2024-11-24T14:00:00+00:00,2024-11-24T15:00:00+00:00,MOD-00811,60,36.787,9.993,0.671,0.752,2.192,692.892,2.697,9.286,43.767
2024-11-24T10:00:00-05:00,2024-11-24T11:00:00-05:00,2024-11-24T15:00:00+00:00,2024-11-24T16:00:00+00:00,MOD-00811,60,35.403,10.7,0.523,0.609,1.451,695.335,2.771,9.709,43.767
2024-11-24T11:00:00-05:00,2024-11-24T12:00:00-05:00,2024-11-24T16:00:00+00:00,2024-11-24T17:00:00+00:00,MOD-00811,60,34.21,11.018,0.655,0.726,2.053,691.888,2.637,9.749,44.477
2024-11-24T12:00:00-05:00,2024-11-24T13:00:00-05:00,2024-11-24T17:00:00+00:00,2024-11-24T18:00:00+00:00,MOD-00811,60,33.765,11.427,0.627,0.719,5.324,698.795,2.529,8.914,44.378
2024-11-24T13:00:00-05:00,2024-11-24T14:00:00-05:00,2024-11-24T18:00:00+00:00,2024-11-24T19:00:00+00:00,MOD-00811,60,34.322,11.307,0.719,0.804,1.931,694.87,2.585,9.227,44.547
2024-11-24T14:00:00-05:00,2024-11-24T15:00:00-05:00,2024-11-24T19:00:00+00:00,2024-11-24T20:00:00+00:00,MOD-00811,60,36.608,10.747,0.706,0.804,4.926,708.439,2.757,10.078,43.767
2024-11-24T15:00:00-05:00,2024-11-24T16:00:00-05:00,2024-11-24T20:00:00+00:00,2024-11-24T21:00:00+00:00,MOD-00811,60,38.38,10.578,0.615,0.694,0.757,713.554,2.636,9.608,43.092
2024-11-24T16:00:00-05:00,2024-11-24T17:00:00-05:00,2024-11-24T21:00:00+00:00,2024-11-24T22:00:00+00:00,MOD-00811,60,43.457,9.333,0.529,0.631,1.622,725.107,1.868,11.878,41.853
2024-11-24T17:00:00-05:00,2024-11-24T18:00:00-05:00,2024-11-24T22:00:00+00:00,2024-11-24T23:00:00+00:00,MOD-00811,60,46.848,8.785,0.649,0.707,1.766,727.505,1.846,14.4,41.789
2024-11-24T18:00:00-05:00,2024-11-24T19:00:00-05:00,2024-11-24T23:00:00+00:00,2024-11-25T00:00:00+00:00,MOD-00811,60,48.322,8.385,0.626,0.697,0.903,732.882,1.782,16.892,41.382
2024-11-24T19:00:00-05:00,2024-11-24T20:00:00-05:00,2024-11-25T00:00:00+00:00,2024-11-25T01:00:00+00:00,MOD-00811,60,47.687,7.942,0.592,0.653,3.113,728.702,1.963,11.141,41.487
2024-11-24T20:00:00-05:00,2024-11-24T21:00:00-05:00,2024-11-25T01:00:00+00:00,2024-11-25T02:00:00+00:00,MOD-00811,60,47.388,7.472,0.569,0.609,0.777,723.863,1.973,11.267,41.067
2024-11-24T21:00:00-05:00,2024-11-24T22:00:00-05:00,2024-11-25T02:00:00+00:00,2024-11-25T03:00:00+00:00,MOD-00811,60,50.252,6.897,0.639,0.686,0.891,720.977,1.776,13.583,40.685
2024-11-24T22:00:00-05:00,2024-11-24T23:00:00-05:00,2024-11-25T03:00:00+00:00,2024-11-25T04:00:00+00:00,MOD-00811,60,51.942,6.225,0.685,0.748,1.822,723.191,1.848,14.301,40.25
2024-11-24T23:00:00-05:00,2024-11-25T00:00:00-05:00,2024-11-25T04:00:00+00:00,2024-11-25T05:00:00+00:00,MOD-00811,60,52.103,5.863,0.756,0.813,1.052,724.649,1.859,13.381,40.058
2024-11-25T00:00:00-05:00,2024-11-25T01:00:00-05:00,2024-11-25T05:00:00+00:00,2024-11-25T06:00:00+00:00,MOD-00811,60,53.265,5.612,0.838,0.897,1.488,721.13,2.153,15.029,39.764
2024-11-25T01:00:00-05:00,2024-11-25T02:00:00-05:00,2024-11-25T06:00:00+00:00,2024-11-25T07:00:00+00:00,MOD-00811,60,53.703,5.237,0.766,0.826,1.043,720.052,2.241,16.584,39.408
2024-11-25T02:00:00-05:00,2024-11-25T03:00:00-05:00,2024-11-25T07:00:00+00:00,2024-11-25T08:00:00+00:00,MOD-00811,60,53.392,4.985,0.826,0.881,1.304,717.388,2.133,16.221,39.005
2024-11-25T03:00:00-05:00,2024-11-25T04:00:00-05:00,2024-11-25T08:00:00+00:00,2024-11-25T09:00:00+00:00,MOD-00811,60,54.828,4.302,0.463,0.514,1.044,720.652,3.76,16.649,38.133
2024-11-25T04:00:00-05:00,2024-11-25T05:00:00-05:00,2024-11-25T09:00:00+00:00,2024-11-25T10:00:00+00:00,MOD-00811,60,55.353,3.928,0.627,0.679,1.209,734.887,2.483,16.959,37.934
2024-11-25T05:00:00-05:00,2024-11-25T06:00:00-05:00,2024-11-25T10:00:00+00:00,2024-11-25T11:00:00+00:00,MOD-00811,60,54.632,3.762,0.536,0.601,1.012,764.434,2.683,17.69,36.916
2024-11-25T06:00:00-05:00,2024-11-25T07:00:00-05:00,2024-11-25T11:00:00+00:00,2024-11-25T12:00:00+00:00,MOD-00811,60,53.583,3.602,0.679,0.749,2.107,808.848,2.512,18.449,35.659
2024-11-25T07:00:00-05:00,2024-11-25T08:00:00-05:00,2024-11-25T12:00:00+00:00,2024-11-25T13:00:00+00:00,MOD-00811,60,50.022,4.083,0.638,0.737,3.118,817.829,2.287,18.128,36.429
2024-11-25T08:00:00-05:00,2024-11-25T09:00:00-05:00,2024-11-25T13:00:00+00:00,2024-11-25T14:00:00+00:00,MOD-00811,60,43.528,5.96,0.651,0.721,1.378,782.307,2.134,12.923,38.75
2024-11-25T09:00:00-05:00,2024-11-25T10:00:00-05:00,2024-11-25T14:00:00+00:00,2024-11-25T15:00:00+00:00,MOD-00811,60,38.41,7.988,0.664,0.752,2.715,758.499,2.396,12.117,40.087
2024-11-25T10:00:00-05:00,2024-11-25T11:00:00-05:00,2024-11-25T15:00:00+00:00,2024-11-25T16:00:00+00:00,MOD-00811,60,36.38,9.497,0.635,0.731,2.428,737.466,3.683,9.539,40.354
2024-11-25T11:00:00-05:00,2024-11-25T12:00:00-05:00,2024-11-25T16:00:00+00:00,2024-11-25T17:00:00+00:00,MOD-00811,60,34.938,10.785,0.708,0.802,3.276,730.192,2.781,10.685,40.402
2024-11-25T12:00:00-05:00,2024-11-25T13:00:00-05:00,2024-11-25T17:00:00+00:00,2024-11-25T18:00:00+00:00,MOD-00811,60,33.047,12.262,0.476,0.62,7.342,757.685,2.427,9.6,41.212
2024-11-25T13:00:00-05:00,2024-11-25T14:00:00-05:00,2024-11-25T18:00:00+00:00,2024-11-25T19:00:00+00:00,MOD-00811,60,31.752,13.078,0.498,0.618,2.985,750.202,2.362,9.748,41.635
2024-11-25T14:00:00-05:00,2024-11-25T15:00:00-05:00,2024-11-25T19:00:00+00:00,2024-11-25T20:00:00+00:00,MOD-00811,60,31.708,13.24,0.437,0.506,1.764,725.318,2.236,9.015,42.145
2024-11-25T15:00:00-05:00,2024-11-25T16:00:00-05:00,2024-11-25T20:00:00+00:00,2024-11-25T21:00:00+00:00,MOD-00811,60,33.658,12.513,0.411,0.499,2.037,759.506,2.525,10.155,41.353
2024-11-25T16:00:00-05:00,2024-11-25T17:00:00-05:00,2024-11-25T21:00:00+00:00,2024-11-25T22:00:00+00:00,MOD-00811,60,38.547,10.368,0.91,1.191,8.117,883.036,2.607,15.428,36.799
2024-11-25T17:00:00-05:00,2024-11-25T18:00:00-05:00,2024-11-25T22:00:00+00:00,2024-11-25T23:00:00+00:00,MOD-00811,60,41.538,9.175,1.009,1.315,6.697,929.815,1.965,12.531,34.521
2024-11-25T18:00:00-05:00,2024-11-25T19:00:00-05:00,2024-11-25T23:00:00+00:00,2024-11-26T00:00:00+00:00,MOD-00811,60,44.132,8.315,1.483,1.7,6.11,962.362,1.996,23.297,32.412
2024-11-25T19:00:00-05:00,2024-11-25T20:00:00-05:00,2024-11-26T00:00:00+00:00,2024-11-26T01:00:00+00:00,MOD-00811,60,45.812,7.897,1.526,1.742,4.845,1019.482,2.064,23.446,31.285
2024-11-25T20:00:00-05:00,2024-11-25T21:00:00-05:00,2024-11-26T01:00:00+00:00,2024-11-26T02:00:00+00:00,MOD-00811,55,51.035,6.664,2.51,2.767,7.709,1073.031,3.931,24.285,28.369
2024-11-25T21:00:00-05:00,2024-11-25T22:00:00-05:00,2024-11-26T02:00:00+00:00,2024-11-26T03:00:00+00:00,MOD-00811,60,55.31,5.355,2.808,3.037,6.754,1148.225,2.481,24.457,27.316
2024-11-25T22:00:00-05:00,2024-11-25T23:00:00-05:00,2024-11-26T03:00:00+00:00,2024-11-26T04:00:00+00:00,MOD-00811,60,57.982,4.862,3.239,3.45,7.335,1198.238,2.574,24.4,26.781
2024-11-25T23:00:00-05:00,2024-11-26T00:00:00-05:00,2024-11-26T04:00:00+00:00,2024-11-26T05:00:00+00:00,MOD-00811,60,63.405,4.05,4.758,5.057,9.104,1351.652,4.027,24.268,25.988
2024-11-26T00:00:00-05:00,2024-11-26T01:00:00-05:00,2024-11-26T05:00:00+00:00,2024-11-26T06:00:00+00:00,MOD-00811,60,68.792,3.062,5.307,5.603,8.817,1236.558,9.777,23.249,24.896
2024-11-26T01:00:00-05:00,2024-11-26T02:00:00-05:00,2024-11-26T06:00:00+00:00,2024-11-26T07:00:00+00:00,MOD-00811,60,74.983,2.052,5.363,5.696,10.546,1326.508,26.773,23.208,24.333
2024-11-26T02:00:00-05:00,2024-11-26T03:00:00-05:00,2024-11-26T07:00:00+00:00,2024-11-26T08:00:00+00:00,MOD-00811,60,81.995,1.727,4.129,4.474,9.777,1246.143,13.464,20.814,23.13
2024-11-26T03:00:00-05:00,2024-11-26T04:00:00-05:00,2024-11-26T08:00:00+00:00,2024-11-26T09:00:00+00:00,MOD-00811,60,81.067,2.202,5.303,5.693,10.554,1359.076,13.521,22.104,23.107
2024-11-26T04:00:00-05:00,2024-11-26T05:00:00-05:00,2024-11-26T09:00:00+00:00,2024-11-26T10:00:00+00:00,MOD-00811,60,76.457,2.778,6.165,6.493,13.291,1420.266,26.452,22.027,23.603
2024-11-26T05:00:00-05:00,2024-11-26T06:00:00-05:00,2024-11-26T10:00:00+00:00,2024-11-26T11:00:00+00:00,MOD-00811,60,72.11,3.328,6.617,12.21,136.825,1168.856,3.628,21.239,23.32
2024-11-26T06:00:00-05:00,2024-11-26T07:00:00-05:00,2024-11-26T11:00:00+00:00,2024-11-26T12:00:00+00:00,MOD-00811,60,69.993,3.377,6.143,10.218,94.185,1068.612,9.115,21.67,24.155
2024-11-26T07:00:00-05:00,2024-11-26T08:00:00-05:00,2024-11-26T12:00:00+00:00,2024-11-26T13:00:00+00:00,MOD-00811,60,71.507,3.278,5.798,6.412,29.153,1051.736,14.252,22.326,24.678
2024-11-26T08:00:00-05:00,2024-11-26T09:00:00-05:00,2024-11-26T13:00:00+00:00,2024-11-26T14:00:00+00:00,MOD-00811,60,63.303,5.402,6.852,8.98,61.023,1037.871,11.427,20.666,25.663
2024-11-26T09:00:00-05:00,2024-11-26T10:00:00-05:00,2024-11-26T14:00:00+00:00,2024-11-26T15:00:00+00:00,MOD-00811,60,63.608,6.26,6.902,7.329,18.621,964.676,8.6,13.909,25.613
2024-11-26T10:00:00-05:00,2024-11-26T11:00:00-05:00,2024-11-26T15:00:00+00:00,2024-11-26T16:00:00+00:00,MOD-00811,60,70.053,6.795,5.222,5.754,19.958,941.239,4.936,22.324,24.638
2024-11-26T11:00:00-05:00,2024-11-26T12:00:00-05:00,2024-11-26T16:00:00+00:00,2024-11-26T17:00:00+00:00,MOD-00811,60,78.18,6.99,5.645,6.381,19.76,989.462,3.698,22.761,23.211
2024-11-26T12:00:00-05:00,2024-11-26T13:00:00-05:00,2024-11-26T17:00:00+00:00,2024-11-26T18:00:00+00:00,MOD-00811,60,85.207,7.402,5.215,6.264,18.666,979.436,4.391,20.128,21.938
2024-11-26T13:00:00-05:00,2024-11-26T14:00:00-05:00,2024-11-26T18:00:00+00:00,2024-11-26T19:00:00+00:00,MOD-00811,60,87.053,8.008,5.057,6.124,14.861,1066.389,9.795,11.814,20.916
2024-11-26T14:00:00-05:00,2024-11-26T15:00:00-05:00,2024-11-26T19:00:00+00:00,2024-11-26T20:00:00+00:00,MOD-00811,60,87.775,8.168,3.265,4.256,12.936,1126.729,5.348,9.198,20.341
2024-11-26T15:00:00-05:00,2024-11-26T16:00:00-05:00,2024-11-26T20:00:00+00:00,2024-11-26T21:00:00+00:00,MOD-00811,60,85.097,7.637,3.087,3.504,5.372,972.495,2.733,13.502,21.235
2024-11-26T16:00:00-05:00,2024-11-26T17:00:00-05:00,2024-11-26T21:00:00+00:00,2024-11-26T22:00:00+00:00,MOD-00811,60,84.625,6.523,2.597,2.879,3.782,898.4,2.707,20.528,21.333
2024-11-26T17:00:00-05:00,2024-11-26T18:00:00-05:00,2024-11-26T22:00:00+00:00,2024-11-26T23:00:00+00:00,MOD-00811,60,87.388,5.76,2.034,2.225,3.033,939.094,3.56,16.058,20.925
2024-11-26T18:00:00-05:00,2024-11-26T19:00:00-05:00,2024-11-26T23:00:00+00:00,2024-11-27T00:00:00+00:00,MOD-00811,60,84.297,6.46,1.6,1.746,2.643,870.062,2.576,14.388,24.549
2024-11-26T19:00:00-05:00,2024-11-26T20:00:00-05:00,2024-11-27T00:00:00+00:00,2024-11-27T01:00:00+00:00,MOD-00811,60,81.64,6.67,1.526,1.667,2.67,851.055,2.087,15.287,25.514
2024-11-26T20:00:00-05:00,2024-11-26T21:00:00-05:00,2024-11-27T01:00:00+00:00,2024-11-27T02:00:00+00:00,MOD-00811,60,78.713,6.547,1.935,2.052,3.208,841.0,1.917,16.285,27.082
2024-11-26T21:00:00-05:00,2024-11-26T22:00:00-05:00,2024-11-27T02:00:00+00:00,2024-11-27T03:00:00+00:00,MOD-00811,60,77.685,6.12,1.669,1.765,2.401,814.47,1.85,16.271,28.126
2024-11-26T22:00:00-05:00,2024-11-26T23:00:00-05:00,2024-11-27T03:00:00+00:00,2024-11-27T04:00:00+00:00,MOD-00811,60,73.607,6.187,2.12,2.235,3.53,772.296,1.632,13.893,31.852
2024-11-26T23:00:00-05:00,2024-11-27T00:00:00-05:00,2024-11-27T04:00:00+00:00,2024-11-27T05:00:00+00:00,MOD-00811,60,71.912,6.292,2.248,2.345,2.768,754.949,1.678,14.166,32.621
2024-11-27T00:00:00-05:00,2024-11-27T01:00:00-05:00,2024-11-27T05:00:00+00:00,2024-11-27T06:00:00+00:00,MOD-00811,60,73.713,5.917,2.162,2.256,3.313,749.214,1.598,15.637,31.351
2024-11-27T01:00:00-05:00,2024-11-27T02:00:00-05:00,2024-11-27T06:00:00+00:00,2024-11-27T07:00:00+00:00,MOD-00811,60,77.71,5.017,1.728,1.848,2.841,749.68,1.738,17.157,29.495
2024-11-27T02:00:00-05:00,2024-11-27T03:00:00-05:00,2024-11-27T07:00:00+00:00,2024-11-27T08:00:00+00:00,MOD-00811,60,80.36,4.047,1.444,1.554,2.313,770.581,2.321,18.972,28.075
2024-11-27T03:00:00-05:00,2024-11-27T04:00:00-05:00,2024-11-27T08:00:00+00:00,2024-11-27T09:00:00+00:00,MOD-00811,60,80.81,3.363,1.48,1.591,2.189,837.272,3.312,19.291,28.08
2024-11-27T04:00:00-05:00,2024-11-27T05:00:00-05:00,2024-11-27T09:00:00+00:00,2024-11-27T10:00:00+00:00,MOD-00811,60,81.922,2.992,1.902,2.026,2.6,811.409,3.689,15.099,26.38
2024-11-27T05:00:00-05:00,2024-11-27T06:00:00-05:00,2024-11-27T10:00:00+00:00,2024-11-27T11:00:00+00:00,MOD-00811,60,83.412,2.378,2.575,2.76,3.973,918.987,6.143,13.991,24.107
2024-11-27T06:00:00-05:00,2024-11-27T07:00:00-05:00,2024-11-27T11:00:00+00:00,2024-11-27T12:00:00+00:00,MOD-00811,60,83.888,2.078,3.289,3.472,5.301,1045.363,5.155,16.479,24.328
2024-11-27T07:00:00-05:00,2024-11-27T08:00:00-05:00,2024-11-27T12:00:00+00:00,2024-11-27T13:00:00+00:00,MOD-00811,60,77.093,3.433,2.458,2.86,5.664,988.536,3.473,21.326,27.003
2024-11-27T08:00:00-05:00,2024-11-27T09:00:00-05:00,2024-11-27T13:00:00+00:00,2024-11-27T14:00:00+00:00,MOD-00811,60,63.937,6.593,2.461,2.704,5.63,1007.01,2.51,16.445,32.486
2024-11-27T09:00:00-05:00,2024-11-27T10:00:00-05:00,2024-11-27T14:00:00+00:00,2024-11-27T15:00:00+00:00,MOD-00811,60,49.217,10.053,2.088,2.652,6.733,806.715,1.769,10.635,38.662
2024-11-27T10:00:00-05:00,2024-11-27T11:00:00-05:00,2024-11-27T15:00:00+00:00,2024-11-27T16:00:00+00:00,MOD-00811,60,41.632,12.2,1.977,2.338,5.758,743.435,2.956,9.479,40.728
2024-11-27T11:00:00-05:00,2024-11-27T12:00:00-05:00,2024-11-27T16:00:00+00:00,2024-11-27T17:00:00+00:00,MOD-00811,60,38.785,12.635,3.178,3.452,6.036,697.91,3.227,10.571,41.69
2024-11-27T12:00:00-05:00,2024-11-27T13:00:00-05:00,2024-11-27T17:00:00+00:00,2024-11-27T18:00:00+00:00,MOD-00811,60,38.25,12.845,3.208,3.453,5.739,707.589,2.98,13.41,42.148
2024-11-27T13:00:00-05:00,2024-11-27T14:00:00-05:00,2024-11-27T18:00:00+00:00,2024-11-27T19:00:00+00:00,MOD-00811,60,37.615,13.165,3.333,3.561,5.673,726.386,2.831,12.672,42.044
2024-11-27T14:00:00-05:00,2024-11-27T15:00:00-05:00,2024-11-27T19:00:00+00:00,2024-11-27T20:00:00+00:00,MOD-00811,60,37.668,13.052,3.137,3.369,5.567,739.109,2.852,11.92,42.14
2024-11-27T15:00:00-05:00,2024-11-27T16:00:00-05:00,2024-11-27T20:00:00+00:00,2024-11-27T21:00:00+00:00,MOD-00811,60,39.987,12.13,2.592,2.834,5.413,772.709,2.703,18.212,40.486
2024-11-27T16:00:00-05:00,2024-11-27T17:00:00-05:00,2024-11-27T21:00:00+00:00,2024-11-27T22:00:00+00:00,MOD-00811,60,47.018,9.563,3.478,3.825,9.165,900.433,1.782,17.346,36.736
2024-11-27T17:00:00-05:00,2024-11-27T18:00:00-05:00,2024-11-27T22:00:00+00:00,2024-11-27T23:00:00+00:00,MOD-00811,60,52.632,8.05,5.755,6.183,12.423,1078.926,1.926,25.37,30.77
2024-11-27T18:00:00-05:00,2024-11-27T19:00:00-05:00,2024-11-27T23:00:00+00:00,2024-11-28T00:00:00+00:00,MOD-00811,60,57.845,6.928,7.467,7.92,13.7,1273.109,3.155,26.669,27.978
2024-11-27T19:00:00-05:00,2024-11-27T20:00:00-05:00,2024-11-28T00:00:00+00:00,2024-11-28T01:00:00+00:00,MOD-00811,60,65.677,5.387,8.968,9.478,15.591,1500.325,6.77,26.269,26.743
2024-11-27T20:00:00-05:00,2024-11-27T21:00:00-05:00,2024-11-28T01:00:00+00:00,2024-11-28T02:00:00+00:00,MOD-00811,60,70.398,4.448,10.992,11.472,18.977,1623.764,14.15,25.64,25.931
2024-11-27T21:00:00-05:00,2024-11-27T22:00:00-05:00,2024-11-28T02:00:00+00:00,2024-11-28T03:00:00+00:00,MOD-00811,60,74.63,4.01,10.7,11.25,19.748,1899.089,39.0,25.616,25.495
2024-11-27T22:00:00-05:00,2024-11-27T23:00:00-05:00,2024-11-28T03:00:00+00:00,2024-11-28T04:00:00+00:00,MOD-00811,60,75.853,4.022,12.056,12.719,23.78,1897.439,43.897,24.429,24.751
2024-11-27T23:00:00-05:00,2024-11-28T00:00:00-05:00,2024-11-28T04:00:00+00:00,2024-11-28T05:00:00+00:00,MOD-00811,60,74.05,4.533,13.081,13.621,20.949,1877.173,40.261,23.985,24.441
2024-11-28T00:00:00-05:00,2024-11-28T01:00:00-05:00,2024-11-28T05:00:00+00:00,2024-11-28T06:00:00+00:00,MOD-00811,60,71.458,4.8,11.943,12.323,17.447,1294.97,4.988,22.676,24.186
2024-11-28T01:00:00-05:00,2024-11-28T02:00:00-05:00,2024-11-28T06:00:00+00:00,2024-11-28T07:00:00+00:00,MOD-00811,60,71.577,5.037,12.092,12.541,19.742,1351.963,7.221,23.032,24.169
2024-11-28T02:00:00-05:00,2024-11-28T03:00:00-05:00,2024-11-28T07:00:00+00:00,2024-11-28T08:00:00+00:00,MOD-00811,60,73.847,5.345,14.293,14.749,20.526,1372.153,7.315,20.21,21.777
2024-11-28T03:00:00-05:00,2024-11-28T04:00:00-05:00,2024-11-28T08:00:00+00:00,2024-11-28T09:00:00+00:00,MOD-00811,60,74.548,5.483,15.501,15.919,21.337,1337.376,9.435,19.131,20.458
2024-11-28T04:00:00-05:00,2024-11-28T05:00:00-05:00,2024-11-28T09:00:00+00:00,2024-11-28T10:00:00+00:00,MOD-00811,60,75.817,5.47,14.299,14.675,20.191,1271.122,9.125,22.5,22.822
2024-11-28T05:00:00-05:00,2024-11-28T06:00:00-05:00,2024-11-28T10:00:00+00:00,2024-11-28T11:00:00+00:00,MOD-00811,60,73.753,5.353,11.688,11.943,14.795,988.164,1.614,20.503,23.558
2024-11-28T06:00:00-05:00,2024-11-28T07:00:00-05:00,2024-11-28T11:00:00+00:00,2024-11-28T12:00:00+00:00,MOD-00811,60,72.268,5.395,9.373,9.603,12.285,869.689,1.696,19.565,24.859
2024-11-28T07:00:00-05:00,2024-11-28T08:00:00-05:00,2024-11-28T12:00:00+00:00,2024-11-28T13:00:00+00:00,MOD-00811,60,72.825,5.745,8.41,8.784,18.009,877.04,1.645,19.401,24.88
2024-11-28T08:00:00-05:00,2024-11-28T09:00:00-05:00,2024-11-28T13:00:00+00:00,2024-11-28T14:00:00+00:00,MOD-00811,60,74.308,6.742,7.328,7.667,12.271,846.596,1.685,20.402,27.15
2024-11-28T09:00:00-05:00,2024-11-28T10:00:00-05:00,2024-11-28T14:00:00+00:00,2024-11-28T15:00:00+00:00,MOD-00811,60,77.788,8.477,3.56,4.825,17.526,739.156,1.91,12.176,35.329
2024-11-28T10:00:00-05:00,2024-11-28T11:00:00-05:00,2024-11-28T15:00:00+00:00,2024-11-28T16:00:00+00:00,MOD-00811,60,83.117,8.53,3.652,5.56,18.773,702.664,2.234,7.86,34.859
2024-11-28T11:00:00-05:00,2024-11-28T12:00:00-05:00,2024-11-28T16:00:00+00:00,2024-11-28T17:00:00+00:00,MOD-00811,60,85.883,8.507,2.683,4.948,14.482,689.338,2.289,8.295,37.963
2024-11-28T12:00:00-05:00,2024-11-28T13:00:00-05:00,2024-11-28T17:00:00+00:00,2024-11-28T18:00:00+00:00,MOD-00811,60,87.428,8.748,1.627,3.363,11.079,681.995,2.509,7.322,38.952
2024-11-28T13:00:00-05:00,2024-11-28T14:00:00-05:00,2024-11-28T18:00:00+00:00,2024-11-28T19:00:00+00:00,MOD-00811,60,88.932,8.55,1.819,2.833,13.577,688.732,3.004,7.256,37.848
2024-11-28T14:00:00-05:00,2024-11-28T15:00:00-05:00,2024-11-28T19:00:00+00:00,2024-11-28T20:00:00+00:00,MOD-00811,60,90.108,8.478,1.511,2.113,9.507,699.47,3.356,6.592,38.91
2024-11-28T15:00:00-05:00,2024-11-28T16:00:00-05:00,2024-11-28T20:00:00+00:00,2024-11-28T21:00:00+00:00,MOD-00811,60,89.627,8.992,1.355,1.975,4.682,808.645,3.353,8.539,34.836
2024-11-28T16:00:00-05:00,2024-11-28T17:00:00-05:00,2024-11-28T21:00:00+00:00,2024-11-28T22:00:00+00:00,MOD-00811,60,88.315,8.977,1.084,1.459,4.361,783.466,2.773,6.415,36.231
2024-11-28T17:00:00-05:00,2024-11-28T18:00:00-05:00,2024-11-28T22:00:00+00:00,2024-11-28T23:00:00+00:00,MOD-00811,60,87.838,8.942,0.941,1.24,3.93,777.479,2.68,6.656,36.149
2024-11-28T18:00:00-05:00,2024-11-28T19:00:00-05:00,2024-11-28T23:00:00+00:00,2024-11-29T00:00:00+00:00,MOD-00811,60,85.415,8.453,1.148,1.343,1.877,735.241,2.35,8.406,37.526
2024-11-28T19:00:00-05:00,2024-11-28T20:00:00-05:00,2024-11-29T00:00:00+00:00,2024-11-29T01:00:00+00:00,MOD-00811,60,82.195,7.568,0.549,0.628,0.868,705.421,2.159,8.443,40.922
2024-11-28T20:00:00-05:00,2024-11-28T21:00:00-05:00,2024-11-29T01:00:00+00:00,2024-11-29T02:00:00+00:00,MOD-00811,60,79.168,6.692,0.449,0.527,1.389,694.63,1.891,5.53,41.852
2024-11-28T21:00:00-05:00,2024-11-28T22:00:00-05:00,2024-11-29T02:00:00+00:00,2024-11-29T03:00:00+00:00,MOD-00811,60,77.163,5.672,1.171,1.226,1.453,701.008,1.774,12.77,39.524
2024-11-28T22:00:00-05:00,2024-11-28T23:00:00-05:00,2024-11-29T03:00:00+00:00,2024-11-29T04:00:00+00:00,MOD-00811,60,77.547,5.35,1.039,1.082,1.216,707.094,1.761,12.791,37.062
2024-11-28T23:00:00-05:00,2024-11-29T00:00:00-05:00,2024-11-29T04:00:00+00:00,2024-11-29T05:00:00+00:00,MOD-00811,60,77.333,5.608,1.071,1.123,1.346,707.12,1.776,14.984,38.194
2024-11-29T00:00:00-05:00,2024-11-29T01:00:00-05:00,2024-11-29T05:00:00+00:00,2024-11-29T06:00:00+00:00,MOD-00811,60,75.388,5.662,2.259,2.315,2.61,705.255,1.622,15.308,37.996
2024-11-29T01:00:00-05:00,2024-11-29T02:00:00-05:00,2024-11-29T06:00:00+00:00,2024-11-29T07:00:00+00:00,MOD-00811,60,71.605,5.715,1.176,1.225,1.443,698.058,1.727,9.715,37.447
2024-11-29T02:00:00-05:00,2024-11-29T03:00:00-05:00,2024-11-29T07:00:00+00:00,2024-11-29T08:00:00+00:00,MOD-00811,60,71.885,5.21,0.503,0.545,0.644,697.663,1.767,7.017,36.524
2024-11-29T03:00:00-05:00,2024-11-29T04:00:00-05:00,2024-11-29T08:00:00+00:00,2024-11-29T09:00:00+00:00,MOD-00811,60,71.1,4.647,0.512,0.565,0.798,700.807,1.722,12.896,36.654
2024-11-29T04:00:00-05:00,2024-11-29T05:00:00-05:00,2024-11-29T09:00:00+00:00,2024-11-29T10:00:00+00:00,MOD-00811,60,70.523,4.203,0.788,0.862,1.191,705.767,1.634,15.82,37.428
2024-11-29T05:00:00-05:00,2024-11-29T06:00:00-05:00,2024-11-29T10:00:00+00:00,2024-11-29T11:00:00+00:00,MOD-00811,60,70.845,3.877,1.041,1.11,1.696,713.266,1.647,15.182,37.425
2024-11-29T06:00:00-05:00,2024-11-29T07:00:00-05:00,2024-11-29T11:00:00+00:00,2024-11-29T12:00:00+00:00,MOD-00811,60,73.077,3.573,1.16,1.307,2.671,734.048,1.669,10.218,35.381
2024-11-29T07:00:00-05:00,2024-11-29T08:00:00-05:00,2024-11-29T12:00:00+00:00,2024-11-29T13:00:00+00:00,MOD-00811,60,73.847,3.458,1.219,1.327,2.75,743.284,1.577,13.678,35.979
2024-11-29T08:00:00-05:00,2024-11-29T09:00:00-05:00,2024-11-29T13:00:00+00:00,2024-11-29T14:00:00+00:00,MOD-00811,60,67.265,5.343,1.766,1.89,2.919,747.359,1.922,13.604,38.382
2024-11-29T09:00:00-05:00,2024-11-29T10:00:00-05:00,2024-11-29T14:00:00+00:00,2024-11-29T15:00:00+00:00,MOD-00811,60,54.162,7.788,2.167,2.306,3.381,721.899,2.113,11.116,42.141
2024-11-29T10:00:00-05:00,2024-11-29T11:00:00-05:00,2024-11-29T15:00:00+00:00,2024-11-29T16:00:00+00:00,MOD-00811,60,48.115,8.147,1.934,2.066,3.717,721.36,1.867,10.131,43.687
2024-11-29T11:00:00-05:00,2024-11-29T12:00:00-05:00,2024-11-29T16:00:00+00:00,2024-11-29T17:00:00+00:00,MOD-00811,60,41.608,8.377,1.914,2.019,3.349,716.465,2.049,10.144,45.625
2024-11-29T12:00:00-05:00,2024-11-29T13:00:00-05:00,2024-11-29T17:00:00+00:00,2024-11-29T18:00:00+00:00,MOD-00811,60,36.105,9.888,1.55,1.63,2.157,713.515,2.55,8.553,46.938
2024-11-29T13:00:00-05:00,2024-11-29T14:00:00-05:00,2024-11-29T18:00:00+00:00,2024-11-29T19:00:00+00:00,MOD-00811,60,34.563,10.11,1.451,1.525,2.707,699.236,2.592,8.47,47.037
2024-11-29T14:00:00-05:00,2024-11-29T15:00:00-05:00,2024-11-29T19:00:00+00:00,2024-11-29T20:00:00+00:00,MOD-00811,60,35.12,10.403,1.564,1.643,2.569,714.326,2.678,10.21,46.812
2024-11-29T15:00:00-05:00,2024-11-29T16:00:00-05:00,2024-11-29T20:00:00+00:00,2024-11-29T21:00:00+00:00,MOD-00811,60,37.928,9.46,1.789,1.872,2.692,720.488,2.351,11.066,46.335
2024-11-29T16:00:00-05:00,2024-11-29T17:00:00-05:00,2024-11-29T21:00:00+00:00,2024-11-29T22:00:00+00:00,MOD-00811,60,43.583,7.217,2.031,2.131,3.624,797.76,2.075,18.469,43.506
2024-11-29T17:00:00-05:00,2024-11-29T18:00:00-05:00,2024-11-29T22:00:00+00:00,2024-11-29T23:00:00+00:00,MOD-00811,60,47.258,6.57,2.793,2.923,5.016,848.454,1.997,20.554,40.586
2024-11-29T18:00:00-05:00,2024-11-29T19:00:00-05:00,2024-11-29T23:00:00+00:00,2024-11-30T00:00:00+00:00,MOD-00811,60,50.852,5.873,4.494,4.633,6.53,884.614,1.954,20.838,39.39
2024-11-29T19:00:00-05:00,2024-11-29T20:00:00-05:00,2024-11-30T00:00:00+00:00,2024-11-30T01:00:00+00:00,MOD-00811,60,54.238,5.447,6.851,7.047,8.758,926.329,2.201,22.531,35.479
2024-11-29T20:00:00-05:00,2024-11-29T21:00:00-05:00,2024-11-30T01:00:00+00:00,2024-11-30T02:00:00+00:00,MOD-00811,60,59.06,4.512,7.067,7.262,9.336,952.643,2.902,22.861,33.225
2024-11-29T21:00:00-05:00,2024-11-29T22:00:00-05:00,2024-11-30T02:00:00+00:00,2024-11-30T03:00:00+00:00,MOD-00811,60,63.698,3.593,6.978,7.131,10.054,928.51,2.477,22.111,32.713
2024-11-29T22:00:00-05:00,2024-11-29T23:00:00-05:00,2024-11-30T03:00:00+00:00,2024-11-30T04:00:00+00:00,MOD-00811,60,67.19,2.95,5.879,6.015,7.555,891.982,1.676,21.16,33.373
2024-11-29T23:00:00-05:00,2024-11-30T00:00:00-05:00,2024-11-30T04:00:00+00:00,2024-11-30T05:00:00+00:00,MOD-00811,60,65.98,3.428,4.763,4.889,6.125,788.555,1.808,17.826,37.475
2024-11-30T00:00:00-05:00,2024-11-30T01:00:00-05:00,2024-11-30T05:00:00+00:00,2024-11-30T06:00:00+00:00,MOD-00811,60,69.358,2.652,3.284,3.395,4.453,802.456,1.602,18.935,35.958
2024-11-30T01:00:00-05:00,2024-11-30T02:00:00-05:00,2024-11-30T06:00:00+00:00,2024-11-30T07:00:00+00:00,MOD-00811,60,75.06,1.738,1.89,2.016,3.294,833.731,1.522,19.538,34.392
2024-11-30T02:00:00-05:00,2024-11-30T03:00:00-05:00,2024-11-30T07:00:00+00:00,2024-11-30T08:00:00+00:00,MOD-00811,60,73.053,1.46,1.662,1.76,2.328,816.697,1.579,18.089,35.953
2024-11-30T03:00:00-05:00,2024-11-30T04:00:00-05:00,2024-11-30T08:00:00+00:00,2024-11-30T09:00:00+00:00,MOD-00811,60,67.193,1.665,2.338,2.429,3.262,784.004,1.826,11.092,36.852
2024-11-30T04:00:00-05:00,2024-11-30T05:00:00-05:00,2024-11-30T09:00:00+00:00,2024-11-30T10:00:00+00:00,MOD-00811,60,60.53,1.473,2.451,2.56,2.757,771.206,2.578,15.078,35.714
2024-11-30T05:00:00-05:00,2024-11-30T06:00:00-05:00,2024-11-30T10:00:00+00:00,2024-11-30T11:00:00+00:00,MOD-00811,60,59.683,1.025,1.611,1.706,2.598,765.76,2.509,16.6,36.21
2024-11-30T06:00:00-05:00,2024-11-30T07:00:00-05:00,2024-11-30T11:00:00+00:00,2024-11-30T12:00:00+00:00,MOD-00811,60,59.443,0.587,1.913,2.034,3.485,770.897,2.467,16.826,36.009
2024-11-30T07:00:00-05:00,2024-11-30T08:00:00-05:00,2024-11-30T12:00:00+00:00,2024-11-30T13:00:00+00:00,MOD-00811,60,60.865,0.843,2.479,2.679,6.609,784.881,2.683,17.027,36.384
2024-11-30T08:00:00-05:00,2024-11-30T09:00:00-05:00,2024-11-30T13:00:00+00:00,2024-11-30T14:00:00+00:00,MOD-00811,60,52.702,2.398,2.679,2.828,3.715,785.898,2.247,12.462,39.025
2024-11-30T09:00:00-05:00,2024-11-30T10:00:00-05:00,2024-11-30T14:00:00+00:00,2024-11-30T15:00:00+00:00,MOD-00811,60,43.217,4.275,2.584,2.68,3.14,765.651,1.958,10.627,41.539
2024-11-30T10:00:00-05:00,2024-11-30T11:00:00-05:00,2024-11-30T15:00:00+00:00,2024-11-30T16:00:00+00:00,MOD-00811,60,39.115,5.592,2.208,2.302,4.028,756.281,2.188,9.981,42.3
2024-11-30T11:00:00-05:00,2024-11-30T12:00:00-05:00,2024-11-30T16:00:00+00:00,2024-11-30T17:00:00+00:00,MOD-00811,60,35.203,7.083,1.748,1.848,3.789,751.836,2.484,10.018,43.639
2024-11-30T12:00:00-05:00,2024-11-30T13:00:00-05:00,2024-11-30T17:00:00+00:00,2024-11-30T18:00:00+00:00,MOD-00811,60,31.828,7.865,1.786,1.881,3.136,739.012,2.088,9.073,45.296
2024-11-30T13:00:00-05:00,2024-11-30T14:00:00-05:00,2024-11-30T18:00:00+00:00,2024-11-30T19:00:00+00:00,MOD-00811,60,29.823,7.838,2.0,2.075,2.516,714.6,2.172,8.503,46.441
2024-11-30T14:00:00-05:00,2024-11-30T15:00:00-05:00,2024-11-30T19:00:00+00:00,2024-11-30T20:00:00+00:00,MOD-00811,60,32.835,6.885,2.597,2.694,3.605,733.127,2.211,11.919,44.926
2024-11-30T15:00:00-05:00,2024-11-30T16:00:00-05:00,2024-11-30T20:00:00+00:00,2024-11-30T21:00:00+00:00,MOD-00811,60,36.585,5.29,3.019,3.145,3.553,750.896,2.044,13.843,43.812
2024-11-30T16:00:00-05:00,2024-11-30T17:00:00-05:00,2024-11-30T21:00:00+00:00,2024-11-30T22:00:00+00:00,MOD-00811,60,38.318,4.27,2.771,2.895,4.376,759.682,1.805,14.073,42.981
2024-11-30T17:00:00-05:00,2024-11-30T18:00:00-05:00,2024-11-30T22:00:00+00:00,2024-11-30T23:00:00+00:00,MOD-00811,60,40.727,3.888,2.934,3.106,4.02,759.551,2.149,11.202,42.966
2024-11-30T18:00:00-05:00,2024-11-30T19:00:00-05:00,2024-11-30T23:00:00+00:00,2024-12-01T00:00:00+00:00,MOD-00811,60,42.107,3.475,2.574,2.722,3.212,779.204,2.021,14.519,42.31
2024-11-30T19:00:00-05:00,2024-11-30T20:00:00-05:00,2024-12-01T00:00:00+00:00,2024-12-01T01:00:00+00:00,MOD-00811,60,43.962,3.002,2.183,2.349,3.348,808.882,1.806,16.32,41.271
2024-11-30T20:00:00-05:00,2024-11-30T21:00:00-05:00,2024-12-01T01:00:00+00:00,2024-12-01T02:00:00+00:00,MOD-00811,60,45.565,2.792,2.756,2.908,4.121,823.5,1.824,19.007,40.243
2024-11-30T21:00:00-05:00,2024-11-30T22:00:00-05:00,2024-12-01T02:00:00+00:00,2024-12-01T03:00:00+00:00,MOD-00811,60,48.14,2.027,3.532,3.68,5.383,797.549,2.201,14.679,41.14
2024-11-30T22:00:00-05:00,2024-11-30T23:00:00-05:00,2024-12-01T03:00:00+00:00,2024-12-01T04:00:00+00:00,MOD-00811,60,50.145,1.413,3.015,3.168,4.702,787.834,2.437,14.161,41.027
2024-11-30T23:00:00-05:00,2024-12-01T00:00:00-05:00,2024-12-01T04:00:00+00:00,2024-12-01T05:00:00+00:00,MOD-00811,60,52.218,0.992,3.08,3.223,4.538,772.435,2.555,15.659,40.973
2024-12-01T00:00:00-05:00,2024-12-01T01:00:00-05:00,2024-12-01T05:00:00+00:00,2024-12-01T06:00:00+00:00,MOD-00811,60,54.745,0.385,4.14,4.317,5.627,763.151,2.286,16.136,39.705
2024-12-01T01:00:00-05:00,2024-12-01T02:00:00-05:00,2024-12-01T06:00:00+00:00,2024-12-01T07:00:00+00:00,MOD-00811,60,56.303,-0.138,3.757,3.948,5.433,769.436,1.976,14.492,39.115
2024-12-01T02:00:00-05:00,2024-12-01T03:00:00-05:00,2024-12-01T07:00:00+00:00,2024-12-01T08:00:00+00:00,MOD-00811,60,57.518,-0.63,3.173,3.342,5.347,759.053,1.905,17.43,38.36
2024-12-01T03:00:00-05:00,2024-12-01T04:00:00-05:00,2024-12-01T08:00:00+00:00,2024-12-01T09:00:00+00:00,MOD-00811,60,56.878,-0.84,3.442,3.639,5.372,740.185,2.031,14.835,38.517
2024-12-01T04:00:00-05:00,2024-12-01T05:00:00-05:00,2024-12-01T09:00:00+00:00,2024-12-01T10:00:00+00:00,MOD-00811,60,58.73,-1.337,3.591,3.768,5.674,761.035,2.638,17.701,36.852
2024-12-01T05:00:00-05:00,2024-12-01T06:00:00-05:00,2024-12-01T10:00:00+00:00,2024-12-01T11:00:00+00:00,MOD-00811,60,60.13,-1.848,3.767,3.943,6.567,755.158,3.065,16.904,36.616
2024-12-01T06:00:00-05:00,2024-12-01T07:00:00-05:00,2024-12-01T11:00:00+00:00,2024-12-01T12:00:00+00:00,MOD-00811,60,64.142,-2.865,4.201,4.382,6.388,781.897,3.604,19.12,33.772
2024-12-01T07:00:00-05:00,2024-12-01T08:00:00-05:00,2024-12-01T12:00:00+00:00,2024-12-01T13:00:00+00:00,MOD-00811,60,64.765,-2.838,3.863,4.054,6.614,823.245,3.541,19.138,33.32
2024-12-01T08:00:00-05:00,2024-12-01T09:00:00-05:00,2024-12-01T13:00:00+00:00,2024-12-01T14:00:00+00:00,MOD-00811,60,54.672,-0.657,4.601,4.776,6.908,764.035,3.039,13.47,38.448
2024-12-01T09:00:00-05:00,2024-12-01T10:00:00-05:00,2024-12-01T14:00:00+00:00,2024-12-01T15:00:00+00:00,MOD-00811,60,45.353,1.827,4.351,4.551,6.64,755.025,2.116,10.224,40.601
2024-12-01T10:00:00-05:00,2024-12-01T11:00:00-05:00,2024-12-01T15:00:00+00:00,2024-12-01T16:00:00+00:00,MOD-00811,60,39.463,3.675,4.026,4.205,6.121,763.632,2.045,9.837,41.986
2024-12-01T11:00:00-05:00,2024-12-01T12:00:00-05:00,2024-12-01T16:00:00+00:00,2024-12-01T17:00:00+00:00,MOD-00811,60,35.627,4.563,4.273,4.424,5.447,745.175,2.27,12.054,43.335
2024-12-01T12:00:00-05:00,2024-12-01T13:00:00-05:00,2024-12-01T17:00:00+00:00,2024-12-01T18:00:00+00:00,MOD-00811,60,32.59,5.263,3.805,3.979,4.839,738.844,2.484,14.175,44.821
2024-12-01T13:00:00-05:00,2024-12-01T14:00:00-05:00,2024-12-01T18:00:00+00:00,2024-12-01T19:00:00+00:00,MOD-00811,60,29.453,5.528,3.998,4.153,5.482,720.483,2.241,9.412,46.234
2024-12-01T14:00:00-05:00,2024-12-01T15:00:00-05:00,2024-12-01T19:00:00+00:00,2024-12-01T20:00:00+00:00,MOD-00811,60,28.698,5.31,3.69,3.854,5.175,726.154,2.173,7.121,46.646
2024-12-01T15:00:00-05:00,2024-12-01T16:00:00-05:00,2024-12-01T20:00:00+00:00,2024-12-01T21:00:00+00:00,MOD-00811,60,31.327,4.29,4.842,5.045,7.126,765.346,2.177,12.403,45.508
2024-12-01T16:00:00-05:00,2024-12-01T17:00:00-05:00,2024-12-01T21:00:00+00:00,2024-12-01T22:00:00+00:00,MOD-00811,60,38.157,1.842,4.769,5.049,9.114,794.778,1.966,15.704,42.889
2024-12-01T17:00:00-05:00,2024-12-01T18:00:00-05:00,2024-12-01T22:00:00+00:00,2024-12-01T23:00:00+00:00,MOD-00811,60,42.328,0.71,5.891,6.182,9.049,820.205,1.631,18.492,40.568
2024-12-01T18:00:00-05:00,2024-12-01T19:00:00-05:00,2024-12-01T23:00:00+00:00,2024-12-02T00:00:00+00:00,MOD-00811,60,44.522,0.207,6.575,6.859,9.746,837.569,1.874,19.285,39.606
2024-12-01T19:00:00-05:00,2024-12-01T20:00:00-05:00,2024-12-02T00:00:00+00:00,2024-12-02T01:00:00+00:00,MOD-00811,60,47.19,-0.508,6.022,6.335,10.276,854.162,2.734,20.322,38.008
2024-12-01T20:00:00-05:00,2024-12-01T21:00:00-05:00,2024-12-02T01:00:00+00:00,2024-12-02T02:00:00+00:00,MOD-00811,60,49.013,-0.862,6.108,6.445,10.586,890.444,2.908,21.55,35.441
2024-12-01T21:00:00-05:00,2024-12-01T22:00:00-05:00,2024-12-02T02:00:00+00:00,2024-12-02T03:00:00+00:00,MOD-00811,60,50.758,-1.282,6.514,6.814,10.738,883.449,3.047,21.675,34.945
2024-12-01T22:00:00-05:00,2024-12-01T23:00:00-05:00,2024-12-02T03:00:00+00:00,2024-12-02T04:00:00+00:00,MOD-00811,60,53.457,-1.597,6.979,7.319,11.167,928.634,2.815,23.166,32.539
2024-12-01T23:00:00-05:00,2024-12-02T00:00:00-05:00,2024-12-02T04:00:00+00:00,2024-12-02T05:00:00+00:00,MOD-00811,60,56.998,-2.192,7.057,7.398,10.037,942.041,2.755,24.218,30.152
2024-12-02T00:00:00-05:00,2024-12-02T01:00:00-05:00,2024-12-02T05:00:00+00:00,2024-12-02T06:00:00+00:00,MOD-00811,60,58.218,-2.272,4.411,4.726,8.873,939.172,2.626,24.228,29.644
2024-12-02T01:00:00-05:00,2024-12-02T02:00:00-05:00,2024-12-02T06:00:00+00:00,2024-12-02T07:00:00+00:00,MOD-00811,60,58.78,-2.422,4.304,4.591,7.338,960.492,2.994,23.467,30.076
2024-12-02T02:00:00-05:00,2024-12-02T03:00:00-05:00,2024-12-02T07:00:00+00:00,2024-12-02T08:00:00+00:00,MOD-00811,60,58.902,-2.642,4.565,4.81,8.742,841.36,3.064,22.139,32.275
2024-12-02T03:00:00-05:00,2024-12-02T04:00:00-05:00,2024-12-02T08:00:00+00:00,2024-12-02T09:00:00+00:00,MOD-00811,60,58.385,-2.567,3.72,3.971,8.073,830.04,2.647,21.42,33.336
2024-12-02T04:00:00-05:00,2024-12-02T05:00:00-05:00,2024-12-02T09:00:00+00:00,2024-12-02T10:00:00+00:00,MOD-00811,60,64.133,-3.177,5.211,5.48,9.534,932.551,3.652,23.532,29.055
2024-12-02T05:00:00-05:00,2024-12-02T06:00:00-05:00,2024-12-02T10:00:00+00:00,2024-12-02T11:00:00+00:00,MOD-00811,60,64.892,-3.318,3.392,3.744,10.8,984.774,5.515,25.163,27.032
2024-12-02T06:00:00-05:00,2024-12-02T07:00:00-05:00,2024-12-02T11:00:00+00:00,2024-12-02T12:00:00+00:00,MOD-00811,60,65.117,-3.158,5.136,5.676,15.633,1058.207,8.993,25.355,27.041
2024-12-02T07:00:00-05:00,2024-12-02T08:00:00-05:00,2024-12-02T12:00:00+00:00,2024-12-02T13:00:00+00:00,MOD-00811,60,62.59,-2.648,3.357,3.748,11.429,1102.615,5.374,24.286,28.925
2024-12-02T08:00:00-05:00,2024-12-02T09:00:00-05:00,2024-12-02T13:00:00+00:00,2024-12-02T14:00:00+00:00,MOD-00811,60,53.727,0.042,3.906,4.301,12.696,1101.694,2.855,21.274,34.009
2024-12-02T09:00:00-05:00,2024-12-02T10:00:00-05:00,2024-12-02T14:00:00+00:00,2024-12-02T15:00:00+00:00,MOD-00811,60,44.307,3.207,3.662,3.915,7.966,924.807,2.372,12.983,40.348
2024-12-02T10:00:00-05:00,2024-12-02T11:00:00-05:00,2024-12-02T15:00:00+00:00,2024-12-02T16:00:00+00:00,MOD-00811,60,39.813,4.528,3.14,3.367,7.647,860.952,2.068,10.067,41.661
2024-12-02T11:00:00-05:00,2024-12-02T12:00:00-05:00,2024-12-02T16:00:00+00:00,2024-12-02T17:00:00+00:00,MOD-00811,60,35.24,6.197,3.78,4.104,10.575,826.831,5.644,13.338,41.888
2024-12-02T12:00:00-05:00,2024-12-02T13:00:00-05:00,2024-12-02T17:00:00+00:00,2024-12-02T18:00:00+00:00,MOD-00811,60,32.428,7.433,2.75,2.976,8.675,789.385,2.323,12.268,42.558
2024-12-02T13:00:00-05:00,2024-12-02T14:00:00-05:00,2024-12-02T18:00:00+00:00,2024-12-02T19:00:00+00:00,MOD-00811,60,30.885,7.735,2.652,2.844,7.674,764.952,2.268,10.271,42.629
2024-12-02T14:00:00-05:00,2024-12-02T15:00:00-05:00,2024-12-02T19:00:00+00:00,2024-12-02T20:00:00+00:00,MOD-00811,60,29.243,7.545,2.108,2.345,7.658,761.657,2.543,10.892,42.46
2024-12-02T15:00:00-05:00,2024-12-02T16:00:00-05:00,2024-12-02T20:00:00+00:00,2024-12-02T21:00:00+00:00,MOD-00811,60,32.8,6.148,2.275,2.483,5.59,827.027,2.344,13.054,41.573
2024-12-02T16:00:00-05:00,2024-12-02T17:00:00-05:00,2024-12-02T21:00:00+00:00,2024-12-02T22:00:00+00:00,MOD-00811,60,40.31,3.638,2.267,2.476,4.985,830.307,2.033,15.603,37.693
2024-12-02T17:00:00-05:00,2024-12-02T18:00:00-05:00,2024-12-02T22:00:00+00:00,2024-12-02T23:00:00+00:00,MOD-00811,60,43.928,2.415,1.955,2.272,6.242,926.663,1.817,22.942,33.465
2024-12-02T18:00:00-05:00,2024-12-02T19:00:00-05:00,2024-12-02T23:00:00+00:00,2024-12-03T00:00:00+00:00,MOD-00811,60,45.645,1.977,2.607,2.858,6.25,904.076,1.923,22.471,33.433
2024-12-02T19:00:00-05:00,2024-12-02T20:00:00-05:00,2024-12-03T00:00:00+00:00,2024-12-03T01:00:00+00:00,MOD-00811,60,47.675,1.518,3.576,3.786,5.234,853.727,2.318,19.672,36.349
2024-12-02T20:00:00-05:00,2024-12-02T21:00:00-05:00,2024-12-03T01:00:00+00:00,2024-12-03T02:00:00+00:00,MOD-00811,60,50.943,0.74,3.015,3.3,6.991,820.79,2.607,19.054,37.181
2024-12-02T21:00:00-05:00,2024-12-02T22:00:00-05:00,2024-12-03T02:00:00+00:00,2024-12-03T03:00:00+00:00,MOD-00811,60,53.445,0.167,3.629,3.862,5.621,827.467,2.547,19.411,36.049
2024-12-02T22:00:00-05:00,2024-12-02T23:00:00-05:00,2024-12-03T03:00:00+00:00,2024-12-03T04:00:00+00:00,MOD-00811,60,56.067,-0.445,2.732,2.955,4.85,860.263,2.101,20.587,33.53
2024-12-02T23:00:00-05:00,2024-12-03T00:00:00-05:00,2024-12-03T04:00:00+00:00,2024-12-03T05:00:00+00:00,MOD-00811,60,58.01,-0.992,2.512,2.729,5.698,862.61,2.315,21.136,32.337
2024-12-03T00:00:00-05:00,2024-12-03T01:00:00-05:00,2024-12-03T05:00:00+00:00,2024-12-03T06:00:00+00:00,MOD-00811,60,59.427,-1.407,2.362,2.522,4.54,882.05,2.865,21.482,31.261
2024-12-03T01:00:00-05:00,2024-12-03T02:00:00-05:00,2024-12-03T06:00:00+00:00,2024-12-03T07:00:00+00:00,MOD-00811,60,59.33,-1.548,2.712,2.853,4.305,840.094,2.817,19.869,33.266
2024-12-03T02:00:00-05:00,2024-12-03T03:00:00-05:00,2024-12-03T07:00:00+00:00,2024-12-03T08:00:00+00:00,MOD-00811,60,65.933,-2.895,4.056,4.248,7.882,867.223,2.908,21.689,28.877
2024-12-03T03:00:00-05:00,2024-12-03T04:00:00-05:00,2024-12-03T08:00:00+00:00,2024-12-03T09:00:00+00:00,MOD-00811,60,71.893,-3.88,3.261,3.469,6.722,920.76,2.047,23.333,26.191
2024-12-03T04:00:00-05:00,2024-12-03T05:00:00-05:00,2024-12-03T09:00:00+00:00,2024-12-03T10:00:00+00:00,MOD-00811,60,70.105,-3.183,2.154,2.382,4.979,866.966,2.055,20.755,29.201
2024-12-03T05:00:00-05:00,2024-12-03T06:00:00-05:00,2024-12-03T10:00:00+00:00,2024-12-03T11:00:00+00:00,MOD-00811,60,71.502,-3.14,2.644,2.871,5.546,897.261,2.78,20.353,29.273
2024-12-03T06:00:00-05:00,2024-12-03T07:00:00-05:00,2024-12-03T11:00:00+00:00,2024-12-03T12:00:00+00:00,MOD-00811,60,72.553,-3.097,2.646,2.898,7.646,997.457,2.066,20.686,27.249
2024-12-03T07:00:00-05:00,2024-12-03T08:00:00-05:00,2024-12-03T12:00:00+00:00,2024-12-03T13:00:00+00:00,MOD-00811,60,69.963,-2.198,4.6,4.841,9.474,1024.247,2.258,20.62,28.038
2024-12-03T08:00:00-05:00,2024-12-03T09:00:00-05:00,2024-12-03T13:00:00+00:00,2024-12-03T14:00:00+00:00,MOD-00811,60,62.88,-0.717,4.886,5.138,9.421,989.853,3.309,19.793,30.981
2024-12-03T09:00:00-05:00,2024-12-03T10:00:00-05:00,2024-12-03T14:00:00+00:00,2024-12-03T15:00:00+00:00,MOD-00811,60,50.822,1.917,3.084,3.308,6.717,925.855,2.241,15.979,36.726
2024-12-03T10:00:00-05:00,2024-12-03T11:00:00-05:00,2024-12-03T15:00:00+00:00,2024-12-03T16:00:00+00:00,MOD-00811,60,40.178,4.08,3.594,4.041,16.092,815.135,2.092,10.733,41.877
2024-12-03T11:00:00-05:00,2024-12-03T12:00:00-05:00,2024-12-03T16:00:00+00:00,2024-12-03T17:00:00+00:00,MOD-00811,60,38.538,4.805,8.356,8.692,18.36,766.897,2.079,10.126,42.674
2024-12-03T12:00:00-05:00,2024-12-03T13:00:00-05:00,2024-12-03T17:00:00+00:00,2024-12-03T18:00:00+00:00,MOD-00811,60,38.345,5.09,2.94,3.198,8.75,762.443,2.268,9.039,42.341
2024-12-03T13:00:00-05:00,2024-12-03T14:00:00-05:00,2024-12-03T18:00:00+00:00,2024-12-03T19:00:00+00:00,MOD-00811,60,37.585,5.162,2.654,2.853,7.729,736.042,2.057,11.435,42.588
2024-12-03T14:00:00-05:00,2024-12-03T15:00:00-05:00,2024-12-03T19:00:00+00:00,2024-12-03T20:00:00+00:00,MOD-00811,60,37.415,5.133,2.4,2.559,5.213,746.744,2.01,13.348,43.081
2024-12-03T15:00:00-05:00,2024-12-03T16:00:00-05:00,2024-12-03T20:00:00+00:00,2024-12-03T21:00:00+00:00,MOD-00811,60,39.583,4.39,1.932,2.106,5.475,786.356,1.959,11.173,42.456
2024-12-03T16:00:00-05:00,2024-12-03T17:00:00-05:00,2024-12-03T21:00:00+00:00,2024-12-03T22:00:00+00:00,MOD-00811,60,46.133,2.118,1.825,2.015,6.028,907.42,2.204,18.216,38.536
2024-12-03T17:00:00-05:00,2024-12-03T18:00:00-05:00,2024-12-03T22:00:00+00:00,2024-12-03T23:00:00+00:00,MOD-00811,60,51.158,0.875,2.771,3.17,12.098,1155.341,3.036,25.515,30.074
2024-12-03T18:00:00-05:00,2024-12-03T19:00:00-05:00,2024-12-03T23:00:00+00:00,2024-12-04T00:00:00+00:00,MOD-00811,60,50.447,1.425,4.247,4.591,13.938,1087.769,3.182,26.382,29.417
2024-12-03T19:00:00-05:00,2024-12-03T20:00:00-05:00,2024-12-04T00:00:00+00:00,2024-12-04T01:00:00+00:00,MOD-00811,60,48.832,1.873,4.247,4.542,11.002,1017.855,2.642,25.875,30.297
2024-12-03T20:00:00-05:00,2024-12-03T21:00:00-05:00,2024-12-04T01:00:00+00:00,2024-12-04T02:00:00+00:00,MOD-00811,60,60.413,1.883,2.247,2.44,6.546,851.582,2.121,21.269,37.349
2024-12-03T21:00:00-05:00,2024-12-03T22:00:00-05:00,2024-12-04T02:00:00+00:00,2024-12-04T03:00:00+00:00,MOD-00811,60,75.797,0.897,1.579,1.74,3.573,788.443,1.505,19.309,39.279
2024-12-03T22:00:00-05:00,2024-12-03T23:00:00-05:00,2024-12-04T03:00:00+00:00,2024-12-04T04:00:00+00:00,MOD-00811,60,75.388,0.103,2.38,2.568,5.954,811.953,1.624,19.99,36.296
2024-12-03T23:00:00-05:00,2024-12-04T00:00:00-05:00,2024-12-04T04:00:00+00:00,2024-12-04T05:00:00+00:00,MOD-00811,60,74.003,0.247,1.954,2.111,5.18,802.048,1.562,18.519,37.794
2024-12-04T00:00:00-05:00,2024-12-04T01:00:00-05:00,2024-12-04T05:00:00+00:00,2024-12-04T06:00:00+00:00,MOD-00811,60,70.802,0.5,2.65,2.764,4.413,787.99,1.741,17.313,38.285
2024-12-04T01:00:00-05:00,2024-12-04T02:00:00-05:00,2024-12-04T06:00:00+00:00,2024-12-04T07:00:00+00:00,MOD-00811,60,65.085,0.387,2.42,2.557,3.248,773.414,2.506,9.197,41.172
2024-12-04T02:00:00-05:00,2024-12-04T03:00:00-05:00,2024-12-04T07:00:00+00:00,2024-12-04T08:00:00+00:00,MOD-00811,60,63.655,-0.27,1.969,2.105,3.651,750.869,3.193,9.12,43.158
2024-12-04T03:00:00-05:00,2024-12-04T04:00:00-05:00,2024-12-04T08:00:00+00:00,2024-12-04T09:00:00+00:00,MOD-00811,60,64.657,-1.038,1.418,1.626,4.65,747.241,3.31,9.613,42.59
2024-12-04T04:00:00-05:00,2024-12-04T05:00:00-05:00,2024-12-04T09:00:00+00:00,2024-12-04T10:00:00+00:00,MOD-00811,60,65.442,-1.677,1.927,2.206,6.533,756.237,3.172,10.158,41.547
2024-12-04T05:00:00-05:00,2024-12-04T06:00:00-05:00,2024-12-04T10:00:00+00:00,2024-12-04T11:00:00+00:00,MOD-00811,60,65.617,-2.192,1.33,1.629,8.533,785.859,3.176,14.084,39.962
2024-12-04T06:00:00-05:00,2024-12-04T07:00:00-05:00,2024-12-04T11:00:00+00:00,2024-12-04T12:00:00+00:00,MOD-00811,60,65.9,-2.588,1.469,1.755,9.083,820.752,3.603,18.737,38.19
2024-12-04T07:00:00-05:00,2024-12-04T08:00:00-05:00,2024-12-04T12:00:00+00:00,2024-12-04T13:00:00+00:00,MOD-00811,60,65.328,-2.61,1.478,1.965,18.166,920.368,3.447,20.639,35.797
2024-12-04T08:00:00-05:00,2024-12-04T09:00:00-05:00,2024-12-04T13:00:00+00:00,2024-12-04T14:00:00+00:00,MOD-00811,60,58.46,-0.763,3.265,4.186,35.001,925.365,3.083,19.309,38.534
2024-12-04T09:00:00-05:00,2024-12-04T10:00:00-05:00,2024-12-04T14:00:00+00:00,2024-12-04T15:00:00+00:00,MOD-00811,60,43.695,3.057,3.056,5.02,95.466,896.994,3.699,13.356,42.204
2024-12-04T10:00:00-05:00,2024-12-04T11:00:00-05:00,2024-12-04T15:00:00+00:00,2024-12-04T16:00:00+00:00,MOD-00811,60,30.205,6.403,2.637,4.881,104.871,873.124,3.072,11.639,44.498
2024-12-04T11:00:00-05:00,2024-12-04T12:00:00-05:00,2024-12-04T16:00:00+00:00,2024-12-04T17:00:00+00:00,MOD-00811,60,25.518,7.443,1.864,3.301,65.499,766.409,2.643,6.29,47.559
2024-12-04T12:00:00-05:00,2024-12-04T13:00:00-05:00,2024-12-04T17:00:00+00:00,2024-12-04T18:00:00+00:00,MOD-00811,60,23.63,8.17,1.381,2.607,48.861,762.062,2.551,5.732,49.16
2024-12-04T13:00:00-05:00,2024-12-04T14:00:00-05:00,2024-12-04T18:00:00+00:00,2024-12-04T19:00:00+00:00,MOD-00811,60,28.668,7.312,1.128,1.546,17.0,706.477,2.364,11.06,49.266
2024-12-04T14:00:00-05:00,2024-12-04T15:00:00-05:00,2024-12-04T19:00:00+00:00,2024-12-04T20:00:00+00:00,MOD-00811,60,33.262,5.533,1.424,1.868,14.974,749.373,2.345,17.289,48.361
2024-12-04T15:00:00-05:00,2024-12-04T16:00:00-05:00,2024-12-04T20:00:00+00:00,2024-12-04T21:00:00+00:00,MOD-00811,60,44.882,4.745,1.384,1.733,13.074,783.927,1.927,17.467,48.554
2024-12-04T16:00:00-05:00,2024-12-04T17:00:00-05:00,2024-12-04T21:00:00+00:00,2024-12-04T22:00:00+00:00,MOD-00811,60,49.24,4.175,1.651,2.086,15.76,792.909,2.187,20.535,46.208
2024-12-04T17:00:00-05:00,2024-12-04T18:00:00-05:00,2024-12-04T22:00:00+00:00,2024-12-04T23:00:00+00:00,MOD-00811,60,56.618,4.217,2.716,3.152,14.712,809.505,2.396,20.846,44.598
2024-12-04T18:00:00-05:00,2024-12-04T19:00:00-05:00,2024-12-04T23:00:00+00:00,2024-12-05T00:00:00+00:00,MOD-00811,60,56.052,5.007,2.61,3.195,14.286,777.263,2.367,18.689,45.516
2024-12-04T19:00:00-05:00,2024-12-04T20:00:00-05:00,2024-12-05T00:00:00+00:00,2024-12-05T01:00:00+00:00,MOD-00811,60,55.78,6.588,2.426,3.574,21.515,747.889,2.302,14.181,46.279
2024-12-04T20:00:00-05:00,2024-12-04T21:00:00-05:00,2024-12-05T01:00:00+00:00,2024-12-05T02:00:00+00:00,MOD-00811,60,59.363,6.773,1.714,3.295,19.262,708.208,2.56,13.756,46.392
2024-12-04T21:00:00-05:00,2024-12-04T22:00:00-05:00,2024-12-05T02:00:00+00:00,2024-12-05T03:00:00+00:00,MOD-00811,60,64.455,6.65,1.642,3.782,23.102,707.559,2.343,15.725,45.588
2024-12-04T22:00:00-05:00,2024-12-04T23:00:00-05:00,2024-12-05T03:00:00+00:00,2024-12-05T04:00:00+00:00,MOD-00811,60,79.05,6.092,1.708,5.148,42.021,711.459,1.963,17.008,44.286
2024-12-04T23:00:00-05:00,2024-12-05T00:00:00-05:00,2024-12-05T04:00:00+00:00,2024-12-05T05:00:00+00:00,MOD-00811,60,83.987,6.168,1.458,5.179,25.275,703.931,2.384,5.178,45.901
2024-12-05T00:00:00-05:00,2024-12-05T01:00:00-05:00,2024-12-05T05:00:00+00:00,2024-12-05T06:00:00+00:00,MOD-00811,60,81.848,6.065,0.866,2.917,7.709,688.828,2.18,4.676,46.809
2024-12-05T01:00:00-05:00,2024-12-05T02:00:00-05:00,2024-12-05T06:00:00+00:00,2024-12-05T07:00:00+00:00,MOD-00811,60,82.103,4.475,0.813,1.185,3.188,682.272,2.716,7.399,45.822
2024-12-05T02:00:00-05:00,2024-12-05T03:00:00-05:00,2024-12-05T07:00:00+00:00,2024-12-05T08:00:00+00:00,MOD-00811,60,85.135,2.905,1.403,1.566,2.306,693.585,3.599,7.296,43.968
2024-12-05T03:00:00-05:00,2024-12-05T04:00:00-05:00,2024-12-05T08:00:00+00:00,2024-12-05T09:00:00+00:00,MOD-00811,60,88.342,1.778,2.184,2.317,5.109,726.757,3.785,7.289,39.381
2024-12-05T04:00:00-05:00,2024-12-05T05:00:00-05:00,2024-12-05T09:00:00+00:00,2024-12-05T10:00:00+00:00,MOD-00811,60,89.697,1.6,2.644,2.947,13.93,740.353,3.918,7.288,35.459
2024-12-05T05:00:00-05:00,2024-12-05T06:00:00-05:00,2024-12-05T10:00:00+00:00,2024-12-05T11:00:00+00:00,MOD-00811,60,89.963,1.627,2.665,3.798,68.42,797.725,3.974,7.289,32.575
2024-12-05T06:00:00-05:00,2024-12-05T07:00:00-05:00,2024-12-05T11:00:00+00:00,2024-12-05T12:00:00+00:00,MOD-00811,60,89.94,1.802,2.585,3.635,47.009,844.852,4.122,7.289,30.568
2024-12-05T07:00:00-05:00,2024-12-05T08:00:00-05:00,2024-12-05T12:00:00+00:00,2024-12-05T13:00:00+00:00,MOD-00811,60,89.898,2.003,2.637,3.897,38.879,956.751,4.398,7.289,26.048
2024-12-05T08:00:00-05:00,2024-12-05T09:00:00-05:00,2024-12-05T13:00:00+00:00,2024-12-05T14:00:00+00:00,MOD-00811,60,89.49,2.248,2.656,4.546,58.807,1009.337,4.877,7.29,26.452
2024-12-05T09:00:00-05:00,2024-12-05T10:00:00-05:00,2024-12-05T14:00:00+00:00,2024-12-05T15:00:00+00:00,MOD-00811,60,88.102,2.88,3.851,4.733,32.13,924.73,4.133,7.291,30.533
2024-12-05T10:00:00-05:00,2024-12-05T11:00:00-05:00,2024-12-05T15:00:00+00:00,2024-12-05T16:00:00+00:00,MOD-00811,60,85.275,3.682,6.805,7.619,24.426,845.193,3.725,7.401,34.152
2024-12-05T11:00:00-05:00,2024-12-05T12:00:00-05:00,2024-12-05T16:00:00+00:00,2024-12-05T17:00:00+00:00,MOD-00811,60,76.113,5.12,10.052,10.337,12.347,796.814,1.805,14.205,37.849
2024-12-05T12:00:00-05:00,2024-12-05T13:00:00-05:00,2024-12-05T17:00:00+00:00,2024-12-05T18:00:00+00:00,MOD-00811,60,70.427,5.427,11.55,11.809,13.386,785.556,1.585,14.055,38.924
2024-12-05T13:00:00-05:00,2024-12-05T14:00:00-05:00,2024-12-05T18:00:00+00:00,2024-12-05T19:00:00+00:00,MOD-00811,60,63.18,6.702,10.866,11.147,13.288,797.997,2.527,15.916,39.909
2024-12-05T14:00:00-05:00,2024-12-05T15:00:00-05:00,2024-12-05T19:00:00+00:00,2024-12-05T20:00:00+00:00,MOD-00811,60,60.49,6.415,8.373,8.75,11.763,790.498,2.712,13.187,40.671
2024-12-05T15:00:00-05:00,2024-12-05T16:00:00-05:00,2024-12-05T20:00:00+00:00,2024-12-05T21:00:00+00:00,MOD-00811,60,62.54,5.562,8.233,8.545,12.344,796.448,2.458,16.219,40.133
2024-12-05T16:00:00-05:00,2024-12-05T17:00:00-05:00,2024-12-05T21:00:00+00:00,2024-12-05T22:00:00+00:00,MOD-00811,60,71.815,4.33,7.399,7.591,8.267,779.911,1.518,16.63,39.936
2024-12-05T17:00:00-05:00,2024-12-05T18:00:00-05:00,2024-12-05T22:00:00+00:00,2024-12-05T23:00:00+00:00,MOD-00811,60,74.055,3.353,3.371,3.507,4.26,754.531,1.484,15.05,39.161
2024-12-05T18:00:00-05:00,2024-12-05T19:00:00-05:00,2024-12-05T23:00:00+00:00,2024-12-06T00:00:00+00:00,MOD-00811,60,59.51,3.452,2.139,2.264,4.532,736.456,2.407,10.967,37.794
2024-12-05T19:00:00-05:00,2024-12-05T20:00:00-05:00,2024-12-06T00:00:00+00:00,2024-12-06T01:00:00+00:00,MOD-00811,60,55.422,3.422,2.134,2.363,7.363,725.972,2.482,7.62,39.047
2024-12-05T20:00:00-05:00,2024-12-05T21:00:00-05:00,2024-12-06T01:00:00+00:00,2024-12-06T02:00:00+00:00,MOD-00811,60,49.963,3.207,2.081,2.247,9.18,722.261,2.272,11.298,40.711
2024-12-05T21:00:00-05:00,2024-12-05T22:00:00-05:00,2024-12-06T02:00:00+00:00,2024-12-06T03:00:00+00:00,MOD-00811,60,46.593,2.967,1.786,2.067,8.476,722.561,2.021,12.095,40.949
2024-12-05T22:00:00-05:00,2024-12-05T23:00:00-05:00,2024-12-06T03:00:00+00:00,2024-12-06T04:00:00+00:00,MOD-00811,60,51.927,2.317,2.14,2.275,6.996,739.077,2.898,8.597,39.458
2024-12-05T23:00:00-05:00,2024-12-06T00:00:00-05:00,2024-12-06T04:00:00+00:00,2024-12-06T05:00:00+00:00,MOD-00811,60,51.87,2.13,2.398,2.508,4.651,730.958,3.063,7.482,39.233
2024-12-06T00:00:00-05:00,2024-12-06T01:00:00-05:00,2024-12-06T05:00:00+00:00,2024-12-06T06:00:00+00:00,MOD-00811,60,53.457,2.142,2.442,2.507,6.223,736.248,2.527,10.8,38.121
2024-12-06T01:00:00-05:00,2024-12-06T02:00:00-05:00,2024-12-06T06:00:00+00:00,2024-12-06T07:00:00+00:00,MOD-00811,60,55.495,1.918,1.775,1.871,2.648,735.456,2.079,13.505,37.421
2024-12-06T02:00:00-05:00,2024-12-06T03:00:00-05:00,2024-12-06T07:00:00+00:00,2024-12-06T08:00:00+00:00,MOD-00811,60,53.202,1.698,1.704,1.778,2.513,734.268,2.399,10.199,37.947
2024-12-06T03:00:00-05:00,2024-12-06T04:00:00-05:00,2024-12-06T08:00:00+00:00,2024-12-06T09:00:00+00:00,MOD-00811,60,50.16,1.208,1.387,1.507,4.433,729.7,2.444,8.305,39.361
2024-12-06T04:00:00-05:00,2024-12-06T05:00:00-05:00,2024-12-06T09:00:00+00:00,2024-12-06T10:00:00+00:00,MOD-00811,60,50.607,0.633,1.423,1.486,4.589,733.681,2.706,8.273,39.778
2024-12-06T05:00:00-05:00,2024-12-06T06:00:00-05:00,2024-12-06T10:00:00+00:00,2024-12-06T11:00:00+00:00,MOD-00811,60,50.953,0.132,1.396,1.647,9.841,743.977,2.86,11.37,39.79
2024-12-06T06:00:00-05:00,2024-12-06T07:00:00-05:00,2024-12-06T11:00:00+00:00,2024-12-06T12:00:00+00:00,MOD-00811,60,51.89,-0.235,1.483,1.749,10.105,748.766,2.946,14.797,39.989
2024-12-06T07:00:00-05:00,2024-12-06T08:00:00-05:00,2024-12-06T12:00:00+00:00,2024-12-06T13:00:00+00:00,MOD-00811,60,51.103,-0.498,1.582,1.912,14.502,764.524,2.944,14.077,40.835
2024-12-06T08:00:00-05:00,2024-12-06T09:00:00-05:00,2024-12-06T13:00:00+00:00,2024-12-06T14:00:00+00:00,MOD-00811,60,47.262,0.148,1.931,2.23,7.155,762.661,2.496,10.558,43.002
2024-12-06T09:00:00-05:00,2024-12-06T10:00:00-05:00,2024-12-06T14:00:00+00:00,2024-12-06T15:00:00+00:00,MOD-00811,60,41.93,1.25,1.827,2.24,8.86,755.745,1.648,8.893,45.423
2024-12-06T10:00:00-05:00,2024-12-06T11:00:00-05:00,2024-12-06T15:00:00+00:00,2024-12-06T16:00:00+00:00,MOD-00811,60,36.675,1.73,1.543,1.944,12.346,740.448,1.996,8.612,47.711
2024-12-06T11:00:00-05:00,2024-12-06T12:00:00-05:00,2024-12-06T16:00:00+00:00,2024-12-06T17:00:00+00:00,MOD-00811,60,30.293,1.938,1.281,1.804,14.633,736.03,2.209,6.028,49.616
2024-12-06T12:00:00-05:00,2024-12-06T13:00:00-05:00,2024-12-06T17:00:00+00:00,2024-12-06T18:00:00+00:00,MOD-00811,60,28.087,2.355,1.076,1.493,11.73,737.965,2.342,7.103,49.009
2024-12-06T13:00:00-05:00,2024-12-06T14:00:00-05:00,2024-12-06T18:00:00+00:00,2024-12-06T19:00:00+00:00,MOD-00811,60,24.863,2.793,0.911,1.437,16.055,738.244,2.585,9.631,48.456
2024-12-06T14:00:00-05:00,2024-12-06T15:00:00-05:00,2024-12-06T19:00:00+00:00,2024-12-06T20:00:00+00:00,MOD-00811,60,24.102,2.835,1.084,1.378,8.054,749.168,2.619,9.645,48.364
2024-12-06T15:00:00-05:00,2024-12-06T16:00:00-05:00,2024-12-06T20:00:00+00:00,2024-12-06T21:00:00+00:00,MOD-00811,50,26.384,1.868,1.255,1.551,6.896,758.475,2.341,9.901,47.03
2024-12-06T16:00:00-05:00,2024-12-06T17:00:00-05:00,2024-12-06T21:00:00+00:00,2024-12-06T22:00:00+00:00,MOD-00811,60,31.235,0.392,1.356,1.575,2.304,761.264,2.198,11.127,46.06
2024-12-06T17:00:00-05:00,2024-12-06T18:00:00-05:00,2024-12-06T22:00:00+00:00,2024-12-06T23:00:00+00:00,MOD-00811,55,35.264,-0.438,1.748,2.094,9.026,768.974,1.992,13.79,45.572
2024-12-06T18:00:00-05:00,2024-12-06T19:00:00-05:00,2024-12-06T23:00:00+00:00,2024-12-07T00:00:00+00:00,MOD-00811,60,39.242,-0.76,1.532,1.88,6.138,777.078,1.825,10.889,45.033
2024-12-06T19:00:00-05:00,2024-12-06T20:00:00-05:00,2024-12-07T00:00:00+00:00,2024-12-07T01:00:00+00:00,MOD-00811,60,42.065,-0.767,1.565,1.997,8.816,807.844,1.72,12.743,44.048
2024-12-06T20:00:00-05:00,2024-12-06T21:00:00-05:00,2024-12-07T01:00:00+00:00,2024-12-07T02:00:00+00:00,MOD-00811,60,41.7,-0.625,1.802,2.085,5.761,790.003,1.649,8.766,45.514
2024-12-06T21:00:00-05:00,2024-12-06T22:00:00-05:00,2024-12-07T02:00:00+00:00,2024-12-07T03:00:00+00:00,MOD-00811,60,41.507,-0.568,1.705,1.996,3.256,798.589,1.629,8.887,46.418
2024-12-06T22:00:00-05:00,2024-12-06T23:00:00-05:00,2024-12-07T03:00:00+00:00,2024-12-07T04:00:00+00:00,MOD-00811,60,43.343,-0.587,2.392,2.608,4.579,793.044,1.784,11.123,46.812
2024-12-06T23:00:00-05:00,2024-12-07T00:00:00-05:00,2024-12-07T04:00:00+00:00,2024-12-07T05:00:00+00:00,MOD-00811,60,46.978,-0.667,2.161,2.389,2.766,787.578,2.626,10.642,46.036
2024-12-07T00:00:00-05:00,2024-12-07T01:00:00-05:00,2024-12-07T05:00:00+00:00,2024-12-07T06:00:00+00:00,MOD-00811,60,48.69,-0.957,1.448,1.658,4.301,781.793,2.8,11.467,44.93
2024-12-07T01:00:00-05:00,2024-12-07T02:00:00-05:00,2024-12-07T06:00:00+00:00,2024-12-07T07:00:00+00:00,MOD-00811,60,48.13,-1.128,1.595,1.797,3.216,788.259,2.852,15.475,44.327
2024-12-07T02:00:00-05:00,2024-12-07T03:00:00-05:00,2024-12-07T07:00:00+00:00,2024-12-07T08:00:00+00:00,MOD-00811,60,47.355,-1.257,1.839,2.005,4.975,798.325,2.64,14.165,44.391
2024-12-07T03:00:00-05:00,2024-12-07T04:00:00-05:00,2024-12-07T08:00:00+00:00,2024-12-07T09:00:00+00:00,MOD-00811,60,46.365,-0.99,1.553,1.722,3.594,793.883,2.372,11.723,45.149
2024-12-07T04:00:00-05:00,2024-12-07T05:00:00-05:00,2024-12-07T09:00:00+00:00,2024-12-07T10:00:00+00:00,MOD-00811,60,47.26,-1.12,1.587,1.797,4.751,800.093,2.813,14.579,44.21
2024-12-07T05:00:00-05:00,2024-12-07T06:00:00-05:00,2024-12-07T10:00:00+00:00,2024-12-07T11:00:00+00:00,MOD-00811,60,49.765,-1.192,1.896,2.137,5.909,800.481,2.855,14.098,43.694
2024-12-07T06:00:00-05:00,2024-12-07T07:00:00-05:00,2024-12-07T11:00:00+00:00,2024-12-07T12:00:00+00:00,MOD-00811,60,53.29,-1.587,1.828,2.104,5.864,809.777,2.788,18.393,42.355
2024-12-07T07:00:00-05:00,2024-12-07T08:00:00-05:00,2024-12-07T12:00:00+00:00,2024-12-07T13:00:00+00:00,MOD-00811,60,54.182,-1.468,1.874,2.163,8.177,816.743,2.668,18.511,42.093
2024-12-07T08:00:00-05:00,2024-12-07T09:00:00-05:00,2024-12-07T13:00:00+00:00,2024-12-07T14:00:00+00:00,MOD-00811,60,52.518,-0.605,2.087,2.442,13.033,818.165,2.952,18.263,42.76
2024-12-07T09:00:00-05:00,2024-12-07T10:00:00-05:00,2024-12-07T14:00:00+00:00,2024-12-07T15:00:00+00:00,MOD-00811,60,45.633,1.972,2.912,3.18,7.325,813.979,2.132,11.893,44.494
2024-12-07T10:00:00-05:00,2024-12-07T11:00:00-05:00,2024-12-07T15:00:00+00:00,2024-12-07T16:00:00+00:00,MOD-00811,60,40.09,4.163,2.956,3.256,11.69,851.672,1.981,12.543,45.405
2024-12-07T11:00:00-05:00,2024-12-07T12:00:00-05:00,2024-12-07T16:00:00+00:00,2024-12-07T17:00:00+00:00,MOD-00811,60,36.918,5.53,2.827,3.104,7.362,815.464,2.1,11.682,46.402
2024-12-07T12:00:00-05:00,2024-12-07T13:00:00-05:00,2024-12-07T17:00:00+00:00,2024-12-07T18:00:00+00:00,MOD-00811,60,35.363,6.398,2.988,3.212,6.13,794.415,2.464,10.347,46.843
2024-12-07T13:00:00-05:00,2024-12-07T14:00:00-05:00,2024-12-07T18:00:00+00:00,2024-12-07T19:00:00+00:00,MOD-00811,60,34.075,6.977,3.099,3.311,5.93,770.673,2.447,12.13,47.101
2024-12-07T14:00:00-05:00,2024-12-07T15:00:00-05:00,2024-12-07T19:00:00+00:00,2024-12-07T20:00:00+00:00,MOD-00811,60,33.758,7.163,2.906,3.142,6.834,775.526,2.445,11.156,46.777
2024-12-07T15:00:00-05:00,2024-12-07T16:00:00-05:00,2024-12-07T20:00:00+00:00,2024-12-07T21:00:00+00:00,MOD-00811,60,38.727,5.103,2.738,3.058,8.076,811.249,2.551,10.481,44.608
2024-12-07T16:00:00-05:00,2024-12-07T17:00:00-05:00,2024-12-07T21:00:00+00:00,2024-12-07T22:00:00+00:00,MOD-00811,60,43.698,3.668,3.486,4.042,14.863,895.585,1.866,20.001,40.481
2024-12-07T17:00:00-05:00,2024-12-07T18:00:00-05:00,2024-12-07T22:00:00+00:00,2024-12-07T23:00:00+00:00,MOD-00811,60,46.868,2.888,6.056,6.639,18.919,918.703,2.115,22.952,37.107
2024-12-07T18:00:00-05:00,2024-12-07T19:00:00-05:00,2024-12-07T23:00:00+00:00,2024-12-08T00:00:00+00:00,MOD-00811,60,48.683,2.463,8.169,8.861,20.702,968.07,2.504,24.89,33.467
2024-12-07T19:00:00-05:00,2024-12-07T20:00:00-05:00,2024-12-08T00:00:00+00:00,2024-12-08T01:00:00+00:00,MOD-00811,60,49.637,2.115,9.891,10.6,23.427,983.451,2.482,25.622,31.724
2024-12-07T20:00:00-05:00,2024-12-07T21:00:00-05:00,2024-12-08T01:00:00+00:00,2024-12-08T02:00:00+00:00,MOD-00811,60,50.317,2.045,10.81,11.323,17.634,942.376,2.475,24.795,32.356
2024-12-07T21:00:00-05:00,2024-12-07T22:00:00-05:00,2024-12-08T02:00:00+00:00,2024-12-08T03:00:00+00:00,MOD-00811,60,50.123,2.487,11.214,11.701,19.642,933.275,2.485,24.52,32.569
2024-12-07T22:00:00-05:00,2024-12-07T23:00:00-05:00,2024-12-08T03:00:00+00:00,2024-12-08T04:00:00+00:00,MOD-00811,60,51.452,2.553,12.201,12.669,19.62,949.227,2.821,24.536,31.777
2024-12-07T23:00:00-05:00,2024-12-08T00:00:00-05:00,2024-12-08T04:00:00+00:00,2024-12-08T05:00:00+00:00,MOD-00811,60,55.817,2.467,6.197,6.598,10.8,864.534,2.738,21.339,35.31
2024-12-08T00:00:00-05:00,2024-12-08T01:00:00-05:00,2024-12-08T05:00:00+00:00,2024-12-08T06:00:00+00:00,MOD-00811,60,66.138,1.913,5.97,6.268,10.637,764.927,1.864,12.931,38.66
2024-12-08T01:00:00-05:00,2024-12-08T02:00:00-05:00,2024-12-08T06:00:00+00:00,2024-12-08T07:00:00+00:00,MOD-00811,60,69.572,1.71,6.989,7.332,16.048,757.637,1.653,17.661,37.826
2024-12-08T02:00:00-05:00,2024-12-08T03:00:00-05:00,2024-12-08T07:00:00+00:00,2024-12-08T08:00:00+00:00,MOD-00811,60,70.298,1.982,8.397,8.854,19.261,758.79,1.623,17.441,36.421
2024-12-08T03:00:00-05:00,2024-12-08T04:00:00-05:00,2024-12-08T08:00:00+00:00,2024-12-08T09:00:00+00:00,MOD-00811,60,74.525,2.09,7.573,8.353,16.072,741.318,1.509,18.047,37.243
2024-12-08T04:00:00-05:00,2024-12-08T05:00:00-05:00,2024-12-08T09:00:00+00:00,2024-12-08T10:00:00+00:00,MOD-00811,60,70.702,2.942,4.595,5.751,16.765,717.011,1.589,14.395,41.137
2024-12-08T05:00:00-05:00,2024-12-08T06:00:00-05:00,2024-12-08T10:00:00+00:00,2024-12-08T11:00:00+00:00,MOD-00811,60,62.682,3.823,3.007,4.142,16.531,734.79,2.28,16.082,40.703
2024-12-08T06:00:00-05:00,2024-12-08T07:00:00-05:00,2024-12-08T11:00:00+00:00,2024-12-08T12:00:00+00:00,MOD-00811,60,55.655,5.365,2.426,4.031,20.323,735.676,2.334,14.941,43.011
2024-12-08T07:00:00-05:00,2024-12-08T08:00:00-05:00,2024-12-08T12:00:00+00:00,2024-12-08T13:00:00+00:00,MOD-00811,60,53.152,7.03,2.415,4.325,19.838,706.513,2.142,10.706,45.49
2024-12-08T08:00:00-05:00,2024-12-08T09:00:00-05:00,2024-12-08T13:00:00+00:00,2024-12-08T14:00:00+00:00,MOD-00811,60,50.318,7.657,2.563,4.189,21.529,699.199,1.854,11.895,45.036
2024-12-08T09:00:00-05:00,2024-12-08T10:00:00-05:00,2024-12-08T14:00:00+00:00,2024-12-08T15:00:00+00:00,MOD-00811,60,43.935,8.082,3.173,4.289,28.866,698.676,1.993,11.425,44.581
2024-12-08T10:00:00-05:00,2024-12-08T11:00:00-05:00,2024-12-08T15:00:00+00:00,2024-12-08T16:00:00+00:00,MOD-00811,60,39.995,8.682,3.86,4.902,27.703,723.968,2.185,13.283,43.823
2024-12-08T11:00:00-05:00,2024-12-08T12:00:00-05:00,2024-12-08T16:00:00+00:00,2024-12-08T17:00:00+00:00,MOD-00811,60,35.517,10.118,5.392,6.163,17.059,732.654,2.526,9.839,44.38
2024-12-08T12:00:00-05:00,2024-12-08T13:00:00-05:00,2024-12-08T17:00:00+00:00,2024-12-08T18:00:00+00:00,MOD-00811,60,35.365,10.45,5.006,5.831,23.142,743.779,2.716,11.223,44.036
2024-12-08T13:00:00-05:00,2024-12-08T14:00:00-05:00,2024-12-08T18:00:00+00:00,2024-12-08T19:00:00+00:00,MOD-00811,60,34.5,11.352,5.486,6.26,20.526,742.288,2.756,10.842,44.364
2024-12-08T14:00:00-05:00,2024-12-08T15:00:00-05:00,2024-12-08T19:00:00+00:00,2024-12-08T20:00:00+00:00,MOD-00811,60,36.093,10.972,5.247,5.982,19.048,738.817,2.716,12.063,44.275
2024-12-08T15:00:00-05:00,2024-12-08T16:00:00-05:00,2024-12-08T20:00:00+00:00,2024-12-08T21:00:00+00:00,MOD-00811,60,38.132,10.703,6.095,6.798,13.781,754.013,2.569,10.549,43.911
2024-12-08T16:00:00-05:00,2024-12-08T17:00:00-05:00,2024-12-08T21:00:00+00:00,2024-12-08T22:00:00+00:00,MOD-00811,60,42.473,9.102,3.85,4.693,19.961,806.193,1.934,15.21,41.498
2024-12-08T17:00:00-05:00,2024-12-08T18:00:00-05:00,2024-12-08T22:00:00+00:00,2024-12-08T23:00:00+00:00,MOD-00811,60,44.793,8.46,4.539,5.311,20.058,824.987,1.826,17.268,41.058
2024-12-08T18:00:00-05:00,2024-12-08T19:00:00-05:00,2024-12-08T23:00:00+00:00,2024-12-09T00:00:00+00:00,MOD-00811,60,44.023,9.22,4.103,4.895,18.389,827.435,1.915,13.756,41.546
2024-12-08T19:00:00-05:00,2024-12-08T20:00:00-05:00,2024-12-09T00:00:00+00:00,2024-12-09T01:00:00+00:00,MOD-00811,60,44.352,9.642,4.509,5.244,13.695,777.008,1.874,12.287,41.708
2024-12-08T20:00:00-05:00,2024-12-08T21:00:00-05:00,2024-12-09T01:00:00+00:00,2024-12-09T02:00:00+00:00,MOD-00811,60,47.315,9.157,5.239,5.858,10.9,771.178,1.724,12.483,41.109
2024-12-08T21:00:00-05:00,2024-12-08T22:00:00-05:00,2024-12-09T02:00:00+00:00,2024-12-09T03:00:00+00:00,MOD-00811,60,50.063,8.693,4.21,4.627,8.107,760.365,1.658,17.95,40.996
2024-12-08T22:00:00-05:00,2024-12-08T23:00:00-05:00,2024-12-09T03:00:00+00:00,2024-12-09T04:00:00+00:00,MOD-00811,60,53.292,7.923,2.424,2.791,7.771,752.869,1.944,16.933,40.026
2024-12-08T23:00:00-05:00,2024-12-09T00:00:00-05:00,2024-12-09T04:00:00+00:00,2024-12-09T05:00:00+00:00,MOD-00811,60,57.703,6.783,4.31,4.675,8.296,828.705,2.424,19.531,35.41
2024-12-09T00:00:00-05:00,2024-12-09T01:00:00-05:00,2024-12-09T05:00:00+00:00,2024-12-09T06:00:00+00:00,MOD-00811,60,62.615,5.408,5.113,5.544,9.167,826.367,2.352,20.909,33.679
2024-12-09T01:00:00-05:00,2024-12-09T02:00:00-05:00,2024-12-09T06:00:00+00:00,2024-12-09T07:00:00+00:00,MOD-00811,60,67.73,4.165,6.153,6.634,13.165,837.854,1.562,22.529,30.549
2024-12-09T02:00:00-05:00,2024-12-09T03:00:00-05:00,2024-12-09T07:00:00+00:00,2024-12-09T08:00:00+00:00,MOD-00811,60,72.837,2.972,5.972,6.514,16.859,923.299,2.746,26.14,24.242
2024-12-09T03:00:00-05:00,2024-12-09T04:00:00-05:00,2024-12-09T08:00:00+00:00,2024-12-09T09:00:00+00:00,MOD-00811,60,75.153,2.593,3.504,3.974,14.878,1056.371,3.519,26.951,23.158
2024-12-09T04:00:00-05:00,2024-12-09T05:00:00-05:00,2024-12-09T09:00:00+00:00,2024-12-09T10:00:00+00:00,MOD-00811,60,74.897,2.745,6.133,6.556,10.836,1106.916,1.896,26.053,23.224
2024-12-09T05:00:00-05:00,2024-12-09T06:00:00-05:00,2024-12-09T10:00:00+00:00,2024-12-09T11:00:00+00:00,MOD-00811,60,79.47,1.81,6.485,7.025,13.073,1090.795,15.905,24.898,19.655
2024-12-09T06:00:00-05:00,2024-12-09T07:00:00-05:00,2024-12-09T11:00:00+00:00,2024-12-09T12:00:00+00:00,MOD-00811,60,80.612,1.413,5.965,6.488,12.784,1310.888,31.117,25.831,21.878
2024-12-09T07:00:00-05:00,2024-12-09T08:00:00-05:00,2024-12-09T12:00:00+00:00,2024-12-09T13:00:00+00:00,MOD-00811,60,81.093,2.157,7.845,8.473,15.365,1412.984,48.485,27.172,20.829
2024-12-09T08:00:00-05:00,2024-12-09T09:00:00-05:00,2024-12-09T13:00:00+00:00,2024-12-09T14:00:00+00:00,MOD-00811,60,73.668,4.188,8.967,9.746,23.19,1715.598,59.198,26.83,21.921
2024-12-09T09:00:00-05:00,2024-12-09T10:00:00-05:00,2024-12-09T14:00:00+00:00,2024-12-09T15:00:00+00:00,MOD-00811,60,61.368,7.483,11.321,11.852,17.604,1231.257,16.416,23.232,25.763
2024-12-09T10:00:00-05:00,2024-12-09T11:00:00-05:00,2024-12-09T15:00:00+00:00,2024-12-09T16:00:00+00:00,MOD-00811,60,55.195,9.475,12.938,13.9,33.868,976.352,3.69,18.822,28.023
2024-12-09T11:00:00-05:00,2024-12-09T12:00:00-05:00,2024-12-09T16:00:00+00:00,2024-12-09T17:00:00+00:00,MOD-00811,60,43.287,13.522,9.129,10.016,33.004,867.256,3.38,15.089,32.935
2024-12-09T12:00:00-05:00,2024-12-09T13:00:00-05:00,2024-12-09T17:00:00+00:00,2024-12-09T18:00:00+00:00,MOD-00811,60,41.942,12.995,4.654,5.327,24.1,739.03,2.507,9.511,37.812
2024-12-09T13:00:00-05:00,2024-12-09T14:00:00-05:00,2024-12-09T18:00:00+00:00,2024-12-09T19:00:00+00:00,MOD-00811,60,45.23,11.428,3.312,3.903,21.724,705.584,2.292,11.74,38.066
2024-12-09T14:00:00-05:00,2024-12-09T15:00:00-05:00,2024-12-09T19:00:00+00:00,2024-12-09T20:00:00+00:00,MOD-00811,60,48.815,10.43,3.131,3.94,25.27,710.472,1.478,17.177,36.297
2024-12-09T15:00:00-05:00,2024-12-09T16:00:00-05:00,2024-12-09T20:00:00+00:00,2024-12-09T21:00:00+00:00,MOD-00811,60,60.498,9.027,2.645,3.233,13.273,727.063,1.915,16.522,34.565
2024-12-09T16:00:00-05:00,2024-12-09T17:00:00-05:00,2024-12-09T21:00:00+00:00,2024-12-09T22:00:00+00:00,MOD-00811,60,74.693,7.293,3.395,4.233,19.608,726.284,1.705,19.466,33.448
2024-12-09T17:00:00-05:00,2024-12-09T18:00:00-05:00,2024-12-09T22:00:00+00:00,2024-12-09T23:00:00+00:00,MOD-00811,60,82.98,6.503,3.917,4.738,15.399,722.112,2.263,9.482,34.785
2024-12-09T18:00:00-05:00,2024-12-09T19:00:00-05:00,2024-12-09T23:00:00+00:00,2024-12-10T00:00:00+00:00,MOD-00811,60,86.895,6.347,4.381,5.223,15.384,713.764,2.67,8.181,36.519
2024-12-09T19:00:00-05:00,2024-12-09T20:00:00-05:00,2024-12-10T00:00:00+00:00,2024-12-10T01:00:00+00:00,MOD-00811,60,88.503,6.707,3.944,4.614,8.251,697.904,2.786,7.623,37.736
2024-12-09T20:00:00-05:00,2024-12-09T21:00:00-05:00,2024-12-10T01:00:00+00:00,2024-12-10T02:00:00+00:00,MOD-00811,60,89.275,7.115,3.585,4.263,8.637,690.9,2.933,7.943,33.36
2024-12-09T21:00:00-05:00,2024-12-09T22:00:00-05:00,2024-12-10T02:00:00+00:00,2024-12-10T03:00:00+00:00,MOD-00811,60,89.6,7.27,4.127,4.842,10.072,699.471,3.31,8.34,29.81
2024-12-09T22:00:00-05:00,2024-12-09T23:00:00-05:00,2024-12-10T03:00:00+00:00,2024-12-10T04:00:00+00:00,MOD-00811,60,90.03,7.555,3.057,3.985,8.983,699.22,2.997,7.676,32.272
2024-12-09T23:00:00-05:00,2024-12-10T00:00:00-05:00,2024-12-10T04:00:00+00:00,2024-12-10T05:00:00+00:00,MOD-00811,60,90.753,7.78,2.435,3.206,9.366,707.194,3.174,7.203,33.595
2024-12-10T00:00:00-05:00,2024-12-10T01:00:00-05:00,2024-12-10T05:00:00+00:00,2024-12-10T06:00:00+00:00,MOD-00811,60,91.39,7.823,2.432,2.863,5.886,687.748,3.266,7.204,33.659
2024-12-10T01:00:00-05:00,2024-12-10T02:00:00-05:00,2024-12-10T06:00:00+00:00,2024-12-10T07:00:00+00:00,MOD-00811,60,91.23,7.973,1.513,1.905,5.237,691.054,3.243,6.517,33.515
2024-12-10T02:00:00-05:00,2024-12-10T03:00:00-05:00,2024-12-10T07:00:00+00:00,2024-12-10T08:00:00+00:00,MOD-00811,60,90.402,7.988,1.312,1.792,4.601,697.214,3.223,6.956,31.441
2024-12-10T03:00:00-05:00,2024-12-10T04:00:00-05:00,2024-12-10T08:00:00+00:00,2024-12-10T09:00:00+00:00,MOD-00811,60,89.388,7.655,1.828,2.417,5.433,675.564,2.905,7.406,32.607
2024-12-10T04:00:00-05:00,2024-12-10T05:00:00-05:00,2024-12-10T09:00:00+00:00,2024-12-10T10:00:00+00:00,MOD-00811,60,88.255,7.327,1.165,1.665,3.303,672.634,2.656,7.437,33.994
2024-12-10T05:00:00-05:00,2024-12-10T06:00:00-05:00,2024-12-10T10:00:00+00:00,2024-12-10T11:00:00+00:00,MOD-00811,60,85.043,5.64,1.886,2.158,4.19,711.586,3.254,6.281,27.992
2024-12-10T06:00:00-05:00,2024-12-10T07:00:00-05:00,2024-12-10T11:00:00+00:00,2024-12-10T12:00:00+00:00,MOD-00811,60,87.892,3.842,2.554,2.832,4.8,722.106,4.499,7.289,27.973
2024-12-10T07:00:00-05:00,2024-12-10T08:00:00-05:00,2024-12-10T12:00:00+00:00,2024-12-10T13:00:00+00:00,MOD-00811,60,88.762,3.338,3.367,3.798,6.278,719.556,4.928,7.289,28.632
2024-12-10T08:00:00-05:00,2024-12-10T09:00:00-05:00,2024-12-10T13:00:00+00:00,2024-12-10T14:00:00+00:00,MOD-00811,60,88.883,3.188,4.244,4.835,7.739,724.241,4.197,7.289,29.795
2024-12-10T09:00:00-05:00,2024-12-10T10:00:00-05:00,2024-12-10T14:00:00+00:00,2024-12-10T15:00:00+00:00,MOD-00811,60,88.985,3.197,4.096,4.735,7.287,731.061,4.264,7.289,30.892
2024-12-10T10:00:00-05:00,2024-12-10T11:00:00-05:00,2024-12-10T15:00:00+00:00,2024-12-10T16:00:00+00:00,MOD-00811,60,87.118,3.3,4.888,5.501,9.228,755.274,4.282,7.291,29.92
2024-12-10T11:00:00-05:00,2024-12-10T12:00:00-05:00,2024-12-10T16:00:00+00:00,2024-12-10T17:00:00+00:00,MOD-00811,60,86.805,3.338,4.927,5.486,7.431,732.023,3.833,7.291,32.277
2024-12-10T12:00:00-05:00,2024-12-10T13:00:00-05:00,2024-12-10T17:00:00+00:00,2024-12-10T18:00:00+00:00,MOD-00811,60,86.73,3.54,5.641,6.25,11.071,740.388,4.209,7.292,31.231
2024-12-10T13:00:00-05:00,2024-12-10T14:00:00-05:00,2024-12-10T18:00:00+00:00,2024-12-10T19:00:00+00:00,MOD-00811,60,85.848,3.885,6.273,7.018,12.584,757.334,5.657,8.056,29.949
2024-12-10T14:00:00-05:00,2024-12-10T15:00:00-05:00,2024-12-10T19:00:00+00:00,2024-12-10T20:00:00+00:00,MOD-00811,60,86.578,3.918,5.606,6.285,12.96,755.525,3.874,7.292,29.863
2024-12-10T15:00:00-05:00,2024-12-10T16:00:00-05:00,2024-12-10T20:00:00+00:00,2024-12-10T21:00:00+00:00,MOD-00811,60,87.782,3.725,6.465,7.287,12.308,778.688,3.793,7.29,28.584
2024-12-10T16:00:00-05:00,2024-12-10T17:00:00-05:00,2024-12-10T21:00:00+00:00,2024-12-10T22:00:00+00:00,MOD-00811,60,89.42,3.465,6.268,7.2,17.834,777.463,3.81,7.289,27.714
2024-12-10T17:00:00-05:00,2024-12-10T18:00:00-05:00,2024-12-10T22:00:00+00:00,2024-12-10T23:00:00+00:00,MOD-00811,60,90.777,3.283,5.155,6.056,91.71,739.07,3.702,7.287,30.841
2024-12-10T18:00:00-05:00,2024-12-10T19:00:00-05:00,2024-12-10T23:00:00+00:00,2024-12-11T00:00:00+00:00,MOD-00811,60,91.495,3.228,4.708,5.339,64.955,733.677,3.687,7.287,30.672
2024-12-10T19:00:00-05:00,2024-12-10T20:00:00-05:00,2024-12-11T00:00:00+00:00,2024-12-11T01:00:00+00:00,MOD-00811,60,91.698,3.298,4.656,5.02,18.25,738.254,3.673,7.287,30.194
2024-12-10T20:00:00-05:00,2024-12-10T21:00:00-05:00,2024-12-11T01:00:00+00:00,2024-12-11T02:00:00+00:00,MOD-00811,60,91.99,3.37,4.932,5.264,13.701,757.637,3.687,7.287,28.753
2024-12-10T21:00:00-05:00,2024-12-10T22:00:00-05:00,2024-12-11T02:00:00+00:00,2024-12-11T03:00:00+00:00,MOD-00811,60,91.968,3.593,4.422,4.763,9.856,759.283,3.698,7.287,28.011
2024-12-10T22:00:00-05:00,2024-12-10T23:00:00-05:00,2024-12-11T03:00:00+00:00,2024-12-11T04:00:00+00:00,MOD-00811,60,92.012,3.985,4.272,4.754,11.215,768.699,3.872,7.288,27.099
2024-12-10T23:00:00-05:00,2024-12-11T00:00:00-05:00,2024-12-11T04:00:00+00:00,2024-12-11T05:00:00+00:00,MOD-00811,60,92.3,4.34,4.961,5.538,19.333,789.731,3.929,7.098,24.956
2024-12-11T00:00:00-05:00,2024-12-11T01:00:00-05:00,2024-12-11T05:00:00+00:00,2024-12-11T06:00:00+00:00,MOD-00811,60,92.842,4.647,4.643,6.6,46.44,792.791,4.105,7.043,24.233
2024-12-11T01:00:00-05:00,2024-12-11T02:00:00-05:00,2024-12-11T06:00:00+00:00,2024-12-11T07:00:00+00:00,MOD-00811,60,93.317,5.077,4.29,10.207,116.872,807.155,4.304,7.011,22.964
2024-12-11T02:00:00-05:00,2024-12-11T03:00:00-05:00,2024-12-11T07:00:00+00:00,2024-12-11T08:00:00+00:00,MOD-00811,60,92.93,5.438,3.963,4.374,13.691,801.711,4.185,7.445,22.227
2024-12-11T03:00:00-05:00,2024-12-11T04:00:00-05:00,2024-12-11T08:00:00+00:00,2024-12-11T09:00:00+00:00,MOD-00811,60,93.032,5.78,2.835,2.953,9.102,804.45,4.024,7.435,22.139
2024-12-11T04:00:00-05:00,2024-12-11T05:00:00-05:00,2024-12-11T09:00:00+00:00,2024-12-11T10:00:00+00:00,MOD-00811,60,91.827,6.007,2.496,3.216,29.863,913.466,4.542,7.49,19.459
2024-12-11T05:00:00-05:00,2024-12-11T06:00:00-05:00,2024-12-11T10:00:00+00:00,2024-12-11T11:00:00+00:00,MOD-00811,60,91.552,6.102,2.861,4.411,59.029,1009.645,5.961,7.294,19.012
2024-12-11T06:00:00-05:00,2024-12-11T07:00:00-05:00,2024-12-11T11:00:00+00:00,2024-12-11T12:00:00+00:00,MOD-00811,60,91.527,6.453,3.378,6.624,137.909,1093.417,8.779,7.56,18.819
2024-12-11T07:00:00-05:00,2024-12-11T08:00:00-05:00,2024-12-11T12:00:00+00:00,2024-12-11T13:00:00+00:00,MOD-00811,60,91.74,6.45,3.671,10.896,527.172,989.916,11.25,7.412,18.862
2024-12-11T08:00:00-05:00,2024-12-11T09:00:00-05:00,2024-12-11T13:00:00+00:00,2024-12-11T14:00:00+00:00,MOD-00811,60,93.3,6.872,3.201,5.642,47.972,1276.975,45.742,9.089,17.915
2024-12-11T09:00:00-05:00,2024-12-11T10:00:00-05:00,2024-12-11T14:00:00+00:00,2024-12-11T15:00:00+00:00,MOD-00811,60,98.318,11.477,2.086,6.957,48.46,951.44,9.802,10.882,30.153
2024-12-11T10:00:00-05:00,2024-12-11T11:00:00-05:00,2024-12-11T15:00:00+00:00,2024-12-11T16:00:00+00:00,MOD-00811,60,96.288,14.877,1.122,9.098,83.121,679.233,3.836,10.68,40.033
2024-12-11T11:00:00-05:00,2024-12-11T12:00:00-05:00,2024-12-11T16:00:00+00:00,2024-12-11T17:00:00+00:00,MOD-00811,60,93.368,15.483,0.862,3.594,22.05,674.114,3.514,10.716,38.449
2024-12-11T12:00:00-05:00,2024-12-11T13:00:00-05:00,2024-12-11T17:00:00+00:00,2024-12-11T18:00:00+00:00,MOD-00811,60,92.923,16.023,1.173,4.525,18.057,682.183,3.576,10.696,37.321
2024-12-11T13:00:00-05:00,2024-12-11T14:00:00-05:00,2024-12-11T18:00:00+00:00,2024-12-11T19:00:00+00:00,MOD-00811,60,92.097,16.473,1.912,10.336,42.525,666.828,3.57,10.64,38.64
2024-12-11T14:00:00-05:00,2024-12-11T15:00:00-05:00,2024-12-11T19:00:00+00:00,2024-12-11T20:00:00+00:00,MOD-00811,60,92.14,16.587,2.545,15.872,54.322,677.757,3.664,10.632,38.739
2024-12-11T15:00:00-05:00,2024-12-11T16:00:00-05:00,2024-12-11T20:00:00+00:00,2024-12-11T21:00:00+00:00,MOD-00811,60,89.847,16.283,4.52,30.707,130.613,649.776,3.038,10.519,40.883
2024-12-11T16:00:00-05:00,2024-12-11T17:00:00-05:00,2024-12-11T21:00:00+00:00,2024-12-11T22:00:00+00:00,MOD-00811,60,92.655,16.198,3.231,22.785,87.504,656.693,3.406,10.671,40.406
2024-12-11T17:00:00-05:00,2024-12-11T18:00:00-05:00,2024-12-11T22:00:00+00:00,2024-12-11T23:00:00+00:00,MOD-00811,60,91.33,16.597,2.042,10.203,34.916,638.969,3.39,10.605,40.449
2024-12-11T18:00:00-05:00,2024-12-11T19:00:00-05:00,2024-12-11T23:00:00+00:00,2024-12-12T00:00:00+00:00,MOD-00811,60,91.187,16.328,1.311,5.702,18.825,637.077,3.057,10.613,40.912
2024-12-11T19:00:00-05:00,2024-12-11T20:00:00-05:00,2024-12-12T00:00:00+00:00,2024-12-12T01:00:00+00:00,MOD-00811,60,90.995,15.688,1.046,5.081,18.171,639.786,3.072,9.894,42.129
2024-12-11T20:00:00-05:00,2024-12-11T21:00:00-05:00,2024-12-12T01:00:00+00:00,2024-12-12T02:00:00+00:00,MOD-00811,60,91.763,14.918,0.86,2.57,10.108,634.407,3.296,9.268,45.364
2024-12-11T21:00:00-05:00,2024-12-11T22:00:00-05:00,2024-12-12T02:00:00+00:00,2024-12-12T03:00:00+00:00,MOD-00811,60,92.5,14.507,0.381,0.883,13.789,642.053,3.325,9.291,45.159
2024-12-11T22:00:00-05:00,2024-12-11T23:00:00-05:00,2024-12-12T03:00:00+00:00,2024-12-12T04:00:00+00:00,MOD-00811,60,93.095,14.3,0.29,0.589,7.577,648.53,3.385,9.272,44.364
2024-12-11T23:00:00-05:00,2024-12-12T00:00:00-05:00,2024-12-12T04:00:00+00:00,2024-12-12T05:00:00+00:00,MOD-00811,60,92.615,13.747,0.374,2.407,23.86,640.795,3.704,9.248,42.517
2024-12-12T00:00:00-05:00,2024-12-12T01:00:00-05:00,2024-12-12T05:00:00+00:00,2024-12-12T06:00:00+00:00,MOD-00811,60,85.133,12.923,0.332,0.761,2.889,652.746,2.841,7.499,37.657
2024-12-12T01:00:00-05:00,2024-12-12T02:00:00-05:00,2024-12-12T06:00:00+00:00,2024-12-12T07:00:00+00:00,MOD-00811,60,70.592,7.492,0.366,0.454,0.854,664.085,1.567,7.155,36.623
2024-12-12T02:00:00-05:00,2024-12-12T03:00:00-05:00,2024-12-12T07:00:00+00:00,2024-12-12T08:00:00+00:00,MOD-00811,60,68.767,5.837,0.544,0.638,0.679,673.789,1.504,13.108,40.9
2024-12-12T03:00:00-05:00,2024-12-12T04:00:00-05:00,2024-12-12T08:00:00+00:00,2024-12-12T09:00:00+00:00,MOD-00811,60,69.707,5.255,0.615,0.711,0.9,683.522,1.58,11.922,39.68
2024-12-12T04:00:00-05:00,2024-12-12T05:00:00-05:00,2024-12-12T09:00:00+00:00,2024-12-12T10:00:00+00:00,MOD-00811,60,66.568,5.138,1.035,1.086,2.581,687.281,1.678,10.36,39.011
2024-12-12T05:00:00-05:00,2024-12-12T06:00:00-05:00,2024-12-12T10:00:00+00:00,2024-12-12T11:00:00+00:00,MOD-00811,60,62.9,4.565,1.282,1.349,1.603,705.591,2.557,10.884,39.631
2024-12-12T06:00:00-05:00,2024-12-12T07:00:00-05:00,2024-12-12T11:00:00+00:00,2024-12-12T12:00:00+00:00,MOD-00811,60,69.13,3.993,1.26,1.394,2.197,731.851,1.621,12.581,39.362
2024-12-12T07:00:00-05:00,2024-12-12T08:00:00-05:00,2024-12-12T12:00:00+00:00,2024-12-12T13:00:00+00:00,MOD-00811,60,64.423,3.583,1.79,2.01,3.709,750.097,2.208,13.312,41.659
2024-12-12T08:00:00-05:00,2024-12-12T09:00:00-05:00,2024-12-12T13:00:00+00:00,2024-12-12T14:00:00+00:00,MOD-00811,60,52.058,4.533,2.787,3.055,4.955,747.623,2.185,10.742,43.595
2024-12-12T09:00:00-05:00,2024-12-12T10:00:00-05:00,2024-12-12T14:00:00+00:00,2024-12-12T15:00:00+00:00,MOD-00811,60,41.228,6.385,4.138,4.285,6.352,731.984,2.188,11.955,44.219
2024-12-12T10:00:00-05:00,2024-12-12T11:00:00-05:00,2024-12-12T15:00:00+00:00,2024-12-12T16:00:00+00:00,MOD-00811,60,35.86,7.353,4.654,4.884,7.037,725.929,2.727,10.132,44.758
2024-12-12T11:00:00-05:00,2024-12-12T12:00:00-05:00,2024-12-12T16:00:00+00:00,2024-12-12T17:00:00+00:00,MOD-00811,60,35.343,7.508,6.704,6.905,8.649,745.223,2.615,9.507,44.729
2024-12-12T12:00:00-05:00,2024-12-12T13:00:00-05:00,2024-12-12T17:00:00+00:00,2024-12-12T18:00:00+00:00,MOD-00811,60,35.76,7.442,7.159,7.502,9.439,752.498,2.536,11.515,44.098
2024-12-12T13:00:00-05:00,2024-12-12T14:00:00-05:00,2024-12-12T18:00:00+00:00,2024-12-12T19:00:00+00:00,MOD-00811,60,32.627,8.173,5.806,6.017,7.808,752.297,2.487,8.786,45.844
2024-12-12T14:00:00-05:00,2024-12-12T15:00:00-05:00,2024-12-12T19:00:00+00:00,2024-12-12T20:00:00+00:00,MOD-00811,60,31.375,8.058,4.694,5.034,7.119,758.563,2.088,10.05,47.179
2024-12-12T15:00:00-05:00,2024-12-12T16:00:00-05:00,2024-12-12T20:00:00+00:00,2024-12-12T21:00:00+00:00,MOD-00811,60,31.857,6.997,4.392,4.638,7.887,773.167,2.378,12.285,47.457
2024-12-12T16:00:00-05:00,2024-12-12T17:00:00-05:00,2024-12-12T21:00:00+00:00,2024-12-12T22:00:00+00:00,MOD-00811,60,28.175,5.032,2.501,2.676,5.695,777.868,2.088,9.885,50.457
2024-12-12T17:00:00-05:00,2024-12-12T18:00:00-05:00,2024-12-12T22:00:00+00:00,2024-12-12T23:00:00+00:00,MOD-00811,60,30.645,3.882,2.278,2.435,5.514,771.164,2.198,11.321,49.737
2024-12-12T18:00:00-05:00,2024-12-12T19:00:00-05:00,2024-12-12T23:00:00+00:00,2024-12-13T00:00:00+00:00,MOD-00811,60,31.457,3.112,3.137,3.305,7.187,756.401,2.126,11.514,50.132
2024-12-12T19:00:00-05:00,2024-12-12T20:00:00-05:00,2024-12-13T00:00:00+00:00,2024-12-13T01:00:00+00:00,MOD-00811,60,33.523,2.122,3.352,3.525,7.384,763.231,2.099,11.136,48.864
2024-12-12T20:00:00-05:00,2024-12-12T21:00:00-05:00,2024-12-13T01:00:00+00:00,2024-12-13T02:00:00+00:00,MOD-00811,60,35.458,1.23,2.817,3.03,5.689,797.088,1.823,12.607,44.533
2024-12-12T21:00:00-05:00,2024-12-12T22:00:00-05:00,2024-12-13T02:00:00+00:00,2024-12-13T03:00:00+00:00,MOD-00811,60,34.047,0.535,3.258,3.435,5.864,783.335,1.893,12.499,43.917
2024-12-12T22:00:00-05:00,2024-12-12T23:00:00-05:00,2024-12-13T03:00:00+00:00,2024-12-13T04:00:00+00:00,MOD-00811,60,36.768,-0.148,2.463,2.676,5.956,796.359,1.969,17.113,42.279
2024-12-12T23:00:00-05:00,2024-12-13T00:00:00-05:00,2024-12-13T04:00:00+00:00,2024-12-13T05:00:00+00:00,MOD-00811,60,39.0,-0.842,1.918,2.159,5.921,804.706,2.101,11.862,42.47
2024-12-13T00:00:00-05:00,2024-12-13T01:00:00-05:00,2024-12-13T05:00:00+00:00,2024-12-13T06:00:00+00:00,MOD-00811,60,42.408,-1.483,1.922,2.153,4.64,832.21,1.84,18.462,40.459
2024-12-13T01:00:00-05:00,2024-12-13T02:00:00-05:00,2024-12-13T06:00:00+00:00,2024-12-13T07:00:00+00:00,MOD-00811,60,44.572,-1.865,1.752,1.98,5.138,870.061,2.05,20.223,39.434
2024-12-13T02:00:00-05:00,2024-12-13T03:00:00-05:00,2024-12-13T07:00:00+00:00,2024-12-13T08:00:00+00:00,MOD-00811,60,46.64,-2.175,2.183,2.418,4.776,894.762,2.445,20.953,37.731
2024-12-13T03:00:00-05:00,2024-12-13T04:00:00-05:00,2024-12-13T08:00:00+00:00,2024-12-13T09:00:00+00:00,MOD-00811,60,46.047,-1.923,2.192,2.428,6.953,869.771,2.281,18.09,38.847
2024-12-13T04:00:00-05:00,2024-12-13T05:00:00-05:00,2024-12-13T09:00:00+00:00,2024-12-13T10:00:00+00:00,MOD-00811,60,44.108,-1.237,2.343,2.567,5.833,892.873,2.041,18.321,38.98
2024-12-13T05:00:00-05:00,2024-12-13T06:00:00-05:00,2024-12-13T10:00:00+00:00,2024-12-13T11:00:00+00:00,MOD-00811,60,42.093,-0.93,2.471,2.745,6.303,933.038,1.773,15.306,38.926
2024-12-13T06:00:00-05:00,2024-12-13T07:00:00-05:00,2024-12-13T11:00:00+00:00,2024-12-13T12:00:00+00:00,MOD-00811,60,44.598,-0.94,2.471,2.833,9.131,956.111,2.743,20.863,36.726
2024-12-13T07:00:00-05:00,2024-12-13T08:00:00-05:00,2024-12-13T12:00:00+00:00,2024-12-13T13:00:00+00:00,MOD-00811,60,46.758,-1.488,2.905,3.384,14.914,909.712,2.512,20.205,37.037
2024-12-13T08:00:00-05:00,2024-12-13T09:00:00-05:00,2024-12-13T13:00:00+00:00,2024-12-13T14:00:00+00:00,MOD-00811,60,43.417,-0.695,3.37,3.774,12.379,913.345,2.065,17.247,38.093
2024-12-13T09:00:00-05:00,2024-12-13T10:00:00-05:00,2024-12-13T14:00:00+00:00,2024-12-13T15:00:00+00:00,MOD-00811,60,36.508,1.207,3.166,3.531,8.926,893.724,2.141,9.823,41.158
2024-12-13T10:00:00-05:00,2024-12-13T11:00:00-05:00,2024-12-13T15:00:00+00:00,2024-12-13T16:00:00+00:00,MOD-00811,60,33.283,1.97,12.691,13.089,15.839,840.133,2.362,10.972,42.002
2024-12-13T11:00:00-05:00,2024-12-13T12:00:00-05:00,2024-12-13T16:00:00+00:00,2024-12-13T17:00:00+00:00,MOD-00811,60,30.615,2.605,2.552,2.911,5.717,809.77,2.31,10.466,43.474
2024-12-13T12:00:00-05:00,2024-12-13T13:00:00-05:00,2024-12-13T17:00:00+00:00,2024-12-13T18:00:00+00:00,MOD-00811,60,29.64,2.92,2.85,3.201,5.969,808.148,2.407,11.859,43.504
2024-12-13T13:00:00-05:00,2024-12-13T14:00:00-05:00,2024-12-13T18:00:00+00:00,2024-12-13T19:00:00+00:00,MOD-00811,60,28.597,2.808,3.316,3.619,7.71,806.709,2.235,8.224,44.368
2024-12-13T14:00:00-05:00,2024-12-13T15:00:00-05:00,2024-12-13T19:00:00+00:00,2024-12-13T20:00:00+00:00,MOD-00811,60,28.03,2.742,3.249,3.572,6.485,805.808,2.243,7.716,44.345
2024-12-13T15:00:00-05:00,2024-12-13T16:00:00-05:00,2024-12-13T20:00:00+00:00,2024-12-13T21:00:00+00:00,MOD-00811,52,28.94,2.175,3.201,3.571,7.15,816.122,2.186,10.601,42.924
2024-12-13T16:00:00-05:00,2024-12-13T17:00:00-05:00,2024-12-13T21:00:00+00:00,2024-12-13T22:00:00+00:00,MOD-00811,60,30.555,0.345,2.211,2.48,4.981,797.459,2.148,11.957,43.059
2024-12-13T17:00:00-05:00,2024-12-13T18:00:00-05:00,2024-12-13T22:00:00+00:00,2024-12-13T23:00:00+00:00,MOD-00811,60,33.423,-0.492,1.853,2.117,5.064,809.749,2.154,19.506,41.029
2024-12-13T18:00:00-05:00,2024-12-13T19:00:00-05:00,2024-12-13T23:00:00+00:00,2024-12-14T00:00:00+00:00,MOD-00811,60,36.363,-1.133,1.787,2.03,6.054,860.656,2.01,21.966,38.594
2024-12-13T19:00:00-05:00,2024-12-13T20:00:00-05:00,2024-12-14T00:00:00+00:00,2024-12-14T01:00:00+00:00,MOD-00811,60,39.022,-1.627,2.582,2.845,5.132,860.528,1.896,20.863,38.464
2024-12-13T20:00:00-05:00,2024-12-13T21:00:00-05:00,2024-12-14T01:00:00+00:00,2024-12-14T02:00:00+00:00,MOD-00811,60,42.362,-2.132,2.967,3.274,7.204,874.537,1.862,21.609,37.415
2024-12-13T21:00:00-05:00,2024-12-13T22:00:00-05:00,2024-12-14T02:00:00+00:00,2024-12-14T03:00:00+00:00,MOD-00811,60,45.772,-2.788,2.879,3.152,5.522,883.736,2.165,20.31,38.261
2024-12-13T22:00:00-05:00,2024-12-13T23:00:00-05:00,2024-12-14T03:00:00+00:00,2024-12-14T04:00:00+00:00,MOD-00811,60,47.778,-3.213,2.463,2.707,4.636,885.458,2.432,21.003,37.342
2024-12-13T23:00:00-05:00,2024-12-14T00:00:00-05:00,2024-12-14T04:00:00+00:00,2024-12-14T05:00:00+00:00,MOD-00811,60,49.397,-3.403,3.379,3.655,5.022,891.15,2.612,20.101,37.914
2024-12-14T00:00:00-05:00,2024-12-14T01:00:00-05:00,2024-12-14T05:00:00+00:00,2024-12-14T06:00:00+00:00,MOD-00811,60,51.39,-3.693,2.977,3.213,4.756,898.412,3.131,21.445,35.962
2024-12-14T01:00:00-05:00,2024-12-14T02:00:00-05:00,2024-12-14T06:00:00+00:00,2024-12-14T07:00:00+00:00,MOD-00811,60,52.785,-3.977,2.292,2.505,4.946,887.4,3.08,21.089,36.349
2024-12-14T02:00:00-05:00,2024-12-14T03:00:00-05:00,2024-12-14T07:00:00+00:00,2024-12-14T08:00:00+00:00,MOD-00811,60,54.52,-4.342,1.873,2.053,3.703,889.523,2.877,19.718,37.505
2024-12-14T03:00:00-05:00,2024-12-14T04:00:00-05:00,2024-12-14T08:00:00+00:00,2024-12-14T09:00:00+00:00,MOD-00811,60,56.64,-4.697,1.83,2.023,3.149,861.512,2.881,12.853,36.737
2024-12-14T04:00:00-05:00,2024-12-14T05:00:00-05:00,2024-12-14T09:00:00+00:00,2024-12-14T10:00:00+00:00,MOD-00811,60,58.308,-4.988,1.594,1.797,4.621,870.371,3.278,20.903,34.448
2024-12-14T05:00:00-05:00,2024-12-14T06:00:00-05:00,2024-12-14T10:00:00+00:00,2024-12-14T11:00:00+00:00,MOD-00811,60,60.898,-5.57,1.532,1.71,3.123,886.028,3.694,21.561,33.5
2024-12-14T06:00:00-05:00,2024-12-14T07:00:00-05:00,2024-12-14T11:00:00+00:00,2024-12-14T12:00:00+00:00,MOD-00811,60,61.877,-5.705,1.899,2.078,4.197,910.064,3.719,21.933,32.583
2024-12-14T07:00:00-05:00,2024-12-14T08:00:00-05:00,2024-12-14T12:00:00+00:00,2024-12-14T13:00:00+00:00,MOD-00811,60,59.287,-5.135,2.942,3.139,4.603,915.495,3.54,21.309,33.695
2024-12-14T08:00:00-05:00,2024-12-14T09:00:00-05:00,2024-12-14T13:00:00+00:00,2024-12-14T14:00:00+00:00,MOD-00811,60,52.603,-3.327,2.405,2.611,4.462,908.53,2.959,18.683,37.144
2024-12-14T09:00:00-05:00,2024-12-14T10:00:00-05:00,2024-12-14T14:00:00+00:00,2024-12-14T15:00:00+00:00,MOD-00811,60,41.822,-0.185,2.15,2.338,5.605,919.373,1.865,14.105,42.298
2024-12-14T10:00:00-05:00,2024-12-14T11:00:00-05:00,2024-12-14T15:00:00+00:00,2024-12-14T16:00:00+00:00,MOD-00811,60,37.585,1.2,2.498,2.695,5.41,816.542,2.036,10.508,45.219
2024-12-14T11:00:00-05:00,2024-12-14T12:00:00-05:00,2024-12-14T16:00:00+00:00,2024-12-14T17:00:00+00:00,MOD-00811,60,33.308,2.973,1.574,1.818,6.79,789.892,2.205,11.233,46.056
2024-12-14T12:00:00-05:00,2024-12-14T13:00:00-05:00,2024-12-14T17:00:00+00:00,2024-12-14T18:00:00+00:00,MOD-00811,60,31.025,4.017,1.585,1.719,3.177,764.704,2.466,9.82,46.09
2024-12-14T13:00:00-05:00,2024-12-14T14:00:00-05:00,2024-12-14T18:00:00+00:00,2024-12-14T19:00:00+00:00,MOD-00811,60,29.458,4.552,1.51,1.637,2.754,739.383,2.129,8.946,45.98
2024-12-14T14:00:00-05:00,2024-12-14T15:00:00-05:00,2024-12-14T19:00:00+00:00,2024-12-14T20:00:00+00:00,MOD-00811,60,29.178,4.452,1.74,1.848,2.884,736.744,1.939,8.259,46.545
2024-12-14T15:00:00-05:00,2024-12-14T16:00:00-05:00,2024-12-14T20:00:00+00:00,2024-12-14T21:00:00+00:00,MOD-00811,60,30.603,3.35,1.748,1.88,3.352,746.126,2.198,12.198,45.852
2024-12-14T16:00:00-05:00,2024-12-14T17:00:00-05:00,2024-12-14T21:00:00+00:00,2024-12-14T22:00:00+00:00,MOD-00811,60,35.478,0.83,1.666,1.881,5.353,832.205,2.019,15.748,42.122
2024-12-14T17:00:00-05:00,2024-12-14T18:00:00-05:00,2024-12-14T22:00:00+00:00,2024-12-14T23:00:00+00:00,MOD-00811,60,40.983,-0.437,2.922,3.162,6.864,841.42,1.826,19.815,38.891
2024-12-14T18:00:00-05:00,2024-12-14T19:00:00-05:00,2024-12-14T23:00:00+00:00,2024-12-15T00:00:00+00:00,MOD-00811,60,47.08,-1.673,5.297,5.616,8.516,966.899,2.582,24.915,31.905
2024-12-14T19:00:00-05:00,2024-12-14T20:00:00-05:00,2024-12-15T00:00:00+00:00,2024-12-15T01:00:00+00:00,MOD-00811,60,56.558,-3.102,5.961,6.462,13.801,1364.721,15.629,28.255,26.495
2024-12-14T20:00:00-05:00,2024-12-14T21:00:00-05:00,2024-12-15T01:00:00+00:00,2024-12-15T02:00:00+00:00,MOD-00811,60,57.265,-2.998,8.12,8.838,19.379,1618.969,18.555,29.034,25.564
2024-12-14T21:00:00-05:00,2024-12-14T22:00:00-05:00,2024-12-15T02:00:00+00:00,2024-12-15T03:00:00+00:00,MOD-00811,60,59.65,-3.45,8.043,8.751,15.649,1492.062,11.978,27.717,25.557
2024-12-14T22:00:00-05:00,2024-12-14T23:00:00-05:00,2024-12-15T03:00:00+00:00,2024-12-15T04:00:00+00:00,MOD-00811,60,58.913,-3.865,7.636,8.164,13.81,1373.151,5.38,27.003,25.919
2024-12-14T23:00:00-05:00,2024-12-15T00:00:00-05:00,2024-12-15T04:00:00+00:00,2024-12-15T05:00:00+00:00,MOD-00811,60,62.055,-4.182,8.25,8.665,12.826,1282.969,5.165,26.328,26.385
2024-12-15T00:00:00-05:00,2024-12-15T01:00:00-05:00,2024-12-15T05:00:00+00:00,2024-12-15T06:00:00+00:00,MOD-00811,60,58.972,-3.983,6.673,7.081,11.865,1206.24,4.347,25.993,27.171
2024-12-15T01:00:00-05:00,2024-12-15T02:00:00-05:00,2024-12-15T06:00:00+00:00,2024-12-15T07:00:00+00:00,MOD-00811,60,63.155,-4.82,6.942,7.26,9.699,1040.872,4.23,25.307,26.983
2024-12-15T02:00:00-05:00,2024-12-15T03:00:00-05:00,2024-12-15T07:00:00+00:00,2024-12-15T08:00:00+00:00,MOD-00811,60,61.127,-4.698,5.448,5.842,10.015,1094.264,4.385,25.097,27.601
2024-12-15T03:00:00-05:00,2024-12-15T04:00:00-05:00,2024-12-15T08:00:00+00:00,2024-12-15T09:00:00+00:00,MOD-00811,60,63.585,-5.178,3.439,3.861,7.908,1172.398,5.587,26.104,25.702
2024-12-15T04:00:00-05:00,2024-12-15T05:00:00-05:00,2024-12-15T09:00:00+00:00,2024-12-15T10:00:00+00:00,MOD-00811,60,65.028,-5.542,3.27,3.635,6.923,1209.131,5.11,26.053,25.643
2024-12-15T05:00:00-05:00,2024-12-15T06:00:00-05:00,2024-12-15T10:00:00+00:00,2024-12-15T11:00:00+00:00,MOD-00811,60,70.017,-6.362,5.325,5.711,9.162,1285.868,2.982,25.153,26.203
2024-12-15T06:00:00-05:00,2024-12-15T07:00:00-05:00,2024-12-15T11:00:00+00:00,2024-12-15T12:00:00+00:00,MOD-00811,60,72.263,-6.523,3.611,4.01,8.052,1398.411,4.045,25.998,25.011
2024-12-15T07:00:00-05:00,2024-12-15T08:00:00-05:00,2024-12-15T12:00:00+00:00,2024-12-15T13:00:00+00:00,MOD-00811,60,69.378,-6.075,3.539,3.956,7.22,1450.861,4.938,25.934,25.334
2024-12-15T08:00:00-05:00,2024-12-15T09:00:00-05:00,2024-12-15T13:00:00+00:00,2024-12-15T14:00:00+00:00,MOD-00811,60,55.905,-3.723,4.369,4.725,7.915,1313.269,3.774,22.291,32.012
2024-12-15T09:00:00-05:00,2024-12-15T10:00:00-05:00,2024-12-15T14:00:00+00:00,2024-12-15T15:00:00+00:00,MOD-00811,60,40.655,0.24,5.171,5.478,7.919,1159.487,2.021,15.494,39.373
2024-12-15T10:00:00-05:00,2024-12-15T11:00:00-05:00,2024-12-15T15:00:00+00:00,2024-12-15T16:00:00+00:00,MOD-00811,60,33.86,3.233,5.519,5.779,7.366,1027.136,2.304,15.514,39.973
2024-12-15T11:00:00-05:00,2024-12-15T12:00:00-05:00,2024-12-15T16:00:00+00:00,2024-12-15T17:00:00+00:00,MOD-00811,60,29.207,6.003,5.722,5.967,7.796,882.084,2.7,17.196,38.968
2024-12-15T12:00:00-05:00,2024-12-15T13:00:00-05:00,2024-12-15T17:00:00+00:00,2024-12-15T18:00:00+00:00,MOD-00811,60,30.617,6.807,4.034,4.286,6.684,790.604,2.36,13.219,42.057
2024-12-15T13:00:00-05:00,2024-12-15T14:00:00-05:00,2024-12-15T18:00:00+00:00,2024-12-15T19:00:00+00:00,MOD-00811,60,36.143,5.093,2.129,2.358,4.152,721.372,2.084,13.684,46.104
2024-12-15T14:00:00-05:00,2024-12-15T15:00:00-05:00,2024-12-15T19:00:00+00:00,2024-12-15T20:00:00+00:00,MOD-00811,60,33.208,4.723,2.106,2.3,3.457,734.401,2.511,14.369,46.053
2024-12-15T15:00:00-05:00,2024-12-15T16:00:00-05:00,2024-12-15T20:00:00+00:00,2024-12-15T21:00:00+00:00,MOD-00811,60,38.458,2.813,2.066,2.293,3.492,723.302,1.993,13.106,45.489
2024-12-15T16:00:00-05:00,2024-12-15T17:00:00-05:00,2024-12-15T21:00:00+00:00,2024-12-15T22:00:00+00:00,MOD-00811,60,46.417,1.475,2.212,2.489,5.793,738.742,2.092,17.078,43.917
2024-12-15T17:00:00-05:00,2024-12-15T18:00:00-05:00,2024-12-15T22:00:00+00:00,2024-12-15T23:00:00+00:00,MOD-00811,60,51.112,0.837,3.606,3.939,7.22,780.251,2.497,20.219,40.342
2024-12-15T18:00:00-05:00,2024-12-15T19:00:00-05:00,2024-12-15T23:00:00+00:00,2024-12-16T00:00:00+00:00,MOD-00811,60,52.882,0.975,9.108,9.533,14.973,959.158,2.623,25.829,30.062
2024-12-15T19:00:00-05:00,2024-12-15T20:00:00-05:00,2024-12-16T00:00:00+00:00,2024-12-16T01:00:00+00:00,MOD-00811,60,51.502,0.697,10.396,10.759,15.545,997.304,2.756,26.214,29.289
2024-12-15T20:00:00-05:00,2024-12-15T21:00:00-05:00,2024-12-16T01:00:00+00:00,2024-12-16T02:00:00+00:00,MOD-00811,60,52.967,0.258,9.631,10.01,13.603,933.55,2.607,23.65,33.258
2024-12-15T21:00:00-05:00,2024-12-15T22:00:00-05:00,2024-12-16T02:00:00+00:00,2024-12-16T03:00:00+00:00,MOD-00811,60,56.527,0.333,12.132,12.561,16.216,966.571,1.905,24.742,30.495
2024-12-15T22:00:00-05:00,2024-12-15T23:00:00-05:00,2024-12-16T03:00:00+00:00,2024-12-16T04:00:00+00:00,MOD-00811,60,60.538,0.588,9.541,9.913,14.655,863.601,2.708,20.764,35.784
2024-12-15T23:00:00-05:00,2024-12-16T00:00:00-05:00,2024-12-16T04:00:00+00:00,2024-12-16T05:00:00+00:00,MOD-00811,60,63.51,1.147,8.296,8.673,13.378,835.738,2.575,21.967,33.845
2024-12-16T00:00:00-05:00,2024-12-16T01:00:00-05:00,2024-12-16T05:00:00+00:00,2024-12-16T06:00:00+00:00,MOD-00811,60,64.718,1.207,9.662,10.015,14.604,863.523,2.381,23.125,31.26
2024-12-16T01:00:00-05:00,2024-12-16T02:00:00-05:00,2024-12-16T06:00:00+00:00,2024-12-16T07:00:00+00:00,MOD-00811,60,65.332,1.432,8.281,8.658,13.676,854.566,2.526,24.734,28.963
2024-12-16T02:00:00-05:00,2024-12-16T03:00:00-05:00,2024-12-16T07:00:00+00:00,2024-12-16T08:00:00+00:00,MOD-00811,60,65.567,1.705,6.305,6.666,11.264,909.771,2.112,22.191,31.791
2024-12-16T03:00:00-05:00,2024-12-16T04:00:00-05:00,2024-12-16T08:00:00+00:00,2024-12-16T09:00:00+00:00,MOD-00811,60,66.132,1.875,6.034,6.373,11.444,803.04,1.993,21.095,32.9
2024-12-16T04:00:00-05:00,2024-12-16T05:00:00-05:00,2024-12-16T09:00:00+00:00,2024-12-16T10:00:00+00:00,MOD-00811,60,67.507,2.193,3.938,4.339,12.253,809.639,4.476,23.649,30.809
2024-12-16T05:00:00-05:00,2024-12-16T06:00:00-05:00,2024-12-16T10:00:00+00:00,2024-12-16T11:00:00+00:00,MOD-00811,60,68.233,2.623,4.247,5.022,15.728,845.185,1.853,23.962,29.591
2024-12-16T06:00:00-05:00,2024-12-16T07:00:00-05:00,2024-12-16T11:00:00+00:00,2024-12-16T12:00:00+00:00,MOD-00811,60,71.808,2.622,4.418,5.015,18.432,834.496,1.967,25.096,28.121
2024-12-16T07:00:00-05:00,2024-12-16T08:00:00-05:00,2024-12-16T12:00:00+00:00,2024-12-16T13:00:00+00:00,MOD-00811,60,77.773,2.423,5.154,6.107,30.102,943.435,15.102,28.523,24.582
2024-12-16T08:00:00-05:00,2024-12-16T09:00:00-05:00,2024-12-16T13:00:00+00:00,2024-12-16T14:00:00+00:00,MOD-00811,60,79.922,2.74,9.623,10.619,35.564,1105.599,9.853,28.547,24.145
2024-12-16T09:00:00-05:00,2024-12-16T10:00:00-05:00,2024-12-16T14:00:00+00:00,2024-12-16T15:00:00+00:00,MOD-00811,60,80.775,3.567,12.891,14.014,41.181,1078.245,8.77,27.64,23.945
2024-12-16T10:00:00-05:00,2024-12-16T11:00:00-05:00,2024-12-16T15:00:00+00:00,2024-12-16T16:00:00+00:00,MOD-00811,60,82.548,4.453,8.775,9.957,39.553,957.828,5.775,26.411,25.265
2024-12-16T11:00:00-05:00,2024-12-16T12:00:00-05:00,2024-12-16T16:00:00+00:00,2024-12-16T17:00:00+00:00,MOD-00811,60,83.41,5.535,6.524,7.805,35.486,840.705,4.285,23.703,27.588
2024-12-16T12:00:00-05:00,2024-12-16T13:00:00-05:00,2024-12-16T17:00:00+00:00,2024-12-16T18:00:00+00:00,MOD-00811,60,83.055,6.897,4.084,5.81,32.022,864.642,2.74,21.173,31.973
2024-12-16T13:00:00-05:00,2024-12-16T14:00:00-05:00,2024-12-16T18:00:00+00:00,2024-12-16T19:00:00+00:00,MOD-00811,60,76.033,8.367,1.946,3.864,26.954,839.011,1.764,16.117,40.517
2024-12-16T14:00:00-05:00,2024-12-16T15:00:00-05:00,2024-12-16T19:00:00+00:00,2024-12-16T20:00:00+00:00,MOD-00811,60,74.423,8.36,1.813,3.793,29.66,828.899,1.701,18.272,39.149
2024-12-16T15:00:00-05:00,2024-12-16T16:00:00-05:00,2024-12-16T20:00:00+00:00,2024-12-16T21:00:00+00:00,MOD-00811,60,77.62,7.742,1.615,4.117,40.129,903.589,1.898,18.075,41.167
2024-12-16T16:00:00-05:00,2024-12-16T17:00:00-05:00,2024-12-16T21:00:00+00:00,2024-12-16T22:00:00+00:00,MOD-00811,60,80.535,7.258,1.665,5.116,47.466,792.123,1.996,7.788,42.847
2024-12-16T17:00:00-05:00,2024-12-16T18:00:00-05:00,2024-12-16T22:00:00+00:00,2024-12-16T23:00:00+00:00,MOD-00811,60,83.485,7.1,2.059,6.698,56.119,991.301,2.291,5.951,42.532
2024-12-16T18:00:00-05:00,2024-12-16T19:00:00-05:00,2024-12-16T23:00:00+00:00,2024-12-17T00:00:00+00:00,MOD-00811,60,87.002,7.158,2.033,7.779,100.702,919.798,2.526,8.349,40.767
2024-12-16T19:00:00-05:00,2024-12-16T20:00:00-05:00,2024-12-17T00:00:00+00:00,2024-12-17T01:00:00+00:00,MOD-00811,60,89.132,7.703,2.134,8.936,103.632,986.019,2.66,7.503,39.338
2024-12-16T20:00:00-05:00,2024-12-16T21:00:00-05:00,2024-12-17T01:00:00+00:00,2024-12-17T02:00:00+00:00,MOD-00811,60,88.643,8.315,1.87,10.755,119.071,963.381,2.681,7.296,40.264
2024-12-16T21:00:00-05:00,2024-12-16T22:00:00-05:00,2024-12-17T02:00:00+00:00,2024-12-17T03:00:00+00:00,MOD-00811,60,90.51,8.597,1.884,12.987,136.281,945.399,3.311,6.45,40.435
2024-12-16T22:00:00-05:00,2024-12-16T23:00:00-05:00,2024-12-17T03:00:00+00:00,2024-12-17T04:00:00+00:00,MOD-00811,60,90.14,8.873,1.917,14.707,130.989,929.718,3.364,6.881,38.338
2024-12-16T23:00:00-05:00,2024-12-17T00:00:00-05:00,2024-12-17T04:00:00+00:00,2024-12-17T05:00:00+00:00,MOD-00811,60,91.892,9.888,1.686,14.28,139.571,805.213,3.639,9.267,42.874
2024-12-17T00:00:00-05:00,2024-12-17T01:00:00-05:00,2024-12-17T05:00:00+00:00,2024-12-17T06:00:00+00:00,MOD-00811,60,90.925,11.015,1.757,15.184,113.352,723.666,3.703,10.292,43.78
2024-12-17T01:00:00-05:00,2024-12-17T02:00:00-05:00,2024-12-17T06:00:00+00:00,2024-12-17T07:00:00+00:00,MOD-00811,60,91.882,11.623,1.744,14.666,97.066,673.356,3.811,10.163,44.163
2024-12-17T02:00:00-05:00,2024-12-17T03:00:00-05:00,2024-12-17T07:00:00+00:00,2024-12-17T08:00:00+00:00,MOD-00811,60,91.55,12.283,1.21,9.188,36.517,669.193,3.739,9.295,43.883
2024-12-17T03:00:00-05:00,2024-12-17T04:00:00-05:00,2024-12-17T08:00:00+00:00,2024-12-17T09:00:00+00:00,MOD-00811,60,91.557,12.49,0.815,5.353,15.082,691.278,3.776,9.304,43.103
2024-12-17T04:00:00-05:00,2024-12-17T05:00:00-05:00,2024-12-17T09:00:00+00:00,2024-12-17T10:00:00+00:00,MOD-00811,60,92.42,13.38,0.157,1.047,4.058,646.689,3.599,9.31,43.251
2024-12-17T05:00:00-05:00,2024-12-17T06:00:00-05:00,2024-12-17T10:00:00+00:00,2024-12-17T11:00:00+00:00,MOD-00811,60,91.065,13.905,0.282,1.549,8.814,650.729,3.444,9.396,41.974
2024-12-17T06:00:00-05:00,2024-12-17T07:00:00-05:00,2024-12-17T11:00:00+00:00,2024-12-17T12:00:00+00:00,MOD-00811,60,89.385,14.19,0.647,2.583,14.974,666.296,3.274,9.658,40.048
2024-12-17T07:00:00-05:00,2024-12-17T08:00:00-05:00,2024-12-17T12:00:00+00:00,2024-12-17T13:00:00+00:00,MOD-00811,60,87.588,14.107,1.176,3.01,12.846,701.595,3.22,10.06,35.551
2024-12-17T08:00:00-05:00,2024-12-17T09:00:00-05:00,2024-12-17T13:00:00+00:00,2024-12-17T14:00:00+00:00,MOD-00811,60,84.245,14.078,1.825,2.798,7.874,716.186,2.776,10.311,32.842
2024-12-17T09:00:00-05:00,2024-12-17T10:00:00-05:00,2024-12-17T14:00:00+00:00,2024-12-17T15:00:00+00:00,MOD-00811,60,81.24,14.04,2.75,3.612,8.146,717.17,2.312,8.514,30.427
2024-12-17T10:00:00-05:00,2024-12-17T11:00:00-05:00,2024-12-17T15:00:00+00:00,2024-12-17T16:00:00+00:00,MOD-00811,60,73.32,15.345,3.057,3.741,6.576,725.462,1.994,9.383,29.734
2024-12-17T11:00:00-05:00,2024-12-17T12:00:00-05:00,2024-12-17T16:00:00+00:00,2024-12-17T17:00:00+00:00,MOD-00811,60,63.165,17.423,2.928,3.41,6.418,746.952,3.11,9.002,30.215
2024-12-17T12:00:00-05:00,2024-12-17T13:00:00-05:00,2024-12-17T17:00:00+00:00,2024-12-17T18:00:00+00:00,MOD-00811,60,55.582,19.197,2.671,3.185,6.793,760.826,2.457,7.03,30.977
2024-12-17T13:00:00-05:00,2024-12-17T14:00:00-05:00,2024-12-17T18:00:00+00:00,2024-12-17T19:00:00+00:00,MOD-00811,60,50.362,19.265,2.208,2.804,6.736,723.502,2.918,10.479,33.892
2024-12-17T14:00:00-05:00,2024-12-17T15:00:00-05:00,2024-12-17T19:00:00+00:00,2024-12-17T20:00:00+00:00,MOD-00811,60,44.093,17.942,2.039,2.402,5.597,705.034,2.182,5.91,40.205
2024-12-17T15:00:00-05:00,2024-12-17T16:00:00-05:00,2024-12-17T20:00:00+00:00,2024-12-17T21:00:00+00:00,MOD-00811,60,47.267,16.818,1.493,1.872,7.334,783.868,2.543,12.906,39.056
2024-12-17T16:00:00-05:00,2024-12-17T17:00:00-05:00,2024-12-17T21:00:00+00:00,2024-12-17T22:00:00+00:00,MOD-00811,60,54.778,14.313,2.022,2.435,9.562,958.273,1.552,13.586,35.321
2024-12-17T17:00:00-05:00,2024-12-17T18:00:00-05:00,2024-12-17T22:00:00+00:00,2024-12-17T23:00:00+00:00,MOD-00811,60,57.403,12.543,1.777,2.188,8.535,947.486,1.797,23.143,34.889
2024-12-17T18:00:00-05:00,2024-12-17T19:00:00-05:00,2024-12-17T23:00:00+00:00,2024-12-18T00:00:00+00:00,MOD-00811,60,61.23,11.272,3.012,3.422,9.466,980.601,2.746,24.248,32.869
2024-12-17T19:00:00-05:00,2024-12-17T20:00:00-05:00,2024-12-18T00:00:00+00:00,2024-12-18T01:00:00+00:00,MOD-00811,60,65.937,10.073,4.128,4.521,9.3,1021.244,2.061,25.898,30.407
2024-12-17T20:00:00-05:00,2024-12-17T21:00:00-05:00,2024-12-18T01:00:00+00:00,2024-12-18T02:00:00+00:00,MOD-00811,60,64.923,10.44,2.036,2.322,5.539,853.025,1.998,20.228,35.967
2024-12-17T21:00:00-05:00,2024-12-17T22:00:00-05:00,2024-12-18T02:00:00+00:00,2024-12-18T03:00:00+00:00,MOD-00811,60,65.087,10.485,2.951,3.236,6.752,834.457,1.98,20.172,34.801
2024-12-17T22:00:00-05:00,2024-12-17T23:00:00-05:00,2024-12-18T03:00:00+00:00,2024-12-18T04:00:00+00:00,MOD-00811,60,64.527,9.343,2.895,3.184,6.097,798.401,2.079,18.315,36.694
2024-12-17T23:00:00-05:00,2024-12-18T00:00:00-05:00,2024-12-18T04:00:00+00:00,2024-12-18T05:00:00+00:00,MOD-00811,60,64.332,8.167,3.403,3.658,6.34,781.595,1.987,18.529,36.462
2024-12-18T00:00:00-05:00,2024-12-18T01:00:00-05:00,2024-12-18T05:00:00+00:00,2024-12-18T06:00:00+00:00,MOD-00811,60,66.185,6.99,4.454,4.674,7.438,804.09,1.682,20.435,34.854
2024-12-18T01:00:00-05:00,2024-12-18T02:00:00-05:00,2024-12-18T06:00:00+00:00,2024-12-18T07:00:00+00:00,MOD-00811,60,70.88,5.937,4.926,5.14,7.066,841.505,1.663,22.409,31.06
2024-12-18T02:00:00-05:00,2024-12-18T03:00:00-05:00,2024-12-18T07:00:00+00:00,2024-12-18T08:00:00+00:00,MOD-00811,60,74.303,4.805,4.923,5.118,6.982,879.703,1.551,22.143,30.195
2024-12-18T03:00:00-05:00,2024-12-18T04:00:00-05:00,2024-12-18T08:00:00+00:00,2024-12-18T09:00:00+00:00,MOD-00811,60,82.12,3.708,4.69,4.918,7.778,971.593,2.898,22.029,24.849
2024-12-18T04:00:00-05:00,2024-12-18T05:00:00-05:00,2024-12-18T09:00:00+00:00,2024-12-18T10:00:00+00:00,MOD-00811,60,80.662,3.435,4.922,5.161,7.818,1026.117,3.271,25.152,23.705
2024-12-18T05:00:00-05:00,2024-12-18T06:00:00-05:00,2024-12-18T10:00:00+00:00,2024-12-18T11:00:00+00:00,MOD-00811,60,81.597,3.07,5.42,5.714,7.909,1151.065,6.286,25.58,23.645
2024-12-18T06:00:00-05:00,2024-12-18T07:00:00-05:00,2024-12-18T11:00:00+00:00,2024-12-18T12:00:00+00:00,MOD-00811,60,83.365,2.66,6.596,7.012,14.278,1291.922,39.248,26.747,23.527
2024-12-18T07:00:00-05:00,2024-12-18T08:00:00-05:00,2024-12-18T12:00:00+00:00,2024-12-18T13:00:00+00:00,MOD-00811,60,83.298,2.483,6.32,6.704,11.219,1422.724,25.481,25.49,23.269
2024-12-18T08:00:00-05:00,2024-12-18T09:00:00-05:00,2024-12-18T13:00:00+00:00,2024-12-18T14:00:00+00:00,MOD-00811,60,74.098,4.848,8.394,9.024,18.732,1580.716,48.559,26.162,23.664
2024-12-18T09:00:00-05:00,2024-12-18T10:00:00-05:00,2024-12-18T14:00:00+00:00,2024-12-18T15:00:00+00:00,MOD-00811,60,52.655,10.503,8.932,9.426,15.474,1184.623,8.778,18.88,30.18
2024-12-18T10:00:00-05:00,2024-12-18T11:00:00-05:00,2024-12-18T15:00:00+00:00,2024-12-18T16:00:00+00:00,MOD-00811,60,47.628,13.075,8.145,8.395,11.717,1102.99,2.231,12.883,34.191
2024-12-18T11:00:00-05:00,2024-12-18T12:00:00-05:00,2024-12-18T16:00:00+00:00,2024-12-18T17:00:00+00:00,MOD-00811,60,40.638,13.732,5.117,5.421,12.187,814.807,2.979,8.307,39.421
2024-12-18T12:00:00-05:00,2024-12-18T13:00:00-05:00,2024-12-18T17:00:00+00:00,2024-12-18T18:00:00+00:00,MOD-00811,60,38.16,14.128,4.164,4.533,17.175,748.659,2.989,7.944,41.695
2024-12-18T13:00:00-05:00,2024-12-18T14:00:00-05:00,2024-12-18T18:00:00+00:00,2024-12-18T19:00:00+00:00,MOD-00811,60,39.462,14.157,4.347,4.835,15.768,737.954,2.848,6.934,42.297
2024-12-18T14:00:00-05:00,2024-12-18T15:00:00-05:00,2024-12-18T19:00:00+00:00,2024-12-18T20:00:00+00:00,MOD-00811,60,47.362,13.162,4.071,4.391,11.112,1088.953,2.007,16.536,42.16
2024-12-18T15:00:00-05:00,2024-12-18T16:00:00-05:00,2024-12-18T20:00:00+00:00,2024-12-18T21:00:00+00:00,MOD-00811,60,53.725,11.42,4.111,4.489,12.136,1131.336,1.548,19.384,42.26
2024-12-18T16:00:00-05:00,2024-12-18T17:00:00-05:00,2024-12-18T21:00:00+00:00,2024-12-18T22:00:00+00:00,MOD-00811,60,68.933,8.582,3.909,4.301,12.344,1103.09,1.798,19.352,41.14
2024-12-18T17:00:00-05:00,2024-12-18T18:00:00-05:00,2024-12-18T22:00:00+00:00,2024-12-18T23:00:00+00:00,MOD-00811,60,75.732,7.332,4.373,4.649,11.018,1124.827,1.747,20.39,39.651
2024-12-18T18:00:00-05:00,2024-12-18T19:00:00-05:00,2024-12-18T23:00:00+00:00,2024-12-19T00:00:00+00:00,MOD-00811,60,70.588,7.757,6.12,6.373,11.533,753.714,1.586,19.752,36.218
2024-12-18T19:00:00-05:00,2024-12-18T20:00:00-05:00,2024-12-19T00:00:00+00:00,2024-12-19T01:00:00+00:00,MOD-00811,60,70.022,8.162,6.966,7.278,14.338,834.917,1.619,20.061,35.809
2024-12-18T20:00:00-05:00,2024-12-18T21:00:00-05:00,2024-12-19T01:00:00+00:00,2024-12-19T02:00:00+00:00,MOD-00811,60,84.117,7.232,9.44,10.513,23.76,830.67,2.351,21.507,32.272
2024-12-18T21:00:00-05:00,2024-12-18T22:00:00-05:00,2024-12-19T02:00:00+00:00,2024-12-19T03:00:00+00:00,MOD-00811,60,89.12,6.615,6.68,7.444,15.843,784.716,2.81,8.46,33.426
2024-12-18T22:00:00-05:00,2024-12-18T23:00:00-05:00,2024-12-19T03:00:00+00:00,2024-12-19T04:00:00+00:00,MOD-00811,60,90.037,6.67,5.055,5.581,16.809,773.561,2.895,8.035,32.715
2024-12-18T23:00:00-05:00,2024-12-19T00:00:00-05:00,2024-12-19T04:00:00+00:00,2024-12-19T05:00:00+00:00,MOD-00811,60,89.553,6.873,5.834,6.099,8.489,765.64,2.81,8.106,32.758
2024-12-19T00:00:00-05:00,2024-12-19T01:00:00-05:00,2024-12-19T05:00:00+00:00,2024-12-19T06:00:00+00:00,MOD-00811,60,88.917,7.0,4.704,4.892,6.14,759.599,2.775,8.102,33.044
2024-12-19T01:00:00-05:00,2024-12-19T02:00:00-05:00,2024-12-19T06:00:00+00:00,2024-12-19T07:00:00+00:00,MOD-00811,60,87.21,6.828,3.937,4.14,5.683,806.808,2.695,8.178,30.483
2024-12-19T02:00:00-05:00,2024-12-19T03:00:00-05:00,2024-12-19T07:00:00+00:00,2024-12-19T08:00:00+00:00,MOD-00811,60,85.427,6.528,2.874,3.063,4.07,769.423,2.492,7.356,31.932
2024-12-19T03:00:00-05:00,2024-12-19T04:00:00-05:00,2024-12-19T08:00:00+00:00,2024-12-19T09:00:00+00:00,MOD-00811,60,85.427,6.063,2.661,2.926,4.992,748.635,2.684,7.432,32.13
2024-12-19T04:00:00-05:00,2024-12-19T05:00:00-05:00,2024-12-19T09:00:00+00:00,2024-12-19T10:00:00+00:00,MOD-00811,60,85.638,5.978,2.724,2.99,7.173,768.535,2.78,7.501,30.66
2024-12-19T05:00:00-05:00,2024-12-19T06:00:00-05:00,2024-12-19T10:00:00+00:00,2024-12-19T11:00:00+00:00,MOD-00811,60,79.612,6.003,2.63,2.743,3.892,735.732,3.297,13.327,34.091
2024-12-19T06:00:00-05:00,2024-12-19T07:00:00-05:00,2024-12-19T11:00:00+00:00,2024-12-19T12:00:00+00:00,MOD-00811,60,77.112,5.487,2.841,2.914,3.15,747.547,1.816,16.207,32.853
2024-12-19T07:00:00-05:00,2024-12-19T08:00:00-05:00,2024-12-19T12:00:00+00:00,2024-12-19T13:00:00+00:00,MOD-00811,60,73.607,5.145,2.443,2.504,2.69,766.533,1.587,12.564,31.694
2024-12-19T08:00:00-05:00,2024-12-19T09:00:00-05:00,2024-12-19T13:00:00+00:00,2024-12-19T14:00:00+00:00,MOD-00811,60,68.022,5.857,1.716,1.792,2.031,775.187,1.836,13.09,31.994
2024-12-19T09:00:00-05:00,2024-12-19T10:00:00-05:00,2024-12-19T14:00:00+00:00,2024-12-19T15:00:00+00:00,MOD-00811,60,54.1,7.753,1.363,1.469,2.732,796.878,2.145,10.629,35.824
2024-12-19T10:00:00-05:00,2024-12-19T11:00:00-05:00,2024-12-19T15:00:00+00:00,2024-12-19T16:00:00+00:00,MOD-00811,60,46.893,8.742,1.302,1.449,5.835,782.469,1.961,10.499,38.425
2024-12-19T11:00:00-05:00,2024-12-19T12:00:00-05:00,2024-12-19T16:00:00+00:00,2024-12-19T17:00:00+00:00,MOD-00811,60,42.412,9.39,1.316,1.594,9.897,753.066,3.077,9.309,40.38
2024-12-19T12:00:00-05:00,2024-12-19T13:00:00-05:00,2024-12-19T17:00:00+00:00,2024-12-19T18:00:00+00:00,MOD-00811,60,40.17,9.215,1.133,1.343,5.346,735.797,2.172,10.822,42.908
2024-12-19T13:00:00-05:00,2024-12-19T14:00:00-05:00,2024-12-19T18:00:00+00:00,2024-12-19T19:00:00+00:00,MOD-00811,60,37.083,9.77,1.114,1.322,5.179,731.151,2.679,9.377,44.944
2024-12-19T14:00:00-05:00,2024-12-19T15:00:00-05:00,2024-12-19T19:00:00+00:00,2024-12-19T20:00:00+00:00,MOD-00811,60,37.18,8.572,1.051,1.236,5.283,745.792,2.645,10.51,45.397
2024-12-19T15:00:00-05:00,2024-12-19T16:00:00-05:00,2024-12-19T20:00:00+00:00,2024-12-19T21:00:00+00:00,MOD-00811,60,38.707,7.172,0.954,1.173,3.342,774.785,2.254,11.401,44.985
2024-12-19T16:00:00-05:00,2024-12-19T17:00:00-05:00,2024-12-19T21:00:00+00:00,2024-12-19T22:00:00+00:00,MOD-00811,60,42.632,5.957,0.929,1.087,5.314,788.352,2.017,15.731,43.778
2024-12-19T17:00:00-05:00,2024-12-19T18:00:00-05:00,2024-12-19T22:00:00+00:00,2024-12-19T23:00:00+00:00,MOD-00811,60,45.083,5.147,1.05,1.199,4.06,815.327,1.855,17.705,42.701
2024-12-19T18:00:00-05:00,2024-12-19T19:00:00-05:00,2024-12-19T23:00:00+00:00,2024-12-20T00:00:00+00:00,MOD-00811,60,47.968,4.44,1.039,1.272,5.117,857.056,2.146,20.841,40.168
2024-12-19T19:00:00-05:00,2024-12-19T20:00:00-05:00,2024-12-20T00:00:00+00:00,2024-12-20T01:00:00+00:00,MOD-00811,60,50.117,4.015,1.604,1.793,5.616,892.92,2.162,22.211,37.499
2024-12-19T20:00:00-05:00,2024-12-19T21:00:00-05:00,2024-12-20T01:00:00+00:00,2024-12-20T02:00:00+00:00,MOD-00811,60,53.533,3.495,2.671,2.921,7.073,964.344,2.31,22.394,36.166
2024-12-19T21:00:00-05:00,2024-12-19T22:00:00-05:00,2024-12-20T02:00:00+00:00,2024-12-20T03:00:00+00:00,MOD-00811,60,55.548,3.328,2.427,2.591,5.905,891.291,2.352,20.976,36.365
2024-12-19T22:00:00-05:00,2024-12-19T23:00:00-05:00,2024-12-20T03:00:00+00:00,2024-12-20T04:00:00+00:00,MOD-00811,60,55.802,3.29,2.272,2.461,4.906,901.524,2.311,20.656,36.302
2024-12-19T23:00:00-05:00,2024-12-20T00:00:00-05:00,2024-12-20T04:00:00+00:00,2024-12-20T05:00:00+00:00,MOD-00811,60,61.027,2.688,5.228,5.378,6.958,828.206,2.495,20.445,34.908
2024-12-20T00:00:00-05:00,2024-12-20T01:00:00-05:00,2024-12-20T05:00:00+00:00,2024-12-20T06:00:00+00:00,MOD-00811,60,66.3,1.918,4.244,4.372,6.701,794.449,1.902,19.98,32.431
2024-12-20T01:00:00-05:00,2024-12-20T02:00:00-05:00,2024-12-20T06:00:00+00:00,2024-12-20T07:00:00+00:00,MOD-00811,60,65.232,1.49,3.59,3.692,4.638,746.436,2.159,13.7,35.296
2024-12-20T02:00:00-05:00,2024-12-20T03:00:00-05:00,2024-12-20T07:00:00+00:00,2024-12-20T08:00:00+00:00,MOD-00811,60,64.905,1.1,3.111,3.19,4.367,729.922,2.257,9.872,36.892
2024-12-20T03:00:00-05:00,2024-12-20T04:00:00-05:00,2024-12-20T08:00:00+00:00,2024-12-20T09:00:00+00:00,MOD-00811,60,64.353,0.717,2.986,3.084,5.077,726.575,2.541,14.653,36.899
2024-12-20T04:00:00-05:00,2024-12-20T05:00:00-05:00,2024-12-20T09:00:00+00:00,2024-12-20T10:00:00+00:00,MOD-00811,60,65.107,0.555,2.759,2.937,5.268,720.871,2.389,13.619,37.546
2024-12-20T05:00:00-05:00,2024-12-20T06:00:00-05:00,2024-12-20T10:00:00+00:00,2024-12-20T11:00:00+00:00,MOD-00811,60,68.183,0.688,2.588,2.97,8.934,730.42,1.909,18.933,36.565
2024-12-20T06:00:00-05:00,2024-12-20T07:00:00-05:00,2024-12-20T11:00:00+00:00,2024-12-20T12:00:00+00:00,MOD-00811,60,70.403,1.055,2.562,3.236,14.805,745.228,1.732,20.331,35.397
2024-12-20T07:00:00-05:00,2024-12-20T08:00:00-05:00,2024-12-20T12:00:00+00:00,2024-12-20T13:00:00+00:00,MOD-00811,60,71.455,1.635,3.073,4.172,25.941,765.565,3.522,23.459,31.666
2024-12-20T08:00:00-05:00,2024-12-20T09:00:00-05:00,2024-12-20T13:00:00+00:00,2024-12-20T14:00:00+00:00,MOD-00811,60,73.333,2.257,2.946,4.32,26.019,755.693,1.703,22.357,33.567
2024-12-20T09:00:00-05:00,2024-12-20T10:00:00-05:00,2024-12-20T14:00:00+00:00,2024-12-20T15:00:00+00:00,MOD-00811,60,76.42,2.698,3.763,5.378,24.865,750.933,4.556,22.11,34.258
2024-12-20T10:00:00-05:00,2024-12-20T11:00:00-05:00,2024-12-20T15:00:00+00:00,2024-12-20T16:00:00+00:00,MOD-00811,60,78.832,2.877,4.724,6.25,33.157,739.554,1.822,20.534,36.643
2024-12-20T11:00:00-05:00,2024-12-20T12:00:00-05:00,2024-12-20T16:00:00+00:00,2024-12-20T17:00:00+00:00,MOD-00811,60,82.523,2.885,5.064,6.591,48.053,743.988,3.381,17.003,35.458
2024-12-20T12:00:00-05:00,2024-12-20T13:00:00-05:00,2024-12-20T17:00:00+00:00,2024-12-20T18:00:00+00:00,MOD-00811,60,84.788,2.493,4.332,4.759,6.93,756.722,3.706,7.694,33.953
2024-12-20T13:00:00-05:00,2024-12-20T14:00:00-05:00,2024-12-20T18:00:00+00:00,2024-12-20T19:00:00+00:00,MOD-00811,60,86.075,1.683,3.607,4.323,11.943,738.13,3.767,7.293,36.854
2024-12-20T14:00:00-05:00,2024-12-20T15:00:00-05:00,2024-12-20T19:00:00+00:00,2024-12-20T20:00:00+00:00,MOD-00811,60,86.732,1.027,3.07,4.082,16.411,724.386,4.227,7.292,34.515
2024-12-20T15:00:00-05:00,2024-12-20T16:00:00-05:00,2024-12-20T20:00:00+00:00,2024-12-20T21:00:00+00:00,MOD-00811,60,88.18,0.738,3.109,4.567,16.236,743.75,4.044,7.29,33.169
2024-12-20T16:00:00-05:00,2024-12-20T17:00:00-05:00,2024-12-20T21:00:00+00:00,2024-12-20T22:00:00+00:00,MOD-00811,60,87.795,0.51,3.098,3.909,12.075,745.467,3.923,7.29,34.387
2024-12-20T17:00:00-05:00,2024-12-20T18:00:00-05:00,2024-12-20T22:00:00+00:00,2024-12-20T23:00:00+00:00,MOD-00811,60,86.055,0.267,3.566,4.825,27.46,747.555,3.844,8.52,36.037
2024-12-20T18:00:00-05:00,2024-12-20T19:00:00-05:00,2024-12-20T23:00:00+00:00,2024-12-21T00:00:00+00:00,MOD-00811,60,86.792,-0.213,4.171,5.063,12.266,735.362,4.049,9.184,36.043
2024-12-20T19:00:00-05:00,2024-12-20T20:00:00-05:00,2024-12-21T00:00:00+00:00,2024-12-21T01:00:00+00:00,MOD-00811,60,85.382,-0.387,3.814,4.466,10.172,723.751,3.787,17.485,36.873
2024-12-20T20:00:00-05:00,2024-12-20T21:00:00-05:00,2024-12-21T01:00:00+00:00,2024-12-21T02:00:00+00:00,MOD-00811,60,87.212,-0.203,2.847,3.348,6.912,711.586,4.048,9.807,36.089
2024-12-20T21:00:00-05:00,2024-12-20T22:00:00-05:00,2024-12-21T02:00:00+00:00,2024-12-21T03:00:00+00:00,MOD-00811,60,84.443,-0.275,4.011,5.057,16.634,715.63,3.552,14.985,39.284
2024-12-20T22:00:00-05:00,2024-12-20T23:00:00-05:00,2024-12-21T03:00:00+00:00,2024-12-21T04:00:00+00:00,MOD-00811,60,84.327,-0.867,4.472,5.816,20.102,729.216,3.571,16.237,39.186
2024-12-20T23:00:00-05:00,2024-12-21T00:00:00-05:00,2024-12-21T04:00:00+00:00,2024-12-21T05:00:00+00:00,MOD-00811,60,83.227,-0.957,4.813,5.931,13.758,714.068,3.469,15.886,40.382
2024-12-21T00:00:00-05:00,2024-12-21T01:00:00-05:00,2024-12-21T05:00:00+00:00,2024-12-21T06:00:00+00:00,MOD-00811,60,82.383,-1.052,5.245,6.201,9.604,699.773,3.323,15.267,41.982
2024-12-21T01:00:00-05:00,2024-12-21T02:00:00-05:00,2024-12-21T06:00:00+00:00,2024-12-21T07:00:00+00:00,MOD-00811,60,80.538,-1.395,4.499,5.003,7.003,705.98,3.008,15.271,42.086
2024-12-21T02:00:00-05:00,2024-12-21T03:00:00-05:00,2024-12-21T07:00:00+00:00,2024-12-21T08:00:00+00:00,MOD-00811,60,78.113,-1.718,5.155,5.505,8.501,697.898,2.403,15.053,42.835
2024-12-21T03:00:00-05:00,2024-12-21T04:00:00-05:00,2024-12-21T08:00:00+00:00,2024-12-21T09:00:00+00:00,MOD-00811,60,77.252,-2.297,3.954,4.264,6.251,698.44,2.288,15.472,42.874
2024-12-21T04:00:00-05:00,2024-12-21T05:00:00-05:00,2024-12-21T09:00:00+00:00,2024-12-21T10:00:00+00:00,MOD-00811,60,74.922,-2.385,2.991,3.251,5.137,701.443,1.982,11.423,43.355
2024-12-21T05:00:00-05:00,2024-12-21T06:00:00-05:00,2024-12-21T10:00:00+00:00,2024-12-21T11:00:00+00:00,MOD-00811,60,72.29,-2.368,2.169,2.417,4.37,729.212,1.873,12.323,43.093
2024-12-21T06:00:00-05:00,2024-12-21T07:00:00-05:00,2024-12-21T11:00:00+00:00,2024-12-21T12:00:00+00:00,MOD-00811,60,75.11,-2.323,1.649,1.901,3.492,748.228,1.94,13.619,40.306
2024-12-21T07:00:00-05:00,2024-12-21T08:00:00-05:00,2024-12-21T12:00:00+00:00,2024-12-21T13:00:00+00:00,MOD-00811,60,77.198,-2.045,2.554,2.848,5.033,862.015,2.226,17.433,38.919
2024-12-21T08:00:00-05:00,2024-12-21T09:00:00-05:00,2024-12-21T13:00:00+00:00,2024-12-21T14:00:00+00:00,MOD-00811,60,74.978,-1.142,2.93,3.171,4.425,807.199,1.865,13.37,38.047
2024-12-21T09:00:00-05:00,2024-12-21T10:00:00-05:00,2024-12-21T14:00:00+00:00,2024-12-21T15:00:00+00:00,MOD-00811,60,67.15,-0.013,2.591,2.793,4.518,813.223,2.268,10.041,40.341
2024-12-21T10:00:00-05:00,2024-12-21T11:00:00-05:00,2024-12-21T15:00:00+00:00,2024-12-21T16:00:00+00:00,MOD-00811,60,62.565,0.535,2.887,3.027,4.778,782.623,2.859,8.664,41.729
2024-12-21T11:00:00-05:00,2024-12-21T12:00:00-05:00,2024-12-21T16:00:00+00:00,2024-12-21T17:00:00+00:00,MOD-00811,60,61.892,0.41,4.307,4.501,7.533,772.977,2.921,8.267,41.348
2024-12-21T12:00:00-05:00,2024-12-21T13:00:00-05:00,2024-12-21T17:00:00+00:00,2024-12-21T18:00:00+00:00,MOD-00811,60,58.725,-0.183,3.773,4.358,17.663,757.973,2.656,9.063,43.8
2024-12-21T13:00:00-05:00,2024-12-21T14:00:00-05:00,2024-12-21T18:00:00+00:00,2024-12-21T19:00:00+00:00,MOD-00811,60,49.598,0.462,2.999,3.985,24.709,755.175,2.762,9.689,45.959
2024-12-21T14:00:00-05:00,2024-12-21T15:00:00-05:00,2024-12-21T19:00:00+00:00,2024-12-21T20:00:00+00:00,MOD-00811,60,42.485,0.718,3.018,3.625,15.606,748.633,1.639,9.023,48.001
2024-12-21T15:00:00-05:00,2024-12-21T16:00:00-05:00,2024-12-21T20:00:00+00:00,2024-12-21T21:00:00+00:00,MOD-00811,60,42.917,-0.68,3.517,4.161,15.028,761.657,1.785,8.945,47.587
2024-12-21T16:00:00-05:00,2024-12-21T17:00:00-05:00,2024-12-21T21:00:00+00:00,2024-12-21T22:00:00+00:00,MOD-00811,60,44.628,-2.342,3.596,4.584,23.473,768.801,2.069,10.05,46.965
2024-12-21T17:00:00-05:00,2024-12-21T18:00:00-05:00,2024-12-21T22:00:00+00:00,2024-12-21T23:00:00+00:00,MOD-00811,60,49.412,-3.385,3.026,4.04,26.357,801.114,2.685,16.866,43.453
2024-12-21T18:00:00-05:00,2024-12-21T19:00:00-05:00,2024-12-21T23:00:00+00:00,2024-12-22T00:00:00+00:00,MOD-00811,60,55.407,-3.863,3.843,4.453,13.328,807.205,2.743,11.647,42.772
2024-12-21T19:00:00-05:00,2024-12-21T20:00:00-05:00,2024-12-22T00:00:00+00:00,2024-12-22T01:00:00+00:00,MOD-00811,60,50.645,-4.038,3.777,4.1,8.247,776.059,2.75,14.85,44.385
2024-12-21T20:00:00-05:00,2024-12-21T21:00:00-05:00,2024-12-22T01:00:00+00:00,2024-12-22T02:00:00+00:00,MOD-00811,60,49.315,-4.542,2.4,2.753,9.06,761.189,2.72,14.29,45.963
2024-12-21T21:00:00-05:00,2024-12-21T22:00:00-05:00,2024-12-22T02:00:00+00:00,2024-12-22T03:00:00+00:00,MOD-00811,60,50.853,-5.068,2.208,2.475,9.004,759.501,3.239,15.807,46.576
2024-12-21T22:00:00-05:00,2024-12-21T23:00:00-05:00,2024-12-22T03:00:00+00:00,2024-12-22T04:00:00+00:00,MOD-00811,60,50.633,-5.617,1.88,2.102,6.606,752.052,3.192,15.411,48.303
2024-12-21T23:00:00-05:00,2024-12-22T00:00:00-05:00,2024-12-22T04:00:00+00:00,2024-12-22T05:00:00+00:00,MOD-00811,60,50.237,-6.215,2.06,2.309,6.547,750.381,3.07,12.676,49.068
2024-12-22T00:00:00-05:00,2024-12-22T01:00:00-05:00,2024-12-22T05:00:00+00:00,2024-12-22T06:00:00+00:00,MOD-00811,60,51.04,-6.85,3.616,3.86,9.123,746.437,3.162,12.157,48.829
2024-12-22T01:00:00-05:00,2024-12-22T02:00:00-05:00,2024-12-22T06:00:00+00:00,2024-12-22T07:00:00+00:00,MOD-00811,60,52.703,-7.432,1.633,1.88,6.409,749.266,3.216,12.42,47.833
2024-12-22T02:00:00-05:00,2024-12-22T03:00:00-05:00,2024-12-22T07:00:00+00:00,2024-12-22T08:00:00+00:00,MOD-00811,60,53.193,-7.962,1.532,1.812,7.897,755.188,3.175,12.391,47.479
2024-12-22T03:00:00-05:00,2024-12-22T04:00:00-05:00,2024-12-22T08:00:00+00:00,2024-12-22T09:00:00+00:00,MOD-00811,60,53.83,-8.342,2.091,2.35,5.597,754.88,3.248,13.896,47.23
2024-12-22T04:00:00-05:00,2024-12-22T05:00:00-05:00,2024-12-22T09:00:00+00:00,2024-12-22T10:00:00+00:00,MOD-00811,60,53.305,-8.77,2.262,2.441,3.179,751.924,3.37,11.827,47.446
2024-12-22T05:00:00-05:00,2024-12-22T06:00:00-05:00,2024-12-22T10:00:00+00:00,2024-12-22T11:00:00+00:00,MOD-00811,60,53.857,-9.188,2.031,2.245,4.638,755.281,3.396,13.522,46.838
2024-12-22T06:00:00-05:00,2024-12-22T07:00:00-05:00,2024-12-22T11:00:00+00:00,2024-12-22T12:00:00+00:00,MOD-00811,60,55.065,-9.685,2.538,2.766,5.959,762.398,3.887,15.415,46.064
2024-12-22T07:00:00-05:00,2024-12-22T08:00:00-05:00,2024-12-22T12:00:00+00:00,2024-12-22T13:00:00+00:00,MOD-00811,60,54.648,-10.113,2.283,2.861,13.226,764.086,4.041,14.316,45.838
2024-12-22T08:00:00-05:00,2024-12-22T09:00:00-05:00,2024-12-22T13:00:00+00:00,2024-12-22T14:00:00+00:00,MOD-00811,60,50.307,-9.393,2.526,3.466,22.827,762.302,3.399,10.42,45.846
2024-12-22T09:00:00-05:00,2024-12-22T10:00:00-05:00,2024-12-22T14:00:00+00:00,2024-12-22T15:00:00+00:00,MOD-00811,60,41.81,-7.493,2.67,3.804,26.351,773.821,2.185,11.369,47.253
2024-12-22T10:00:00-05:00,2024-12-22T11:00:00-05:00,2024-12-22T15:00:00+00:00,2024-12-22T16:00:00+00:00,MOD-00811,60,38.058,-6.188,2.755,4.144,29.034,775.493,1.899,7.265,48.087
2024-12-22T11:00:00-05:00,2024-12-22T12:00:00-05:00,2024-12-22T16:00:00+00:00,2024-12-22T17:00:00+00:00,MOD-00811,60,34.83,-5.13,2.086,2.814,23.149,774.316,2.29,8.065,48.608
2024-12-22T12:00:00-05:00,2024-12-22T13:00:00-05:00,2024-12-22T17:00:00+00:00,2024-12-22T18:00:00+00:00,MOD-00811,60,33.67,-4.318,1.951,2.89,17.988,771.555,2.435,8.307,48.12
2024-12-22T13:00:00-05:00,2024-12-22T14:00:00-05:00,2024-12-22T18:00:00+00:00,2024-12-22T19:00:00+00:00,MOD-00811,60,32.51,-3.868,2.271,3.271,22.988,764.696,2.654,8.013,49.668
2024-12-22T14:00:00-05:00,2024-12-22T15:00:00-05:00,2024-12-22T19:00:00+00:00,2024-12-22T20:00:00+00:00,MOD-00811,60,31.918,-3.73,2.117,2.773,17.088,753.087,2.709,7.915,49.794
2024-12-22T15:00:00-05:00,2024-12-22T16:00:00-05:00,2024-12-22T20:00:00+00:00,2024-12-22T21:00:00+00:00,MOD-00811,60,31.992,-4.125,1.675,2.255,14.797,765.799,2.746,8.026,48.656
2024-12-22T16:00:00-05:00,2024-12-22T17:00:00-05:00,2024-12-22T21:00:00+00:00,2024-12-22T22:00:00+00:00,MOD-00811,60,36.023,-5.807,2.55,3.297,17.731,779.758,2.079,9.717,46.795
2024-12-22T17:00:00-05:00,2024-12-22T18:00:00-05:00,2024-12-22T22:00:00+00:00,2024-12-22T23:00:00+00:00,MOD-00811,60,38.133,-6.592,4.117,5.323,30.984,809.186,1.918,8.75,43.323
2024-12-22T18:00:00-05:00,2024-12-22T19:00:00-05:00,2024-12-22T23:00:00+00:00,2024-12-23T00:00:00+00:00,MOD-00811,60,39.958,-7.215,2.396,3.463,21.857,803.529,1.954,10.624,43.381
2024-12-22T19:00:00-05:00,2024-12-22T20:00:00-05:00,2024-12-23T00:00:00+00:00,2024-12-23T01:00:00+00:00,MOD-00811,60,43.467,-8.007,7.556,8.697,33.629,809.283,2.484,16.157,43.691
2024-12-22T20:00:00-05:00,2024-12-22T21:00:00-05:00,2024-12-23T01:00:00+00:00,2024-12-23T02:00:00+00:00,MOD-00811,60,47.18,-8.802,6.276,7.336,27.744,802.059,2.931,10.271,42.443
2024-12-22T21:00:00-05:00,2024-12-22T22:00:00-05:00,2024-12-23T02:00:00+00:00,2024-12-23T03:00:00+00:00,MOD-00811,60,49.555,-9.505,3.555,4.47,20.827,796.397,2.991,15.725,42.877
2024-12-22T22:00:00-05:00,2024-12-22T23:00:00-05:00,2024-12-23T03:00:00+00:00,2024-12-23T04:00:00+00:00,MOD-00811,60,51.12,-10.028,4.04,4.757,16.499,796.739,3.4,17.833,43.522
2024-12-22T23:00:00-05:00,2024-12-23T00:00:00-05:00,2024-12-23T04:00:00+00:00,2024-12-23T05:00:00+00:00,MOD-00811,60,52.018,-10.34,3.14,3.932,15.055,796.032,3.832,17.988,42.591
2024-12-23T00:00:00-05:00,2024-12-23T01:00:00-05:00,2024-12-23T05:00:00+00:00,2024-12-23T06:00:00+00:00,MOD-00811,60,52.598,-10.562,3.649,4.612,22.058,793.567,3.959,16.73,44.002
2024-12-23T01:00:00-05:00,2024-12-23T02:00:00-05:00,2024-12-23T06:00:00+00:00,2024-12-23T07:00:00+00:00,MOD-00811,60,53.73,-10.768,3.398,4.026,17.034,774.013,4.209,17.785,42.884
2024-12-23T02:00:00-05:00,2024-12-23T03:00:00-05:00,2024-12-23T07:00:00+00:00,2024-12-23T08:00:00+00:00,MOD-00811,60,54.338,-10.835,3.631,4.336,17.474,774.74,4.498,18.687,41.49
2024-12-23T03:00:00-05:00,2024-12-23T04:00:00-05:00,2024-12-23T08:00:00+00:00,2024-12-23T09:00:00+00:00,MOD-00811,60,57.01,-11.188,4.394,5.362,32.939,780.412,5.728,20.468,37.88
2024-12-23T04:00:00-05:00,2024-12-23T05:00:00-05:00,2024-12-23T09:00:00+00:00,2024-12-23T10:00:00+00:00,MOD-00811,60,56.507,-11.3,3.16,4.812,42.841,807.695,5.704,20.406,37.77
2024-12-23T05:00:00-05:00,2024-12-23T06:00:00-05:00,2024-12-23T10:00:00+00:00,2024-12-23T11:00:00+00:00,MOD-00811,60,57.258,-11.307,3.529,5.415,57.295,811.84,6.606,21.452,36.26
2024-12-23T06:00:00-05:00,2024-12-23T07:00:00-05:00,2024-12-23T11:00:00+00:00,2024-12-23T12:00:00+00:00,MOD-00811,60,57.203,-11.363,3.458,5.298,59.18,824.646,6.987,22.373,34.746
2024-12-23T07:00:00-05:00,2024-12-23T08:00:00-05:00,2024-12-23T12:00:00+00:00,2024-12-23T13:00:00+00:00,MOD-00811,60,58.557,-11.273,2.561,3.919,43.251,954.536,7.119,25.41,28.702
2024-12-23T08:00:00-05:00,2024-12-23T09:00:00-05:00,2024-12-23T13:00:00+00:00,2024-12-23T14:00:00+00:00,MOD-00811,60,53.587,-9.603,5.488,8.076,81.702,978.033,7.547,25.535,30.443
2024-12-23T09:00:00-05:00,2024-12-23T10:00:00-05:00,2024-12-23T14:00:00+00:00,2024-12-23T15:00:00+00:00,MOD-00811,60,40.235,-5.167,4.194,6.849,78.633,888.733,2.348,16.529,36.692
2024-12-23T10:00:00-05:00,2024-12-23T11:00:00-05:00,2024-12-23T15:00:00+00:00,2024-12-23T16:00:00+00:00,MOD-00811,60,32.878,-0.9,4.539,7.801,74.256,934.339,2.728,20.849,37.813
2024-12-23T11:00:00-05:00,2024-12-23T12:00:00-05:00,2024-12-23T16:00:00+00:00,2024-12-23T17:00:00+00:00,MOD-00811,60,30.413,2.103,4.344,8.022,139.984,926.647,3.287,21.253,39.989
2024-12-23T12:00:00-05:00,2024-12-23T13:00:00-05:00,2024-12-23T17:00:00+00:00,2024-12-23T18:00:00+00:00,MOD-00811,60,34.443,2.063,2.815,6.112,146.13,858.697,2.329,13.996,44.826
2024-12-23T13:00:00-05:00,2024-12-23T14:00:00-05:00,2024-12-23T18:00:00+00:00,2024-12-23T19:00:00+00:00,MOD-00811,60,37.328,2.335,3.602,5.112,52.644,935.225,2.009,14.739,46.368
2024-12-23T14:00:00-05:00,2024-12-23T15:00:00-05:00,2024-12-23T19:00:00+00:00,2024-12-23T20:00:00+00:00,MOD-00811,60,37.858,2.575,3.407,4.296,23.19,977.247,1.907,13.134,47.594
2024-12-23T15:00:00-05:00,2024-12-23T16:00:00-05:00,2024-12-23T20:00:00+00:00,2024-12-23T21:00:00+00:00,MOD-00811,60,45.997,0.673,3.29,4.18,26.499,919.928,2.255,16.285,46.66
2024-12-23T16:00:00-05:00,2024-12-23T17:00:00-05:00,2024-12-23T21:00:00+00:00,2024-12-23T22:00:00+00:00,MOD-00811,60,57.27,-2.045,8.604,9.384,32.575,932.421,3.044,21.588,42.155
2024-12-23T17:00:00-05:00,2024-12-23T18:00:00-05:00,2024-12-23T22:00:00+00:00,2024-12-23T23:00:00+00:00,MOD-00811,60,65.178,-2.982,4.743,5.235,19.145,808.19,3.336,20.498,42.596
2024-12-23T18:00:00-05:00,2024-12-23T19:00:00-05:00,2024-12-23T23:00:00+00:00,2024-12-24T00:00:00+00:00,MOD-00811,60,68.263,-3.538,2.829,3.294,13.226,849.555,2.451,21.225,40.595
2024-12-23T19:00:00-05:00,2024-12-23T20:00:00-05:00,2024-12-24T00:00:00+00:00,2024-12-24T01:00:00+00:00,MOD-00811,60,66.788,-3.915,2.698,3.237,17.572,852.933,3.147,21.914,38.529
2024-12-23T20:00:00-05:00,2024-12-23T21:00:00-05:00,2024-12-24T01:00:00+00:00,2024-12-24T02:00:00+00:00,MOD-00811,60,65.313,-4.402,2.152,2.705,17.782,847.571,3.662,22.461,37.366
2024-12-23T21:00:00-05:00,2024-12-23T22:00:00-05:00,2024-12-24T02:00:00+00:00,2024-12-24T03:00:00+00:00,MOD-00811,60,65.08,-4.675,3.435,4.06,17.468,905.241,3.905,25.238,32.986
2024-12-23T22:00:00-05:00,2024-12-23T23:00:00-05:00,2024-12-24T03:00:00+00:00,2024-12-24T04:00:00+00:00,MOD-00811,60,66.758,-4.745,4.653,5.195,14.828,939.332,4.428,24.997,32.845
2024-12-23T23:00:00-05:00,2024-12-24T00:00:00-05:00,2024-12-24T04:00:00+00:00,2024-12-24T05:00:00+00:00,MOD-00811,60,69.162,-3.838,6.971,7.395,18.384,909.342,2.31,25.124,31.298
2024-12-24T00:00:00-05:00,2024-12-24T01:00:00-05:00,2024-12-24T05:00:00+00:00,2024-12-24T06:00:00+00:00,MOD-00811,60,72.39,-2.688,3.553,3.926,16.016,856.279,2.057,25.117,32.89
2024-12-24T01:00:00-05:00,2024-12-24T02:00:00-05:00,2024-12-24T06:00:00+00:00,2024-12-24T07:00:00+00:00,MOD-00811,60,71.955,-1.653,2.573,2.909,14.526,856.022,1.741,22.041,37.577
2024-12-24T02:00:00-05:00,2024-12-24T03:00:00-05:00,2024-12-24T07:00:00+00:00,2024-12-24T08:00:00+00:00,MOD-00811,60,71.9,-1.18,4.148,4.451,10.136,952.316,1.745,24.529,33.764
2024-12-24T03:00:00-05:00,2024-12-24T04:00:00-05:00,2024-12-24T08:00:00+00:00,2024-12-24T09:00:00+00:00,MOD-00811,60,71.565,-1.135,5.533,5.829,11.086,921.438,2.533,25.747,30.743
2024-12-24T04:00:00-05:00,2024-12-24T05:00:00-05:00,2024-12-24T09:00:00+00:00,2024-12-24T10:00:00+00:00,MOD-00811,60,70.94,-1.023,5.488,5.814,12.554,840.818,1.884,24.96,30.862
2024-12-24T05:00:00-05:00,2024-12-24T06:00:00-05:00,2024-12-24T10:00:00+00:00,2024-12-24T11:00:00+00:00,MOD-00811,60,72.282,-0.895,6.229,6.558,12.703,985.413,1.899,26.836,28.048
2024-12-24T06:00:00-05:00,2024-12-24T07:00:00-05:00,2024-12-24T11:00:00+00:00,2024-12-24T12:00:00+00:00,MOD-00811,60,73.417,-0.842,6.628,7.015,14.792,917.252,3.724,27.163,26.958
2024-12-24T07:00:00-05:00,2024-12-24T08:00:00-05:00,2024-12-24T12:00:00+00:00,2024-12-24T13:00:00+00:00,MOD-00811,60,75.742,-0.918,7.177,7.599,16.667,1137.863,3.578,29.263,24.379
2024-12-24T08:00:00-05:00,2024-12-24T09:00:00-05:00,2024-12-24T13:00:00+00:00,2024-12-24T14:00:00+00:00,MOD-00811,60,72.153,0.5,5.419,6.015,14.261,919.515,1.895,23.563,32.922
2024-12-24T09:00:00-05:00,2024-12-24T10:00:00-05:00,2024-12-24T14:00:00+00:00,2024-12-24T15:00:00+00:00,MOD-00811,60,65.702,1.728,5.62,5.997,10.935,770.887,2.18,16.516,42.531
2024-12-24T10:00:00-05:00,2024-12-24T11:00:00-05:00,2024-12-24T15:00:00+00:00,2024-12-24T16:00:00+00:00,MOD-00811,60,73.747,0.978,6.991,7.386,11.815,774.996,1.76,19.435,41.132
2024-12-24T11:00:00-05:00,2024-12-24T12:00:00-05:00,2024-12-24T16:00:00+00:00,2024-12-24T17:00:00+00:00,MOD-00811,60,70.455,1.282,7.218,7.516,12.072,793.829,1.687,18.045,40.86
2024-12-24T12:00:00-05:00,2024-12-24T13:00:00-05:00,2024-12-24T17:00:00+00:00,2024-12-24T18:00:00+00:00,MOD-00811,60,68.91,1.647,6.905,7.221,10.507,817.214,1.657,17.088,40.388
2024-12-24T13:00:00-05:00,2024-12-24T14:00:00-05:00,2024-12-24T18:00:00+00:00,2024-12-24T19:00:00+00:00,MOD-00811,60,64.998,2.515,7.867,8.448,25.574,835.734,2.471,14.654,40.14
2024-12-24T14:00:00-05:00,2024-12-24T15:00:00-05:00,2024-12-24T19:00:00+00:00,2024-12-24T20:00:00+00:00,MOD-00811,60,59.68,3.242,8.205,9.093,30.991,805.204,2.711,14.748,41.094
2024-12-24T15:00:00-05:00,2024-12-24T16:00:00-05:00,2024-12-24T20:00:00+00:00,2024-12-24T21:00:00+00:00,MOD-00811,60,56.883,3.45,10.304,11.272,40.806,810.439,2.329,17.718,41.107
2024-12-24T16:00:00-05:00,2024-12-24T17:00:00-05:00,2024-12-24T21:00:00+00:00,2024-12-24T22:00:00+00:00,MOD-00811,60,62.823,1.573,6.895,7.824,38.09,875.603,2.638,20.271,36.755
2024-12-24T17:00:00-05:00,2024-12-24T18:00:00-05:00,2024-12-24T22:00:00+00:00,2024-12-24T23:00:00+00:00,MOD-00811,60,67.963,0.402,5.433,6.057,19.624,984.864,1.948,24.364,29.487
2024-12-24T18:00:00-05:00,2024-12-24T19:00:00-05:00,2024-12-24T23:00:00+00:00,2024-12-25T00:00:00+00:00,MOD-00811,60,69.498,0.007,5.904,6.39,16.366,1008.662,1.92,24.448,28.508
2024-12-24T19:00:00-05:00,2024-12-24T20:00:00-05:00,2024-12-25T00:00:00+00:00,2024-12-25T01:00:00+00:00,MOD-00811,60,70.645,-0.437,10.112,10.643,21.931,1003.182,1.844,23.286,30.025
2024-12-24T20:00:00-05:00,2024-12-24T21:00:00-05:00,2024-12-25T01:00:00+00:00,2024-12-25T02:00:00+00:00,MOD-00811,60,73.647,-1.165,9.532,9.921,19.243,1116.602,2.027,26.048,25.493
2024-12-24T21:00:00-05:00,2024-12-24T22:00:00-05:00,2024-12-25T02:00:00+00:00,2024-12-25T03:00:00+00:00,MOD-00811,60,72.403,-1.492,12.733,13.033,17.689,964.93,1.977,22.899,30.656
2024-12-24T22:00:00-05:00,2024-12-24T23:00:00-05:00,2024-12-25T03:00:00+00:00,2024-12-25T04:00:00+00:00,MOD-00811,60,66.785,-1.257,12.06,12.365,16.46,845.645,2.513,19.308,37.509
2024-12-24T23:00:00-05:00,2024-12-25T00:00:00-05:00,2024-12-25T04:00:00+00:00,2024-12-25T05:00:00+00:00,MOD-00811,60,66.497,-1.518,8.7,9.105,14.242,860.633,2.625,18.274,39.446
2024-12-25T00:00:00-05:00,2024-12-25T01:00:00-05:00,2024-12-25T05:00:00+00:00,2024-12-25T06:00:00+00:00,MOD-00811,60,67.405,-1.83,8.549,8.847,12.925,848.082,2.344,17.987,40.16
2024-12-25T01:00:00-05:00,2024-12-25T02:00:00-05:00,2024-12-25T06:00:00+00:00,2024-12-25T07:00:00+00:00,MOD-00811,60,67.118,-1.612,10.267,10.457,11.426,792.493,2.388,17.481,40.953
2024-12-25T02:00:00-05:00,2024-12-25T03:00:00-05:00,2024-12-25T07:00:00+00:00,2024-12-25T08:00:00+00:00,MOD-00811,60,66.178,-1.478,9.224,9.417,11.611,763.173,2.759,15.191,41.369
2024-12-25T03:00:00-05:00,2024-12-25T04:00:00-05:00,2024-12-25T08:00:00+00:00,2024-12-25T09:00:00+00:00,MOD-00811,60,66.175,-1.342,9.672,9.837,11.322,748.312,2.709,14.064,41.404
2024-12-25T04:00:00-05:00,2024-12-25T05:00:00-05:00,2024-12-25T09:00:00+00:00,2024-12-25T10:00:00+00:00,MOD-00811,60,66.392,-1.422,10.617,10.783,12.154,732.165,2.681,15.758,40.613
2024-12-25T05:00:00-05:00,2024-12-25T06:00:00-05:00,2024-12-25T10:00:00+00:00,2024-12-25T11:00:00+00:00,MOD-00811,60,68.19,-2.012,9.529,9.681,10.777,727.514,2.212,19.645,37.881
2024-12-25T06:00:00-05:00,2024-12-25T07:00:00-05:00,2024-12-25T11:00:00+00:00,2024-12-25T12:00:00+00:00,MOD-00811,60,68.798,-2.102,9.513,9.69,10.762,733.587,2.007,19.725,37.159
2024-12-25T07:00:00-05:00,2024-12-25T08:00:00-05:00,2024-12-25T12:00:00+00:00,2024-12-25T13:00:00+00:00,MOD-00811,60,68.108,-1.947,9.385,9.562,11.187,734.026,2.168,20.191,36.23
2024-12-25T08:00:00-05:00,2024-12-25T09:00:00-05:00,2024-12-25T13:00:00+00:00,2024-12-25T14:00:00+00:00,MOD-00811,60,65.357,-1.36,9.096,9.253,12.457,732.508,2.997,15.408,39.921
2024-12-25T09:00:00-05:00,2024-12-25T10:00:00-05:00,2024-12-25T14:00:00+00:00,2024-12-25T15:00:00+00:00,MOD-00811,60,58.173,0.087,8.485,8.818,20.519,727.554,2.623,10.948,44.594
2024-12-25T10:00:00-05:00,2024-12-25T11:00:00-05:00,2024-12-25T15:00:00+00:00,2024-12-25T16:00:00+00:00,MOD-00811,60,50.042,2.135,9.251,10.031,42.326,726.378,2.544,9.887,45.869
2024-12-25T11:00:00-05:00,2024-12-25T12:00:00-05:00,2024-12-25T16:00:00+00:00,2024-12-25T17:00:00+00:00,MOD-00811,60,45.443,3.303,9.2,9.888,36.614,719.164,1.973,10.415,46.912
2024-12-25T12:00:00-05:00,2024-12-25T13:00:00-05:00,2024-12-25T17:00:00+00:00,2024-12-25T18:00:00+00:00,MOD-00811,60,41.84,4.098,8.424,9.736,54.203,715.651,2.024,7.879,48.624
2024-12-25T13:00:00-05:00,2024-12-25T14:00:00-05:00,2024-12-25T18:00:00+00:00,2024-12-25T19:00:00+00:00,MOD-00811,60,40.048,4.302,7.599,8.921,44.802,708.809,2.072,9.873,49.052
2024-12-25T14:00:00-05:00,2024-12-25T15:00:00-05:00,2024-12-25T19:00:00+00:00,2024-12-25T20:00:00+00:00,MOD-00811,60,39.343,4.088,7.008,7.35,15.309,697.141,1.94,12.372,48.636
2024-12-25T15:00:00-05:00,2024-12-25T16:00:00-05:00,2024-12-25T20:00:00+00:00,2024-12-25T21:00:00+00:00,MOD-00811,60,40.58,3.218,6.11,7.017,36.372,710.752,2.0,11.677,49.273
2024-12-25T16:00:00-05:00,2024-12-25T17:00:00-05:00,2024-12-25T21:00:00+00:00,2024-12-25T22:00:00+00:00,MOD-00811,60,47.787,0.818,6.559,6.999,15.436,719.265,2.494,18.046,46.552
2024-12-25T17:00:00-05:00,2024-12-25T18:00:00-05:00,2024-12-25T22:00:00+00:00,2024-12-25T23:00:00+00:00,MOD-00811,60,50.99,-0.388,6.519,7.183,22.296,760.946,2.757,18.996,46.605
2024-12-25T18:00:00-05:00,2024-12-25T19:00:00-05:00,2024-12-25T23:00:00+00:00,2024-12-26T00:00:00+00:00,MOD-00811,60,56.387,-1.598,8.726,9.622,31.213,808.578,2.499,20.718,42.677
2024-12-25T19:00:00-05:00,2024-12-25T20:00:00-05:00,2024-12-26T00:00:00+00:00,2024-12-26T01:00:00+00:00,MOD-00811,60,59.628,-2.36,11.691,13.335,54.747,866.791,3.026,21.909,39.656
2024-12-25T20:00:00-05:00,2024-12-25T21:00:00-05:00,2024-12-26T01:00:00+00:00,2024-12-26T02:00:00+00:00,MOD-00811,60,58.815,-1.428,7.549,10.277,90.891,1184.815,3.043,29.921,26.812
2024-12-25T21:00:00-05:00,2024-12-25T22:00:00-05:00,2024-12-26T02:00:00+00:00,2024-12-26T03:00:00+00:00,MOD-00811,60,52.175,-0.313,9.165,11.82,84.91,1035.171,2.798,24.833,35.213
2024-12-25T22:00:00-05:00,2024-12-25T23:00:00-05:00,2024-12-26T03:00:00+00:00,2024-12-26T04:00:00+00:00,MOD-00811,60,51.582,-0.172,10.299,11.492,37.155,892.328,2.831,20.684,41.382
2024-12-25T23:00:00-05:00,2024-12-26T00:00:00-05:00,2024-12-26T04:00:00+00:00,2024-12-26T05:00:00+00:00,MOD-00811,60,53.17,-0.117,9.469,11.038,56.304,856.742,2.641,20.16,41.368
2024-12-26T00:00:00-05:00,2024-12-26T01:00:00-05:00,2024-12-26T05:00:00+00:00,2024-12-26T06:00:00+00:00,MOD-00811,60,54.388,0.0,6.398,7.394,30.425,841.019,2.343,19.502,42.449
2024-12-26T01:00:00-05:00,2024-12-26T02:00:00-05:00,2024-12-26T06:00:00+00:00,2024-12-26T07:00:00+00:00,MOD-00811,60,55.078,-0.107,4.779,5.607,27.712,840.291,2.182,20.097,40.372
2024-12-26T02:00:00-05:00,2024-12-26T03:00:00-05:00,2024-12-26T07:00:00+00:00,2024-12-26T08:00:00+00:00,MOD-00811,60,56.038,-0.397,5.345,6.069,27.589,843.196,2.104,20.083,40.027
2024-12-26T03:00:00-05:00,2024-12-26T04:00:00-05:00,2024-12-26T08:00:00+00:00,2024-12-26T09:00:00+00:00,MOD-00811,60,58.465,-0.528,6.713,7.623,34.204,793.513,2.278,18.91,42.551
2024-12-26T04:00:00-05:00,2024-12-26T05:00:00-05:00,2024-12-26T09:00:00+00:00,2024-12-26T10:00:00+00:00,MOD-00811,60,60.208,-0.593,6.335,7.504,40.608,787.799,2.96,19.449,41.779
2024-12-26T05:00:00-05:00,2024-12-26T06:00:00-05:00,2024-12-26T10:00:00+00:00,2024-12-26T11:00:00+00:00,MOD-00811,60,62.143,-0.327,6.332,8.102,72.9,780.213,5.564,22.758,36.986
2024-12-26T06:00:00-05:00,2024-12-26T07:00:00-05:00,2024-12-26T11:00:00+00:00,2024-12-26T12:00:00+00:00,MOD-00811,60,61.623,-0.165,5.596,7.649,93.998,830.77,7.347,25.487,32.047
2024-12-26T07:00:00-05:00,2024-12-26T08:00:00-05:00,2024-12-26T12:00:00+00:00,2024-12-26T13:00:00+00:00,MOD-00811,60,60.208,-0.205,2.781,4.144,56.739,890.859,2.873,23.309,33.766
2024-12-26T08:00:00-05:00,2024-12-26T09:00:00-05:00,2024-12-26T13:00:00+00:00,2024-12-26T14:00:00+00:00,MOD-00811,60,59.102,0.062,3.487,5.306,79.694,887.068,2.893,23.189,34.516
2024-12-26T09:00:00-05:00,2024-12-26T10:00:00-05:00,2024-12-26T14:00:00+00:00,2024-12-26T15:00:00+00:00,MOD-00811,60,53.35,2.402,8.755,10.975,88.182,842.988,3.162,23.526,36.248
2024-12-26T10:00:00-05:00,2024-12-26T11:00:00-05:00,2024-12-26T15:00:00+00:00,2024-12-26T16:00:00+00:00,MOD-00811,60,46.66,5.032,8.605,10.716,80.962,800.92,3.059,22.565,38.313
2024-12-26T11:00:00-05:00,2024-12-26T12:00:00-05:00,2024-12-26T16:00:00+00:00,2024-12-26T17:00:00+00:00,MOD-00811,60,42.945,7.13,6.925,8.509,47.119,740.566,2.929,20.833,42.184
2024-12-26T12:00:00-05:00,2024-12-26T13:00:00-05:00,2024-12-26T17:00:00+00:00,2024-12-26T18:00:00+00:00,MOD-00811,60,39.327,8.807,4.246,5.575,40.427,700.768,2.596,12.79,45.075
2024-12-26T13:00:00-05:00,2024-12-26T14:00:00-05:00,2024-12-26T18:00:00+00:00,2024-12-26T19:00:00+00:00,MOD-00811,60,36.51,9.977,4.214,5.488,33.48,711.482,2.877,11.873,45.136
2024-12-26T14:00:00-05:00,2024-12-26T15:00:00-05:00,2024-12-26T19:00:00+00:00,2024-12-26T20:00:00+00:00,MOD-00811,60,39.242,8.712,4.673,6.139,38.551,699.946,2.298,14.333,44.021
2024-12-26T15:00:00-05:00,2024-12-26T16:00:00-05:00,2024-12-26T20:00:00+00:00,2024-12-26T21:00:00+00:00,MOD-00811,60,43.298,7.107,16.911,21.176,42.539,731.71,2.122,20.733,44.46
2024-12-26T16:00:00-05:00,2024-12-26T17:00:00-05:00,2024-12-26T21:00:00+00:00,2024-12-26T22:00:00+00:00,MOD-00811,60,53.858,3.647,7.944,8.81,31.397,764.75,2.121,21.405,42.454
2024-12-26T17:00:00-05:00,2024-12-26T18:00:00-05:00,2024-12-26T22:00:00+00:00,2024-12-26T23:00:00+00:00,MOD-00811,60,66.632,1.205,6.28,10.545,177.274,1100.032,2.34,29.767,27.346
2024-12-26T18:00:00-05:00,2024-12-26T19:00:00-05:00,2024-12-26T23:00:00+00:00,2024-12-27T00:00:00+00:00,MOD-00811,60,68.787,0.467,6.708,9.237,95.709,1097.506,1.909,27.961,29.096
2024-12-26T19:00:00-05:00,2024-12-26T20:00:00-05:00,2024-12-27T00:00:00+00:00,2024-12-27T01:00:00+00:00,MOD-00811,60,73.707,-0.6,7.093,9.37,89.297,1304.409,2.382,29.64,24.552
2024-12-26T20:00:00-05:00,2024-12-26T21:00:00-05:00,2024-12-27T01:00:00+00:00,2024-12-27T02:00:00+00:00,MOD-00811,60,76.578,-1.193,9.75,11.846,108.436,1905.225,39.348,32.184,22.343
2024-12-26T21:00:00-05:00,2024-12-26T22:00:00-05:00,2024-12-27T02:00:00+00:00,2024-12-27T03:00:00+00:00,MOD-00811,60,77.467,-1.617,10.007,11.516,84.385,1958.003,39.546,31.248,21.939
2024-12-26T22:00:00-05:00,2024-12-26T23:00:00-05:00,2024-12-27T03:00:00+00:00,2024-12-27T04:00:00+00:00,MOD-00811,60,80.137,-2.197,9.848,10.96,53.284,1549.46,11.278,29.005,22.438
2024-12-26T23:00:00-05:00,2024-12-27T00:00:00-05:00,2024-12-27T04:00:00+00:00,2024-12-27T05:00:00+00:00,MOD-00811,60,84.485,-2.685,8.761,9.878,50.853,1556.812,19.256,28.539,21.852
2024-12-27T00:00:00-05:00,2024-12-27T01:00:00-05:00,2024-12-27T05:00:00+00:00,2024-12-27T06:00:00+00:00,MOD-00811,60,81.813,-3.198,8.69,9.427,31.734,1339.868,7.454,27.82,22.599
2024-12-27T01:00:00-05:00,2024-12-27T02:00:00-05:00,2024-12-27T06:00:00+00:00,2024-12-27T07:00:00+00:00,MOD-00811,60,84.015,-3.647,6.259,6.953,24.384,1365.276,7.573,27.182,22.297
2024-12-27T02:00:00-05:00,2024-12-27T03:00:00-05:00,2024-12-27T07:00:00+00:00,2024-12-27T08:00:00+00:00,MOD-00811,60,82.213,-3.698,5.846,6.338,19.623,1299.327,6.786,26.626,22.563
2024-12-27T03:00:00-05:00,2024-12-27T04:00:00-05:00,2024-12-27T08:00:00+00:00,2024-12-27T09:00:00+00:00,MOD-00811,60,82.297,-4.005,5.133,5.631,25.633,1188.675,4.884,25.83,22.727
2024-12-27T04:00:00-05:00,2024-12-27T05:00:00-05:00,2024-12-27T09:00:00+00:00,2024-12-27T10:00:00+00:00,MOD-00811,60,81.818,-4.218,5.757,6.184,16.444,1202.864,5.165,25.586,23.075
2024-12-27T05:00:00-05:00,2024-12-27T06:00:00-05:00,2024-12-27T10:00:00+00:00,2024-12-27T11:00:00+00:00,MOD-00811,60,82.508,-4.515,7.416,7.928,23.328,1169.446,12.213,26.187,22.916
2024-12-27T06:00:00-05:00,2024-12-27T07:00:00-05:00,2024-12-27T11:00:00+00:00,2024-12-27T12:00:00+00:00,MOD-00811,60,88.45,-5.018,9.543,10.116,21.59,1417.201,47.608,27.196,21.709
2024-12-27T07:00:00-05:00,2024-12-27T08:00:00-05:00,2024-12-27T12:00:00+00:00,2024-12-27T13:00:00+00:00,MOD-00811,60,85.107,-4.893,7.877,8.51,22.969,1635.665,42.614,27.697,21.96
2024-12-27T08:00:00-05:00,2024-12-27T09:00:00-05:00,2024-12-27T13:00:00+00:00,2024-12-27T14:00:00+00:00,MOD-00811,60,75.98,-2.737,7.279,7.71,23.434,1555.879,16.698,26.961,23.993
2024-12-27T09:00:00-05:00,2024-12-27T10:00:00-05:00,2024-12-27T14:00:00+00:00,2024-12-27T15:00:00+00:00,MOD-00811,60,52.46,3.967,16.19,16.923,33.915,1559.84,27.493,28.047,26.863
2024-12-27T10:00:00-05:00,2024-12-27T11:00:00-05:00,2024-12-27T15:00:00+00:00,2024-12-27T16:00:00+00:00,MOD-00811,60,46.057,6.753,17.705,18.176,27.163,1395.14,12.202,25.436,30.263
2024-12-27T11:00:00-05:00,2024-12-27T12:00:00-05:00,2024-12-27T16:00:00+00:00,2024-12-27T17:00:00+00:00,MOD-00811,60,43.288,8.767,17.591,18.131,30.206,1118.197,3.672,21.176,32.951
2024-12-27T12:00:00-05:00,2024-12-27T13:00:00-05:00,2024-12-27T17:00:00+00:00,2024-12-27T18:00:00+00:00,MOD-00811,60,42.607,8.647,11.119,11.665,24.023,937.681,2.314,12.773,40.008
2024-12-27T13:00:00-05:00,2024-12-27T14:00:00-05:00,2024-12-27T18:00:00+00:00,2024-12-27T19:00:00+00:00,MOD-00811,60,42.99,8.093,6.181,6.58,13.649,838.995,2.057,14.409,45.897
2024-12-27T14:00:00-05:00,2024-12-27T15:00:00-05:00,2024-12-27T19:00:00+00:00,2024-12-27T20:00:00+00:00,MOD-00811,60,44.222,7.775,4.977,5.352,12.843,701.494,2.066,12.92,47.981
2024-12-27T15:00:00-05:00,2024-12-27T16:00:00-05:00,2024-12-27T20:00:00+00:00,2024-12-27T21:00:00+00:00,MOD-00811,60,47.57,6.365,6.081,6.815,22.268,755.107,1.926,16.289,46.093
2024-12-27T16:00:00-05:00,2024-12-27T17:00:00-05:00,2024-12-27T21:00:00+00:00,2024-12-27T22:00:00+00:00,MOD-00811,60,56.785,4.405,10.771,12.368,55.66,897.986,2.372,23.849,37.501
2024-12-27T17:00:00-05:00,2024-12-27T18:00:00-05:00,2024-12-27T22:00:00+00:00,2024-12-27T23:00:00+00:00,MOD-00811,60,63.75,3.003,12.5,13.871,55.888,1009.623,2.457,27.84,30.389
2024-12-27T18:00:00-05:00,2024-12-27T19:00:00-05:00,2024-12-27T23:00:00+00:00,2024-12-28T00:00:00+00:00,MOD-00811,60,60.133,2.713,10.264,11.788,49.969,1005.132,2.737,26.218,31.265
2024-12-27T19:00:00-05:00,2024-12-27T20:00:00-05:00,2024-12-28T00:00:00+00:00,2024-12-28T01:00:00+00:00,MOD-00811,60,62.338,1.983,13.695,15.392,58.275,1050.726,2.705,27.813,27.999
2024-12-27T20:00:00-05:00,2024-12-27T21:00:00-05:00,2024-12-28T01:00:00+00:00,2024-12-28T02:00:00+00:00,MOD-00811,60,66.268,1.238,14.493,15.465,31.994,1039.632,2.017,28.51,26.629
2024-12-27T21:00:00-05:00,2024-12-27T22:00:00-05:00,2024-12-28T02:00:00+00:00,2024-12-28T03:00:00+00:00,MOD-00811,60,70.098,0.96,15.167,15.988,31.274,1144.651,1.724,27.631,27.433
2024-12-27T22:00:00-05:00,2024-12-27T23:00:00-05:00,2024-12-28T03:00:00+00:00,2024-12-28T04:00:00+00:00,MOD-00811,60,72.022,0.925,16.322,17.092,33.694,1079.981,1.684,28.073,25.54
2024-12-27T23:00:00-05:00,2024-12-28T00:00:00-05:00,2024-12-28T04:00:00+00:00,2024-12-28T05:00:00+00:00,MOD-00811,60,75.173,1.103,15.866,16.59,32.191,1076.594,1.517,26.952,26.002
2024-12-28T00:00:00-05:00,2024-12-28T01:00:00-05:00,2024-12-28T05:00:00+00:00,2024-12-28T06:00:00+00:00,MOD-00811,60,77.662,1.663,14.676,15.313,27.517,1035.216,1.63,25.519,26.859
2024-12-28T01:00:00-05:00,2024-12-28T02:00:00-05:00,2024-12-28T06:00:00+00:00,2024-12-28T07:00:00+00:00,MOD-00811,60,79.482,1.707,14.715,15.459,28.801,1029.66,2.188,25.6,25.877
2024-12-28T02:00:00-05:00,2024-12-28T03:00:00-05:00,2024-12-28T07:00:00+00:00,2024-12-28T08:00:00+00:00,MOD-00811,60,80.657,2.293,14.227,14.905,25.781,940.672,2.638,25.523,26.414
2024-12-28T03:00:00-05:00,2024-12-28T04:00:00-05:00,2024-12-28T08:00:00+00:00,2024-12-28T09:00:00+00:00,MOD-00811,60,80.427,2.967,14.884,15.575,25.776,905.007,2.654,24.52,26.705
2024-12-28T04:00:00-05:00,2024-12-28T05:00:00-05:00,2024-12-28T09:00:00+00:00,2024-12-28T10:00:00+00:00,MOD-00811,60,79.79,3.31,15.266,15.9,25.817,962.165,2.079,25.105,25.289
2024-12-28T05:00:00-05:00,2024-12-28T06:00:00-05:00,2024-12-28T10:00:00+00:00,2024-12-28T11:00:00+00:00,MOD-00811,60,79.982,4.057,12.439,13.112,24.878,870.997,2.16,24.457,27.391
2024-12-28T06:00:00-05:00,2024-12-28T07:00:00-05:00,2024-12-28T11:00:00+00:00,2024-12-28T12:00:00+00:00,MOD-00811,60,80.203,4.478,12.791,13.466,23.651,927.699,2.419,26.002,24.344
2024-12-28T07:00:00-05:00,2024-12-28T08:00:00-05:00,2024-12-28T12:00:00+00:00,2024-12-28T13:00:00+00:00,MOD-00811,60,81.948,4.472,12.605,13.399,24.884,949.113,3.28,26.836,22.148
2024-12-28T08:00:00-05:00,2024-12-28T09:00:00-05:00,2024-12-28T13:00:00+00:00,2024-12-28T14:00:00+00:00,MOD-00811,60,82.363,4.92,12.358,13.265,29.487,992.665,3.562,26.441,22.555
2024-12-28T09:00:00-05:00,2024-12-28T10:00:00-05:00,2024-12-28T14:00:00+00:00,2024-12-28T15:00:00+00:00,MOD-00811,60,83.39,5.97,10.805,11.934,40.92,976.348,2.715,25.165,25.096
2024-12-28T10:00:00-05:00,2024-12-28T11:00:00-05:00,2024-12-28T15:00:00+00:00,2024-12-28T16:00:00+00:00,MOD-00811,58,84.267,6.848,10.038,11.293,47.767,,,,
2024-12-28T11:00:00-05:00,2024-12-28T12:00:00-05:00,2024-12-28T16:00:00+00:00,2024-12-28T17:00:00+00:00,MOD-00811,60,85.41,7.268,9.226,11.114,72.211,,,,
2024-12-28T12:00:00-05:00,2024-12-28T13:00:00-05:00,2024-12-28T17:00:00+00:00,2024-12-28T18:00:00+00:00,MOD-00811,60,86.487,8.02,8.488,10.242,66.643,934.087,2.534,11.866,29.0
2024-12-28T13:00:00-05:00,2024-12-28T14:00:00-05:00,2024-12-28T18:00:00+00:00,2024-12-28T19:00:00+00:00,MOD-00811,60,85.785,8.957,7.59,8.279,19.435,892.972,2.481,7.987,33.083
2024-12-28T14:00:00-05:00,2024-12-28T15:00:00-05:00,2024-12-28T19:00:00+00:00,2024-12-28T20:00:00+00:00,MOD-00811,60,86.228,8.945,5.779,6.183,9.74,855.158,2.454,7.598,34.07
2024-12-28T15:00:00-05:00,2024-12-28T16:00:00-05:00,2024-12-28T20:00:00+00:00,2024-12-28T21:00:00+00:00,MOD-00811,60,87.875,9.028,4.381,4.968,12.099,922.497,2.711,7.187,35.272
2024-12-28T16:00:00-05:00,2024-12-28T17:00:00-05:00,2024-12-28T21:00:00+00:00,2024-12-28T22:00:00+00:00,MOD-00811,60,89.27,9.113,3.578,5.613,532.874,1001.318,3.108,8.989,35.14
2024-12-28T17:00:00-05:00,2024-12-28T18:00:00-05:00,2024-12-28T22:00:00+00:00,2024-12-28T23:00:00+00:00,MOD-00811,60,90.062,8.688,2.842,5.768,1146.537,1034.418,3.32,8.173,36.219
2024-12-28T18:00:00-05:00,2024-12-28T19:00:00-05:00,2024-12-28T23:00:00+00:00,2024-12-29T00:00:00+00:00,MOD-00811,60,91.895,8.94,2.747,7.428,2012.196,1125.218,3.632,9.472,34.022
2024-12-28T19:00:00-05:00,2024-12-28T20:00:00-05:00,2024-12-29T00:00:00+00:00,2024-12-29T01:00:00+00:00,MOD-00811,60,90.808,9.057,2.623,5.276,1336.943,1037.35,3.413,7.415,35.907
2024-12-28T20:00:00-05:00,2024-12-28T21:00:00-05:00,2024-12-29T01:00:00+00:00,2024-12-29T02:00:00+00:00,MOD-00811,60,91.033,9.157,3.498,3.765,11.253,1102.254,3.523,8.413,34.141
2024-12-28T21:00:00-05:00,2024-12-28T22:00:00-05:00,2024-12-29T02:00:00+00:00,2024-12-29T03:00:00+00:00,MOD-00811,60,92.76,9.963,4.379,5.225,38.713,819.613,3.754,10.786,28.778
2024-12-28T22:00:00-05:00,2024-12-28T23:00:00-05:00,2024-12-29T03:00:00+00:00,2024-12-29T04:00:00+00:00,MOD-00811,60,90.2,10.137,4.179,7.151,796.026,818.662,3.589,10.589,28.665
2024-12-28T23:00:00-05:00,2024-12-29T00:00:00-05:00,2024-12-29T04:00:00+00:00,2024-12-29T05:00:00+00:00,MOD-00811,60,90.008,9.517,2.173,3.063,225.877,998.493,3.432,7.579,31.928
2024-12-29T00:00:00-05:00,2024-12-29T01:00:00-05:00,2024-12-29T05:00:00+00:00,2024-12-29T06:00:00+00:00,MOD-00811,60,91.112,9.445,1.617,2.447,129.673,852.948,3.953,11.109,25.504
2024-12-29T01:00:00-05:00,2024-12-29T02:00:00-05:00,2024-12-29T06:00:00+00:00,2024-12-29T07:00:00+00:00,MOD-00811,60,90.833,9.76,1.322,1.985,85.844,1119.023,3.643,10.288,28.92
2024-12-29T02:00:00-05:00,2024-12-29T03:00:00-05:00,2024-12-29T07:00:00+00:00,2024-12-29T08:00:00+00:00,MOD-00811,60,91.072,9.427,0.648,2.507,1186.113,1109.415,3.606,8.223,34.526
2024-12-29T03:00:00-05:00,2024-12-29T04:00:00-05:00,2024-12-29T08:00:00+00:00,2024-12-29T09:00:00+00:00,MOD-00811,60,90.815,9.213,0.968,5.048,1661.322,783.677,3.528,6.985,31.276
2024-12-29T04:00:00-05:00,2024-12-29T05:00:00-05:00,2024-12-29T09:00:00+00:00,2024-12-29T10:00:00+00:00,MOD-00811,60,92.013,9.408,1.547,2.286,261.146,818.449,3.676,10.115,25.699
2024-12-29T05:00:00-05:00,2024-12-29T06:00:00-05:00,2024-12-29T10:00:00+00:00,2024-12-29T11:00:00+00:00,MOD-00811,60,91.708,9.727,1.76,2.186,171.841,791.143,3.686,10.777,25.03
2024-12-29T06:00:00-05:00,2024-12-29T07:00:00-05:00,2024-12-29T11:00:00+00:00,2024-12-29T12:00:00+00:00,MOD-00811,60,91.037,9.685,2.865,5.986,879.033,819.011,3.668,12.004,21.271
2024-12-29T07:00:00-05:00,2024-12-29T08:00:00-05:00,2024-12-29T12:00:00+00:00,2024-12-29T13:00:00+00:00,MOD-00811,60,90.475,9.558,3.237,5.246,216.058,815.989,3.631,11.191,20.284
2024-12-29T08:00:00-05:00,2024-12-29T09:00:00-05:00,2024-12-29T13:00:00+00:00,2024-12-29T14:00:00+00:00,MOD-00811,60,90.185,9.645,2.342,6.444,1437.027,772.384,3.525,8.357,26.455
2024-12-29T09:00:00-05:00,2024-12-29T10:00:00-05:00,2024-12-29T14:00:00+00:00,2024-12-29T15:00:00+00:00,MOD-00811,60,90.555,10.272,1.67,3.748,1082.052,789.998,3.608,9.375,29.699
2024-12-29T10:00:00-05:00,2024-12-29T11:00:00-05:00,2024-12-29T15:00:00+00:00,2024-12-29T16:00:00+00:00,MOD-00811,60,88.987,10.587,1.161,2.9,1210.056,838.079,3.422,8.459,33.522
2024-12-29T11:00:00-05:00,2024-12-29T12:00:00-05:00,2024-12-29T16:00:00+00:00,2024-12-29T17:00:00+00:00,MOD-00811,60,89.498,10.76,1.585,2.333,257.909,878.146,3.554,10.176,33.979
2024-12-29T12:00:00-05:00,2024-12-29T13:00:00-05:00,2024-12-29T17:00:00+00:00,2024-12-29T18:00:00+00:00,MOD-00811,60,87.967,11.502,1.397,2.655,305.708,878.865,3.326,12.454,35.763
2024-12-29T13:00:00-05:00,2024-12-29T14:00:00-05:00,2024-12-29T18:00:00+00:00,2024-12-29T19:00:00+00:00,MOD-00811,60,87.18,12.055,1.403,2.271,363.707,664.866,3.178,11.23,38.235
2024-12-29T14:00:00-05:00,2024-12-29T15:00:00-05:00,2024-12-29T19:00:00+00:00,2024-12-29T20:00:00+00:00,MOD-00811,60,88.382,12.073,1.403,3.129,383.127,857.478,3.46,10.663,40.856
2024-12-29T15:00:00-05:00,2024-12-29T16:00:00-05:00,2024-12-29T20:00:00+00:00,2024-12-29T21:00:00+00:00,MOD-00811,60,87.593,11.705,1.559,8.939,55.101,941.712,3.159,12.457,41.639
2024-12-29T16:00:00-05:00,2024-12-29T17:00:00-05:00,2024-12-29T21:00:00+00:00,2024-12-29T22:00:00+00:00,MOD-00811,60,88.888,11.202,1.473,9.447,76.951,1002.859,3.442,10.71,42.335
2024-12-29T17:00:00-05:00,2024-12-29T18:00:00-05:00,2024-12-29T22:00:00+00:00,2024-12-29T23:00:00+00:00,MOD-00811,60,90.508,10.485,1.551,10.346,102.888,947.35,3.589,9.843,43.324
2024-12-29T18:00:00-05:00,2024-12-29T19:00:00-05:00,2024-12-29T23:00:00+00:00,2024-12-30T00:00:00+00:00,MOD-00811,60,89.0,10.343,1.65,11.56,97.427,995.764,3.36,8.152,44.379
2024-12-29T19:00:00-05:00,2024-12-29T20:00:00-05:00,2024-12-30T00:00:00+00:00,2024-12-30T01:00:00+00:00,MOD-00811,60,89.398,9.837,1.861,11.622,102.637,858.577,3.323,7.318,43.786
2024-12-29T20:00:00-05:00,2024-12-29T21:00:00-05:00,2024-12-30T01:00:00+00:00,2024-12-30T02:00:00+00:00,MOD-00811,60,90.53,10.162,1.923,10.352,100.625,741.403,3.532,8.909,42.039
2024-12-29T21:00:00-05:00,2024-12-29T22:00:00-05:00,2024-12-30T02:00:00+00:00,2024-12-30T03:00:00+00:00,MOD-00811,60,88.318,11.35,1.626,10.119,102.67,791.841,3.291,10.096,46.612
2024-12-29T22:00:00-05:00,2024-12-29T23:00:00-05:00,2024-12-30T03:00:00+00:00,2024-12-30T04:00:00+00:00,MOD-00811,60,84.833,12.52,1.527,9.104,73.228,775.34,2.649,12.467,46.728
2024-12-29T23:00:00-05:00,2024-12-30T00:00:00-05:00,2024-12-30T04:00:00+00:00,2024-12-30T05:00:00+00:00,MOD-00811,60,83.56,12.925,1.354,9.007,74.783,664.476,2.566,11.725,47.913
2024-12-30T00:00:00-05:00,2024-12-30T01:00:00-05:00,2024-12-30T05:00:00+00:00,2024-12-30T06:00:00+00:00,MOD-00811,60,83.165,12.797,1.465,10.546,88.159,670.879,2.526,12.927,47.25
2024-12-30T01:00:00-05:00,2024-12-30T02:00:00-05:00,2024-12-30T06:00:00+00:00,2024-12-30T07:00:00+00:00,MOD-00811,60,82.367,12.822,1.559,11.633,93.451,718.872,2.464,14.13,47.65
2024-12-30T02:00:00-05:00,2024-12-30T03:00:00-05:00,2024-12-30T07:00:00+00:00,2024-12-30T08:00:00+00:00,MOD-00811,60,83.197,13.085,1.556,11.419,92.108,652.407,2.491,13.641,48.408
2024-12-30T03:00:00-05:00,2024-12-30T04:00:00-05:00,2024-12-30T08:00:00+00:00,2024-12-30T09:00:00+00:00,MOD-00811,60,82.39,13.405,1.534,11.943,92.247,702.627,2.436,13.577,48.881
2024-12-30T04:00:00-05:00,2024-12-30T05:00:00-05:00,2024-12-30T09:00:00+00:00,2024-12-30T10:00:00+00:00,MOD-00811,60,82.51,13.443,1.67,13.024,95.29,684.713,2.444,13.982,48.997
2024-12-30T05:00:00-05:00,2024-12-30T06:00:00-05:00,2024-12-30T10:00:00+00:00,2024-12-30T11:00:00+00:00,MOD-00811,60,82.258,13.547,1.838,13.396,99.458,679.194,2.363,10.671,48.589
2024-12-30T06:00:00-05:00,2024-12-30T07:00:00-05:00,2024-12-30T11:00:00+00:00,2024-12-30T12:00:00+00:00,MOD-00811,60,84.898,12.995,1.976,18.292,158.718,746.51,2.706,10.727,49.221
2024-12-30T07:00:00-05:00,2024-12-30T08:00:00-05:00,2024-12-30T12:00:00+00:00,2024-12-30T13:00:00+00:00,MOD-00811,60,90.877,12.692,2.333,19.614,89.924,662.908,3.741,10.165,47.116
2024-12-30T08:00:00-05:00,2024-12-30T09:00:00-05:00,2024-12-30T13:00:00+00:00,2024-12-30T14:00:00+00:00,MOD-00811,60,91.487,12.838,1.67,10.83,33.63,655.011,3.769,9.516,47.319
2024-12-30T09:00:00-05:00,2024-12-30T10:00:00-05:00,2024-12-30T14:00:00+00:00,2024-12-30T15:00:00+00:00,MOD-00811,60,91.405,12.438,1.765,15.081,68.62,646.338,3.84,9.67,46.383
2024-12-30T10:00:00-05:00,2024-12-30T11:00:00-05:00,2024-12-30T15:00:00+00:00,2024-12-30T16:00:00+00:00,MOD-00811,60,92.333,12.713,2.276,10.826,114.425,667.309,3.898,9.905,44.024
2024-12-30T11:00:00-05:00,2024-12-30T12:00:00-05:00,2024-12-30T16:00:00+00:00,2024-12-30T17:00:00+00:00,MOD-00811,60,91.815,13.532,0.58,1.344,12.882,677.988,3.765,9.8,42.938
2024-12-30T12:00:00-05:00,2024-12-30T13:00:00-05:00,2024-12-30T17:00:00+00:00,2024-12-30T18:00:00+00:00,MOD-00811,60,86.068,14.543,1.117,1.592,7.303,699.431,4.066,9.106,40.889
2024-12-30T13:00:00-05:00,2024-12-30T14:00:00-05:00,2024-12-30T18:00:00+00:00,2024-12-30T19:00:00+00:00,MOD-00811,60,75.342,15.985,2.16,2.636,5.025,688.538,1.91,7.107,40.207
2024-12-30T14:00:00-05:00,2024-12-30T15:00:00-05:00,2024-12-30T19:00:00+00:00,2024-12-30T20:00:00+00:00,MOD-00811,60,68.545,16.427,2.998,3.64,5.764,700.006,2.559,11.367,39.087
2024-12-30T15:00:00-05:00,2024-12-30T16:00:00-05:00,2024-12-30T20:00:00+00:00,2024-12-30T21:00:00+00:00,MOD-00811,60,67.593,15.553,3.277,3.988,7.283,705.472,2.535,8.962,38.967
2024-12-30T16:00:00-05:00,2024-12-30T17:00:00-05:00,2024-12-30T21:00:00+00:00,2024-12-30T22:00:00+00:00,MOD-00811,60,70.275,12.803,2.27,2.977,7.455,726.188,1.766,10.038,40.765
2024-12-30T17:00:00-05:00,2024-12-30T18:00:00-05:00,2024-12-30T22:00:00+00:00,2024-12-30T23:00:00+00:00,MOD-00811,60,72.618,11.035,1.843,2.703,8.855,769.125,1.535,18.068,39.562
2024-12-30T18:00:00-05:00,2024-12-30T19:00:00-05:00,2024-12-30T23:00:00+00:00,2024-12-31T00:00:00+00:00,MOD-00811,60,65.53,10.297,1.93,2.276,5.608,790.678,2.048,15.626,40.961
2024-12-30T19:00:00-05:00,2024-12-30T20:00:00-05:00,2024-12-31T00:00:00+00:00,2024-12-31T01:00:00+00:00,MOD-00811,60,65.478,9.285,2.541,2.83,6.121,830.12,1.914,19.82,38.203
2024-12-30T20:00:00-05:00,2024-12-30T21:00:00-05:00,2024-12-31T01:00:00+00:00,2024-12-31T02:00:00+00:00,MOD-00811,60,68.365,8.39,3.745,4.135,8.857,829.485,1.524,20.587,36.816
2024-12-30T21:00:00-05:00,2024-12-30T22:00:00-05:00,2024-12-31T02:00:00+00:00,2024-12-31T03:00:00+00:00,MOD-00811,60,64.59,8.598,3.678,4.079,9.396,756.145,1.968,13.562,41.683
2024-12-30T22:00:00-05:00,2024-12-30T23:00:00-05:00,2024-12-31T03:00:00+00:00,2024-12-31T04:00:00+00:00,MOD-00811,60,64.772,8.617,4.296,4.96,12.871,744.131,1.929,14.776,41.618
2024-12-30T23:00:00-05:00,2024-12-31T00:00:00-05:00,2024-12-31T04:00:00+00:00,2024-12-31T05:00:00+00:00,MOD-00811,60,65.03,8.387,3.313,3.976,10.739,747.681,1.805,15.632,40.726
2024-12-31T00:00:00-05:00,2024-12-31T01:00:00-05:00,2024-12-31T05:00:00+00:00,2024-12-31T06:00:00+00:00,MOD-00811,60,66.717,7.708,2.122,2.581,8.011,755.864,1.484,18.692,39.526
2024-12-31T01:00:00-05:00,2024-12-31T02:00:00-05:00,2024-12-31T06:00:00+00:00,2024-12-31T07:00:00+00:00,MOD-00811,60,67.445,7.258,1.567,1.893,5.953,754.772,1.518,18.837,39.343
2024-12-31T02:00:00-05:00,2024-12-31T03:00:00-05:00,2024-12-31T07:00:00+00:00,2024-12-31T08:00:00+00:00,MOD-00811,60,68.262,6.983,1.429,1.68,4.01,741.956,1.509,18.83,39.06
2024-12-31T03:00:00-05:00,2024-12-31T04:00:00-05:00,2024-12-31T08:00:00+00:00,2024-12-31T09:00:00+00:00,MOD-00811,60,70.902,6.303,1.84,2.059,4.353,758.087,1.617,18.578,38.089
2024-12-31T04:00:00-05:00,2024-12-31T05:00:00-05:00,2024-12-31T09:00:00+00:00,2024-12-31T10:00:00+00:00,MOD-00811,60,75.257,5.293,2.33,2.558,4.359,804.861,1.48,20.793,35.166
2024-12-31T05:00:00-05:00,2024-12-31T06:00:00-05:00,2024-12-31T10:00:00+00:00,2024-12-31T11:00:00+00:00,MOD-00811,60,74.535,5.252,1.848,2.044,3.779,797.071,2.916,20.506,34.656
2024-12-31T06:00:00-05:00,2024-12-31T07:00:00-05:00,2024-12-31T11:00:00+00:00,2024-12-31T12:00:00+00:00,MOD-00811,60,75.685,4.872,2.139,2.305,3.711,843.798,11.658,23.073,30.856
2024-12-31T07:00:00-05:00,2024-12-31T08:00:00-05:00,2024-12-31T12:00:00+00:00,2024-12-31T13:00:00+00:00,MOD-00811,60,76.663,4.635,2.61,2.785,4.307,895.01,3.031,21.724,32.102
2024-12-31T08:00:00-05:00,2024-12-31T09:00:00-05:00,2024-12-31T13:00:00+00:00,2024-12-31T14:00:00+00:00,MOD-00811,60,70.845,6.17,3.35,3.531,6.38,914.092,2.353,21.431,31.916
2024-12-31T09:00:00-05:00,2024-12-31T10:00:00-05:00,2024-12-31T14:00:00+00:00,2024-12-31T15:00:00+00:00,MOD-00811,60,52.443,10.892,4.467,4.817,11.113,859.44,3.057,13.086,37.67
2024-12-31T10:00:00-05:00,2024-12-31T11:00:00-05:00,2024-12-31T15:00:00+00:00,2024-12-31T16:00:00+00:00,MOD-00811,60,42.703,13.287,1.884,2.265,10.552,755.266,2.74,8.801,42.829
2024-12-31T11:00:00-05:00,2024-12-31T12:00:00-05:00,2024-12-31T16:00:00+00:00,2024-12-31T17:00:00+00:00,MOD-00811,60,37.298,15.237,2.508,2.815,10.598,731.604,2.725,6.671,43.544
2024-12-31T12:00:00-05:00,2024-12-31T13:00:00-05:00,2024-12-31T17:00:00+00:00,2024-12-31T18:00:00+00:00,MOD-00811,60,38.268,15.502,2.592,2.754,6.937,705.347,2.671,5.605,44.63
2024-12-31T13:00:00-05:00,2024-12-31T14:00:00-05:00,2024-12-31T18:00:00+00:00,2024-12-31T19:00:00+00:00,MOD-00811,60,41.608,14.002,2.798,2.933,4.311,834.894,2.665,10.273,45.399
2024-12-31T14:00:00-05:00,2024-12-31T15:00:00-05:00,2024-12-31T19:00:00+00:00,2024-12-31T20:00:00+00:00,MOD-00811,60,46.918,13.05,3.459,3.899,11.701,722.139,2.13,13.843,43.973
2024-12-31T15:00:00-05:00,2024-12-31T16:00:00-05:00,2024-12-31T20:00:00+00:00,2024-12-31T21:00:00+00:00,MOD-00811,60,59.827,10.468,3.436,4.047,13.499,738.893,2.132,17.555,42.901
2024-12-31T16:00:00-05:00,2024-12-31T17:00:00-05:00,2024-12-31T21:00:00+00:00,2024-12-31T22:00:00+00:00,MOD-00811,60,60.327,8.633,4.109,4.685,16.331,868.543,2.246,15.327,42.34
2024-12-31T17:00:00-05:00,2024-12-31T18:00:00-05:00,2024-12-31T22:00:00+00:00,2024-12-31T23:00:00+00:00,MOD-00811,60,71.892,7.413,4.014,4.815,21.057,1010.88,1.704,21.834,39.577
2024-12-31T18:00:00-05:00,2024-12-31T19:00:00-05:00,2024-12-31T23:00:00+00:00,2025-01-01T00:00:00+00:00,MOD-00811,60,81.787,6.593,3.92,4.908,23.032,922.071,2.099,21.709,36.955
2024-12-31T19:00:00-05:00,2024-12-31T20:00:00-05:00,2025-01-01T00:00:00+00:00,2025-01-01T01:00:00+00:00,MOD-00811,60,83.162,5.423,5.985,7.041,31.061,823.875,2.659,20.54,32.208
2024-12-31T20:00:00-05:00,2024-12-31T21:00:00-05:00,2025-01-01T01:00:00+00:00,2025-01-01T02:00:00+00:00,MOD-00811,60,85.26,4.773,8.876,10.043,31.44,917.523,3.361,18.404,31.196
2024-12-31T21:00:00-05:00,2024-12-31T22:00:00-05:00,2025-01-01T02:00:00+00:00,2025-01-01T03:00:00+00:00,MOD-00811,60,87.327,4.482,8.108,9.425,36.836,877.577,3.65,12.275,31.725
2024-12-31T22:00:00-05:00,2024-12-31T23:00:00-05:00,2025-01-01T03:00:00+00:00,2025-01-01T04:00:00+00:00,MOD-00811,60,88.192,5.043,5.824,7.825,35.203,773.471,3.444,9.73,35.0
2024-12-31T23:00:00-05:00,2025-01-01T00:00:00-05:00,2025-01-01T04:00:00+00:00,2025-01-01T05:00:00+00:00,MOD-00811,60,83.622,5.78,4.801,6.677,23.692,735.435,2.51,5.683,39.028
2025-01-01T00:00:00-05:00,2025-01-01T01:00:00-05:00,2025-01-01T05:00:00+00:00,2025-01-01T06:00:00+00:00,MOD-00811,60,81.582,6.833,3.92,5.822,23.353,721.798,2.022,3.018,41.593
2025-01-01T01:00:00-05:00,2025-01-01T02:00:00-05:00,2025-01-01T06:00:00+00:00,2025-01-01T07:00:00+00:00,MOD-00811,60,88.317,7.417,2.517,6.432,41.251,759.367,2.611,8.106,39.954
2025-01-01T02:00:00-05:00,2025-01-01T03:00:00-05:00,2025-01-01T07:00:00+00:00,2025-01-01T08:00:00+00:00,MOD-00811,60,91.262,8.283,3.046,8.279,46.102,699.104,3.467,7.244,36.279
2025-01-01T03:00:00-05:00,2025-01-01T04:00:00-05:00,2025-01-01T08:00:00+00:00,2025-01-01T09:00:00+00:00,MOD-00811,60,90.112,8.753,2.128,5.496,20.202,769.216,3.154,8.196,37.139
2025-01-01T04:00:00-05:00,2025-01-01T05:00:00-05:00,2025-01-01T09:00:00+00:00,2025-01-01T10:00:00+00:00,MOD-00811,60,90.848,8.883,2.0,4.966,19.043,735.37,3.373,7.968,37.319
2025-01-01T05:00:00-05:00,2025-01-01T06:00:00-05:00,2025-01-01T10:00:00+00:00,2025-01-01T11:00:00+00:00,MOD-00811,60,90.787,9.192,2.32,6.02,40.862,854.377,3.389,9.793,34.62
2025-01-01T06:00:00-05:00,2025-01-01T07:00:00-05:00,2025-01-01T11:00:00+00:00,2025-01-01T12:00:00+00:00,MOD-00811,60,91.528,9.343,3.607,6.684,84.034,858.659,3.653,19.772,25.696
2025-01-01T07:00:00-05:00,2025-01-01T08:00:00-05:00,2025-01-01T12:00:00+00:00,2025-01-01T13:00:00+00:00,MOD-00811,60,92.16,9.81,3.392,6.957,198.009,1068.293,3.863,26.501,21.975
2025-01-01T08:00:00-05:00,2025-01-01T09:00:00-05:00,2025-01-01T13:00:00+00:00,2025-01-01T14:00:00+00:00,MOD-00811,60,90.158,9.93,2.462,3.68,21.582,965.479,3.549,16.071,27.412
2025-01-01T09:00:00-05:00,2025-01-01T10:00:00-05:00,2025-01-01T14:00:00+00:00,2025-01-01T15:00:00+00:00,MOD-00811,60,88.952,9.928,1.006,1.658,19.696,799.401,3.287,7.856,34.412
2025-01-01T10:00:00-05:00,2025-01-01T11:00:00-05:00,2025-01-01T15:00:00+00:00,2025-01-01T16:00:00+00:00,MOD-00811,60,87.748,10.765,1.372,2.841,27.416,781.748,3.155,10.045,37.237
2025-01-01T11:00:00-05:00,2025-01-01T12:00:00-05:00,2025-01-01T16:00:00+00:00,2025-01-01T17:00:00+00:00,MOD-00811,60,83.003,10.68,2.065,4.13,10.19,708.391,2.274,7.742,41.666
2025-01-01T12:00:00-05:00,2025-01-01T13:00:00-05:00,2025-01-01T17:00:00+00:00,2025-01-01T18:00:00+00:00,MOD-00811,60,79.57,10.373,1.177,1.427,2.865,706.167,2.119,13.488,40.532
2025-01-01T13:00:00-05:00,2025-01-01T14:00:00-05:00,2025-01-01T18:00:00+00:00,2025-01-01T19:00:00+00:00,MOD-00811,60,74.907,10.055,1.211,1.3,1.535,715.067,1.723,9.048,41.02
2025-01-01T14:00:00-05:00,2025-01-01T15:00:00-05:00,2025-01-01T19:00:00+00:00,2025-01-01T20:00:00+00:00,MOD-00811,60,65.882,11.4,0.663,0.753,1.477,714.376,2.212,11.449,42.729
2025-01-01T15:00:00-05:00,2025-01-01T16:00:00-05:00,2025-01-01T20:00:00+00:00,2025-01-01T21:00:00+00:00,MOD-00811,60,65.007,11.587,0.72,0.83,1.756,720.823,2.246,11.503,42.554
2025-01-01T16:00:00-05:00,2025-01-01T17:00:00-05:00,2025-01-01T21:00:00+00:00,2025-01-01T22:00:00+00:00,MOD-00811,60,70.27,10.593,0.942,1.104,2.568,745.131,1.52,15.723,40.169
2025-01-01T17:00:00-05:00,2025-01-01T18:00:00-05:00,2025-01-01T22:00:00+00:00,2025-01-01T23:00:00+00:00,MOD-00811,60,73.342,10.187,1.635,1.811,3.462,783.309,1.554,18.247,37.263
2025-01-01T18:00:00-05:00,2025-01-01T19:00:00-05:00,2025-01-01T23:00:00+00:00,2025-01-02T00:00:00+00:00,MOD-00811,60,75.677,9.43,1.689,1.856,3.339,748.253,1.769,13.92,37.416
2025-01-01T19:00:00-05:00,2025-01-01T20:00:00-05:00,2025-01-02T00:00:00+00:00,2025-01-02T01:00:00+00:00,MOD-00811,60,70.305,7.703,0.764,0.842,1.282,722.426,1.567,9.934,38.261
2025-01-01T20:00:00-05:00,2025-01-01T21:00:00-05:00,2025-01-02T01:00:00+00:00,2025-01-02T02:00:00+00:00,MOD-00811,60,71.537,6.007,0.421,0.479,0.904,704.415,1.606,11.929,36.589
2025-01-01T21:00:00-05:00,2025-01-01T22:00:00-05:00,2025-01-02T02:00:00+00:00,2025-01-02T03:00:00+00:00,MOD-00811,60,72.69,5.53,0.414,0.459,0.539,703.047,1.699,9.498,36.097
2025-01-01T22:00:00-05:00,2025-01-01T23:00:00-05:00,2025-01-02T03:00:00+00:00,2025-01-02T04:00:00+00:00,MOD-00811,60,69.69,5.387,0.41,0.442,0.578,699.399,1.586,14.209,38.065
2025-01-01T23:00:00-05:00,2025-01-02T00:00:00-05:00,2025-01-02T04:00:00+00:00,2025-01-02T05:00:00+00:00,MOD-00811,60,66.933,5.158,0.41,0.465,1.263,733.601,1.597,9.945,40.13
2025-01-02T00:00:00-05:00,2025-01-02T01:00:00-05:00,2025-01-02T05:00:00+00:00,2025-01-02T06:00:00+00:00,MOD-00811,60,62.937,4.765,0.37,0.399,0.812,687.26,2.393,10.744,43.536
2025-01-02T01:00:00-05:00,2025-01-02T02:00:00-05:00,2025-01-02T06:00:00+00:00,2025-01-02T07:00:00+00:00,MOD-00811,60,58.84,4.362,0.461,0.494,0.725,683.611,2.465,8.522,46.232
2025-01-02T02:00:00-05:00,2025-01-02T03:00:00-05:00,2025-01-02T07:00:00+00:00,2025-01-02T08:00:00+00:00,MOD-00811,60,55.43,4.113,0.66,0.695,1.893,681.851,2.264,8.406,47.891
2025-01-02T03:00:00-05:00,2025-01-02T04:00:00-05:00,2025-01-02T08:00:00+00:00,2025-01-02T09:00:00+00:00,MOD-00811,60,52.587,3.908,0.797,0.887,2.019,686.727,2.107,9.556,47.693
2025-01-02T04:00:00-05:00,2025-01-02T05:00:00-05:00,2025-01-02T09:00:00+00:00,2025-01-02T10:00:00+00:00,MOD-00811,60,50.208,3.943,0.87,0.952,1.686,689.46,2.118,9.519,47.269
2025-01-02T05:00:00-05:00,2025-01-02T06:00:00-05:00,2025-01-02T10:00:00+00:00,2025-01-02T11:00:00+00:00,MOD-00811,60,49.292,4.012,0.879,0.969,3.783,701.46,2.158,10.056,47.005
2025-01-02T06:00:00-05:00,2025-01-02T07:00:00-05:00,2025-01-02T11:00:00+00:00,2025-01-02T12:00:00+00:00,MOD-00811,60,48.323,4.22,0.975,1.091,3.511,742.425,2.21,12.971,46.488
2025-01-02T07:00:00-05:00,2025-01-02T08:00:00-05:00,2025-01-02T12:00:00+00:00,2025-01-02T13:00:00+00:00,MOD-00811,60,52.56,4.013,1.134,1.322,4.833,744.885,2.203,17.725,43.952
2025-01-02T08:00:00-05:00,2025-01-02T09:00:00-05:00,2025-01-02T13:00:00+00:00,2025-01-02T14:00:00+00:00,MOD-00811,60,50.675,4.59,1.155,1.264,3.224,729.598,2.181,15.275,44.771
2025-01-02T09:00:00-05:00,2025-01-02T10:00:00-05:00,2025-01-02T14:00:00+00:00,2025-01-02T15:00:00+00:00,MOD-00811,60,41.58,6.123,1.309,1.424,4.735,717.036,2.042,13.54,47.77
2025-01-02T10:00:00-05:00,2025-01-02T11:00:00-05:00,2025-01-02T15:00:00+00:00,2025-01-02T16:00:00+00:00,MOD-00811,60,36.655,6.76,0.93,1.1,1.749,714.988,2.366,10.403,48.684
2025-01-02T11:00:00-05:00,2025-01-02T12:00:00-05:00,2025-01-02T16:00:00+00:00,2025-01-02T17:00:00+00:00,MOD-00811,60,33.065,7.222,1.602,1.726,4.147,713.589,2.414,10.493,48.952
2025-01-02T12:00:00-05:00,2025-01-02T13:00:00-05:00,2025-01-02T17:00:00+00:00,2025-01-02T18:00:00+00:00,MOD-00811,60,33.15,7.645,1.917,2.062,7.556,716.161,2.323,9.363,47.348
2025-01-02T13:00:00-05:00,2025-01-02T14:00:00-05:00,2025-01-02T18:00:00+00:00,2025-01-02T19:00:00+00:00,MOD-00811,60,36.665,7.882,0.997,1.098,2.013,723.465,2.243,11.279,45.405
2025-01-02T14:00:00-05:00,2025-01-02T15:00:00-05:00,2025-01-02T19:00:00+00:00,2025-01-02T20:00:00+00:00,MOD-00811,60,41.957,7.275,0.987,1.055,2.58,724.669,2.085,12.131,43.261
2025-01-02T15:00:00-05:00,2025-01-02T16:00:00-05:00,2025-01-02T20:00:00+00:00,2025-01-02T21:00:00+00:00,MOD-00811,60,42.195,7.027,1.045,1.123,2.75,748.322,2.191,12.899,41.096
2025-01-02T16:00:00-05:00,2025-01-02T17:00:00-05:00,2025-01-02T21:00:00+00:00,2025-01-02T22:00:00+00:00,MOD-00811,60,39.565,5.732,0.991,1.068,3.13,749.25,2.126,9.646,40.678
2025-01-02T17:00:00-05:00,2025-01-02T18:00:00-05:00,2025-01-02T22:00:00+00:00,2025-01-02T23:00:00+00:00,MOD-00811,60,38.482,5.407,0.961,1.05,2.451,775.175,1.98,9.84,40.935
2025-01-02T18:00:00-05:00,2025-01-02T19:00:00-05:00,2025-01-02T23:00:00+00:00,2025-01-03T00:00:00+00:00,MOD-00811,60,40.255,4.935,1.185,1.275,2.035,734.661,1.979,10.832,41.117
2025-01-02T19:00:00-05:00,2025-01-02T20:00:00-05:00,2025-01-03T00:00:00+00:00,2025-01-03T01:00:00+00:00,MOD-00811,60,40.318,4.348,1.545,1.607,2.465,730.226,2.085,10.951,41.244
2025-01-02T20:00:00-05:00,2025-01-02T21:00:00-05:00,2025-01-03T01:00:00+00:00,2025-01-03T02:00:00+00:00,MOD-00811,60,42.488,3.562,2.517,2.601,4.495,739.741,1.972,14.309,41.008
2025-01-02T21:00:00-05:00,2025-01-02T22:00:00-05:00,2025-01-03T02:00:00+00:00,2025-01-03T03:00:00+00:00,MOD-00811,60,46.452,2.727,1.888,1.959,2.404,725.537,1.874,14.174,42.205
2025-01-02T22:00:00-05:00,2025-01-02T23:00:00-05:00,2025-01-03T03:00:00+00:00,2025-01-03T04:00:00+00:00,MOD-00811,60,49.812,2.118,1.951,2.042,3.219,720.4,2.492,14.05,42.241
2025-01-02T23:00:00-05:00,2025-01-03T00:00:00-05:00,2025-01-03T04:00:00+00:00,2025-01-03T05:00:00+00:00,MOD-00811,60,51.377,1.713,2.41,2.504,3.877,720.993,2.677,10.921,42.051
2025-01-03T00:00:00-05:00,2025-01-03T01:00:00-05:00,2025-01-03T05:00:00+00:00,2025-01-03T06:00:00+00:00,MOD-00811,60,51.577,1.303,2.197,2.288,3.493,719.444,2.727,9.96,41.458
2025-01-03T01:00:00-05:00,2025-01-03T02:00:00-05:00,2025-01-03T06:00:00+00:00,2025-01-03T07:00:00+00:00,MOD-00811,60,49.87,1.1,2.15,2.226,2.967,714.894,2.427,11.74,41.478
2025-01-03T02:00:00-05:00,2025-01-03T03:00:00-05:00,2025-01-03T07:00:00+00:00,2025-01-03T08:00:00+00:00,MOD-00811,60,47.583,1.157,1.742,1.808,2.871,719.713,2.618,12.047,41.671
2025-01-03T03:00:00-05:00,2025-01-03T04:00:00-05:00,2025-01-03T08:00:00+00:00,2025-01-03T09:00:00+00:00,MOD-00811,60,46.198,1.258,1.595,1.672,2.836,714.608,2.254,9.467,41.729
2025-01-03T04:00:00-05:00,2025-01-03T05:00:00-05:00,2025-01-03T09:00:00+00:00,2025-01-03T10:00:00+00:00,MOD-00811,60,45.448,1.285,1.974,2.054,3.805,717.687,1.939,9.532,41.185
2025-01-03T05:00:00-05:00,2025-01-03T06:00:00-05:00,2025-01-03T10:00:00+00:00,2025-01-03T11:00:00+00:00,MOD-00811,60,45.387,1.218,3.597,3.675,4.568,720.724,1.891,9.193,41.274
2025-01-03T06:00:00-05:00,2025-01-03T07:00:00-05:00,2025-01-03T11:00:00+00:00,2025-01-03T12:00:00+00:00,MOD-00811,60,46.027,1.103,2.856,2.994,5.659,741.266,2.855,12.015,40.416
2025-01-03T07:00:00-05:00,2025-01-03T08:00:00-05:00,2025-01-03T12:00:00+00:00,2025-01-03T13:00:00+00:00,MOD-00811,60,46.987,0.712,1.99,2.743,7.135,770.792,2.667,10.51,39.487
2025-01-03T08:00:00-05:00,2025-01-03T09:00:00-05:00,2025-01-03T13:00:00+00:00,2025-01-03T14:00:00+00:00,MOD-00811,60,44.582,1.392,2.481,2.655,6.082,754.132,2.082,10.467,40.859
2025-01-03T09:00:00-05:00,2025-01-03T10:00:00-05:00,2025-01-03T14:00:00+00:00,2025-01-03T15:00:00+00:00,MOD-00811,60,38.488,3.525,1.837,2.106,4.991,748.508,1.9,13.591,43.382
2025-01-03T10:00:00-05:00,2025-01-03T11:00:00-05:00,2025-01-03T15:00:00+00:00,2025-01-03T16:00:00+00:00,MOD-00811,60,35.673,4.46,2.409,2.597,4.265,736.745,2.133,12.784,44.989
2025-01-03T11:00:00-05:00,2025-01-03T12:00:00-05:00,2025-01-03T16:00:00+00:00,2025-01-03T17:00:00+00:00,MOD-00811,60,33.342,5.145,1.83,1.997,3.074,745.756,2.48,15.783,45.495
2025-01-03T12:00:00-05:00,2025-01-03T13:00:00-05:00,2025-01-03T17:00:00+00:00,2025-01-03T18:00:00+00:00,MOD-00811,60,31.508,5.71,1.645,1.742,2.391,741.668,2.428,15.897,46.115
2025-01-03T13:00:00-05:00,2025-01-03T14:00:00-05:00,2025-01-03T18:00:00+00:00,2025-01-03T19:00:00+00:00,MOD-00811,60,30.677,5.808,1.695,1.804,3.421,735.235,2.27,15.68,46.537
2025-01-03T14:00:00-05:00,2025-01-03T15:00:00-05:00,2025-01-03T19:00:00+00:00,2025-01-03T20:00:00+00:00,MOD-00811,60,30.257,6.007,2.002,2.149,3.238,752.312,2.265,16.622,46.323
2025-01-03T15:00:00-05:00,2025-01-03T16:00:00-05:00,2025-01-03T20:00:00+00:00,2025-01-03T21:00:00+00:00,MOD-00811,60,32.013,5.17,2.442,2.576,5.07,749.333,2.373,16.414,46.422
2025-01-03T16:00:00-05:00,2025-01-03T17:00:00-05:00,2025-01-03T21:00:00+00:00,2025-01-03T22:00:00+00:00,MOD-00811,60,36.475,3.312,2.66,2.776,6.261,784.614,1.957,14.031,44.411
2025-01-03T17:00:00-05:00,2025-01-03T18:00:00-05:00,2025-01-03T22:00:00+00:00,2025-01-03T23:00:00+00:00,MOD-00811,60,40.382,2.188,2.68,2.896,7.051,830.272,1.914,18.414,40.182
2025-01-03T18:00:00-05:00,2025-01-03T19:00:00-05:00,2025-01-03T23:00:00+00:00,2025-01-04T00:00:00+00:00,MOD-00811,60,45.428,1.12,2.806,2.969,5.442,834.997,2.15,20.838,39.197
2025-01-03T19:00:00-05:00,2025-01-03T20:00:00-05:00,2025-01-04T00:00:00+00:00,2025-01-04T01:00:00+00:00,MOD-00811,60,50.055,0.235,3.378,3.544,6.052,836.291,2.832,21.164,37.847
2025-01-03T20:00:00-05:00,2025-01-03T21:00:00-05:00,2025-01-04T01:00:00+00:00,2025-01-04T02:00:00+00:00,MOD-00811,60,52.797,-0.272,3.588,3.76,5.983,858.393,2.679,21.364,36.676
2025-01-03T21:00:00-05:00,2025-01-03T22:00:00-05:00,2025-01-04T02:00:00+00:00,2025-01-04T03:00:00+00:00,MOD-00811,60,55.473,-0.735,6.119,6.266,8.576,877.455,2.262,21.226,35.709
2025-01-03T22:00:00-05:00,2025-01-03T23:00:00-05:00,2025-01-04T03:00:00+00:00,2025-01-04T04:00:00+00:00,MOD-00811,60,55.493,-0.845,5.566,5.718,7.802,827.63,2.292,20.317,36.516
2025-01-03T23:00:00-05:00,2025-01-04T00:00:00-05:00,2025-01-04T04:00:00+00:00,2025-01-04T05:00:00+00:00,MOD-00811,60,52.773,-0.767,3.213,3.356,4.95,823.324,2.763,19.58,37.845
2025-01-04T00:00:00-05:00,2025-01-04T01:00:00-05:00,2025-01-04T05:00:00+00:00,2025-01-04T06:00:00+00:00,MOD-00811,60,49.09,-0.718,4.88,4.995,6.255,753.141,2.808,11.255,41.633
2025-01-04T01:00:00-05:00,2025-01-04T02:00:00-05:00,2025-01-04T06:00:00+00:00,2025-01-04T07:00:00+00:00,MOD-00811,60,48.495,-0.887,7.459,7.583,8.676,753.826,2.814,11.147,42.724
2025-01-04T02:00:00-05:00,2025-01-04T03:00:00-05:00,2025-01-04T07:00:00+00:00,2025-01-04T08:00:00+00:00,MOD-00811,60,49.765,-1.133,2.916,3.009,3.953,769.372,2.812,10.289,43.202
2025-01-04T03:00:00-05:00,2025-01-04T04:00:00-05:00,2025-01-04T08:00:00+00:00,2025-01-04T09:00:00+00:00,MOD-00811,60,52.013,-1.663,2.652,2.751,3.985,752.986,2.851,17.825,42.466
2025-01-04T04:00:00-05:00,2025-01-04T05:00:00-05:00,2025-01-04T09:00:00+00:00,2025-01-04T10:00:00+00:00,MOD-00811,60,55.217,-2.265,5.08,5.194,6.5,760.263,2.717,19.396,40.225
2025-01-04T05:00:00-05:00,2025-01-04T06:00:00-05:00,2025-01-04T10:00:00+00:00,2025-01-04T11:00:00+00:00,MOD-00811,60,53.992,-1.97,5.927,6.034,6.792,736.869,2.817,17.078,44.315
2025-01-04T06:00:00-05:00,2025-01-04T07:00:00-05:00,2025-01-04T11:00:00+00:00,2025-01-04T12:00:00+00:00,MOD-00811,60,46.93,-1.5,3.193,3.247,3.345,733.661,2.438,8.914,49.575
2025-01-04T07:00:00-05:00,2025-01-04T08:00:00-05:00,2025-01-04T12:00:00+00:00,2025-01-04T13:00:00+00:00,MOD-00811,60,45.56,-2.228,0.973,1.025,3.435,738.302,2.207,9.432,48.937
2025-01-04T08:00:00-05:00,2025-01-04T09:00:00-05:00,2025-01-04T13:00:00+00:00,2025-01-04T14:00:00+00:00,MOD-00811,60,44.638,-1.77,2.013,2.085,3.186,738.869,2.098,9.767,48.636
2025-01-04T09:00:00-05:00,2025-01-04T10:00:00-05:00,2025-01-04T14:00:00+00:00,2025-01-04T15:00:00+00:00,MOD-00811,60,41.148,-0.5,0.928,0.974,4.175,741.727,1.65,7.041,49.29
2025-01-04T10:00:00-05:00,2025-01-04T11:00:00-05:00,2025-01-04T15:00:00+00:00,2025-01-04T16:00:00+00:00,MOD-00811,60,37.905,0.248,1.314,1.416,3.361,742.915,1.942,8.473,49.532
2025-01-04T11:00:00-05:00,2025-01-04T12:00:00-05:00,2025-01-04T16:00:00+00:00,2025-01-04T17:00:00+00:00,MOD-00811,60,35.8,0.497,0.954,1.033,1.651,734.21,1.913,8.342,50.728
2025-01-04T12:00:00-05:00,2025-01-04T13:00:00-05:00,2025-01-04T17:00:00+00:00,2025-01-04T18:00:00+00:00,MOD-00811,60,33.495,0.782,0.907,1.001,5.018,729.354,1.984,8.267,50.874
2025-01-04T13:00:00-05:00,2025-01-04T14:00:00-05:00,2025-01-04T18:00:00+00:00,2025-01-04T19:00:00+00:00,MOD-00811,60,34.003,0.73,0.893,0.968,3.192,727.152,1.91,8.824,51.107
2025-01-04T14:00:00-05:00,2025-01-04T15:00:00-05:00,2025-01-04T19:00:00+00:00,2025-01-04T20:00:00+00:00,MOD-00811,60,34.307,1.013,0.762,0.869,3.078,724.533,1.884,8.602,51.439
2025-01-04T15:00:00-05:00,2025-01-04T16:00:00-05:00,2025-01-04T20:00:00+00:00,2025-01-04T21:00:00+00:00,MOD-00811,60,35.103,0.645,0.719,0.813,3.996,730.445,1.809,10.078,50.99
2025-01-04T16:00:00-05:00,2025-01-04T17:00:00-05:00,2025-01-04T21:00:00+00:00,2025-01-04T22:00:00+00:00,MOD-00811,60,34.765,0.118,0.84,0.904,1.447,731.369,1.89,9.462,50.808
2025-01-04T17:00:00-05:00,2025-01-04T18:00:00-05:00,2025-01-04T22:00:00+00:00,2025-01-04T23:00:00+00:00,MOD-00811,60,36.743,-0.405,0.807,0.886,1.15,735.687,1.979,9.431,49.441
2025-01-04T18:00:00-05:00,2025-01-04T19:00:00-05:00,2025-01-04T23:00:00+00:00,2025-01-05T00:00:00+00:00,MOD-00811,60,38.295,-0.64,0.955,1.029,1.487,748.836,1.938,8.882,47.657
2025-01-04T19:00:00-05:00,2025-01-04T20:00:00-05:00,2025-01-05T00:00:00+00:00,2025-01-05T01:00:00+00:00,MOD-00811,60,43.438,-0.968,1.389,1.525,3.124,757.678,1.94,13.902,46.434
2025-01-04T20:00:00-05:00,2025-01-04T21:00:00-05:00,2025-01-05T01:00:00+00:00,2025-01-05T02:00:00+00:00,MOD-00811,60,47.115,-0.525,1.396,1.534,3.736,737.449,2.707,12.392,46.801
2025-01-04T21:00:00-05:00,2025-01-04T22:00:00-05:00,2025-01-05T02:00:00+00:00,2025-01-05T03:00:00+00:00,MOD-00811,60,44.962,-0.327,1.476,1.603,3.837,745.514,1.992,14.324,47.032
2025-01-04T22:00:00-05:00,2025-01-04T23:00:00-05:00,2025-01-05T03:00:00+00:00,2025-01-05T04:00:00+00:00,MOD-00811,60,43.988,-0.263,1.626,1.738,4.691,746.404,1.853,14.912,46.643
2025-01-04T23:00:00-05:00,2025-01-05T00:00:00-05:00,2025-01-05T04:00:00+00:00,2025-01-05T05:00:00+00:00,MOD-00811,60,42.465,0.298,1.623,1.739,3.196,727.724,1.625,14.852,48.049
2025-01-05T00:00:00-05:00,2025-01-05T01:00:00-05:00,2025-01-05T05:00:00+00:00,2025-01-05T06:00:00+00:00,MOD-00811,60,43.217,0.267,1.546,1.661,2.603,727.231,1.681,14.923,48.026
2025-01-05T01:00:00-05:00,2025-01-05T02:00:00-05:00,2025-01-05T06:00:00+00:00,2025-01-05T07:00:00+00:00,MOD-00811,60,44.273,-0.067,1.422,1.536,3.032,725.183,1.806,13.197,47.662
2025-01-05T02:00:00-05:00,2025-01-05T03:00:00-05:00,2025-01-05T07:00:00+00:00,2025-01-05T08:00:00+00:00,MOD-00811,60,46.447,-0.563,1.428,1.559,3.313,733.469,2.414,11.042,47.089
2025-01-05T03:00:00-05:00,2025-01-05T04:00:00-05:00,2025-01-05T08:00:00+00:00,2025-01-05T09:00:00+00:00,MOD-00811,60,49.892,-1.627,1.45,1.566,2.827,750.099,2.875,16.679,44.45
2025-01-05T04:00:00-05:00,2025-01-05T05:00:00-05:00,2025-01-05T09:00:00+00:00,2025-01-05T10:00:00+00:00,MOD-00811,60,50.95,-1.893,1.771,1.904,3.591,735.965,3.009,17.636,44.644
2025-01-05T05:00:00-05:00,2025-01-05T06:00:00-05:00,2025-01-05T10:00:00+00:00,2025-01-05T11:00:00+00:00,MOD-00811,60,50.748,-1.512,2.132,2.244,4.492,726.216,3.047,17.966,44.566
2025-01-05T06:00:00-05:00,2025-01-05T07:00:00-05:00,2025-01-05T11:00:00+00:00,2025-01-05T12:00:00+00:00,MOD-00811,60,49.698,-0.927,1.094,1.222,2.044,722.975,2.743,8.16,45.608
2025-01-05T07:00:00-05:00,2025-01-05T08:00:00-05:00,2025-01-05T12:00:00+00:00,2025-01-05T13:00:00+00:00,MOD-00811,60,48.85,-0.757,1.311,1.43,2.358,717.542,2.758,10.625,46.169
2025-01-05T08:00:00-05:00,2025-01-05T09:00:00-05:00,2025-01-05T13:00:00+00:00,2025-01-05T14:00:00+00:00,MOD-00811,60,46.6,-0.292,1.28,1.385,2.414,724.527,2.464,11.262,46.404
2025-01-05T09:00:00-05:00,2025-01-05T10:00:00-05:00,2025-01-05T14:00:00+00:00,2025-01-05T15:00:00+00:00,MOD-00811,60,41.995,1.042,1.94,2.035,2.863,717.222,1.635,10.688,47.826
2025-01-05T10:00:00-05:00,2025-01-05T11:00:00-05:00,2025-01-05T15:00:00+00:00,2025-01-05T16:00:00+00:00,MOD-00811,60,36.868,2.322,2.149,2.251,4.337,720.938,1.922,9.772,49.761
2025-01-05T11:00:00-05:00,2025-01-05T12:00:00-05:00,2025-01-05T16:00:00+00:00,2025-01-05T17:00:00+00:00,MOD-00811,60,35.282,2.722,1.96,2.057,3.771,726.074,1.958,10.543,50.273
2025-01-05T12:00:00-05:00,2025-01-05T13:00:00-05:00,2025-01-05T17:00:00+00:00,2025-01-05T18:00:00+00:00,MOD-00811,60,35.777,2.695,1.54,1.604,3.018,726.016,1.995,12.208,49.901
2025-01-05T13:00:00-05:00,2025-01-05T14:00:00-05:00,2025-01-05T18:00:00+00:00,2025-01-05T19:00:00+00:00,MOD-00811,60,38.018,2.183,1.57,1.715,2.031,727.183,1.947,12.602,50.026
2025-01-05T14:00:00-05:00,2025-01-05T15:00:00-05:00,2025-01-05T19:00:00+00:00,2025-01-05T20:00:00+00:00,MOD-00811,60,40.047,1.875,1.723,1.81,2.709,725.793,1.899,11.361,49.303
2025-01-05T15:00:00-05:00,2025-01-05T16:00:00-05:00,2025-01-05T20:00:00+00:00,2025-01-05T21:00:00+00:00,MOD-00811,60,40.65,1.69,1.728,1.842,3.539,739.074,1.788,10.183,49.203
2025-01-05T16:00:00-05:00,2025-01-05T17:00:00-05:00,2025-01-05T21:00:00+00:00,2025-01-05T22:00:00+00:00,MOD-00811,60,41.803,1.23,1.96,2.069,3.029,730.93,1.619,10.864,49.163
2025-01-05T17:00:00-05:00,2025-01-05T18:00:00-05:00,2025-01-05T22:00:00+00:00,2025-01-05T23:00:00+00:00,MOD-00811,60,44.508,0.748,2.578,2.708,3.302,735.153,1.749,9.661,47.961
2025-01-05T18:00:00-05:00,2025-01-05T19:00:00-05:00,2025-01-05T23:00:00+00:00,2025-01-06T00:00:00+00:00,MOD-00811,60,45.795,0.708,2.843,2.988,4.607,734.744,2.082,10.359,47.928
2025-01-05T19:00:00-05:00,2025-01-05T20:00:00-05:00,2025-01-06T00:00:00+00:00,2025-01-06T01:00:00+00:00,MOD-00811,60,47.123,0.532,4.172,4.286,4.89,740.198,2.785,9.999,47.029
2025-01-05T20:00:00-05:00,2025-01-05T21:00:00-05:00,2025-01-06T01:00:00+00:00,2025-01-06T02:00:00+00:00,MOD-00811,60,48.943,0.013,1.809,1.977,3.126,744.518,2.751,14.989,46.177
2025-01-05T21:00:00-05:00,2025-01-05T22:00:00-05:00,2025-01-06T02:00:00+00:00,2025-01-06T03:00:00+00:00,MOD-00811,60,50.497,-0.562,1.476,1.632,3.924,751.045,2.837,17.088,45.022
2025-01-05T22:00:00-05:00,2025-01-05T23:00:00-05:00,2025-01-06T03:00:00+00:00,2025-01-06T04:00:00+00:00,MOD-00811,60,52.253,-1.208,1.336,1.47,2.963,759.595,2.87,18.033,44.479
2025-01-05T23:00:00-05:00,2025-01-06T00:00:00-05:00,2025-01-06T04:00:00+00:00,2025-01-06T05:00:00+00:00,MOD-00811,60,53.587,-1.792,1.608,1.706,3.128,752.62,2.802,17.103,45.081
2025-01-06T00:00:00-05:00,2025-01-06T01:00:00-05:00,2025-01-06T05:00:00+00:00,2025-01-06T06:00:00+00:00,MOD-00811,60,55.943,-2.807,1.341,1.483,3.482,749.796,2.787,15.02,43.84
2025-01-06T01:00:00-05:00,2025-01-06T02:00:00-05:00,2025-01-06T06:00:00+00:00,2025-01-06T07:00:00+00:00,MOD-00811,60,57.35,-3.28,1.285,1.443,3.992,759.602,2.597,16.778,42.593
2025-01-06T02:00:00-05:00,2025-01-06T03:00:00-05:00,2025-01-06T07:00:00+00:00,2025-01-06T08:00:00+00:00,MOD-00811,60,57.247,-3.527,1.438,1.57,3.362,760.573,2.583,14.246,42.132
2025-01-06T03:00:00-05:00,2025-01-06T04:00:00-05:00,2025-01-06T08:00:00+00:00,2025-01-06T09:00:00+00:00,MOD-00811,60,57.27,-3.943,1.152,1.294,2.46,764.465,2.783,12.489,42.185
2025-01-06T04:00:00-05:00,2025-01-06T05:00:00-05:00,2025-01-06T09:00:00+00:00,2025-01-06T10:00:00+00:00,MOD-00811,60,56.987,-4.108,0.951,1.122,3.63,777.72,2.865,12.381,41.511
2025-01-06T05:00:00-05:00,2025-01-06T06:00:00-05:00,2025-01-06T10:00:00+00:00,2025-01-06T11:00:00+00:00,MOD-00811,60,57.438,-4.087,1.19,1.399,3.669,802.121,3.006,15.127,39.802
2025-01-06T06:00:00-05:00,2025-01-06T07:00:00-05:00,2025-01-06T11:00:00+00:00,2025-01-06T12:00:00+00:00,MOD-00811,60,55.478,-3.822,1.621,1.814,5.091,811.086,2.847,14.604,40.118
2025-01-06T07:00:00-05:00,2025-01-06T08:00:00-05:00,2025-01-06T12:00:00+00:00,2025-01-06T13:00:00+00:00,MOD-00811,60,53.372,-3.475,1.191,1.391,3.043,809.227,3.033,18.339,41.292
2025-01-06T08:00:00-05:00,2025-01-06T09:00:00-05:00,2025-01-06T13:00:00+00:00,2025-01-06T14:00:00+00:00,MOD-00811,60,52.288,-3.285,1.713,1.966,5.122,821.313,3.452,18.845,40.713
2025-01-06T09:00:00-05:00,2025-01-06T10:00:00-05:00,2025-01-06T14:00:00+00:00,2025-01-06T15:00:00+00:00,MOD-00811,60,51.192,-2.793,1.363,1.58,4.708,796.507,3.143,14.431,41.994
2025-01-06T10:00:00-05:00,2025-01-06T11:00:00-05:00,2025-01-06T15:00:00+00:00,2025-01-06T16:00:00+00:00,MOD-00811,60,49.345,-2.097,1.25,1.468,6.305,783.361,3.181,12.371,42.633
2025-01-06T11:00:00-05:00,2025-01-06T12:00:00-05:00,2025-01-06T16:00:00+00:00,2025-01-06T17:00:00+00:00,MOD-00811,60,47.968,-1.488,1.634,1.836,5.123,768.062,2.921,17.293,43.514
2025-01-06T12:00:00-05:00,2025-01-06T13:00:00-05:00,2025-01-06T17:00:00+00:00,2025-01-06T18:00:00+00:00,MOD-00811,60,47.112,-1.313,2.6,2.808,5.663,797.13,2.672,13.031,44.007
2025-01-06T13:00:00-05:00,2025-01-06T14:00:00-05:00,2025-01-06T18:00:00+00:00,2025-01-06T19:00:00+00:00,MOD-00811,60,46.632,-1.337,2.709,2.943,7.53,779.835,2.48,14.556,43.094
2025-01-06T14:00:00-05:00,2025-01-06T15:00:00-05:00,2025-01-06T19:00:00+00:00,2025-01-06T20:00:00+00:00,MOD-00811,60,45.625,-1.092,1.675,1.962,6.678,786.787,2.389,14.928,42.823
2025-01-06T15:00:00-05:00,2025-01-06T16:00:00-05:00,2025-01-06T20:00:00+00:00,2025-01-06T21:00:00+00:00,MOD-00811,60,46.118,-1.123,2.062,2.315,5.956,785.267,2.447,16.539,42.594
2025-01-06T16:00:00-05:00,2025-01-06T17:00:00-05:00,2025-01-06T21:00:00+00:00,2025-01-06T22:00:00+00:00,MOD-00811,60,47.932,-1.608,2.119,2.366,6.081,786.466,2.776,15.697,42.335
2025-01-06T17:00:00-05:00,2025-01-06T18:00:00-05:00,2025-01-06T22:00:00+00:00,2025-01-06T23:00:00+00:00,MOD-00811,60,49.328,-1.965,1.618,2.017,14.018,812.073,2.899,17.445,40.527
2025-01-06T18:00:00-05:00,2025-01-06T19:00:00-05:00,2025-01-06T23:00:00+00:00,2025-01-07T00:00:00+00:00,MOD-00811,60,48.065,-1.933,2.135,2.591,16.781,778.255,2.838,18.163,41.668
2025-01-06T19:00:00-05:00,2025-01-06T20:00:00-05:00,2025-01-07T00:00:00+00:00,2025-01-07T01:00:00+00:00,MOD-00811,60,48.165,-2.74,2.831,3.503,24.361,786.07,2.639,18.975,40.783
2025-01-06T20:00:00-05:00,2025-01-06T21:00:00-05:00,2025-01-07T01:00:00+00:00,2025-01-07T02:00:00+00:00,MOD-00811,60,45.007,-3.175,3.755,4.471,20.207,756.406,2.187,11.026,43.597
2025-01-06T21:00:00-05:00,2025-01-06T22:00:00-05:00,2025-01-07T02:00:00+00:00,2025-01-07T03:00:00+00:00,MOD-00811,60,45.107,-3.88,4.15,4.873,17.744,756.504,2.142,11.996,43.364
2025-01-06T22:00:00-05:00,2025-01-06T23:00:00-05:00,2025-01-07T03:00:00+00:00,2025-01-07T04:00:00+00:00,MOD-00811,60,46.865,-4.722,4.067,4.896,18.248,758.589,2.289,13.731,41.623
2025-01-06T23:00:00-05:00,2025-01-07T00:00:00-05:00,2025-01-07T04:00:00+00:00,2025-01-07T05:00:00+00:00,MOD-00811,60,47.068,-5.257,3.661,4.401,10.499,759.769,2.458,14.285,40.706
2025-01-07T00:00:00-05:00,2025-01-07T01:00:00-05:00,2025-01-07T05:00:00+00:00,2025-01-07T06:00:00+00:00,MOD-00811,60,48.255,-5.933,3.312,3.913,10.036,741.68,2.777,14.584,41.143
2025-01-07T01:00:00-05:00,2025-01-07T02:00:00-05:00,2025-01-07T06:00:00+00:00,2025-01-07T07:00:00+00:00,MOD-00811,60,49.665,-6.777,3.511,4.006,11.444,734.24,3.026,12.016,42.158
2025-01-07T02:00:00-05:00,2025-01-07T03:00:00-05:00,2025-01-07T07:00:00+00:00,2025-01-07T08:00:00+00:00,MOD-00811,60,52.615,-7.442,4.817,5.448,17.237,736.606,3.227,12.87,42.445
2025-01-07T03:00:00-05:00,2025-01-07T04:00:00-05:00,2025-01-07T08:00:00+00:00,2025-01-07T09:00:00+00:00,MOD-00811,60,53.805,-7.76,5.663,6.211,10.953,736.608,3.083,13.276,42.543
2025-01-07T04:00:00-05:00,2025-01-07T05:00:00-05:00,2025-01-07T09:00:00+00:00,2025-01-07T10:00:00+00:00,MOD-00811,60,53.662,-7.673,4.34,4.837,7.744,746.067,3.117,13.559,42.156
2025-01-07T05:00:00-05:00,2025-01-07T06:00:00-05:00,2025-01-07T10:00:00+00:00,2025-01-07T11:00:00+00:00,MOD-00811,60,53.65,-7.662,4.505,5.101,8.526,766.648,3.117,13.808,41.534
2025-01-07T06:00:00-05:00,2025-01-07T07:00:00-05:00,2025-01-07T11:00:00+00:00,2025-01-07T12:00:00+00:00,MOD-00811,60,53.833,-7.602,5.516,6.007,7.255,767.082,3.243,15.446,41.425
2025-01-07T07:00:00-05:00,2025-01-07T08:00:00-05:00,2025-01-07T12:00:00+00:00,2025-01-07T13:00:00+00:00,MOD-00811,60,53.792,-7.29,4.391,5.028,9.131,792.844,3.326,16.752,40.453
2025-01-07T08:00:00-05:00,2025-01-07T09:00:00-05:00,2025-01-07T13:00:00+00:00,2025-01-07T14:00:00+00:00,MOD-00811,60,51.127,-6.257,3.324,3.774,9.412,780.575,3.119,15.489,41.002
2025-01-07T09:00:00-05:00,2025-01-07T10:00:00-05:00,2025-01-07T14:00:00+00:00,2025-01-07T15:00:00+00:00,MOD-00811,60,42.925,-3.912,3.195,3.749,20.506,776.69,2.019,11.557,41.529
2025-01-07T10:00:00-05:00,2025-01-07T11:00:00-05:00,2025-01-07T15:00:00+00:00,2025-01-07T16:00:00+00:00,MOD-00811,60,37.887,-3.2,2.455,2.806,12.571,763.015,1.952,7.743,43.62
2025-01-07T11:00:00-05:00,2025-01-07T12:00:00-05:00,2025-01-07T16:00:00+00:00,2025-01-07T17:00:00+00:00,MOD-00811,60,36.858,-3.27,2.226,2.654,18.138,746.867,2.028,7.75,44.769
2025-01-07T12:00:00-05:00,2025-01-07T13:00:00-05:00,2025-01-07T17:00:00+00:00,2025-01-07T18:00:00+00:00,MOD-00811,60,42.662,-3.287,2.768,3.171,16.006,748.543,2.013,9.442,44.357
2025-01-07T13:00:00-05:00,2025-01-07T14:00:00-05:00,2025-01-07T18:00:00+00:00,2025-01-07T19:00:00+00:00,MOD-00811,60,48.712,-2.747,1.613,2.02,12.007,751.89,2.7,14.593,43.283
2025-01-07T14:00:00-05:00,2025-01-07T15:00:00-05:00,2025-01-07T19:00:00+00:00,2025-01-07T20:00:00+00:00,MOD-00811,60,35.392,-0.967,1.875,2.22,11.106,765.939,1.987,8.749,44.549
2025-01-07T15:00:00-05:00,2025-01-07T16:00:00-05:00,2025-01-07T20:00:00+00:00,2025-01-07T21:00:00+00:00,MOD-00811,60,35.538,-0.858,1.617,1.892,10.328,757.304,1.941,8.568,44.575
2025-01-07T16:00:00-05:00,2025-01-07T17:00:00-05:00,2025-01-07T21:00:00+00:00,2025-01-07T22:00:00+00:00,MOD-00811,60,37.985,-1.648,2.169,2.365,5.428,757.97,1.997,7.462,43.57
2025-01-07T17:00:00-05:00,2025-01-07T18:00:00-05:00,2025-01-07T22:00:00+00:00,2025-01-07T23:00:00+00:00,MOD-00811,60,40.23,-1.885,1.453,1.689,7.879,759.158,1.777,8.847,42.757
2025-01-07T18:00:00-05:00,2025-01-07T19:00:00-05:00,2025-01-07T23:00:00+00:00,2025-01-08T00:00:00+00:00,MOD-00811,60,41.89,-1.972,1.606,1.829,9.003,750.565,1.829,7.211,43.339
2025-01-07T19:00:00-05:00,2025-01-07T20:00:00-05:00,2025-01-08T00:00:00+00:00,2025-01-08T01:00:00+00:00,MOD-00811,60,44.275,-2.277,1.91,2.096,7.807,743.876,2.025,10.095,43.665
2025-01-07T20:00:00-05:00,2025-01-07T21:00:00-05:00,2025-01-08T01:00:00+00:00,2025-01-08T02:00:00+00:00,MOD-00811,60,45.807,-2.673,1.451,1.614,7.492,741.259,2.221,8.874,43.923
2025-01-07T21:00:00-05:00,2025-01-07T22:00:00-05:00,2025-01-08T02:00:00+00:00,2025-01-08T03:00:00+00:00,MOD-00811,60,46.83,-3.037,1.349,1.484,3.684,736.992,2.222,11.728,43.874
2025-01-07T22:00:00-05:00,2025-01-07T23:00:00-05:00,2025-01-08T03:00:00+00:00,2025-01-08T04:00:00+00:00,MOD-00811,60,48.393,-3.238,1.329,1.507,7.045,735.842,2.531,14.301,43.513
2025-01-07T23:00:00-05:00,2025-01-08T00:00:00-05:00,2025-01-08T04:00:00+00:00,2025-01-08T05:00:00+00:00,MOD-00811,60,48.91,-3.308,1.163,1.264,3.311,733.416,2.565,14.936,43.881
2025-01-08T00:00:00-05:00,2025-01-08T01:00:00-05:00,2025-01-08T05:00:00+00:00,2025-01-08T06:00:00+00:00,MOD-00811,60,49.71,-3.322,1.569,1.667,2.057,734.441,2.678,13.947,43.832
2025-01-08T01:00:00-05:00,2025-01-08T02:00:00-05:00,2025-01-08T06:00:00+00:00,2025-01-08T07:00:00+00:00,MOD-00811,60,51.432,-3.48,1.471,1.556,2.716,734.197,3.064,12.756,43.112
2025-01-08T02:00:00-05:00,2025-01-08T03:00:00-05:00,2025-01-08T07:00:00+00:00,2025-01-08T08:00:00+00:00,MOD-00811,60,51.92,-3.517,1.302,1.389,2.008,731.519,3.117,16.496,42.75
2025-01-08T03:00:00-05:00,2025-01-08T04:00:00-05:00,2025-01-08T08:00:00+00:00,2025-01-08T09:00:00+00:00,MOD-00811,60,50.713,-3.337,1.882,1.927,4.876,730.634,2.894,13.006,43.625
2025-01-08T04:00:00-05:00,2025-01-08T05:00:00-05:00,2025-01-08T09:00:00+00:00,2025-01-08T10:00:00+00:00,MOD-00811,60,48.44,-3.587,2.179,2.249,4.323,728.605,2.547,11.442,44.054
2025-01-08T05:00:00-05:00,2025-01-08T06:00:00-05:00,2025-01-08T10:00:00+00:00,2025-01-08T11:00:00+00:00,MOD-00811,60,46.932,-3.997,8.054,8.127,8.487,734.926,2.256,11.44,43.796
2025-01-08T06:00:00-05:00,2025-01-08T07:00:00-05:00,2025-01-08T11:00:00+00:00,2025-01-08T12:00:00+00:00,MOD-00811,60,46.175,-4.29,4.676,4.735,6.409,746.75,2.194,12.841,43.252
2025-01-08T07:00:00-05:00,2025-01-08T08:00:00-05:00,2025-01-08T12:00:00+00:00,2025-01-08T13:00:00+00:00,MOD-00811,60,47.398,-4.527,1.728,1.849,3.849,767.014,2.328,16.759,41.16
2025-01-08T08:00:00-05:00,2025-01-08T09:00:00-05:00,2025-01-08T13:00:00+00:00,2025-01-08T14:00:00+00:00,MOD-00811,60,46.412,-3.902,1.792,1.882,4.222,753.789,2.243,14.498,42.313
2025-01-08T09:00:00-05:00,2025-01-08T10:00:00-05:00,2025-01-08T14:00:00+00:00,2025-01-08T15:00:00+00:00,MOD-00811,60,39.043,-2.195,1.831,1.956,4.576,744.17,1.968,6.551,45.408
2025-01-08T10:00:00-05:00,2025-01-08T11:00:00-05:00,2025-01-08T15:00:00+00:00,2025-01-08T16:00:00+00:00,MOD-00811,60,36.023,-1.345,1.295,1.543,4.595,739.453,2.008,6.946,45.902
2025-01-08T11:00:00-05:00,2025-01-08T12:00:00-05:00,2025-01-08T16:00:00+00:00,2025-01-08T17:00:00+00:00,MOD-00811,60,33.558,-0.887,1.526,1.756,10.034,734.384,2.148,10.507,46.991
2025-01-08T12:00:00-05:00,2025-01-08T13:00:00-05:00,2025-01-08T17:00:00+00:00,2025-01-08T18:00:00+00:00,MOD-00811,60,32.072,-0.593,1.564,1.978,22.984,734.484,2.293,10.496,47.197
2025-01-08T13:00:00-05:00,2025-01-08T14:00:00-05:00,2025-01-08T18:00:00+00:00,2025-01-08T19:00:00+00:00,MOD-00811,60,31.788,-0.5,1.7,2.165,7.964,732.302,2.274,10.045,47.296
2025-01-08T14:00:00-05:00,2025-01-08T15:00:00-05:00,2025-01-08T19:00:00+00:00,2025-01-08T20:00:00+00:00,MOD-00811,60,32.89,-0.597,2.01,2.284,9.915,736.437,2.209,11.594,46.894
2025-01-08T15:00:00-05:00,2025-01-08T16:00:00-05:00,2025-01-08T20:00:00+00:00,2025-01-08T21:00:00+00:00,MOD-00811,60,34.933,-1.293,3.624,3.803,15.519,746.974,1.968,13.944,45.767
2025-01-08T16:00:00-05:00,2025-01-08T17:00:00-05:00,2025-01-08T21:00:00+00:00,2025-01-08T22:00:00+00:00,MOD-00811,60,38.143,-2.8,1.805,2.125,12.807,745.709,1.924,8.787,45.481
2025-01-08T17:00:00-05:00,2025-01-08T18:00:00-05:00,2025-01-08T22:00:00+00:00,2025-01-08T23:00:00+00:00,MOD-00811,60,41.022,-3.793,1.974,2.135,4.406,745.138,1.877,10.597,45.246
2025-01-08T18:00:00-05:00,2025-01-08T19:00:00-05:00,2025-01-08T23:00:00+00:00,2025-01-09T00:00:00+00:00,MOD-00811,60,44.242,-4.362,2.311,2.471,6.266,743.175,2.038,14.356,45.213
2025-01-08T19:00:00-05:00,2025-01-08T20:00:00-05:00,2025-01-09T00:00:00+00:00,2025-01-09T01:00:00+00:00,MOD-00811,60,46.728,-4.538,2.526,2.701,3.364,739.439,2.25,12.589,45.415
2025-01-08T20:00:00-05:00,2025-01-08T21:00:00-05:00,2025-01-09T01:00:00+00:00,2025-01-09T02:00:00+00:00,MOD-00811,60,46.808,-4.667,3.002,3.238,4.369,738.498,2.239,12.36,45.15
2025-01-08T21:00:00-05:00,2025-01-08T22:00:00-05:00,2025-01-09T02:00:00+00:00,2025-01-09T03:00:00+00:00,MOD-00811,60,47.068,-5.283,2.393,2.598,4.92,739.714,2.43,13.281,44.576
2025-01-08T22:00:00-05:00,2025-01-08T23:00:00-05:00,2025-01-09T03:00:00+00:00,2025-01-09T04:00:00+00:00,MOD-00811,60,46.535,-5.813,2.679,2.912,8.579,736.141,2.407,11.931,44.748
2025-01-08T23:00:00-05:00,2025-01-09T00:00:00-05:00,2025-01-09T04:00:00+00:00,2025-01-09T05:00:00+00:00,MOD-00811,60,44.915,-6.07,2.057,2.287,3.528,734.435,2.168,7.871,44.796
2025-01-09T00:00:00-05:00,2025-01-09T01:00:00-05:00,2025-01-09T05:00:00+00:00,2025-01-09T06:00:00+00:00,MOD-00811,60,44.395,-6.03,1.737,1.941,3.088,732.774,2.05,7.294,45.438
2025-01-09T01:00:00-05:00,2025-01-09T02:00:00-05:00,2025-01-09T06:00:00+00:00,2025-01-09T07:00:00+00:00,MOD-00811,60,46.168,-6.025,1.387,1.709,3.97,730.768,2.412,10.166,45.563
2025-01-09T02:00:00-05:00,2025-01-09T03:00:00-05:00,2025-01-09T07:00:00+00:00,2025-01-09T08:00:00+00:00,MOD-00811,60,46.995,-5.913,1.293,1.552,3.078,734.454,2.644,12.592,45.624
2025-01-09T03:00:00-05:00,2025-01-09T04:00:00-05:00,2025-01-09T08:00:00+00:00,2025-01-09T09:00:00+00:00,MOD-00811,60,48.015,-5.868,0.991,1.35,4.177,738.882,2.758,13.402,44.841
2025-01-09T04:00:00-05:00,2025-01-09T05:00:00-05:00,2025-01-09T09:00:00+00:00,2025-01-09T10:00:00+00:00,MOD-00811,60,48.388,-5.705,0.773,1.077,2.25,740.08,2.773,13.627,45.139
2025-01-09T05:00:00-05:00,2025-01-09T06:00:00-05:00,2025-01-09T10:00:00+00:00,2025-01-09T11:00:00+00:00,MOD-00811,60,48.672,-5.465,0.837,1.079,4.541,748.998,2.883,13.403,45.217
2025-01-09T06:00:00-05:00,2025-01-09T07:00:00-05:00,2025-01-09T11:00:00+00:00,2025-01-09T12:00:00+00:00,MOD-00811,60,49.247,-5.345,1.033,1.327,3.962,760.672,3.07,17.293,44.547
2025-01-09T07:00:00-05:00,2025-01-09T08:00:00-05:00,2025-01-09T12:00:00+00:00,2025-01-09T13:00:00+00:00,MOD-00811,60,48.012,-4.793,1.307,1.568,3.905,776.628,2.546,14.658,43.994
2025-01-09T08:00:00-05:00,2025-01-09T09:00:00-05:00,2025-01-09T13:00:00+00:00,2025-01-09T14:00:00+00:00,MOD-00811,60,55.708,-4.242,1.752,2.115,14.277,760.018,2.986,16.941,44.499
2025-01-09T09:00:00-05:00,2025-01-09T10:00:00-05:00,2025-01-09T14:00:00+00:00,2025-01-09T15:00:00+00:00,MOD-00811,60,58.82,-4.253,1.826,2.217,9.337,752.445,3.276,16.927,44.167
2025-01-09T10:00:00-05:00,2025-01-09T11:00:00-05:00,2025-01-09T15:00:00+00:00,2025-01-09T16:00:00+00:00,MOD-00811,60,45.582,-2.708,1.937,2.883,20.63,746.067,2.188,12.421,45.778
2025-01-09T11:00:00-05:00,2025-01-09T12:00:00-05:00,2025-01-09T16:00:00+00:00,2025-01-09T17:00:00+00:00,MOD-00811,60,43.385,-1.708,2.346,3.425,26.803,746.442,1.903,11.512,45.913
2025-01-09T12:00:00-05:00,2025-01-09T13:00:00-05:00,2025-01-09T17:00:00+00:00,2025-01-09T18:00:00+00:00,MOD-00811,60,48.655,-0.643,1.491,2.282,16.793,748.296,2.293,13.993,45.794
2025-01-09T13:00:00-05:00,2025-01-09T14:00:00-05:00,2025-01-09T18:00:00+00:00,2025-01-09T19:00:00+00:00,MOD-00811,60,51.107,-0.845,1.41,2.028,14.823,751.086,2.372,15.261,44.641
2025-01-09T14:00:00-05:00,2025-01-09T15:00:00-05:00,2025-01-09T19:00:00+00:00,2025-01-09T20:00:00+00:00,MOD-00811,60,39.977,0.662,2.185,3.056,23.969,760.958,1.757,14.741,45.372
2025-01-09T15:00:00-05:00,2025-01-09T16:00:00-05:00,2025-01-09T20:00:00+00:00,2025-01-09T21:00:00+00:00,MOD-00811,60,38.65,0.948,1.59,2.267,17.237,766.931,2.064,12.08,45.53
2025-01-09T16:00:00-05:00,2025-01-09T17:00:00-05:00,2025-01-09T21:00:00+00:00,2025-01-09T22:00:00+00:00,MOD-00811,60,45.51,-0.808,1.358,1.89,12.121,765.643,2.265,17.422,44.062
2025-01-09T17:00:00-05:00,2025-01-09T18:00:00-05:00,2025-01-09T22:00:00+00:00,2025-01-09T23:00:00+00:00,MOD-00811,60,44.487,-1.087,1.168,1.714,13.547,755.006,2.084,13.584,43.923
2025-01-09T18:00:00-05:00,2025-01-09T19:00:00-05:00,2025-01-09T23:00:00+00:00,2025-01-10T00:00:00+00:00,MOD-00811,60,44.34,-1.507,1.424,1.809,9.925,738.031,2.039,12.613,44.947
2025-01-09T19:00:00-05:00,2025-01-09T20:00:00-05:00,2025-01-10T00:00:00+00:00,2025-01-10T01:00:00+00:00,MOD-00811,60,46.71,-2.212,2.087,2.435,9.969,734.951,2.399,17.305,44.393
2025-01-09T20:00:00-05:00,2025-01-09T21:00:00-05:00,2025-01-10T01:00:00+00:00,2025-01-10T02:00:00+00:00,MOD-00811,60,48.433,-2.637,1.561,1.891,6.924,725.797,2.746,16.498,45.193
2025-01-09T21:00:00-05:00,2025-01-09T22:00:00-05:00,2025-01-10T02:00:00+00:00,2025-01-10T03:00:00+00:00,MOD-00811,60,50.255,-2.965,1.316,1.583,8.544,731.128,2.851,13.212,44.571
2025-01-09T22:00:00-05:00,2025-01-09T23:00:00-05:00,2025-01-10T03:00:00+00:00,2025-01-10T04:00:00+00:00,MOD-00811,60,51.697,-3.1,1.228,1.526,5.958,727.119,3.028,17.699,43.509
2025-01-09T23:00:00-05:00,2025-01-10T00:00:00-05:00,2025-01-10T04:00:00+00:00,2025-01-10T05:00:00+00:00,MOD-00811,60,52.593,-3.173,1.132,1.362,3.432,723.358,3.034,17.813,44.393
2025-01-10T00:00:00-05:00,2025-01-10T01:00:00-05:00,2025-01-10T05:00:00+00:00,2025-01-10T06:00:00+00:00,MOD-00811,60,53.503,-3.153,1.138,1.362,3.506,718.971,2.892,17.345,45.03
2025-01-10T01:00:00-05:00,2025-01-10T02:00:00-05:00,2025-01-10T06:00:00+00:00,2025-01-10T07:00:00+00:00,MOD-00811,60,54.818,-3.175,1.043,1.255,4.002,716.618,2.766,13.034,45.437
2025-01-10T02:00:00-05:00,2025-01-10T03:00:00-05:00,2025-01-10T07:00:00+00:00,2025-01-10T08:00:00+00:00,MOD-00811,60,55.377,-2.9,0.923,1.091,2.664,716.614,2.761,15.782,45.658
2025-01-10T03:00:00-05:00,2025-01-10T04:00:00-05:00,2025-01-10T08:00:00+00:00,2025-01-10T09:00:00+00:00,MOD-00811,60,56.63,-2.742,0.661,0.837,2.924,724.132,2.683,17.431,44.5
2025-01-10T04:00:00-05:00,2025-01-10T05:00:00-05:00,2025-01-10T09:00:00+00:00,2025-01-10T10:00:00+00:00,MOD-00811,60,59.067,-2.953,0.711,0.907,4.565,740.229,3.135,18.553,42.784
2025-01-10T05:00:00-05:00,2025-01-10T06:00:00-05:00,2025-01-10T10:00:00+00:00,2025-01-10T11:00:00+00:00,MOD-00811,60,58.908,-2.482,0.864,1.068,3.299,744.887,2.928,18.717,42.466
2025-01-10T06:00:00-05:00,2025-01-10T07:00:00-05:00,2025-01-10T11:00:00+00:00,2025-01-10T12:00:00+00:00,MOD-00811,60,57.617,-2.237,1.105,1.302,5.341,751.529,2.809,18.863,42.362
2025-01-10T07:00:00-05:00,2025-01-10T08:00:00-05:00,2025-01-10T12:00:00+00:00,2025-01-10T13:00:00+00:00,MOD-00811,60,58.115,-2.343,0.968,1.208,5.965,777.298,2.571,18.72,41.935
2025-01-10T08:00:00-05:00,2025-01-10T09:00:00-05:00,2025-01-10T13:00:00+00:00,2025-01-10T14:00:00+00:00,MOD-00811,60,55.053,-1.368,1.622,1.812,6.963,774.75,2.719,18.462,42.598
2025-01-10T09:00:00-05:00,2025-01-10T10:00:00-05:00,2025-01-10T14:00:00+00:00,2025-01-10T15:00:00+00:00,MOD-00811,60,47.862,0.853,1.605,1.884,6.372,761.176,2.554,14.588,44.124
2025-01-10T10:00:00-05:00,2025-01-10T11:00:00-05:00,2025-01-10T15:00:00+00:00,2025-01-10T16:00:00+00:00,MOD-00811,60,42.642,2.988,1.51,1.953,13.262,761.632,1.932,11.302,44.29
2025-01-10T11:00:00-05:00,2025-01-10T12:00:00-05:00,2025-01-10T16:00:00+00:00,2025-01-10T17:00:00+00:00,MOD-00811,60,38.462,5.08,1.379,1.922,17.804,756.178,2.078,11.553,44.738
2025-01-10T12:00:00-05:00,2025-01-10T13:00:00-05:00,2025-01-10T17:00:00+00:00,2025-01-10T18:00:00+00:00,MOD-00811,60,35.533,6.827,1.347,1.926,17.513,761.382,2.683,14.377,44.948
2025-01-10T13:00:00-05:00,2025-01-10T14:00:00-05:00,2025-01-10T18:00:00+00:00,2025-01-10T19:00:00+00:00,MOD-00811,60,33.535,7.985,2.159,2.758,19.452,747.57,2.455,8.911,44.262
2025-01-10T14:00:00-05:00,2025-01-10T15:00:00-05:00,2025-01-10T19:00:00+00:00,2025-01-10T20:00:00+00:00,MOD-00811,60,31.772,8.895,1.853,2.36,17.159,755.756,2.177,7.685,45.413
2025-01-10T15:00:00-05:00,2025-01-10T16:00:00-05:00,2025-01-10T20:00:00+00:00,2025-01-10T21:00:00+00:00,MOD-00811,60,31.927,8.815,1.031,1.539,16.72,779.342,2.067,8.459,45.485
2025-01-10T16:00:00-05:00,2025-01-10T17:00:00-05:00,2025-01-10T21:00:00+00:00,2025-01-10T22:00:00+00:00,MOD-00811,60,35.667,6.945,0.868,1.29,14.706,809.007,2.298,14.65,44.217
2025-01-10T17:00:00-05:00,2025-01-10T18:00:00-05:00,2025-01-10T22:00:00+00:00,2025-01-10T23:00:00+00:00,MOD-00811,60,41.832,4.855,1.079,1.731,22.28,949.519,2.039,26.31,35.683
2025-01-10T18:00:00-05:00,2025-01-10T19:00:00-05:00,2025-01-10T23:00:00+00:00,2025-01-11T00:00:00+00:00,MOD-00811,60,46.765,3.578,1.429,1.915,12.614,931.597,1.958,25.399,35.999
2025-01-10T19:00:00-05:00,2025-01-10T20:00:00-05:00,2025-01-11T00:00:00+00:00,2025-01-11T01:00:00+00:00,MOD-00811,60,49.502,2.825,1.403,1.772,9.944,848.093,2.364,22.608,38.769
2025-01-10T20:00:00-05:00,2025-01-10T21:00:00-05:00,2025-01-11T01:00:00+00:00,2025-01-11T02:00:00+00:00,MOD-00811,60,51.033,2.425,1.605,1.933,7.579,838.74,2.594,21.753,39.346
2025-01-10T21:00:00-05:00,2025-01-10T22:00:00-05:00,2025-01-11T02:00:00+00:00,2025-01-11T03:00:00+00:00,MOD-00811,60,52.368,2.262,2.464,2.828,10.09,846.243,2.746,21.761,39.051
2025-01-10T22:00:00-05:00,2025-01-10T23:00:00-05:00,2025-01-11T03:00:00+00:00,2025-01-11T04:00:00+00:00,MOD-00811,60,53.423,2.088,2.108,2.464,9.039,853.195,2.447,21.364,38.237
2025-01-10T23:00:00-05:00,2025-01-11T00:00:00-05:00,2025-01-11T04:00:00+00:00,2025-01-11T05:00:00+00:00,MOD-00811,60,54.617,1.907,2.558,2.866,7.27,870.789,2.28,21.878,37.563
2025-01-11T00:00:00-05:00,2025-01-11T01:00:00-05:00,2025-01-11T05:00:00+00:00,2025-01-11T06:00:00+00:00,MOD-00811,60,57.26,1.59,3.366,3.596,8.383,798.127,1.885,20.919,38.695
2025-01-11T01:00:00-05:00,2025-01-11T02:00:00-05:00,2025-01-11T06:00:00+00:00,2025-01-11T07:00:00+00:00,MOD-00811,60,55.342,1.235,2.971,3.196,6.108,749.058,2.139,17.691,42.788
2025-01-11T02:00:00-05:00,2025-01-11T03:00:00-05:00,2025-01-11T07:00:00+00:00,2025-01-11T08:00:00+00:00,MOD-00811,60,53.243,0.983,2.811,3.058,7.745,747.17,2.553,16.091,42.726
2025-01-11T03:00:00-05:00,2025-01-11T04:00:00-05:00,2025-01-11T08:00:00+00:00,2025-01-11T09:00:00+00:00,MOD-00811,60,53.59,0.695,3.379,3.701,9.013,762.363,2.523,20.062,39.427
2025-01-11T04:00:00-05:00,2025-01-11T05:00:00-05:00,2025-01-11T09:00:00+00:00,2025-01-11T10:00:00+00:00,MOD-00811,60,53.427,0.555,3.515,3.865,9.752,781.464,2.549,20.403,38.222
2025-01-11T05:00:00-05:00,2025-01-11T06:00:00-05:00,2025-01-11T10:00:00+00:00,2025-01-11T11:00:00+00:00,MOD-00811,60,54.173,0.675,3.906,4.468,19.379,809.874,3.914,23.48,33.114
2025-01-11T06:00:00-05:00,2025-01-11T07:00:00-05:00,2025-01-11T11:00:00+00:00,2025-01-11T12:00:00+00:00,MOD-00811,60,66.912,0.245,5.335,5.783,15.245,807.144,2.018,22.797,33.819
2025-01-11T07:00:00-05:00,2025-01-11T08:00:00-05:00,2025-01-11T12:00:00+00:00,2025-01-11T13:00:00+00:00,MOD-00811,60,80.218,-0.817,7.017,7.519,16.593,807.598,2.828,22.44,32.059
2025-01-11T08:00:00-05:00,2025-01-11T09:00:00-05:00,2025-01-11T13:00:00+00:00,2025-01-11T14:00:00+00:00,MOD-00811,60,80.975,-0.72,8.424,9.018,20.099,803.84,3.038,20.995,33.192
2025-01-11T09:00:00-05:00,2025-01-11T10:00:00-05:00,2025-01-11T14:00:00+00:00,2025-01-11T15:00:00+00:00,MOD-00811,60,79.608,-0.053,9.238,9.851,22.494,807.747,2.678,20.958,33.355
2025-01-11T10:00:00-05:00,2025-01-11T11:00:00-05:00,2025-01-11T15:00:00+00:00,2025-01-11T16:00:00+00:00,MOD-00811,60,77.472,1.178,10.074,10.82,26.172,829.101,1.828,20.901,33.46
2025-01-11T11:00:00-05:00,2025-01-11T12:00:00-05:00,2025-01-11T16:00:00+00:00,2025-01-11T17:00:00+00:00,MOD-00811,60,75.508,1.87,9.654,10.466,31.307,845.616,1.47,20.852,34.024
2025-01-11T12:00:00-05:00,2025-01-11T13:00:00-05:00,2025-01-11T17:00:00+00:00,2025-01-11T18:00:00+00:00,MOD-00811,60,74.13,2.125,7.963,8.542,19.85,807.817,1.529,18.785,37.864
2025-01-11T13:00:00-05:00,2025-01-11T14:00:00-05:00,2025-01-11T18:00:00+00:00,2025-01-11T19:00:00+00:00,MOD-00811,60,73.888,1.863,8.057,8.505,13.909,780.25,1.537,18.177,38.13
2025-01-11T14:00:00-05:00,2025-01-11T15:00:00-05:00,2025-01-11T19:00:00+00:00,2025-01-11T20:00:00+00:00,MOD-00811,60,76.893,1.347,7.387,7.969,18.891,784.715,1.644,19.623,36.405
2025-01-11T15:00:00-05:00,2025-01-11T16:00:00-05:00,2025-01-11T20:00:00+00:00,2025-01-11T21:00:00+00:00,MOD-00811,60,78.43,0.69,5.754,6.56,29.171,817.24,2.025,19.349,36.33
2025-01-11T16:00:00-05:00,2025-01-11T17:00:00-05:00,2025-01-11T21:00:00+00:00,2025-01-11T22:00:00+00:00,MOD-00811,60,77.39,0.268,5.551,6.141,17.175,791.963,1.814,18.575,38.373
2025-01-11T17:00:00-05:00,2025-01-11T18:00:00-05:00,2025-01-11T22:00:00+00:00,2025-01-11T23:00:00+00:00,MOD-00811,60,79.102,-0.052,5.161,5.92,30.72,804.749,2.219,18.276,39.365
2025-01-11T18:00:00-05:00,2025-01-11T19:00:00-05:00,2025-01-11T23:00:00+00:00,2025-01-12T00:00:00+00:00,MOD-00811,60,79.233,-0.153,4.436,5.468,34.507,821.076,2.357,18.011,40.73
2025-01-11T19:00:00-05:00,2025-01-11T20:00:00-05:00,2025-01-12T00:00:00+00:00,2025-01-12T01:00:00+00:00,MOD-00811,60,77.902,-0.213,4.075,4.88,28.863,809.388,1.944,17.992,41.127
2025-01-11T20:00:00-05:00,2025-01-11T21:00:00-05:00,2025-01-12T01:00:00+00:00,2025-01-12T02:00:00+00:00,MOD-00811,60,76.142,-0.255,3.426,3.982,14.137,801.842,1.852,15.698,39.525
2025-01-11T21:00:00-05:00,2025-01-11T22:00:00-05:00,2025-01-12T02:00:00+00:00,2025-01-12T03:00:00+00:00,MOD-00811,60,71.393,-0.757,3.174,3.457,6.532,771.237,1.79,12.595,41.252
2025-01-11T22:00:00-05:00,2025-01-11T23:00:00-05:00,2025-01-12T03:00:00+00:00,2025-01-12T04:00:00+00:00,MOD-00811,60,70.5,-1.42,2.755,2.972,3.725,757.431,1.926,15.634,42.759
2025-01-11T23:00:00-05:00,2025-01-12T00:00:00-05:00,2025-01-12T04:00:00+00:00,2025-01-12T05:00:00+00:00,MOD-00811,60,69.228,-1.967,2.532,2.694,3.794,731.984,1.973,14.544,44.751
2025-01-12T00:00:00-05:00,2025-01-12T01:00:00-05:00,2025-01-12T05:00:00+00:00,2025-01-12T06:00:00+00:00,MOD-00811,60,68.423,-2.247,2.039,2.184,3.57,722.025,2.054,16.129,45.488
2025-01-12T01:00:00-05:00,2025-01-12T02:00:00-05:00,2025-01-12T06:00:00+00:00,2025-01-12T07:00:00+00:00,MOD-00811,60,66.878,-2.413,2.037,2.144,2.548,713.733,2.724,15.114,46.25
2025-01-12T02:00:00-05:00,2025-01-12T03:00:00-05:00,2025-01-12T07:00:00+00:00,2025-01-12T08:00:00+00:00,MOD-00811,60,66.665,-2.608,2.067,2.171,2.336,734.781,2.885,15.511,46.934
2025-01-12T03:00:00-05:00,2025-01-12T04:00:00-05:00,2025-01-12T08:00:00+00:00,2025-01-12T09:00:00+00:00,MOD-00811,60,67.117,-2.722,1.727,1.811,2.311,718.075,2.78,16.229,46.651
2025-01-12T04:00:00-05:00,2025-01-12T05:00:00-05:00,2025-01-12T09:00:00+00:00,2025-01-12T10:00:00+00:00,MOD-00811,60,67.117,-2.598,1.877,1.986,2.644,711.791,2.707,16.486,46.749
2025-01-12T05:00:00-05:00,2025-01-12T06:00:00-05:00,2025-01-12T10:00:00+00:00,2025-01-12T11:00:00+00:00,MOD-00811,60,66.407,-2.25,2.166,2.277,3.094,709.647,2.852,13.421,47.966
2025-01-12T06:00:00-05:00,2025-01-12T07:00:00-05:00,2025-01-12T11:00:00+00:00,2025-01-12T12:00:00+00:00,MOD-00811,60,65.327,-2.018,2.273,2.38,4.401,721.159,3.28,9.748,47.557
2025-01-12T07:00:00-05:00,2025-01-12T08:00:00-05:00,2025-01-12T12:00:00+00:00,2025-01-12T13:00:00+00:00,MOD-00811,60,66.488,-2.503,2.552,2.68,3.316,761.204,2.952,17.866,43.293
2025-01-12T08:00:00-05:00,2025-01-12T09:00:00-05:00,2025-01-12T13:00:00+00:00,2025-01-12T14:00:00+00:00,MOD-00811,60,64.48,-1.74,2.064,2.193,4.175,782.796,2.921,18.137,44.703
2025-01-12T09:00:00-05:00,2025-01-12T10:00:00-05:00,2025-01-12T14:00:00+00:00,2025-01-12T15:00:00+00:00,MOD-00811,60,52.852,1.507,2.131,2.515,12.066,744.75,2.491,11.051,49.356
2025-01-12T10:00:00-05:00,2025-01-12T11:00:00-05:00,2025-01-12T15:00:00+00:00,2025-01-12T16:00:00+00:00,MOD-00811,60,48.557,2.945,2.896,3.859,36.47,736.134,2.377,11.624,50.06
2025-01-12T11:00:00-05:00,2025-01-12T12:00:00-05:00,2025-01-12T16:00:00+00:00,2025-01-12T17:00:00+00:00,MOD-00811,60,44.107,4.36,2.424,3.957,50.076,723.772,1.904,12.309,50.36
2025-01-12T12:00:00-05:00,2025-01-12T13:00:00-05:00,2025-01-12T17:00:00+00:00,2025-01-12T18:00:00+00:00,MOD-00811,60,39.943,5.725,2.384,4.035,65.525,718.049,2.141,11.358,50.595
2025-01-12T13:00:00-05:00,2025-01-12T14:00:00-05:00,2025-01-12T18:00:00+00:00,2025-01-12T19:00:00+00:00,MOD-00811,60,37.9,6.233,2.565,4.381,59.317,707.001,2.151,8.541,51.064
2025-01-12T14:00:00-05:00,2025-01-12T15:00:00-05:00,2025-01-12T19:00:00+00:00,2025-01-12T20:00:00+00:00,MOD-00811,60,35.972,6.917,3.194,4.192,28.584,706.153,2.47,9.837,51.455
2025-01-12T15:00:00-05:00,2025-01-12T16:00:00-05:00,2025-01-12T20:00:00+00:00,2025-01-12T21:00:00+00:00,MOD-00811,60,37.367,6.157,1.566,2.508,25.013,715.624,2.143,10.287,50.664
2025-01-12T16:00:00-05:00,2025-01-12T17:00:00-05:00,2025-01-12T21:00:00+00:00,2025-01-12T22:00:00+00:00,MOD-00811,60,41.953,4.202,1.237,3.151,49.883,762.145,1.984,14.346,48.021
2025-01-12T17:00:00-05:00,2025-01-12T18:00:00-05:00,2025-01-12T22:00:00+00:00,2025-01-12T23:00:00+00:00,MOD-00811,60,49.62,2.092,3.56,7.458,118.363,1146.581,2.531,29.019,31.18
2025-01-12T18:00:00-05:00,2025-01-12T19:00:00-05:00,2025-01-12T23:00:00+00:00,2025-01-13T00:00:00+00:00,MOD-00811,60,56.882,0.687,6.331,11.228,132.73,1539.236,5.797,35.998,20.375
2025-01-12T19:00:00-05:00,2025-01-12T20:00:00-05:00,2025-01-13T00:00:00+00:00,2025-01-13T01:00:00+00:00,MOD-00811,60,61.432,-0.208,12.024,15.973,97.721,1574.284,10.931,35.636,19.123
2025-01-12T20:00:00-05:00,2025-01-12T21:00:00-05:00,2025-01-13T01:00:00+00:00,2025-01-13T02:00:00+00:00,MOD-00811,60,67.34,-1.252,10.834,13.821,91.461,1659.725,15.399,34.713,18.617
2025-01-12T21:00:00-05:00,2025-01-12T22:00:00-05:00,2025-01-13T02:00:00+00:00,2025-01-13T03:00:00+00:00,MOD-00811,60,65.4,-0.458,10.807,12.618,56.463,1587.041,11.424,33.751,18.803
2025-01-12T22:00:00-05:00,2025-01-12T23:00:00-05:00,2025-01-13T03:00:00+00:00,2025-01-13T04:00:00+00:00,MOD-00811,60,64.2,-0.285,11.372,12.817,51.289,1431.218,4.786,31.836,20.24
2025-01-12T23:00:00-05:00,2025-01-13T00:00:00-05:00,2025-01-13T04:00:00+00:00,2025-01-13T05:00:00+00:00,MOD-00811,60,60.438,0.513,8.194,9.111,32.43,1260.546,3.699,30.773,21.684
2025-01-13T00:00:00-05:00,2025-01-13T01:00:00-05:00,2025-01-13T05:00:00+00:00,2025-01-13T06:00:00+00:00,MOD-00811,60,59.73,0.38,6.403,7.052,25.818,1068.677,3.163,28.752,24.553
2025-01-13T01:00:00-05:00,2025-01-13T02:00:00-05:00,2025-01-13T06:00:00+00:00,2025-01-13T07:00:00+00:00,MOD-00811,60,58.657,0.94,8.19,8.876,30.65,1132.339,2.542,29.722,23.109
2025-01-13T02:00:00-05:00,2025-01-13T03:00:00-05:00,2025-01-13T07:00:00+00:00,2025-01-13T08:00:00+00:00,MOD-00811,60,58.925,0.987,8.612,9.008,18.871,1118.077,2.889,30.306,22.209
2025-01-13T03:00:00-05:00,2025-01-13T04:00:00-05:00,2025-01-13T08:00:00+00:00,2025-01-13T09:00:00+00:00,MOD-00811,60,59.818,0.792,8.493,8.878,20.516,1009.809,2.677,27.898,23.887
2025-01-13T04:00:00-05:00,2025-01-13T05:00:00-05:00,2025-01-13T09:00:00+00:00,2025-01-13T10:00:00+00:00,MOD-00811,60,58.127,0.897,8.556,8.934,19.857,911.78,2.066,25.103,27.863
2025-01-13T05:00:00-05:00,2025-01-13T06:00:00-05:00,2025-01-13T10:00:00+00:00,2025-01-13T11:00:00+00:00,MOD-00811,60,58.957,0.667,8.397,9.109,34.241,937.646,2.515,26.003,26.309
2025-01-13T06:00:00-05:00,2025-01-13T07:00:00-05:00,2025-01-13T11:00:00+00:00,2025-01-13T12:00:00+00:00,MOD-00811,60,62.912,-0.317,9.097,9.94,40.416,1093.669,3.858,28.663,22.557
2025-01-13T07:00:00-05:00,2025-01-13T08:00:00-05:00,2025-01-13T12:00:00+00:00,2025-01-13T13:00:00+00:00,MOD-00811,60,60.717,0.342,9.328,10.355,39.44,1128.93,5.889,27.295,24.195
2025-01-13T08:00:00-05:00,2025-01-13T09:00:00-05:00,2025-01-13T13:00:00+00:00,2025-01-13T14:00:00+00:00,MOD-00811,60,57.198,1.835,9.95,10.868,39.054,1021.136,3.019,23.943,30.199
2025-01-13T09:00:00-05:00,2025-01-13T10:00:00-05:00,2025-01-13T14:00:00+00:00,2025-01-13T15:00:00+00:00,MOD-00811,60,51.96,5.735,13.438,14.077,30.098,892.928,2.083,16.936,35.806
2025-01-13T10:00:00-05:00,2025-01-13T11:00:00-05:00,2025-01-13T15:00:00+00:00,2025-01-13T16:00:00+00:00,MOD-00811,60,42.37,7.675,10.82,11.743,38.364,799.205,2.325,12.842,40.208
2025-01-13T11:00:00-05:00,2025-01-13T12:00:00-05:00,2025-01-13T16:00:00+00:00,2025-01-13T17:00:00+00:00,MOD-00811,60,42.235,6.847,10.83,11.996,51.606,792.078,2.317,18.008,41.052
2025-01-13T12:00:00-05:00,2025-01-13T13:00:00-05:00,2025-01-13T17:00:00+00:00,2025-01-13T18:00:00+00:00,MOD-00811,60,41.442,7.005,11.654,12.987,44.766,833.548,2.263,19.895,40.692
2025-01-13T13:00:00-05:00,2025-01-13T14:00:00-05:00,2025-01-13T18:00:00+00:00,2025-01-13T19:00:00+00:00,MOD-00811,60,40.315,7.582,12.211,13.205,40.041,793.113,2.085,19.941,41.601
2025-01-13T14:00:00-05:00,2025-01-13T15:00:00-05:00,2025-01-13T19:00:00+00:00,2025-01-13T20:00:00+00:00,MOD-00811,60,41.27,7.815,14.973,15.969,35.814,790.299,2.153,19.444,42.853
2025-01-13T15:00:00-05:00,2025-01-13T16:00:00-05:00,2025-01-13T20:00:00+00:00,2025-01-13T21:00:00+00:00,MOD-00811,60,41.495,8.223,9.894,10.794,32.205,838.514,2.068,15.716,41.677
2025-01-13T16:00:00-05:00,2025-01-13T17:00:00-05:00,2025-01-13T21:00:00+00:00,2025-01-13T22:00:00+00:00,MOD-00811,60,44.425,6.82,7.548,8.265,28.199,872.404,2.145,22.106,39.124
2025-01-13T17:00:00-05:00,2025-01-13T18:00:00-05:00,2025-01-13T22:00:00+00:00,2025-01-13T23:00:00+00:00,MOD-00811,60,46.473,6.048,7.491,8.188,26.08,837.543,1.899,21.771,38.757
2025-01-13T18:00:00-05:00,2025-01-13T19:00:00-05:00,2025-01-13T23:00:00+00:00,2025-01-14T00:00:00+00:00,MOD-00811,60,49.627,5.178,7.961,8.58,19.324,823.096,1.901,21.841,37.385
2025-01-13T19:00:00-05:00,2025-01-13T20:00:00-05:00,2025-01-14T00:00:00+00:00,2025-01-14T01:00:00+00:00,MOD-00811,60,53.647,4.078,7.931,8.562,17.626,845.935,2.18,23.044,34.636
2025-01-13T20:00:00-05:00,2025-01-13T21:00:00-05:00,2025-01-14T01:00:00+00:00,2025-01-14T02:00:00+00:00,MOD-00811,60,56.622,3.63,10.747,11.228,16.117,814.452,2.255,21.167,36.34
2025-01-13T21:00:00-05:00,2025-01-13T22:00:00-05:00,2025-01-14T02:00:00+00:00,2025-01-14T03:00:00+00:00,MOD-00811,60,56.295,3.597,10.147,10.463,13.966,768.117,2.356,18.561,40.284
2025-01-13T22:00:00-05:00,2025-01-13T23:00:00-05:00,2025-01-14T03:00:00+00:00,2025-01-14T04:00:00+00:00,MOD-00811,60,53.678,2.433,5.839,6.117,8.754,745.854,2.434,16.804,41.095
2025-01-13T23:00:00-05:00,2025-01-14T00:00:00-05:00,2025-01-14T04:00:00+00:00,2025-01-14T05:00:00+00:00,MOD-00811,60,53.853,1.447,4.635,4.879,9.152,731.953,2.446,14.937,40.846
2025-01-14T00:00:00-05:00,2025-01-14T01:00:00-05:00,2025-01-14T05:00:00+00:00,2025-01-14T06:00:00+00:00,MOD-00811,60,58.413,0.167,4.336,4.58,10.235,763.526,2.323,20.048,37.819
2025-01-14T01:00:00-05:00,2025-01-14T02:00:00-05:00,2025-01-14T06:00:00+00:00,2025-01-14T07:00:00+00:00,MOD-00811,60,61.688,-0.355,2.565,2.773,7.39,745.325,3.079,19.367,38.295
2025-01-14T02:00:00-05:00,2025-01-14T03:00:00-05:00,2025-01-14T07:00:00+00:00,2025-01-14T08:00:00+00:00,MOD-00811,60,62.747,-0.655,3.102,3.279,5.76,746.631,3.236,19.306,37.942
2025-01-14T03:00:00-05:00,2025-01-14T04:00:00-05:00,2025-01-14T08:00:00+00:00,2025-01-14T09:00:00+00:00,MOD-00811,60,62.743,-0.845,3.202,3.393,6.136,737.951,3.18,18.969,37.661
2025-01-14T04:00:00-05:00,2025-01-14T05:00:00-05:00,2025-01-14T09:00:00+00:00,2025-01-14T10:00:00+00:00,MOD-00811,60,61.927,-1.005,4.346,4.548,6.836,746.623,4.796,18.753,36.956
2025-01-14T05:00:00-05:00,2025-01-14T06:00:00-05:00,2025-01-14T10:00:00+00:00,2025-01-14T11:00:00+00:00,MOD-00811,60,59.333,-1.158,5.426,5.622,7.334,754.84,2.833,18.303,37.599
2025-01-14T06:00:00-05:00,2025-01-14T07:00:00-05:00,2025-01-14T11:00:00+00:00,2025-01-14T12:00:00+00:00,MOD-00811,60,55.893,-1.405,5.355,5.634,8.791,765.644,2.478,18.707,37.573
2025-01-14T07:00:00-05:00,2025-01-14T08:00:00-05:00,2025-01-14T12:00:00+00:00,2025-01-14T13:00:00+00:00,MOD-00811,60,52.75,-1.313,5.286,5.689,10.605,778.847,2.794,18.906,38.173
2025-01-14T08:00:00-05:00,2025-01-14T09:00:00-05:00,2025-01-14T13:00:00+00:00,2025-01-14T14:00:00+00:00,MOD-00811,60,47.663,-0.485,6.9,7.16,11.368,764.183,2.549,11.396,41.012
2025-01-14T09:00:00-05:00,2025-01-14T10:00:00-05:00,2025-01-14T14:00:00+00:00,2025-01-14T15:00:00+00:00,MOD-00811,60,40.448,0.977,8.553,8.832,25.994,746.041,1.79,10.292,44.648
2025-01-14T10:00:00-05:00,2025-01-14T11:00:00-05:00,2025-01-14T15:00:00+00:00,2025-01-14T16:00:00+00:00,MOD-00811,60,34.115,1.567,6.626,6.951,27.975,737.137,2.134,7.337,46.642
2025-01-14T11:00:00-05:00,2025-01-14T12:00:00-05:00,2025-01-14T16:00:00+00:00,2025-01-14T17:00:00+00:00,MOD-00811,60,30.9,2.427,5.194,5.416,8.972,734.067,2.138,7.265,47.397
2025-01-14T12:00:00-05:00,2025-01-14T13:00:00-05:00,2025-01-14T17:00:00+00:00,2025-01-14T18:00:00+00:00,MOD-00811,60,28.072,3.023,4.391,4.608,5.765,727.832,2.242,7.865,48.794
2025-01-14T13:00:00-05:00,2025-01-14T14:00:00-05:00,2025-01-14T18:00:00+00:00,2025-01-14T19:00:00+00:00,MOD-00811,60,27.738,2.503,3.895,4.161,8.097,721.555,2.271,6.86,49.682
2025-01-14T14:00:00-05:00,2025-01-14T15:00:00-05:00,2025-01-14T19:00:00+00:00,2025-01-14T20:00:00+00:00,MOD-00811,60,27.468,2.445,3.216,3.432,4.964,733.459,2.232,7.915,49.671
2025-01-14T15:00:00-05:00,2025-01-14T16:00:00-05:00,2025-01-14T20:00:00+00:00,2025-01-14T21:00:00+00:00,MOD-00811,60,28.985,1.827,3.333,3.573,7.736,742.867,1.947,9.889,49.162
2025-01-14T16:00:00-05:00,2025-01-14T17:00:00-05:00,2025-01-14T21:00:00+00:00,2025-01-14T22:00:00+00:00,MOD-00811,60,31.985,0.42,3.733,3.941,4.676,740.374,2.231,10.685,48.648
2025-01-14T17:00:00-05:00,2025-01-14T18:00:00-05:00,2025-01-14T22:00:00+00:00,2025-01-14T23:00:00+00:00,MOD-00811,60,35.457,-0.697,2.864,3.017,5.565,746.829,2.044,11.685,47.719
2025-01-14T18:00:00-05:00,2025-01-14T19:00:00-05:00,2025-01-14T23:00:00+00:00,2025-01-15T00:00:00+00:00,MOD-00811,60,37.872,-1.312,3.029,3.287,5.817,752.147,2.072,10.265,45.958
2025-01-14T19:00:00-05:00,2025-01-14T20:00:00-05:00,2025-01-15T00:00:00+00:00,2025-01-15T01:00:00+00:00,MOD-00811,60,39.523,-1.603,3.537,3.757,5.309,739.699,1.859,9.391,46.185
2025-01-14T20:00:00-05:00,2025-01-14T21:00:00-05:00,2025-01-15T01:00:00+00:00,2025-01-15T02:00:00+00:00,MOD-00811,60,40.793,-2.067,4.601,4.846,7.178,736.135,1.79,8.393,46.273
2025-01-14T21:00:00-05:00,2025-01-14T22:00:00-05:00,2025-01-15T02:00:00+00:00,2025-01-15T03:00:00+00:00,MOD-00811,60,39.677,-2.462,5.612,5.856,6.825,737.24,1.778,7.478,46.007
2025-01-14T22:00:00-05:00,2025-01-14T23:00:00-05:00,2025-01-15T03:00:00+00:00,2025-01-15T04:00:00+00:00,MOD-00811,60,39.862,-2.932,5.817,6.062,6.887,729.794,1.811,9.234,45.927
2025-01-14T23:00:00-05:00,2025-01-15T00:00:00-05:00,2025-01-15T04:00:00+00:00,2025-01-15T05:00:00+00:00,MOD-00811,60,41.41,-3.35,5.834,6.117,6.784,735.851,1.914,11.634,44.644
2025-01-15T00:00:00-05:00,2025-01-15T01:00:00-05:00,2025-01-15T05:00:00+00:00,2025-01-15T06:00:00+00:00,MOD-00811,60,43.863,-3.615,6.865,7.202,8.937,742.053,2.037,12.492,44.001
2025-01-15T01:00:00-05:00,2025-01-15T02:00:00-05:00,2025-01-15T06:00:00+00:00,2025-01-15T07:00:00+00:00,MOD-00811,60,45.89,-3.498,6.86,7.103,7.369,731.866,2.183,15.811,44.147
2025-01-15T02:00:00-05:00,2025-01-15T03:00:00-05:00,2025-01-15T07:00:00+00:00,2025-01-15T08:00:00+00:00,MOD-00811,60,48.415,-3.568,8.111,8.439,9.963,731.202,2.484,15.289,43.809
2025-01-15T03:00:00-05:00,2025-01-15T04:00:00-05:00,2025-01-15T08:00:00+00:00,2025-01-15T09:00:00+00:00,MOD-00811,60,51.182,-3.947,7.93,8.168,10.567,734.288,2.983,15.646,43.423
2025-01-15T04:00:00-05:00,2025-01-15T05:00:00-05:00,2025-01-15T09:00:00+00:00,2025-01-15T10:00:00+00:00,MOD-00811,60,53.428,-4.348,5.315,5.606,6.579,743.664,3.057,17.653,42.332
2025-01-15T05:00:00-05:00,2025-01-15T06:00:00-05:00,2025-01-15T10:00:00+00:00,2025-01-15T11:00:00+00:00,MOD-00811,60,54.65,-4.648,5.055,5.415,7.508,755.534,2.944,18.041,40.806
2025-01-15T06:00:00-05:00,2025-01-15T07:00:00-05:00,2025-01-15T11:00:00+00:00,2025-01-15T12:00:00+00:00,MOD-00811,60,55.513,-4.877,4.322,4.79,6.163,783.164,3.157,18.84,38.451
2025-01-15T07:00:00-05:00,2025-01-15T08:00:00-05:00,2025-01-15T12:00:00+00:00,2025-01-15T13:00:00+00:00,MOD-00811,60,54.91,-4.752,4.194,4.632,7.942,802.316,3.289,19.339,37.491
2025-01-15T08:00:00-05:00,2025-01-15T09:00:00-05:00,2025-01-15T13:00:00+00:00,2025-01-15T14:00:00+00:00,MOD-00811,60,50.948,-3.727,4.336,4.626,8.953,781.742,3.014,18.102,39.998
2025-01-15T09:00:00-05:00,2025-01-15T10:00:00-05:00,2025-01-15T14:00:00+00:00,2025-01-15T15:00:00+00:00,MOD-00811,60,43.752,-1.728,3.802,4.269,12.895,775.429,2.407,13.212,41.41
2025-01-15T10:00:00-05:00,2025-01-15T11:00:00-05:00,2025-01-15T15:00:00+00:00,2025-01-15T16:00:00+00:00,MOD-00811,60,38.58,-0.362,3.052,3.492,13.628,762.686,2.076,11.81,43.436
2025-01-15T11:00:00-05:00,2025-01-15T12:00:00-05:00,2025-01-15T16:00:00+00:00,2025-01-15T17:00:00+00:00,MOD-00811,60,35.62,0.587,2.936,3.634,18.784,755.617,4.734,16.5,42.683
2025-01-15T12:00:00-05:00,2025-01-15T13:00:00-05:00,2025-01-15T17:00:00+00:00,2025-01-15T18:00:00+00:00,MOD-00811,60,32.838,1.373,2.497,3.337,29.857,754.234,2.632,10.764,44.047
2025-01-15T13:00:00-05:00,2025-01-15T14:00:00-05:00,2025-01-15T18:00:00+00:00,2025-01-15T19:00:00+00:00,MOD-00811,60,30.677,1.798,1.94,2.667,31.663,748.333,2.49,13.104,44.991
2025-01-15T14:00:00-05:00,2025-01-15T15:00:00-05:00,2025-01-15T19:00:00+00:00,2025-01-15T20:00:00+00:00,MOD-00811,60,30.848,1.817,1.473,1.746,12.237,736.613,2.116,7.434,48.38
2025-01-15T15:00:00-05:00,2025-01-15T16:00:00-05:00,2025-01-15T20:00:00+00:00,2025-01-15T21:00:00+00:00,MOD-00811,60,31.847,0.978,1.389,1.647,6.014,741.786,2.257,8.547,47.638
2025-01-15T16:00:00-05:00,2025-01-15T17:00:00-05:00,2025-01-15T21:00:00+00:00,2025-01-15T22:00:00+00:00,MOD-00811,60,34.558,-0.42,1.156,1.419,7.659,749.627,2.072,10.129,47.378
2025-01-15T17:00:00-05:00,2025-01-15T18:00:00-05:00,2025-01-15T22:00:00+00:00,2025-01-15T23:00:00+00:00,MOD-00811,60,36.75,-1.478,1.129,1.404,8.208,752.818,2.081,8.007,46.623
2025-01-15T18:00:00-05:00,2025-01-15T19:00:00-05:00,2025-01-15T23:00:00+00:00,2025-01-16T00:00:00+00:00,MOD-00811,60,38.557,-2.295,1.844,2.146,5.273,769.291,1.979,11.949,44.719
2025-01-15T19:00:00-05:00,2025-01-15T20:00:00-05:00,2025-01-16T00:00:00+00:00,2025-01-16T01:00:00+00:00,MOD-00811,60,42.92,-2.9,1.535,1.895,5.793,775.72,1.886,18.287,43.194
2025-01-15T20:00:00-05:00,2025-01-15T21:00:00-05:00,2025-01-16T01:00:00+00:00,2025-01-16T02:00:00+00:00,MOD-00811,60,46.698,-3.465,3.272,3.586,7.76,765.681,2.287,19.044,42.946
2025-01-15T21:00:00-05:00,2025-01-15T22:00:00-05:00,2025-01-16T02:00:00+00:00,2025-01-16T03:00:00+00:00,MOD-00811,60,51.127,-3.955,3.092,3.412,6.079,765.277,2.937,18.882,42.497
2025-01-15T22:00:00-05:00,2025-01-15T23:00:00-05:00,2025-01-16T03:00:00+00:00,2025-01-16T04:00:00+00:00,MOD-00811,60,54.285,-4.507,1.546,1.914,6.025,778.326,3.044,19.345,41.437
2025-01-15T23:00:00-05:00,2025-01-16T00:00:00-05:00,2025-01-16T04:00:00+00:00,2025-01-16T05:00:00+00:00,MOD-00811,60,56.015,-5.16,1.52,1.822,5.676,775.359,3.199,16.379,40.56
2025-01-16T00:00:00-05:00,2025-01-16T01:00:00-05:00,2025-01-16T05:00:00+00:00,2025-01-16T06:00:00+00:00,MOD-00811,60,54.207,-5.17,1.968,2.232,3.711,774.908,3.337,19.833,40.285
2025-01-16T01:00:00-05:00,2025-01-16T02:00:00-05:00,2025-01-16T06:00:00+00:00,2025-01-16T07:00:00+00:00,MOD-00811,60,53.142,-5.35,1.525,1.738,4.121,774.026,3.362,19.332,41.517
2025-01-16T02:00:00-05:00,2025-01-16T03:00:00-05:00,2025-01-16T07:00:00+00:00,2025-01-16T08:00:00+00:00,MOD-00811,60,55.997,-5.887,1.48,1.664,3.836,775.737,3.375,18.23,40.677
2025-01-16T03:00:00-05:00,2025-01-16T04:00:00-05:00,2025-01-16T08:00:00+00:00,2025-01-16T09:00:00+00:00,MOD-00811,60,60.168,-6.532,1.47,1.661,3.845,780.158,3.8,20.847,38.315
2025-01-16T04:00:00-05:00,2025-01-16T05:00:00-05:00,2025-01-16T09:00:00+00:00,2025-01-16T10:00:00+00:00,MOD-00811,60,62.768,-6.308,1.69,1.95,6.896,766.525,3.738,19.929,39.744
2025-01-16T05:00:00-05:00,2025-01-16T06:00:00-05:00,2025-01-16T10:00:00+00:00,2025-01-16T11:00:00+00:00,MOD-00811,60,67.452,-6.932,2.415,2.792,10.579,842.014,3.953,24.164,31.768
2025-01-16T06:00:00-05:00,2025-01-16T07:00:00-05:00,2025-01-16T11:00:00+00:00,2025-01-16T12:00:00+00:00,MOD-00811,60,67.522,-6.59,1.815,2.152,8.571,875.195,5.001,23.791,32.033
2025-01-16T07:00:00-05:00,2025-01-16T08:00:00-05:00,2025-01-16T12:00:00+00:00,2025-01-16T13:00:00+00:00,MOD-00811,60,67.053,-6.12,2.602,3.071,13.088,921.006,7.253,25.764,28.624
2025-01-16T08:00:00-05:00,2025-01-16T09:00:00-05:00,2025-01-16T13:00:00+00:00,2025-01-16T14:00:00+00:00,MOD-00811,60,62.163,-4.383,3.603,4.287,23.425,990.386,4.822,25.479,29.29
2025-01-16T09:00:00-05:00,2025-01-16T10:00:00-05:00,2025-01-16T14:00:00+00:00,2025-01-16T15:00:00+00:00,MOD-00811,60,47.157,-0.323,3.728,4.536,22.511,861.111,2.427,17.314,39.148
2025-01-16T10:00:00-05:00,2025-01-16T11:00:00-05:00,2025-01-16T15:00:00+00:00,2025-01-16T16:00:00+00:00,MOD-00811,60,41.78,0.883,4.027,4.893,38.356,805.203,2.775,14.945,42.514
2025-01-16T11:00:00-05:00,2025-01-16T12:00:00-05:00,2025-01-16T16:00:00+00:00,2025-01-16T17:00:00+00:00,MOD-00811,60,33.04,3.345,4.549,5.327,38.078,825.418,2.174,9.419,44.658
2025-01-16T12:00:00-05:00,2025-01-16T13:00:00-05:00,2025-01-16T17:00:00+00:00,2025-01-16T18:00:00+00:00,MOD-00811,60,30.043,3.503,4.651,5.231,31.092,767.755,2.47,9.746,45.439
2025-01-16T13:00:00-05:00,2025-01-16T14:00:00-05:00,2025-01-16T18:00:00+00:00,2025-01-16T19:00:00+00:00,MOD-00811,60,31.858,3.173,6.873,7.317,27.329,770.235,2.234,11.26,45.602
2025-01-16T14:00:00-05:00,2025-01-16T15:00:00-05:00,2025-01-16T19:00:00+00:00,2025-01-16T20:00:00+00:00,MOD-00811,60,33.697,3.14,7.095,7.749,32.654,772.171,2.291,14.91,44.324
2025-01-16T15:00:00-05:00,2025-01-16T16:00:00-05:00,2025-01-16T20:00:00+00:00,2025-01-16T21:00:00+00:00,MOD-00811,60,42.332,0.873,5.212,5.795,19.015,779.26,1.762,16.916,43.015
2025-01-16T16:00:00-05:00,2025-01-16T17:00:00-05:00,2025-01-16T21:00:00+00:00,2025-01-16T22:00:00+00:00,MOD-00811,60,47.537,-0.018,5.879,6.485,19.241,811.191,2.707,19.022,40.43
2025-01-16T17:00:00-05:00,2025-01-16T18:00:00-05:00,2025-01-16T22:00:00+00:00,2025-01-16T23:00:00+00:00,MOD-00811,60,52.965,-0.9,7.103,7.84,23.008,872.62,2.67,23.095,34.479
2025-01-16T18:00:00-05:00,2025-01-16T19:00:00-05:00,2025-01-16T23:00:00+00:00,2025-01-17T00:00:00+00:00,MOD-00811,60,54.627,-0.83,8.492,9.325,27.808,885.61,2.497,24.081,31.518
2025-01-16T19:00:00-05:00,2025-01-16T20:00:00-05:00,2025-01-17T00:00:00+00:00,2025-01-17T01:00:00+00:00,MOD-00811,60,62.047,-0.66,7.234,7.928,21.472,788.46,2.458,20.227,38.378
2025-01-16T20:00:00-05:00,2025-01-16T21:00:00-05:00,2025-01-17T01:00:00+00:00,2025-01-17T02:00:00+00:00,MOD-00811,60,69.17,-1.267,7.907,8.662,23.396,812.392,2.114,20.09,37.241
2025-01-16T21:00:00-05:00,2025-01-16T22:00:00-05:00,2025-01-17T02:00:00+00:00,2025-01-17T03:00:00+00:00,MOD-00811,60,65.497,-1.3,8.221,9.168,35.134,795.288,3.033,19.83,36.766
2025-01-16T22:00:00-05:00,2025-01-16T23:00:00-05:00,2025-01-17T03:00:00+00:00,2025-01-17T04:00:00+00:00,MOD-00811,60,65.545,-1.243,8.595,9.595,35.109,803.744,2.955,20.421,34.682
2025-01-16T23:00:00-05:00,2025-01-17T00:00:00-05:00,2025-01-17T04:00:00+00:00,2025-01-17T05:00:00+00:00,MOD-00811,60,69.163,-1.472,9.147,9.907,22.722,801.51,2.003,21.046,32.322
2025-01-17T00:00:00-05:00,2025-01-17T01:00:00-05:00,2025-01-17T05:00:00+00:00,2025-01-17T06:00:00+00:00,MOD-00811,60,74.075,-2.083,9.555,10.272,20.796,802.999,1.784,20.952,30.406
2025-01-17T01:00:00-05:00,2025-01-17T02:00:00-05:00,2025-01-17T06:00:00+00:00,2025-01-17T07:00:00+00:00,MOD-00811,60,72.537,-2.16,13.496,14.194,22.997,810.631,1.824,21.024,29.563
2025-01-17T02:00:00-05:00,2025-01-17T03:00:00-05:00,2025-01-17T07:00:00+00:00,2025-01-17T08:00:00+00:00,MOD-00811,60,71.835,-2.435,14.059,14.76,20.163,822.567,1.848,20.572,29.63
2025-01-17T03:00:00-05:00,2025-01-17T04:00:00-05:00,2025-01-17T08:00:00+00:00,2025-01-17T09:00:00+00:00,MOD-00811,60,72.887,-3.018,11.584,12.293,20.016,837.131,1.805,17.411,28.359
2025-01-17T04:00:00-05:00,2025-01-17T05:00:00-05:00,2025-01-17T09:00:00+00:00,2025-01-17T10:00:00+00:00,MOD-00811,60,73.255,-3.415,10.995,11.63,16.406,834.868,2.005,13.381,28.944
2025-01-17T05:00:00-05:00,2025-01-17T06:00:00-05:00,2025-01-17T10:00:00+00:00,2025-01-17T11:00:00+00:00,MOD-00811,60,74.395,-4.01,9.692,10.235,15.051,857.67,2.573,20.498,28.924
2025-01-17T06:00:00-05:00,2025-01-17T07:00:00-05:00,2025-01-17T11:00:00+00:00,2025-01-17T12:00:00+00:00,MOD-00811,60,74.342,-4.362,12.887,13.45,17.354,866.996,2.366,19.661,28.825
2025-01-17T07:00:00-05:00,2025-01-17T08:00:00-05:00,2025-01-17T12:00:00+00:00,2025-01-17T13:00:00+00:00,MOD-00811,60,71.967,-4.327,11.941,12.488,17.68,887.522,2.187,16.322,29.563
2025-01-17T08:00:00-05:00,2025-01-17T09:00:00-05:00,2025-01-17T13:00:00+00:00,2025-01-17T14:00:00+00:00,MOD-00811,60,65.733,-2.973,10.937,11.701,22.466,896.598,3.606,20.716,30.573
2025-01-17T09:00:00-05:00,2025-01-17T10:00:00-05:00,2025-01-17T14:00:00+00:00,2025-01-17T15:00:00+00:00,MOD-00811,60,53.758,-0.115,9.647,12.228,76.971,856.956,3.563,19.229,35.11
2025-01-17T10:00:00-05:00,2025-01-17T11:00:00-05:00,2025-01-17T15:00:00+00:00,2025-01-17T16:00:00+00:00,MOD-00811,60,43.757,2.383,9.035,12.49,151.823,825.739,3.028,12.918,38.564
2025-01-17T11:00:00-05:00,2025-01-17T12:00:00-05:00,2025-01-17T16:00:00+00:00,2025-01-17T17:00:00+00:00,MOD-00811,60,36.645,4.332,8.441,12.053,151.456,825.202,2.47,15.066,40.349
2025-01-17T12:00:00-05:00,2025-01-17T13:00:00-05:00,2025-01-17T17:00:00+00:00,2025-01-17T18:00:00+00:00,MOD-00811,60,32.138,5.733,8.276,10.714,90.364,771.418,2.675,16.17,42.345
2025-01-17T13:00:00-05:00,2025-01-17T14:00:00-05:00,2025-01-17T18:00:00+00:00,2025-01-17T19:00:00+00:00,MOD-00811,60,28.957,7.133,8.207,10.124,70.245,776.803,2.89,13.31,42.268
2025-01-17T14:00:00-05:00,2025-01-17T15:00:00-05:00,2025-01-17T19:00:00+00:00,2025-01-17T20:00:00+00:00,MOD-00811,60,28.382,8.018,5.918,7.634,67.467,784.619,2.257,10.903,43.321
2025-01-17T15:00:00-05:00,2025-01-17T16:00:00-05:00,2025-01-17T20:00:00+00:00,2025-01-17T21:00:00+00:00,MOD-00811,60,31.223,7.34,4.775,5.918,46.467,793.596,2.263,12.574,43.651
2025-01-17T16:00:00-05:00,2025-01-17T17:00:00-05:00,2025-01-17T21:00:00+00:00,2025-01-17T22:00:00+00:00,MOD-00811,60,38.992,4.337,4.834,6.071,36.155,822.857,2.04,17.163,40.11
2025-01-17T17:00:00-05:00,2025-01-17T18:00:00-05:00,2025-01-17T22:00:00+00:00,2025-01-17T23:00:00+00:00,MOD-00811,60,47.668,2.047,6.546,8.793,84.043,987.601,2.291,26.003,29.884
2025-01-17T18:00:00-05:00,2025-01-17T19:00:00-05:00,2025-01-17T23:00:00+00:00,2025-01-18T00:00:00+00:00,MOD-00811,60,53.893,0.722,9.13,11.807,99.494,1159.555,2.808,29.838,22.842
2025-01-17T19:00:00-05:00,2025-01-17T20:00:00-05:00,2025-01-18T00:00:00+00:00,2025-01-18T01:00:00+00:00,MOD-00811,60,60.055,-0.353,13.459,15.867,88.995,1375.235,6.113,30.832,20.336
2025-01-17T20:00:00-05:00,2025-01-17T21:00:00-05:00,2025-01-18T01:00:00+00:00,2025-01-18T02:00:00+00:00,MOD-00811,60,64.867,-1.382,15.304,17.044,60.737,1445.988,6.217,30.019,19.751
2025-01-17T21:00:00-05:00,2025-01-17T22:00:00-05:00,2025-01-18T02:00:00+00:00,2025-01-18T03:00:00+00:00,MOD-00811,60,65.283,-1.468,17.594,18.906,46.45,1276.531,4.859,29.154,20.072
2025-01-17T22:00:00-05:00,2025-01-17T23:00:00-05:00,2025-01-18T03:00:00+00:00,2025-01-18T04:00:00+00:00,MOD-00811,60,69.978,-2.252,18.249,19.346,42.237,1307.751,3.426,28.479,19.619
2025-01-17T23:00:00-05:00,2025-01-18T00:00:00-05:00,2025-01-18T04:00:00+00:00,2025-01-18T05:00:00+00:00,MOD-00811,60,72.915,-2.568,18.067,18.899,34.489,1233.266,2.975,27.476,19.566
2025-01-18T00:00:00-05:00,2025-01-18T01:00:00-05:00,2025-01-18T05:00:00+00:00,2025-01-18T06:00:00+00:00,MOD-00811,60,77.062,-3.025,15.83,16.589,34.517,1251.681,4.802,27.317,19.281
2025-01-18T01:00:00-05:00,2025-01-18T02:00:00-05:00,2025-01-18T06:00:00+00:00,2025-01-18T07:00:00+00:00,MOD-00811,60,81.997,-3.172,15.261,15.975,30.989,1243.79,5.231,26.303,19.365
2025-01-18T02:00:00-05:00,2025-01-18T03:00:00-05:00,2025-01-18T07:00:00+00:00,2025-01-18T08:00:00+00:00,MOD-00811,60,83.962,-2.68,14.34,15.066,28.617,1301.169,8.27,26.0,18.721
2025-01-18T03:00:00-05:00,2025-01-18T04:00:00-05:00,2025-01-18T08:00:00+00:00,2025-01-18T09:00:00+00:00,MOD-00811,60,82.907,-1.365,13.863,14.758,34.527,1232.936,6.618,26.199,18.363
2025-01-18T04:00:00-05:00,2025-01-18T05:00:00-05:00,2025-01-18T09:00:00+00:00,2025-01-18T10:00:00+00:00,MOD-00811,60,79.377,0.095,12.881,13.707,30.503,1000.272,2.846,24.488,20.91
2025-01-18T05:00:00-05:00,2025-01-18T06:00:00-05:00,2025-01-18T10:00:00+00:00,2025-01-18T11:00:00+00:00,MOD-00811,60,79.835,0.27,10.66,11.642,27.696,1000.128,3.838,25.449,20.694
2025-01-18T06:00:00-05:00,2025-01-18T07:00:00-05:00,2025-01-18T11:00:00+00:00,2025-01-18T12:00:00+00:00,MOD-00811,60,82.898,-0.332,8.76,10.055,30.654,1109.44,4.667,27.128,19.084
2025-01-18T07:00:00-05:00,2025-01-18T08:00:00-05:00,2025-01-18T12:00:00+00:00,2025-01-18T13:00:00+00:00,MOD-00811,60,83.503,0.098,7.062,8.759,37.171,998.145,4.875,25.689,21.67
2025-01-18T08:00:00-05:00,2025-01-18T09:00:00-05:00,2025-01-18T13:00:00+00:00,2025-01-18T14:00:00+00:00,MOD-00811,60,77.485,2.017,7.182,8.905,37.505,994.911,2.188,24.108,26.497
2025-01-18T09:00:00-05:00,2025-01-18T10:00:00-05:00,2025-01-18T14:00:00+00:00,2025-01-18T15:00:00+00:00,MOD-00811,60,72.29,4.305,6.632,9.059,48.396,873.553,1.673,21.179,32.837
2025-01-18T10:00:00-05:00,2025-01-18T11:00:00-05:00,2025-01-18T15:00:00+00:00,2025-01-18T16:00:00+00:00,MOD-00811,60,69.04,6.297,4.93,7.92,48.844,867.311,1.548,14.164,38.677
2025-01-18T11:00:00-05:00,2025-01-18T12:00:00-05:00,2025-01-18T16:00:00+00:00,2025-01-18T17:00:00+00:00,MOD-00811,60,66.553,7.632,5.368,9.438,54.439,817.754,1.499,10.394,43.019
2025-01-18T12:00:00-05:00,2025-01-18T13:00:00-05:00,2025-01-18T17:00:00+00:00,2025-01-18T18:00:00+00:00,MOD-00811,60,68.735,7.407,4.473,8.745,57.976,758.784,1.477,13.07,43.489
2025-01-18T13:00:00-05:00,2025-01-18T14:00:00-05:00,2025-01-18T18:00:00+00:00,2025-01-18T19:00:00+00:00,MOD-00811,60,70.987,7.307,4.777,9.67,63.534,770.309,1.599,16.7,42.103
2025-01-18T14:00:00-05:00,2025-01-18T15:00:00-05:00,2025-01-18T19:00:00+00:00,2025-01-18T20:00:00+00:00,MOD-00811,60,77.802,6.91,4.747,11.075,90.562,869.201,1.832,17.285,39.037
2025-01-18T15:00:00-05:00,2025-01-18T16:00:00-05:00,2025-01-18T20:00:00+00:00,2025-01-18T21:00:00+00:00,MOD-00811,60,83.738,5.985,4.722,12.877,103.717,909.711,2.426,12.325,38.42
2025-01-18T16:00:00-05:00,2025-01-18T17:00:00-05:00,2025-01-18T21:00:00+00:00,2025-01-18T22:00:00+00:00,MOD-00811,60,87.633,5.81,5.028,12.757,78.498,717.101,2.881,9.581,35.074
2025-01-18T17:00:00-05:00,2025-01-18T18:00:00-05:00,2025-01-18T22:00:00+00:00,2025-01-18T23:00:00+00:00,MOD-00811,60,89.34,5.768,5.86,10.492,32.578,735.795,3.263,7.572,31.885
2025-01-18T18:00:00-05:00,2025-01-18T19:00:00-05:00,2025-01-18T23:00:00+00:00,2025-01-19T00:00:00+00:00,MOD-00811,60,90.463,6.095,4.407,7.449,18.754,768.354,3.23,7.598,35.503
2025-01-18T19:00:00-05:00,2025-01-18T20:00:00-05:00,2025-01-19T00:00:00+00:00,2025-01-19T01:00:00+00:00,MOD-00811,60,91.002,6.727,4.659,12.287,82.644,891.69,3.367,8.072,30.406
2025-01-18T20:00:00-05:00,2025-01-18T21:00:00-05:00,2025-01-19T01:00:00+00:00,2025-01-19T02:00:00+00:00,MOD-00811,60,91.573,7.405,4.911,16.533,153.671,991.708,3.58,10.109,27.137
2025-01-18T21:00:00-05:00,2025-01-18T22:00:00-05:00,2025-01-19T02:00:00+00:00,2025-01-19T03:00:00+00:00,MOD-00811,60,92.127,8.258,5.129,21.568,181.813,815.739,3.484,8.395,34.579
2025-01-18T22:00:00-05:00,2025-01-18T23:00:00-05:00,2025-01-19T03:00:00+00:00,2025-01-19T04:00:00+00:00,MOD-00811,60,90.468,8.557,4.933,19.918,149.244,820.529,3.418,9.429,31.307
2025-01-18T23:00:00-05:00,2025-01-19T00:00:00-05:00,2025-01-19T04:00:00+00:00,2025-01-19T05:00:00+00:00,MOD-00811,60,90.255,8.383,4.289,15.288,89.331,825.468,3.361,7.752,34.953
2025-01-19T00:00:00-05:00,2025-01-19T01:00:00-05:00,2025-01-19T05:00:00+00:00,2025-01-19T06:00:00+00:00,MOD-00811,60,87.438,8.03,3.604,7.478,32.364,760.522,2.534,7.692,36.667
2025-01-19T01:00:00-05:00,2025-01-19T02:00:00-05:00,2025-01-19T06:00:00+00:00,2025-01-19T07:00:00+00:00,MOD-00811,60,86.413,7.357,4.428,5.033,12.413,740.285,2.518,8.22,37.385
2025-01-19T02:00:00-05:00,2025-01-19T03:00:00-05:00,2025-01-19T07:00:00+00:00,2025-01-19T08:00:00+00:00,MOD-00811,60,87.005,6.778,5.05,5.508,11.973,807.378,2.657,9.894,32.402
2025-01-19T03:00:00-05:00,2025-01-19T04:00:00-05:00,2025-01-19T08:00:00+00:00,2025-01-19T09:00:00+00:00,MOD-00811,60,90.842,5.373,4.356,4.735,12.172,873.17,3.51,7.528,27.483
2025-01-19T04:00:00-05:00,2025-01-19T05:00:00-05:00,2025-01-19T09:00:00+00:00,2025-01-19T10:00:00+00:00,MOD-00811,60,91.312,4.492,3.509,3.823,9.409,891.78,3.816,8.034,26.036
2025-01-19T05:00:00-05:00,2025-01-19T06:00:00-05:00,2025-01-19T10:00:00+00:00,2025-01-19T11:00:00+00:00,MOD-00811,60,89.977,3.832,2.563,2.837,8.444,899.09,3.684,7.417,25.175
2025-01-19T06:00:00-05:00,2025-01-19T07:00:00-05:00,2025-01-19T11:00:00+00:00,2025-01-19T12:00:00+00:00,MOD-00811,60,88.688,3.28,2.559,2.781,6.086,851.011,3.795,7.29,28.792
2025-01-19T07:00:00-05:00,2025-01-19T08:00:00-05:00,2025-01-19T12:00:00+00:00,2025-01-19T13:00:00+00:00,MOD-00811,60,87.528,3.025,3.125,3.368,7.346,899.315,3.899,9.436,24.457
2025-01-19T08:00:00-05:00,2025-01-19T09:00:00-05:00,2025-01-19T13:00:00+00:00,2025-01-19T14:00:00+00:00,MOD-00811,60,83.348,3.92,3.604,3.778,6.482,867.07,3.201,9.31,31.121
2025-01-19T09:00:00-05:00,2025-01-19T10:00:00-05:00,2025-01-19T14:00:00+00:00,2025-01-19T15:00:00+00:00,MOD-00811,60,77.633,5.35,4.898,5.036,6.237,817.315,1.849,14.165,34.992
2025-01-19T10:00:00-05:00,2025-01-19T11:00:00-05:00,2025-01-19T15:00:00+00:00,2025-01-19T16:00:00+00:00,MOD-00811,60,62.35,8.297,7.517,7.645,9.059,776.006,2.287,11.178,38.127
2025-01-19T11:00:00-05:00,2025-01-19T12:00:00-05:00,2025-01-19T16:00:00+00:00,2025-01-19T17:00:00+00:00,MOD-00811,60,57.228,8.907,9.719,9.837,12.89,716.803,2.298,12.891,39.672
2025-01-19T12:00:00-05:00,2025-01-19T13:00:00-05:00,2025-01-19T17:00:00+00:00,2025-01-19T18:00:00+00:00,MOD-00811,60,57.133,8.82,10.273,10.404,12.487,702.888,2.27,14.636,38.732
2025-01-19T13:00:00-05:00,2025-01-19T14:00:00-05:00,2025-01-19T18:00:00+00:00,2025-01-19T19:00:00+00:00,MOD-00811,60,59.203,8.32,10.015,10.129,14.167,709.184,2.44,12.705,39.655
2025-01-19T14:00:00-05:00,2025-01-19T15:00:00-05:00,2025-01-19T19:00:00+00:00,2025-01-19T20:00:00+00:00,MOD-00811,60,59.198,8.242,5.352,5.444,6.957,715.589,2.365,13.113,39.991
2025-01-19T15:00:00-05:00,2025-01-19T16:00:00-05:00,2025-01-19T20:00:00+00:00,2025-01-19T21:00:00+00:00,MOD-00811,60,63.632,7.822,5.592,5.728,8.297,733.977,2.159,16.435,37.725
2025-01-19T16:00:00-05:00,2025-01-19T17:00:00-05:00,2025-01-19T21:00:00+00:00,2025-01-19T22:00:00+00:00,MOD-00811,60,67.675,6.948,5.091,5.225,7.784,737.019,1.492,11.371,40.193
2025-01-19T17:00:00-05:00,2025-01-19T18:00:00-05:00,2025-01-19T22:00:00+00:00,2025-01-19T23:00:00+00:00,MOD-00811,60,73.583,5.892,4.083,4.348,8.249,716.924,1.682,13.978,41.038
2025-01-19T18:00:00-05:00,2025-01-19T19:00:00-05:00,2025-01-19T23:00:00+00:00,2025-01-20T00:00:00+00:00,MOD-00811,60,82.827,4.737,3.934,4.785,15.774,717.495,2.841,8.959,41.17
2025-01-19T19:00:00-05:00,2025-01-19T20:00:00-05:00,2025-01-20T00:00:00+00:00,2025-01-20T01:00:00+00:00,MOD-00811,60,84.958,3.915,3.262,4.596,19.405,730.584,3.59,7.297,40.014
2025-01-19T20:00:00-05:00,2025-01-19T21:00:00-05:00,2025-01-20T01:00:00+00:00,2025-01-20T02:00:00+00:00,MOD-00811,60,86.158,2.303,3.644,4.664,17.22,726.76,3.674,7.293,36.036
2025-01-19T21:00:00-05:00,2025-01-19T22:00:00-05:00,2025-01-20T02:00:00+00:00,2025-01-20T03:00:00+00:00,MOD-00811,60,87.092,1.075,2.024,2.946,18.34,704.916,3.693,7.29,39.839
2025-01-19T22:00:00-05:00,2025-01-19T23:00:00-05:00,2025-01-20T03:00:00+00:00,2025-01-20T04:00:00+00:00,MOD-00811,60,87.305,0.485,1.967,3.011,25.327,711.203,3.802,7.289,41.053
2025-01-19T23:00:00-05:00,2025-01-20T00:00:00-05:00,2025-01-20T04:00:00+00:00,2025-01-20T05:00:00+00:00,MOD-00811,60,85.758,-0.088,2.507,3.348,26.22,697.437,3.653,9.442,41.216
2025-01-20T00:00:00-05:00,2025-01-20T01:00:00-05:00,2025-01-20T05:00:00+00:00,2025-01-20T06:00:00+00:00,MOD-00811,60,81.913,-0.382,2.631,3.322,18.306,713.412,3.064,16.212,40.944
2025-01-20T01:00:00-05:00,2025-01-20T02:00:00-05:00,2025-01-20T06:00:00+00:00,2025-01-20T07:00:00+00:00,MOD-00811,60,80.848,-0.592,2.03,2.475,10.657,702.043,2.918,16.229,40.815
2025-01-20T02:00:00-05:00,2025-01-20T03:00:00-05:00,2025-01-20T07:00:00+00:00,2025-01-20T08:00:00+00:00,MOD-00811,60,76.64,-1.317,2.681,2.956,5.977,696.313,2.129,12.71,42.343
2025-01-20T03:00:00-05:00,2025-01-20T04:00:00-05:00,2025-01-20T08:00:00+00:00,2025-01-20T09:00:00+00:00,MOD-00811,60,78.95,-3.127,2.735,3.125,7.321,693.977,2.706,14.887,43.704
2025-01-20T04:00:00-05:00,2025-01-20T05:00:00-05:00,2025-01-20T09:00:00+00:00,2025-01-20T10:00:00+00:00,MOD-00811,60,75.827,-4.053,2.504,2.994,6.823,692.274,2.239,12.222,46.312
2025-01-20T05:00:00-05:00,2025-01-20T06:00:00-05:00,2025-01-20T10:00:00+00:00,2025-01-20T11:00:00+00:00,MOD-00811,60,74.423,-4.803,2.315,2.881,7.283,697.859,2.278,10.101,46.84
2025-01-20T06:00:00-05:00,2025-01-20T07:00:00-05:00,2025-01-20T11:00:00+00:00,2025-01-20T12:00:00+00:00,MOD-00811,60,71.188,-5.69,2.71,3.292,8.672,719.957,2.502,13.998,44.842
2025-01-20T07:00:00-05:00,2025-01-20T08:00:00-05:00,2025-01-20T12:00:00+00:00,2025-01-20T13:00:00+00:00,MOD-00811,60,66.898,-6.525,2.954,3.525,7.785,737.845,3.684,16.007,43.487
2025-01-20T08:00:00-05:00,2025-01-20T09:00:00-05:00,2025-01-20T13:00:00+00:00,2025-01-20T14:00:00+00:00,MOD-00811,60,60.822,-5.883,2.737,3.173,6.585,754.457,3.624,15.75,43.699
2025-01-20T09:00:00-05:00,2025-01-20T10:00:00-05:00,2025-01-20T14:00:00+00:00,2025-01-20T15:00:00+00:00,MOD-00811,60,51.503,-4.12,2.765,3.087,4.283,758.243,3.044,12.878,45.077
2025-01-20T10:00:00-05:00,2025-01-20T11:00:00-05:00,2025-01-20T15:00:00+00:00,2025-01-20T16:00:00+00:00,MOD-00811,60,45.897,-3.062,6.408,6.632,8.396,749.759,2.249,8.816,46.5
2025-01-20T11:00:00-05:00,2025-01-20T12:00:00-05:00,2025-01-20T16:00:00+00:00,2025-01-20T17:00:00+00:00,MOD-00811,60,42.573,-1.9,1.981,2.415,13.071,754.481,1.911,8.571,46.254
2025-01-20T12:00:00-05:00,2025-01-20T13:00:00-05:00,2025-01-20T17:00:00+00:00,2025-01-20T18:00:00+00:00,MOD-00811,60,40.003,-1.137,2.078,2.517,15.788,754.277,1.842,7.608,47.592
2025-01-20T13:00:00-05:00,2025-01-20T14:00:00-05:00,2025-01-20T18:00:00+00:00,2025-01-20T19:00:00+00:00,MOD-00811,60,39.928,-1.233,2.215,2.669,12.121,736.944,2.067,8.046,47.615
2025-01-20T14:00:00-05:00,2025-01-20T15:00:00-05:00,2025-01-20T19:00:00+00:00,2025-01-20T20:00:00+00:00,MOD-00811,60,43.265,-2.0,3.157,4.048,20.024,748.525,1.977,9.16,47.55
2025-01-20T15:00:00-05:00,2025-01-20T16:00:00-05:00,2025-01-20T20:00:00+00:00,2025-01-20T21:00:00+00:00,MOD-00811,60,41.033,-1.968,2.655,3.274,16.079,766.147,1.861,8.792,46.804
2025-01-20T16:00:00-05:00,2025-01-20T17:00:00-05:00,2025-01-20T21:00:00+00:00,2025-01-20T22:00:00+00:00,MOD-00811,60,40.112,-4.217,3.366,3.67,5.501,760.372,1.816,9.521,47.302
2025-01-20T17:00:00-05:00,2025-01-20T18:00:00-05:00,2025-01-20T22:00:00+00:00,2025-01-20T23:00:00+00:00,MOD-00811,60,44.845,-5.317,3.121,3.609,8.894,772.059,2.115,14.458,44.562
2025-01-20T18:00:00-05:00,2025-01-20T19:00:00-05:00,2025-01-20T23:00:00+00:00,2025-01-21T00:00:00+00:00,MOD-00811,60,46.46,-6.087,2.781,3.493,16.406,773.823,2.536,17.54,43.675
2025-01-20T19:00:00-05:00,2025-01-20T20:00:00-05:00,2025-01-21T00:00:00+00:00,2025-01-21T01:00:00+00:00,MOD-00811,60,49.745,-6.78,2.273,3.537,29.829,822.199,2.998,18.993,41.134
2025-01-20T20:00:00-05:00,2025-01-20T21:00:00-05:00,2025-01-21T01:00:00+00:00,2025-01-21T02:00:00+00:00,MOD-00811,60,52.068,-7.413,3.101,4.076,21.069,820.536,3.339,20.587,37.872
2025-01-20T21:00:00-05:00,2025-01-20T22:00:00-05:00,2025-01-21T02:00:00+00:00,2025-01-21T03:00:00+00:00,MOD-00811,60,52.477,-7.752,4.582,5.393,20.052,828.898,3.271,20.997,37.37
2025-01-20T22:00:00-05:00,2025-01-20T23:00:00-05:00,2025-01-21T03:00:00+00:00,2025-01-21T04:00:00+00:00,MOD-00811,60,51.198,-7.927,4.609,5.411,18.397,830.739,3.229,18.361,36.9
2025-01-20T23:00:00-05:00,2025-01-21T00:00:00-05:00,2025-01-21T04:00:00+00:00,2025-01-21T05:00:00+00:00,MOD-00811,60,50.328,-8.0,4.923,5.662,16.946,811.252,3.032,19.553,37.712
2025-01-21T00:00:00-05:00,2025-01-21T01:00:00-05:00,2025-01-21T05:00:00+00:00,2025-01-21T06:00:00+00:00,MOD-00811,60,50.475,-8.442,6.883,7.446,15.74,809.754,3.022,17.599,38.959
2025-01-21T01:00:00-05:00,2025-01-21T02:00:00-05:00,2025-01-21T06:00:00+00:00,2025-01-21T07:00:00+00:00,MOD-00811,60,51.575,-8.902,11.652,12.228,23.016,809.537,3.308,20.368,37.212
2025-01-21T02:00:00-05:00,2025-01-21T03:00:00-05:00,2025-01-21T07:00:00+00:00,2025-01-21T08:00:00+00:00,MOD-00811,60,52.84,-9.313,2.357,2.969,14.254,834.049,3.978,22.24,34.76
2025-01-21T03:00:00-05:00,2025-01-21T04:00:00-05:00,2025-01-21T08:00:00+00:00,2025-01-21T09:00:00+00:00,MOD-00811,60,57.208,-9.987,2.583,3.391,20.854,853.633,5.183,25.004,29.554
2025-01-21T04:00:00-05:00,2025-01-21T05:00:00-05:00,2025-01-21T09:00:00+00:00,2025-01-21T10:00:00+00:00,MOD-00811,60,61.285,-10.565,2.558,3.623,32.217,882.872,5.939,26.805,25.639
2025-01-21T05:00:00-05:00,2025-01-21T06:00:00-05:00,2025-01-21T10:00:00+00:00,2025-01-21T11:00:00+00:00,MOD-00811,60,64.682,-10.813,2.342,3.649,40.578,1022.796,6.703,28.204,23.091
2025-01-21T06:00:00-05:00,2025-01-21T07:00:00-05:00,2025-01-21T11:00:00+00:00,2025-01-21T12:00:00+00:00,MOD-00811,60,67.42,-11.168,2.728,4.072,45.83,980.225,7.241,27.38,23.226
2025-01-21T07:00:00-05:00,2025-01-21T08:00:00-05:00,2025-01-21T12:00:00+00:00,2025-01-21T13:00:00+00:00,MOD-00811,60,67.943,-11.143,4.008,5.206,44.89,1039.664,6.8,27.088,23.732
2025-01-21T08:00:00-05:00,2025-01-21T09:00:00-05:00,2025-01-21T13:00:00+00:00,2025-01-21T14:00:00+00:00,MOD-00811,60,60.318,-9.607,7.188,8.254,35.044,911.304,6.163,22.826,32.114
2025-01-21T09:00:00-05:00,2025-01-21T10:00:00-05:00,2025-01-21T14:00:00+00:00,2025-01-21T15:00:00+00:00,MOD-00811,60,46.025,-6.443,4.365,5.785,41.038,876.99,2.658,19.448,38.774
2025-01-21T10:00:00-05:00,2025-01-21T11:00:00-05:00,2025-01-21T15:00:00+00:00,2025-01-21T16:00:00+00:00,MOD-00811,60,39.667,-5.225,5.294,6.63,49.618,838.917,2.191,11.431,41.864
2025-01-21T11:00:00-05:00,2025-01-21T12:00:00-05:00,2025-01-21T16:00:00+00:00,2025-01-21T17:00:00+00:00,MOD-00811,60,34.995,-5.187,4.205,5.561,50.549,807.581,2.56,9.665,43.097
2025-01-21T12:00:00-05:00,2025-01-21T13:00:00-05:00,2025-01-21T17:00:00+00:00,2025-01-21T18:00:00+00:00,MOD-00811,60,31.893,-4.355,3.187,4.416,53.302,821.067,3.028,9.832,43.713
2025-01-21T13:00:00-05:00,2025-01-21T14:00:00-05:00,2025-01-21T18:00:00+00:00,2025-01-21T19:00:00+00:00,MOD-00811,60,31.322,-4.285,4.134,5.112,44.308,794.168,2.99,8.776,44.658
2025-01-21T14:00:00-05:00,2025-01-21T15:00:00-05:00,2025-01-21T19:00:00+00:00,2025-01-21T20:00:00+00:00,MOD-00811,60,34.228,-4.805,4.263,5.35,44.216,796.858,2.658,10.923,43.736
2025-01-21T15:00:00-05:00,2025-01-21T16:00:00-05:00,2025-01-21T20:00:00+00:00,2025-01-21T21:00:00+00:00,MOD-00811,60,36.122,-5.125,3.294,4.898,69.615,879.22,2.408,12.891,41.479
2025-01-21T16:00:00-05:00,2025-01-21T17:00:00-05:00,2025-01-21T21:00:00+00:00,2025-01-21T22:00:00+00:00,MOD-00811,60,36.802,-5.698,4.073,5.248,56.355,847.282,2.021,12.472,41.296
2025-01-21T17:00:00-05:00,2025-01-21T18:00:00-05:00,2025-01-21T22:00:00+00:00,2025-01-21T23:00:00+00:00,MOD-00811,60,40.007,-6.062,3.318,4.76,73.164,870.298,1.852,11.609,39.601
2025-01-21T18:00:00-05:00,2025-01-21T19:00:00-05:00,2025-01-21T23:00:00+00:00,2025-01-22T00:00:00+00:00,MOD-00811,60,40.002,-6.233,3.712,5.073,53.872,816.75,1.8,11.334,40.182
2025-01-21T19:00:00-05:00,2025-01-21T20:00:00-05:00,2025-01-22T00:00:00+00:00,2025-01-22T01:00:00+00:00,MOD-00811,60,41.162,-6.418,4.139,5.382,47.406,797.637,1.848,12.198,40.433
2025-01-21T20:00:00-05:00,2025-01-21T21:00:00-05:00,2025-01-22T01:00:00+00:00,2025-01-22T02:00:00+00:00,MOD-00811,60,41.592,-6.507,4.963,6.296,52.578,800.158,1.877,14.588,39.911
2025-01-21T21:00:00-05:00,2025-01-21T22:00:00-05:00,2025-01-22T02:00:00+00:00,2025-01-22T03:00:00+00:00,MOD-00811,60,40.852,-6.6,5.02,6.259,48.156,791.989,1.821,11.001,40.497
2025-01-21T22:00:00-05:00,2025-01-21T23:00:00-05:00,2025-01-22T03:00:00+00:00,2025-01-22T04:00:00+00:00,MOD-00811,60,42.875,-6.795,6.119,7.313,39.332,798.955,2.076,16.543,40.25
2025-01-21T23:00:00-05:00,2025-01-22T00:00:00-05:00,2025-01-22T04:00:00+00:00,2025-01-22T05:00:00+00:00,MOD-00811,60,44.505,-7.33,7.776,8.959,31.338,790.235,2.345,17.578,39.769
2025-01-22T00:00:00-05:00,2025-01-22T01:00:00-05:00,2025-01-22T05:00:00+00:00,2025-01-22T06:00:00+00:00,MOD-00811,60,42.773,-7.852,7.756,8.903,39.987,793.515,2.391,18.18,39.716
2025-01-22T01:00:00-05:00,2025-01-22T02:00:00-05:00,2025-01-22T06:00:00+00:00,2025-01-22T07:00:00+00:00,MOD-00811,60,42.943,-8.438,7.654,8.692,34.315,787.315,2.573,16.809,39.278
2025-01-22T02:00:00-05:00,2025-01-22T03:00:00-05:00,2025-01-22T07:00:00+00:00,2025-01-22T08:00:00+00:00,MOD-00811,60,43.083,-9.108,7.663,8.385,19.043,790.029,2.737,20.68,35.437
2025-01-22T03:00:00-05:00,2025-01-22T04:00:00-05:00,2025-01-22T08:00:00+00:00,2025-01-22T09:00:00+00:00,MOD-00811,60,43.205,-10.057,5.829,7.221,46.666,794.824,3.021,13.029,36.319
2025-01-22T04:00:00-05:00,2025-01-22T05:00:00-05:00,2025-01-22T09:00:00+00:00,2025-01-22T10:00:00+00:00,MOD-00811,60,44.592,-10.917,4.148,5.622,43.791,804.501,3.257,7.583,33.96
2025-01-22T05:00:00-05:00,2025-01-22T06:00:00-05:00,2025-01-22T10:00:00+00:00,2025-01-22T11:00:00+00:00,MOD-00811,60,46.292,-11.575,3.529,5.844,83.771,863.79,3.376,11.62,29.758
2025-01-22T06:00:00-05:00,2025-01-22T07:00:00-05:00,2025-01-22T11:00:00+00:00,2025-01-22T12:00:00+00:00,MOD-00811,60,48.45,-12.048,4.505,6.864,77.49,933.024,4.046,25.377,26.101
2025-01-22T07:00:00-05:00,2025-01-22T08:00:00-05:00,2025-01-22T12:00:00+00:00,2025-01-22T13:00:00+00:00,MOD-00811,60,49.325,-12.122,5.737,8.517,89.491,1032.932,4.779,25.868,24.732
2025-01-22T08:00:00-05:00,2025-01-22T09:00:00-05:00,2025-01-22T13:00:00+00:00,2025-01-22T14:00:00+00:00,MOD-00811,60,39.335,-9.667,7.573,11.672,141.385,933.851,3.588,19.17,29.64
2025-01-22T09:00:00-05:00,2025-01-22T10:00:00-05:00,2025-01-22T14:00:00+00:00,2025-01-22T15:00:00+00:00,MOD-00811,60,36.618,-8.003,8.217,11.117,92.468,831.015,3.142,10.558,35.49
2025-01-22T10:00:00-05:00,2025-01-22T11:00:00-05:00,2025-01-22T15:00:00+00:00,2025-01-22T16:00:00+00:00,MOD-00811,60,33.773,-5.695,9.031,11.41,84.014,822.213,2.793,10.688,40.016
2025-01-22T11:00:00-05:00,2025-01-22T12:00:00-05:00,2025-01-22T16:00:00+00:00,2025-01-22T17:00:00+00:00,MOD-00811,60,27.812,-3.92,7.141,10.594,130.748,790.459,3.242,7.784,41.669
2025-01-22T12:00:00-05:00,2025-01-22T13:00:00-05:00,2025-01-22T17:00:00+00:00,2025-01-22T18:00:00+00:00,MOD-00811,60,24.015,-2.902,5.909,7.74,58.35,758.732,2.969,7.034,44.839
2025-01-22T13:00:00-05:00,2025-01-22T14:00:00-05:00,2025-01-22T18:00:00+00:00,2025-01-22T19:00:00+00:00,MOD-00811,60,21.473,-0.952,4.446,5.937,51.119,758.844,3.3,7.285,44.588
2025-01-22T14:00:00-05:00,2025-01-22T15:00:00-05:00,2025-01-22T19:00:00+00:00,2025-01-22T20:00:00+00:00,MOD-00811,60,18.61,0.22,3.805,5.363,60.576,769.798,3.602,8.037,45.697
2025-01-22T15:00:00-05:00,2025-01-22T16:00:00-05:00,2025-01-22T20:00:00+00:00,2025-01-22T21:00:00+00:00,MOD-00811,60,18.798,-0.43,3.621,5.523,79.16,878.603,3.471,7.558,45.12
2025-01-22T16:00:00-05:00,2025-01-22T17:00:00-05:00,2025-01-22T21:00:00+00:00,2025-01-22T22:00:00+00:00,MOD-00811,60,22.027,-3.89,3.045,5.719,118.219,856.018,3.319,7.016,42.804
2025-01-22T17:00:00-05:00,2025-01-22T18:00:00-05:00,2025-01-22T22:00:00+00:00,2025-01-22T23:00:00+00:00,MOD-00811,60,30.17,-6.83,4.138,6.415,67.82,903.65,2.811,8.518,38.056
2025-01-22T18:00:00-05:00,2025-01-22T19:00:00-05:00,2025-01-22T23:00:00+00:00,2025-01-23T00:00:00+00:00,MOD-00811,60,35.08,-7.722,4.32,6.286,59.342,905.153,2.335,11.498,34.445
2025-01-22T19:00:00-05:00,2025-01-22T20:00:00-05:00,2025-01-23T00:00:00+00:00,2025-01-23T01:00:00+00:00,MOD-00811,60,37.34,-7.6,4.808,9.602,149.537,1072.337,2.515,18.455,23.273
2025-01-22T20:00:00-05:00,2025-01-22T21:00:00-05:00,2025-01-23T01:00:00+00:00,2025-01-23T02:00:00+00:00,MOD-00811,60,44.078,-7.947,7.284,12.625,130.564,1281.374,4.138,33.525,19.149
2025-01-22T21:00:00-05:00,2025-01-22T22:00:00-05:00,2025-01-23T02:00:00+00:00,2025-01-23T03:00:00+00:00,MOD-00811,60,40.362,-7.237,7.977,11.966,102.459,1215.253,2.658,21.659,21.982
2025-01-22T22:00:00-05:00,2025-01-22T23:00:00-05:00,2025-01-23T03:00:00+00:00,2025-01-23T04:00:00+00:00,MOD-00811,60,40.933,-7.23,6.619,10.386,105.264,1188.37,2.972,29.332,21.249
2025-01-22T23:00:00-05:00,2025-01-23T00:00:00-05:00,2025-01-23T04:00:00+00:00,2025-01-23T05:00:00+00:00,MOD-00811,60,47.39,-7.963,7.584,11.707,110.067,1281.871,7.74,33.271,19.363
2025-01-23T00:00:00-05:00,2025-01-23T01:00:00-05:00,2025-01-23T05:00:00+00:00,2025-01-23T06:00:00+00:00,MOD-00811,60,59.05,-8.865,8.808,12.651,82.907,1418.088,26.767,33.085,17.562
2025-01-23T01:00:00-05:00,2025-01-23T02:00:00-05:00,2025-01-23T06:00:00+00:00,2025-01-23T07:00:00+00:00,MOD-00811,60,59.545,-8.823,11.209,14.17,59.397,1314.299,19.957,32.03,17.817
2025-01-23T02:00:00-05:00,2025-01-23T03:00:00-05:00,2025-01-23T07:00:00+00:00,2025-01-23T08:00:00+00:00,MOD-00811,60,59.24,-9.027,10.278,12.614,53.536,1262.141,18.726,30.784,18.678
2025-01-23T03:00:00-05:00,2025-01-23T04:00:00-05:00,2025-01-23T08:00:00+00:00,2025-01-23T09:00:00+00:00,MOD-00811,60,62.248,-9.668,6.386,8.263,47.295,1256.103,29.942,31.314,17.854
2025-01-23T04:00:00-05:00,2025-01-23T05:00:00-05:00,2025-01-23T09:00:00+00:00,2025-01-23T10:00:00+00:00,MOD-00811,60,61.633,-8.957,9.448,11.446,47.879,1305.42,34.762,31.53,17.487
2025-01-23T05:00:00-05:00,2025-01-23T06:00:00-05:00,2025-01-23T10:00:00+00:00,2025-01-23T11:00:00+00:00,MOD-00811,60,61.71,-8.965,8.791,11.264,72.854,1440.988,55.402,32.473,16.764
2025-01-23T06:00:00-05:00,2025-01-23T07:00:00-05:00,2025-01-23T11:00:00+00:00,2025-01-23T12:00:00+00:00,MOD-00811,60,62.21,-7.938,14.918,17.98,85.459,1439.442,59.334,32.334,16.181
2025-01-23T07:00:00-05:00,2025-01-23T08:00:00-05:00,2025-01-23T12:00:00+00:00,2025-01-23T13:00:00+00:00,MOD-00811,60,66.587,-7.102,16.424,19.481,74.096,1437.012,67.477,32.615,15.659
2025-01-23T08:00:00-05:00,2025-01-23T09:00:00-05:00,2025-01-23T13:00:00+00:00,2025-01-23T14:00:00+00:00,MOD-00811,60,56.587,-5.735,10.97,13.623,79.744,1403.956,47.467,31.471,18.639
2025-01-23T09:00:00-05:00,2025-01-23T10:00:00-05:00,2025-01-23T14:00:00+00:00,2025-01-23T15:00:00+00:00,MOD-00811,60,44.463,-3.732,11.308,13.727,101.65,1081.984,4.984,26.294,27.148
2025-01-23T10:00:00-05:00,2025-01-23T11:00:00-05:00,2025-01-23T15:00:00+00:00,2025-01-23T16:00:00+00:00,MOD-00811,60,38.235,-0.183,9.064,11.646,108.89,880.727,3.051,16.422,35.914
2025-01-23T11:00:00-05:00,2025-01-23T12:00:00-05:00,2025-01-23T16:00:00+00:00,2025-01-23T17:00:00+00:00,MOD-00811,60,38.97,1.352,7.625,9.639,79.644,810.625,5.026,18.197,38.84
2025-01-23T12:00:00-05:00,2025-01-23T13:00:00-05:00,2025-01-23T17:00:00+00:00,2025-01-23T18:00:00+00:00,MOD-00811,60,38.532,1.967,5.447,6.704,49.368,748.116,2.495,13.579,44.345
2025-01-23T13:00:00-05:00,2025-01-23T14:00:00-05:00,2025-01-23T18:00:00+00:00,2025-01-23T19:00:00+00:00,MOD-00811,60,36.2,3.065,4.705,5.836,41.97,718.424,2.074,12.546,46.233
2025-01-23T14:00:00-05:00,2025-01-23T15:00:00-05:00,2025-01-23T19:00:00+00:00,2025-01-23T20:00:00+00:00,MOD-00811,60,40.81,2.947,4.273,5.07,29.5,743.943,2.121,9.228,47.376
2025-01-23T15:00:00-05:00,2025-01-23T16:00:00-05:00,2025-01-23T20:00:00+00:00,2025-01-23T21:00:00+00:00,MOD-00811,60,42.365,2.627,3.589,4.504,30.303,748.767,2.135,10.075,47.34
2025-01-23T16:00:00-05:00,2025-01-23T17:00:00-05:00,2025-01-23T21:00:00+00:00,2025-01-23T22:00:00+00:00,MOD-00811,60,50.777,0.437,4.316,5.051,27.113,815.956,2.587,18.628,45.174
2025-01-23T17:00:00-05:00,2025-01-23T18:00:00-05:00,2025-01-23T22:00:00+00:00,2025-01-23T23:00:00+00:00,MOD-00811,60,59.887,-1.355,5.921,6.706,21.915,880.657,2.923,23.515,37.774
2025-01-23T18:00:00-05:00,2025-01-23T19:00:00-05:00,2025-01-23T23:00:00+00:00,2025-01-24T00:00:00+00:00,MOD-00811,60,65.19,-2.213,6.342,7.086,22.16,873.721,3.177,23.309,36.667
2025-01-23T19:00:00-05:00,2025-01-23T20:00:00-05:00,2025-01-24T00:00:00+00:00,2025-01-24T01:00:00+00:00,MOD-00811,60,69.425,-3.172,5.788,6.524,21.688,918.878,2.054,23.84,33.96
2025-01-23T20:00:00-05:00,2025-01-23T21:00:00-05:00,2025-01-24T01:00:00+00:00,2025-01-24T02:00:00+00:00,MOD-00811,60,68.442,-3.763,6.249,7.153,26.25,867.836,2.632,24.039,31.88
2025-01-23T21:00:00-05:00,2025-01-23T22:00:00-05:00,2025-01-24T02:00:00+00:00,2025-01-24T03:00:00+00:00,MOD-00811,60,65.942,-4.165,8.134,9.17,30.593,878.873,3.462,24.742,29.786
2025-01-23T22:00:00-05:00,2025-01-23T23:00:00-05:00,2025-01-24T03:00:00+00:00,2025-01-24T04:00:00+00:00,MOD-00811,60,60.957,-4.145,13.923,14.88,23.774,850.949,3.554,24.166,30.016
2025-01-23T23:00:00-05:00,2025-01-24T00:00:00-05:00,2025-01-24T04:00:00+00:00,2025-01-24T05:00:00+00:00,MOD-00811,60,55.375,-4.373,16.228,17.163,22.619,848.474,3.048,23.411,30.974
2025-01-24T00:00:00-05:00,2025-01-24T01:00:00-05:00,2025-01-24T05:00:00+00:00,2025-01-24T06:00:00+00:00,MOD-00811,60,50.205,-4.768,14.651,15.67,28.51,846.827,3.095,22.848,32.287
2025-01-24T01:00:00-05:00,2025-01-24T02:00:00-05:00,2025-01-24T06:00:00+00:00,2025-01-24T07:00:00+00:00,MOD-00811,60,49.35,-5.367,7.264,8.53,32.136,851.954,3.024,23.263,31.564
2025-01-24T02:00:00-05:00,2025-01-24T03:00:00-05:00,2025-01-24T07:00:00+00:00,2025-01-24T08:00:00+00:00,MOD-00811,60,49.285,-5.837,6.792,8.007,30.723,864.383,3.068,24.044,30.425
2025-01-24T03:00:00-05:00,2025-01-24T04:00:00-05:00,2025-01-24T08:00:00+00:00,2025-01-24T09:00:00+00:00,MOD-00811,60,49.278,-6.125,6.4,7.97,53.355,837.427,3.048,23.94,30.501
2025-01-24T04:00:00-05:00,2025-01-24T05:00:00-05:00,2025-01-24T09:00:00+00:00,2025-01-24T10:00:00+00:00,MOD-00811,60,51.652,-6.72,5.934,8.012,89.865,924.084,3.509,28.29,24.215
2025-01-24T05:00:00-05:00,2025-01-24T06:00:00-05:00,2025-01-24T10:00:00+00:00,2025-01-24T11:00:00+00:00,MOD-00811,60,56.598,-7.272,7.776,12.361,172.596,1056.853,9.318,30.395,21.106
2025-01-24T06:00:00-05:00,2025-01-24T07:00:00-05:00,2025-01-24T11:00:00+00:00,2025-01-24T12:00:00+00:00,MOD-00811,60,56.327,-7.01,5.29,9.682,226.834,965.162,7.995,29.139,22.443
2025-01-24T07:00:00-05:00,2025-01-24T08:00:00-05:00,2025-01-24T12:00:00+00:00,2025-01-24T13:00:00+00:00,MOD-00811,60,57.15,-6.207,5.746,9.022,139.259,1101.919,12.521,30.462,21.587
2025-01-24T08:00:00-05:00,2025-01-24T09:00:00-05:00,2025-01-24T13:00:00+00:00,2025-01-24T14:00:00+00:00,MOD-00811,60,50.32,-3.24,8.767,10.447,59.705,982.467,5.148,24.519,31.093
2025-01-24T09:00:00-05:00,2025-01-24T10:00:00-05:00,2025-01-24T14:00:00+00:00,2025-01-24T15:00:00+00:00,MOD-00811,60,43.512,0.195,11.274,12.512,41.667,854.366,2.265,17.514,39.05
2025-01-24T10:00:00-05:00,2025-01-24T11:00:00-05:00,2025-01-24T15:00:00+00:00,2025-01-24T16:00:00+00:00,MOD-00811,60,40.182,1.705,11.862,13.09,51.678,789.498,1.923,11.907,42.238
2025-01-24T11:00:00-05:00,2025-01-24T12:00:00-05:00,2025-01-24T16:00:00+00:00,2025-01-24T17:00:00+00:00,MOD-00811,60,36.872,2.545,12.771,13.772,40.439,769.356,2.05,12.362,42.667
2025-01-24T12:00:00-05:00,2025-01-24T13:00:00-05:00,2025-01-24T17:00:00+00:00,2025-01-24T18:00:00+00:00,MOD-00811,60,34.55,3.422,12.57,13.497,42.85,768.948,2.434,14.086,42.354
2025-01-24T13:00:00-05:00,2025-01-24T14:00:00-05:00,2025-01-24T18:00:00+00:00,2025-01-24T19:00:00+00:00,MOD-00811,60,33.185,3.978,13.093,14.273,53.54,766.454,3.142,14.936,42.834
2025-01-24T14:00:00-05:00,2025-01-24T15:00:00-05:00,2025-01-24T19:00:00+00:00,2025-01-24T20:00:00+00:00,MOD-00811,60,32.313,3.548,11.719,12.338,20.391,762.086,2.202,10.143,45.11
2025-01-24T15:00:00-05:00,2025-01-24T16:00:00-05:00,2025-01-24T20:00:00+00:00,2025-01-24T21:00:00+00:00,MOD-00811,60,32.827,2.768,9.289,10.397,31.961,792.674,2.268,13.821,43.597
2025-01-24T16:00:00-05:00,2025-01-24T17:00:00-05:00,2025-01-24T21:00:00+00:00,2025-01-24T22:00:00+00:00,MOD-00811,60,38.145,0.917,10.868,11.8,28.302,832.293,1.841,16.026,39.981
2025-01-24T17:00:00-05:00,2025-01-24T18:00:00-05:00,2025-01-24T22:00:00+00:00,2025-01-24T23:00:00+00:00,MOD-00811,60,40.815,0.022,8.371,9.07,22.317,792.615,1.595,17.545,41.954
2025-01-24T18:00:00-05:00,2025-01-24T19:00:00-05:00,2025-01-24T23:00:00+00:00,2025-01-25T00:00:00+00:00,MOD-00811,60,42.458,-1.18,5.68,6.56,24.006,848.799,1.797,20.646,38.437
2025-01-24T19:00:00-05:00,2025-01-24T20:00:00-05:00,2025-01-25T00:00:00+00:00,2025-01-25T01:00:00+00:00,MOD-00811,60,45.395,-2.123,6.749,7.853,26.653,895.949,2.212,23.176,34.483
2025-01-24T20:00:00-05:00,2025-01-24T21:00:00-05:00,2025-01-25T01:00:00+00:00,2025-01-25T02:00:00+00:00,MOD-00811,60,46.438,-2.567,7.731,8.547,23.706,868.908,2.233,22.413,35.242
2025-01-24T21:00:00-05:00,2025-01-24T22:00:00-05:00,2025-01-25T02:00:00+00:00,2025-01-25T03:00:00+00:00,MOD-00811,60,48.803,-3.367,5.711,6.708,24.105,884.167,2.585,23.392,32.992
2025-01-24T22:00:00-05:00,2025-01-24T23:00:00-05:00,2025-01-25T03:00:00+00:00,2025-01-25T04:00:00+00:00,MOD-00811,60,51.318,-4.072,5.222,6.091,20.56,892.93,3.216,23.433,32.161
2025-01-24T23:00:00-05:00,2025-01-25T00:00:00-05:00,2025-01-25T04:00:00+00:00,2025-01-25T05:00:00+00:00,MOD-00811,60,53.08,-4.687,4.66,5.689,24.203,932.073,3.392,24.246,30.346
2025-01-25T00:00:00-05:00,2025-01-25T01:00:00-05:00,2025-01-25T05:00:00+00:00,2025-01-25T06:00:00+00:00,MOD-00811,60,53.99,-4.987,7.214,7.789,14.66,891.434,3.432,22.737,32.33
2025-01-25T01:00:00-05:00,2025-01-25T02:00:00-05:00,2025-01-25T06:00:00+00:00,2025-01-25T07:00:00+00:00,MOD-00811,60,58.45,-5.952,6.609,7.239,16.479,917.342,3.448,23.988,29.001
2025-01-25T02:00:00-05:00,2025-01-25T03:00:00-05:00,2025-01-25T07:00:00+00:00,2025-01-25T08:00:00+00:00,MOD-00811,60,65.148,-7.487,11.833,12.452,20.774,934.676,4.149,25.163,26.032
2025-01-25T03:00:00-05:00,2025-01-25T04:00:00-05:00,2025-01-25T08:00:00+00:00,2025-01-25T09:00:00+00:00,MOD-00811,60,67.163,-7.892,4.975,5.538,13.854,922.867,4.083,26.324,23.405
2025-01-25T04:00:00-05:00,2025-01-25T05:00:00-05:00,2025-01-25T09:00:00+00:00,2025-01-25T10:00:00+00:00,MOD-00811,60,68.293,-8.285,7.789,8.348,15.449,970.696,4.032,27.129,21.623
2025-01-25T05:00:00-05:00,2025-01-25T06:00:00-05:00,2025-01-25T10:00:00+00:00,2025-01-25T11:00:00+00:00,MOD-00811,60,66.295,-8.223,7.036,7.607,18.275,939.04,5.031,26.206,22.854
2025-01-25T06:00:00-05:00,2025-01-25T07:00:00-05:00,2025-01-25T11:00:00+00:00,2025-01-25T12:00:00+00:00,MOD-00811,60,63.917,-7.84,4.994,5.646,16.963,988.844,5.818,27.068,22.133
2025-01-25T07:00:00-05:00,2025-01-25T08:00:00-05:00,2025-01-25T12:00:00+00:00,2025-01-25T13:00:00+00:00,MOD-00811,60,65.207,-7.932,3.955,4.908,25.364,1111.166,6.981,27.54,21.841
2025-01-25T08:00:00-05:00,2025-01-25T09:00:00-05:00,2025-01-25T13:00:00+00:00,2025-01-25T14:00:00+00:00,MOD-00811,60,58.947,-5.79,4.825,5.796,29.92,1037.272,5.078,24.208,28.344
2025-01-25T09:00:00-05:00,2025-01-25T10:00:00-05:00,2025-01-25T14:00:00+00:00,2025-01-25T15:00:00+00:00,MOD-00811,60,42.995,-1.167,4.92,5.733,27.316,883.278,2.072,13.176,40.041
2025-01-25T10:00:00-05:00,2025-01-25T11:00:00-05:00,2025-01-25T15:00:00+00:00,2025-01-25T16:00:00+00:00,MOD-00811,60,35.495,0.642,6.109,6.841,22.998,786.998,1.977,8.272,45.536
2025-01-25T11:00:00-05:00,2025-01-25T12:00:00-05:00,2025-01-25T16:00:00+00:00,2025-01-25T17:00:00+00:00,MOD-00811,60,32.192,1.867,3.913,4.625,26.255,764.647,2.155,6.629,46.695
2025-01-25T12:00:00-05:00,2025-01-25T13:00:00-05:00,2025-01-25T17:00:00+00:00,2025-01-25T18:00:00+00:00,MOD-00811,60,31.497,2.238,4.094,4.573,16.787,746.878,2.2,6.684,47.593
2025-01-25T13:00:00-05:00,2025-01-25T14:00:00-05:00,2025-01-25T18:00:00+00:00,2025-01-25T19:00:00+00:00,MOD-00811,60,32.108,2.87,5.484,6.025,19.482,728.769,2.212,8.689,47.638
2025-01-25T14:00:00-05:00,2025-01-25T15:00:00-05:00,2025-01-25T19:00:00+00:00,2025-01-25T20:00:00+00:00,MOD-00811,60,33.41,2.733,6.271,6.815,19.821,736.707,2.185,12.396,47.0
2025-01-25T15:00:00-05:00,2025-01-25T16:00:00-05:00,2025-01-25T20:00:00+00:00,2025-01-25T21:00:00+00:00,MOD-00811,60,35.94,1.69,5.519,6.257,25.347,755.179,1.874,9.359,46.106
2025-01-25T16:00:00-05:00,2025-01-25T17:00:00-05:00,2025-01-25T21:00:00+00:00,2025-01-25T22:00:00+00:00,MOD-00811,60,39.177,0.763,5.152,5.947,26.298,760.726,1.794,15.205,44.725
2025-01-25T17:00:00-05:00,2025-01-25T18:00:00-05:00,2025-01-25T22:00:00+00:00,2025-01-25T23:00:00+00:00,MOD-00811,60,44.205,-0.868,4.977,5.76,23.52,811.969,2.037,20.692,41.089
2025-01-25T18:00:00-05:00,2025-01-25T19:00:00-05:00,2025-01-25T23:00:00+00:00,2025-01-26T00:00:00+00:00,MOD-00811,60,47.413,-1.565,5.077,5.897,23.827,808.247,2.689,21.076,39.768
2025-01-25T19:00:00-05:00,2025-01-25T20:00:00-05:00,2025-01-26T00:00:00+00:00,2025-01-26T01:00:00+00:00,MOD-00811,60,47.093,-1.99,5.156,6.053,22.514,804.718,2.539,20.62,40.234
2025-01-25T20:00:00-05:00,2025-01-25T21:00:00-05:00,2025-01-26T01:00:00+00:00,2025-01-26T02:00:00+00:00,MOD-00811,60,47.642,-2.292,6.876,7.712,22.743,823.229,2.61,20.934,40.092
2025-01-25T21:00:00-05:00,2025-01-25T22:00:00-05:00,2025-01-26T02:00:00+00:00,2025-01-26T03:00:00+00:00,MOD-00811,60,48.875,-2.462,7.468,8.309,20.845,843.399,2.866,22.011,38.039
2025-01-25T22:00:00-05:00,2025-01-25T23:00:00-05:00,2025-01-26T03:00:00+00:00,2025-01-26T04:00:00+00:00,MOD-00811,60,50.217,-2.787,6.832,7.744,24.516,856.334,2.935,22.531,36.714
2025-01-25T23:00:00-05:00,2025-01-26T00:00:00-05:00,2025-01-26T04:00:00+00:00,2025-01-26T05:00:00+00:00,MOD-00811,60,51.145,-3.138,10.133,11.041,23.658,918.212,3.061,24.152,33.941
2025-01-26T00:00:00-05:00,2025-01-26T01:00:00-05:00,2025-01-26T05:00:00+00:00,2025-01-26T06:00:00+00:00,MOD-00811,60,54.645,-3.647,10.488,11.398,25.207,893.647,2.893,25.066,31.84
2025-01-26T01:00:00-05:00,2025-01-26T02:00:00-05:00,2025-01-26T06:00:00+00:00,2025-01-26T07:00:00+00:00,MOD-00811,60,57.25,-3.153,11.452,12.305,23.827,868.916,2.614,23.205,34.022
2025-01-26T02:00:00-05:00,2025-01-26T03:00:00-05:00,2025-01-26T07:00:00+00:00,2025-01-26T08:00:00+00:00,MOD-00811,60,59.732,-2.747,12.456,13.369,24.293,939.788,4.374,27.232,27.119
2025-01-26T03:00:00-05:00,2025-01-26T04:00:00-05:00,2025-01-26T08:00:00+00:00,2025-01-26T09:00:00+00:00,MOD-00811,60,61.302,-2.12,13.084,13.94,23.865,978.964,3.578,24.588,31.032
2025-01-26T04:00:00-05:00,2025-01-26T05:00:00-05:00,2025-01-26T09:00:00+00:00,2025-01-26T10:00:00+00:00,MOD-00811,60,61.832,-1.517,13.067,13.868,22.572,986.703,3.364,24.251,31.591
2025-01-26T05:00:00-05:00,2025-01-26T06:00:00-05:00,2025-01-26T10:00:00+00:00,2025-01-26T11:00:00+00:00,MOD-00811,60,62.648,-0.93,12.853,13.698,22.84,972.635,3.319,25.262,29.977
2025-01-26T06:00:00-05:00,2025-01-26T07:00:00-05:00,2025-01-26T11:00:00+00:00,2025-01-26T12:00:00+00:00,MOD-00811,60,62.285,0.015,10.155,11.001,19.817,797.189,3.063,21.213,37.536
2025-01-26T07:00:00-05:00,2025-01-26T08:00:00-05:00,2025-01-26T12:00:00+00:00,2025-01-26T13:00:00+00:00,MOD-00811,60,57.19,1.257,8.966,9.771,16.699,763.204,2.118,19.088,41.147
2025-01-26T08:00:00-05:00,2025-01-26T09:00:00-05:00,2025-01-26T13:00:00+00:00,2025-01-26T14:00:00+00:00,MOD-00811,60,53.375,2.143,11.221,12.176,26.784,756.998,2.575,16.533,41.567
2025-01-26T09:00:00-05:00,2025-01-26T10:00:00-05:00,2025-01-26T14:00:00+00:00,2025-01-26T15:00:00+00:00,MOD-00811,60,47.61,4.025,14.846,16.036,43.635,750.144,2.132,15.045,43.624
2025-01-26T10:00:00-05:00,2025-01-26T11:00:00-05:00,2025-01-26T15:00:00+00:00,2025-01-26T16:00:00+00:00,MOD-00811,60,42.912,5.96,15.084,16.092,35.755,736.645,2.086,13.26,46.164
2025-01-26T11:00:00-05:00,2025-01-26T12:00:00-05:00,2025-01-26T16:00:00+00:00,2025-01-26T17:00:00+00:00,MOD-00811,60,40.35,6.627,11.288,12.104,31.162,732.02,2.206,11.962,46.494
2025-01-26T12:00:00-05:00,2025-01-26T13:00:00-05:00,2025-01-26T17:00:00+00:00,2025-01-26T18:00:00+00:00,MOD-00811,60,33.792,7.722,8.972,9.447,16.491,710.0,2.348,8.476,48.37
2025-01-26T13:00:00-05:00,2025-01-26T14:00:00-05:00,2025-01-26T18:00:00+00:00,2025-01-26T19:00:00+00:00,MOD-00811,60,30.455,7.95,11.04,11.416,14.268,694.465,2.143,8.483,50.624
2025-01-26T14:00:00-05:00,2025-01-26T15:00:00-05:00,2025-01-26T19:00:00+00:00,2025-01-26T20:00:00+00:00,MOD-00811,60,31.72,7.618,8.464,8.796,13.888,702.67,2.091,10.554,49.801
2025-01-26T15:00:00-05:00,2025-01-26T16:00:00-05:00,2025-01-26T20:00:00+00:00,2025-01-26T21:00:00+00:00,MOD-00811,60,32.767,6.542,5.759,6.05,13.923,706.936,2.267,11.21,49.595
2025-01-26T16:00:00-05:00,2025-01-26T17:00:00-05:00,2025-01-26T21:00:00+00:00,2025-01-26T22:00:00+00:00,MOD-00811,60,36.413,5.17,5.472,5.835,8.619,725.423,2.009,13.936,47.87
2025-01-26T17:00:00-05:00,2025-01-26T18:00:00-05:00,2025-01-26T22:00:00+00:00,2025-01-26T23:00:00+00:00,MOD-00811,60,37.595,3.808,5.417,5.865,13.073,755.702,1.796,13.103,45.929
2025-01-26T18:00:00-05:00,2025-01-26T19:00:00-05:00,2025-01-26T23:00:00+00:00,2025-01-27T00:00:00+00:00,MOD-00811,60,39.045,2.59,1.515,2.189,16.375,775.298,1.899,15.088,43.569
2025-01-26T19:00:00-05:00,2025-01-26T20:00:00-05:00,2025-01-27T00:00:00+00:00,2025-01-27T01:00:00+00:00,MOD-00811,60,44.345,1.152,2.402,3.464,36.698,914.789,1.858,25.184,35.015
2025-01-26T20:00:00-05:00,2025-01-26T21:00:00-05:00,2025-01-27T01:00:00+00:00,2025-01-27T02:00:00+00:00,MOD-00811,60,47.36,0.333,4.279,5.132,26.52,899.866,2.652,25.208,34.229
2025-01-26T21:00:00-05:00,2025-01-26T22:00:00-05:00,2025-01-27T02:00:00+00:00,2025-01-27T03:00:00+00:00,MOD-00811,60,45.387,0.498,3.031,3.584,16.48,849.455,2.072,23.092,37.203
2025-01-26T22:00:00-05:00,2025-01-26T23:00:00-05:00,2025-01-27T03:00:00+00:00,2025-01-27T04:00:00+00:00,MOD-00811,60,45.562,0.215,4.507,5.039,17.448,883.241,2.097,24.287,34.8
2025-01-26T23:00:00-05:00,2025-01-27T00:00:00-05:00,2025-01-27T04:00:00+00:00,2025-01-27T05:00:00+00:00,MOD-00811,60,49.008,-0.602,6.021,6.496,15.835,898.781,2.742,25.556,31.696
2025-01-27T00:00:00-05:00,2025-01-27T01:00:00-05:00,2025-01-27T05:00:00+00:00,2025-01-27T06:00:00+00:00,MOD-00811,60,50.63,-1.2,5.843,6.263,13.515,916.674,3.012,26.222,30.243
2025-01-27T01:00:00-05:00,2025-01-27T02:00:00-05:00,2025-01-27T06:00:00+00:00,2025-01-27T07:00:00+00:00,MOD-00811,60,50.932,-1.335,5.136,5.561,15.017,919.079,3.092,26.547,28.932
2025-01-27T02:00:00-05:00,2025-01-27T03:00:00-05:00,2025-01-27T07:00:00+00:00,2025-01-27T08:00:00+00:00,MOD-00811,60,51.26,-1.398,5.04,5.375,11.236,915.664,3.069,26.801,28.421
2025-01-27T03:00:00-05:00,2025-01-27T04:00:00-05:00,2025-01-27T08:00:00+00:00,2025-01-27T09:00:00+00:00,MOD-00811,60,50.7,-1.353,4.291,4.595,10.242,875.34,3.103,25.024,30.944
2025-01-27T04:00:00-05:00,2025-01-27T05:00:00-05:00,2025-01-27T09:00:00+00:00,2025-01-27T10:00:00+00:00,MOD-00811,60,52.275,-1.658,4.237,4.651,14.399,918.987,3.011,27.363,26.926
2025-01-27T05:00:00-05:00,2025-01-27T06:00:00-05:00,2025-01-27T10:00:00+00:00,2025-01-27T11:00:00+00:00,MOD-00811,60,57.365,-2.425,4.909,5.545,22.946,973.993,3.31,29.928,22.949
2025-01-27T06:00:00-05:00,2025-01-27T07:00:00-05:00,2025-01-27T11:00:00+00:00,2025-01-27T12:00:00+00:00,MOD-00811,60,63.052,-3.362,4.523,5.563,33.072,1166.049,19.096,32.902,18.112
2025-01-27T07:00:00-05:00,2025-01-27T08:00:00-05:00,2025-01-27T12:00:00+00:00,2025-01-27T13:00:00+00:00,MOD-00811,60,61.147,-2.685,3.587,4.547,28.212,1100.734,4.607,29.751,21.827
2025-01-27T08:00:00-05:00,2025-01-27T09:00:00-05:00,2025-01-27T13:00:00+00:00,2025-01-27T14:00:00+00:00,MOD-00811,60,46.2,0.558,3.908,5.098,41.686,971.91,3.44,20.402,35.052
2025-01-27T09:00:00-05:00,2025-01-27T10:00:00-05:00,2025-01-27T14:00:00+00:00,2025-01-27T15:00:00+00:00,MOD-00811,60,37.34,3.052,4.711,6.146,55.531,813.009,2.689,13.998,42.817
2025-01-27T10:00:00-05:00,2025-01-27T11:00:00-05:00,2025-01-27T15:00:00+00:00,2025-01-27T16:00:00+00:00,MOD-00811,60,31.717,4.525,4.886,6.0,39.254,760.342,2.665,11.98,45.674
2025-01-27T11:00:00-05:00,2025-01-27T12:00:00-05:00,2025-01-27T16:00:00+00:00,2025-01-27T17:00:00+00:00,MOD-00811,60,28.107,5.61,4.044,4.696,23.226,741.088,2.303,8.583,48.083
2025-01-27T12:00:00-05:00,2025-01-27T13:00:00-05:00,2025-01-27T17:00:00+00:00,2025-01-27T18:00:00+00:00,MOD-00811,60,26.142,6.615,2.55,3.493,29.783,769.821,2.446,7.637,48.624
2025-01-27T13:00:00-05:00,2025-01-27T14:00:00-05:00,2025-01-27T18:00:00+00:00,2025-01-27T19:00:00+00:00,MOD-00811,60,25.68,7.145,2.315,2.919,21.646,706.716,2.383,5.797,49.743
2025-01-27T14:00:00-05:00,2025-01-27T15:00:00-05:00,2025-01-27T19:00:00+00:00,2025-01-27T20:00:00+00:00,MOD-00811,60,27.408,7.458,6.11,6.81,25.441,726.838,2.21,8.175,49.05
2025-01-27T15:00:00-05:00,2025-01-27T16:00:00-05:00,2025-01-27T20:00:00+00:00,2025-01-27T21:00:00+00:00,MOD-00811,60,29.405,6.668,2.878,3.714,23.711,752.256,2.311,14.211,47.9
2025-01-27T16:00:00-05:00,2025-01-27T17:00:00-05:00,2025-01-27T21:00:00+00:00,2025-01-27T22:00:00+00:00,MOD-00811,60,31.38,4.908,1.861,2.616,24.061,774.254,2.347,14.53,47.125
2025-01-27T17:00:00-05:00,2025-01-27T18:00:00-05:00,2025-01-27T22:00:00+00:00,2025-01-27T23:00:00+00:00,MOD-00811,60,42.275,2.743,2.865,3.851,20.607,791.007,2.026,21.799,42.924
2025-01-27T18:00:00-05:00,2025-01-27T19:00:00-05:00,2025-01-27T23:00:00+00:00,2025-01-28T00:00:00+00:00,MOD-00811,60,48.563,1.653,2.987,4.111,21.049,781.369,2.314,21.026,43.49
2025-01-27T19:00:00-05:00,2025-01-27T20:00:00-05:00,2025-01-28T00:00:00+00:00,2025-01-28T01:00:00+00:00,MOD-00811,60,48.073,1.138,3.152,4.155,19.176,770.85,2.513,20.222,43.876
2025-01-27T20:00:00-05:00,2025-01-27T21:00:00-05:00,2025-01-28T01:00:00+00:00,2025-01-28T02:00:00+00:00,MOD-00811,60,49.767,0.4,4.256,5.377,21.848,806.433,2.767,22.294,39.117
2025-01-27T21:00:00-05:00,2025-01-27T22:00:00-05:00,2025-01-28T02:00:00+00:00,2025-01-28T03:00:00+00:00,MOD-00811,60,49.085,1.14,3.31,4.563,16.593,773.26,2.589,19.532,43.425
2025-01-27T22:00:00-05:00,2025-01-27T23:00:00-05:00,2025-01-28T03:00:00+00:00,2025-01-28T04:00:00+00:00,MOD-00811,60,55.523,1.918,2.985,5.325,19.854,742.353,2.079,18.837,45.459
2025-01-27T23:00:00-05:00,2025-01-28T00:00:00-05:00,2025-01-28T04:00:00+00:00,2025-01-28T05:00:00+00:00,MOD-00811,60,55.203,2.843,4.727,7.261,24.508,729.833,2.342,18.217,47.776
2025-01-28T00:00:00-05:00,2025-01-28T01:00:00-05:00,2025-01-28T05:00:00+00:00,2025-01-28T06:00:00+00:00,MOD-00811,60,55.623,3.468,5.745,8.35,26.457,727.309,2.229,18.158,48.121
2025-01-28T01:00:00-05:00,2025-01-28T02:00:00-05:00,2025-01-28T06:00:00+00:00,2025-01-28T07:00:00+00:00,MOD-00811,60,49.172,4.142,5.683,7.326,17.05,722.485,2.103,16.551,48.421
2025-01-28T02:00:00-05:00,2025-01-28T03:00:00-05:00,2025-01-28T07:00:00+00:00,2025-01-28T08:00:00+00:00,MOD-00811,60,45.812,3.992,5.005,6.225,13.707,724.319,1.957,13.533,47.264
2025-01-28T03:00:00-05:00,2025-01-28T04:00:00-05:00,2025-01-28T08:00:00+00:00,2025-01-28T09:00:00+00:00,MOD-00811,60,37.445,3.97,3.906,4.546,13.692,723.436,1.934,14.997,46.809
2025-01-28T04:00:00-05:00,2025-01-28T05:00:00-05:00,2025-01-28T09:00:00+00:00,2025-01-28T10:00:00+00:00,MOD-00811,60,35.488,4.188,3.629,4.274,17.88,732.006,2.191,12.234,45.507
2025-01-28T05:00:00-05:00,2025-01-28T06:00:00-05:00,2025-01-28T10:00:00+00:00,2025-01-28T11:00:00+00:00,MOD-00811,60,35.61,3.922,3.647,4.43,25.357,739.24,2.047,13.565,44.54
2025-01-28T06:00:00-05:00,2025-01-28T07:00:00-05:00,2025-01-28T11:00:00+00:00,2025-01-28T12:00:00+00:00,MOD-00811,60,36.353,3.05,3.089,3.908,24.358,766.801,2.012,14.956,42.26
2025-01-28T07:00:00-05:00,2025-01-28T08:00:00-05:00,2025-01-28T12:00:00+00:00,2025-01-28T13:00:00+00:00,MOD-00811,60,35.853,3.327,3.157,4.012,23.643,762.255,2.199,13.9,43.221
2025-01-28T08:00:00-05:00,2025-01-28T09:00:00-05:00,2025-01-28T13:00:00+00:00,2025-01-28T14:00:00+00:00,MOD-00811,60,35.623,4.24,4.494,5.127,15.332,743.474,2.182,13.141,44.999
2025-01-28T09:00:00-05:00,2025-01-28T10:00:00-05:00,2025-01-28T14:00:00+00:00,2025-01-28T15:00:00+00:00,MOD-00811,60,34.545,6.118,5.624,6.082,14.25,729.436,2.456,14.362,46.027
2025-01-28T10:00:00-05:00,2025-01-28T11:00:00-05:00,2025-01-28T15:00:00+00:00,2025-01-28T16:00:00+00:00,MOD-00811,60,41.47,5.522,5.625,6.031,38.811,722.0,2.124,14.415,46.169
2025-01-28T11:00:00-05:00,2025-01-28T12:00:00-05:00,2025-01-28T16:00:00+00:00,2025-01-28T17:00:00+00:00,MOD-00811,60,42.568,4.912,1.726,1.979,4.267,726.391,2.066,14.378,46.966
2025-01-28T12:00:00-05:00,2025-01-28T13:00:00-05:00,2025-01-28T17:00:00+00:00,2025-01-28T18:00:00+00:00,MOD-00811,60,28.457,4.465,2.22,4.275,604.404,706.804,2.312,8.612,51.512
2025-01-28T13:00:00-05:00,2025-01-28T14:00:00-05:00,2025-01-28T18:00:00+00:00,2025-01-28T19:00:00+00:00,MOD-00811,60,17.007,3.593,2.481,2.77,14.443,708.494,3.551,7.264,51.848
2025-01-28T14:00:00-05:00,2025-01-28T15:00:00-05:00,2025-01-28T19:00:00+00:00,2025-01-28T20:00:00+00:00,MOD-00811,60,18.212,3.058,1.094,1.354,4.849,721.38,3.521,8.155,49.017
2025-01-28T15:00:00-05:00,2025-01-28T16:00:00-05:00,2025-01-28T20:00:00+00:00,2025-01-28T21:00:00+00:00,MOD-00811,60,19.438,1.935,1.247,1.435,6.68,732.474,3.292,9.203,47.886
2025-01-28T16:00:00-05:00,2025-01-28T17:00:00-05:00,2025-01-28T21:00:00+00:00,2025-01-28T22:00:00+00:00,MOD-00811,60,21.1,0.653,1.304,1.635,11.077,752.926,3.417,8.488,45.669
2025-01-28T17:00:00-05:00,2025-01-28T18:00:00-05:00,2025-01-28T22:00:00+00:00,2025-01-28T23:00:00+00:00,MOD-00811,60,24.282,-0.77,1.441,1.816,6.971,800.663,2.804,9.121,43.301
2025-01-28T18:00:00-05:00,2025-01-28T19:00:00-05:00,2025-01-28T23:00:00+00:00,2025-01-29T00:00:00+00:00,MOD-00811,60,27.93,-1.422,1.223,1.767,17.69,839.425,2.587,9.739,40.666
2025-01-28T19:00:00-05:00,2025-01-28T20:00:00-05:00,2025-01-29T00:00:00+00:00,2025-01-29T01:00:00+00:00,MOD-00811,60,30.452,-2.322,1.756,2.54,22.846,940.22,2.825,11.762,36.385
2025-01-28T20:00:00-05:00,2025-01-28T21:00:00-05:00,2025-01-29T01:00:00+00:00,2025-01-29T02:00:00+00:00,MOD-00811,60,30.37,-2.213,2.294,3.142,19.402,941.825,2.774,11.883,33.061
2025-01-28T21:00:00-05:00,2025-01-28T22:00:00-05:00,2025-01-29T02:00:00+00:00,2025-01-29T03:00:00+00:00,MOD-00811,60,30.163,-2.085,3.147,3.78,16.7,914.298,2.706,11.892,33.155
2025-01-28T22:00:00-05:00,2025-01-28T23:00:00-05:00,2025-01-29T03:00:00+00:00,2025-01-29T04:00:00+00:00,MOD-00811,60,28.613,-1.425,2.989,3.52,15.613,890.681,2.528,10.599,34.117
2025-01-28T23:00:00-05:00,2025-01-29T00:00:00-05:00,2025-01-29T04:00:00+00:00,2025-01-29T05:00:00+00:00,MOD-00811,60,31.61,-1.107,4.092,4.446,11.148,854.078,2.342,20.283,32.269
2025-01-29T00:00:00-05:00,2025-01-29T01:00:00-05:00,2025-01-29T05:00:00+00:00,2025-01-29T06:00:00+00:00,MOD-00811,60,37.26,-0.845,2.96,3.274,9.112,782.361,2.307,26.968,33.203
2025-01-29T01:00:00-05:00,2025-01-29T02:00:00-05:00,2025-01-29T06:00:00+00:00,2025-01-29T07:00:00+00:00,MOD-00811,60,38.053,-0.712,2.656,3.146,26.0,743.19,1.999,22.801,38.158
2025-01-29T02:00:00-05:00,2025-01-29T03:00:00-05:00,2025-01-29T07:00:00+00:00,2025-01-29T08:00:00+00:00,MOD-00811,60,42.698,-0.432,2.329,3.056,33.348,729.233,1.727,20.294,41.049
2025-01-29T03:00:00-05:00,2025-01-29T04:00:00-05:00,2025-01-29T08:00:00+00:00,2025-01-29T09:00:00+00:00,MOD-00811,60,48.215,-0.052,1.774,2.358,18.083,731.007,2.646,21.153,40.385
2025-01-29T04:00:00-05:00,2025-01-29T05:00:00-05:00,2025-01-29T09:00:00+00:00,2025-01-29T10:00:00+00:00,MOD-00811,60,56.455,0.033,2.149,2.805,14.394,758.984,2.037,23.033,36.209
2025-01-29T05:00:00-05:00,2025-01-29T06:00:00-05:00,2025-01-29T10:00:00+00:00,2025-01-29T11:00:00+00:00,MOD-00811,60,58.583,-0.003,2.621,3.964,39.454,889.35,2.295,28.772,25.816
2025-01-29T06:00:00-05:00,2025-01-29T07:00:00-05:00,2025-01-29T11:00:00+00:00,2025-01-29T12:00:00+00:00,MOD-00811,60,59.988,-0.985,3.94,6.444,78.52,1170.763,7.695,33.978,17.538
2025-01-29T07:00:00-05:00,2025-01-29T08:00:00-05:00,2025-01-29T12:00:00+00:00,2025-01-29T13:00:00+00:00,MOD-00811,60,68.587,-1.057,4.56,6.231,47.735,1380.637,10.984,33.811,16.961
2025-01-29T08:00:00-05:00,2025-01-29T09:00:00-05:00,2025-01-29T13:00:00+00:00,2025-01-29T14:00:00+00:00,MOD-00811,60,57.945,3.477,5.677,6.703,28.956,994.094,2.147,23.431,33.038
2025-01-29T09:00:00-05:00,2025-01-29T10:00:00-05:00,2025-01-29T14:00:00+00:00,2025-01-29T15:00:00+00:00,MOD-00811,60,44.8,7.038,7.268,8.275,33.341,826.547,2.167,17.953,40.21
2025-01-29T10:00:00-05:00,2025-01-29T11:00:00-05:00,2025-01-29T15:00:00+00:00,2025-01-29T16:00:00+00:00,MOD-00811,60,37.767,10.105,7.693,9.206,64.571,777.436,2.749,11.736,41.443
2025-01-29T11:00:00-05:00,2025-01-29T12:00:00-05:00,2025-01-29T16:00:00+00:00,2025-01-29T17:00:00+00:00,MOD-00811,60,34.773,11.427,8.626,9.876,48.32,730.284,2.752,10.265,43.958
2025-01-29T12:00:00-05:00,2025-01-29T13:00:00-05:00,2025-01-29T17:00:00+00:00,2025-01-29T18:00:00+00:00,MOD-00811,60,33.56,11.742,8.372,9.193,25.454,721.852,2.518,9.471,45.236
2025-01-29T13:00:00-05:00,2025-01-29T14:00:00-05:00,2025-01-29T18:00:00+00:00,2025-01-29T19:00:00+00:00,MOD-00811,60,31.638,11.748,5.939,6.706,24.765,723.942,2.315,8.783,46.745
2025-01-29T14:00:00-05:00,2025-01-29T15:00:00-05:00,2025-01-29T19:00:00+00:00,2025-01-29T20:00:00+00:00,MOD-00811,60,32.495,11.227,5.686,6.567,28.468,725.378,2.289,9.749,45.895
2025-01-29T15:00:00-05:00,2025-01-29T16:00:00-05:00,2025-01-29T20:00:00+00:00,2025-01-29T21:00:00+00:00,MOD-00811,60,52.423,8.052,3.392,3.712,19.407,711.732,2.454,16.104,45.832
2025-01-29T16:00:00-05:00,2025-01-29T17:00:00-05:00,2025-01-29T21:00:00+00:00,2025-01-29T22:00:00+00:00,MOD-00811,60,55.808,6.093,1.992,2.132,3.177,738.988,2.236,18.288,44.999
2025-01-29T17:00:00-05:00,2025-01-29T18:00:00-05:00,2025-01-29T22:00:00+00:00,2025-01-29T23:00:00+00:00,MOD-00811,60,53.623,5.125,1.813,2.058,5.31,719.906,2.054,17.385,46.028
2025-01-29T18:00:00-05:00,2025-01-29T19:00:00-05:00,2025-01-29T23:00:00+00:00,2025-01-30T00:00:00+00:00,MOD-00811,60,42.193,4.125,2.23,2.5,4.227,722.229,1.948,13.271,46.557
2025-01-29T19:00:00-05:00,2025-01-29T20:00:00-05:00,2025-01-30T00:00:00+00:00,2025-01-30T01:00:00+00:00,MOD-00811,60,36.985,3.035,1.222,1.572,9.336,718.614,1.932,14.626,46.003
2025-01-29T20:00:00-05:00,2025-01-29T21:00:00-05:00,2025-01-30T01:00:00+00:00,2025-01-30T02:00:00+00:00,MOD-00811,60,39.845,2.153,1.09,1.428,8.38,722.562,1.896,10.746,45.097
2025-01-29T21:00:00-05:00,2025-01-29T22:00:00-05:00,2025-01-30T02:00:00+00:00,2025-01-30T03:00:00+00:00,MOD-00811,60,40.773,1.458,1.321,1.557,5.947,717.527,1.746,11.321,46.999
2025-01-29T22:00:00-05:00,2025-01-29T23:00:00-05:00,2025-01-30T03:00:00+00:00,2025-01-30T04:00:00+00:00,MOD-00811,60,33.41,0.313,1.424,1.748,11.706,713.227,2.024,8.417,48.915
2025-01-29T23:00:00-05:00,2025-01-30T00:00:00-05:00,2025-01-30T04:00:00+00:00,2025-01-30T05:00:00+00:00,MOD-00811,60,28.853,-0.868,1.077,1.671,6.517,711.11,2.324,6.777,48.886
2025-01-30T00:00:00-05:00,2025-01-30T01:00:00-05:00,2025-01-30T05:00:00+00:00,2025-01-30T06:00:00+00:00,MOD-00811,60,31.1,-1.61,1.209,1.33,2.4,712.867,2.231,7.956,47.954
2025-01-30T01:00:00-05:00,2025-01-30T02:00:00-05:00,2025-01-30T06:00:00+00:00,2025-01-30T07:00:00+00:00,MOD-00811,60,34.73,-2.083,1.692,1.838,5.343,714.465,2.053,12.158,46.87
2025-01-30T02:00:00-05:00,2025-01-30T03:00:00-05:00,2025-01-30T07:00:00+00:00,2025-01-30T08:00:00+00:00,MOD-00811,60,43.723,-2.525,1.402,1.583,5.867,709.544,2.319,10.859,46.859
2025-01-30T03:00:00-05:00,2025-01-30T04:00:00-05:00,2025-01-30T08:00:00+00:00,2025-01-30T09:00:00+00:00,MOD-00811,60,45.785,-3.397,1.69,1.883,3.635,717.416,2.181,13.157,45.94
2025-01-30T04:00:00-05:00,2025-01-30T05:00:00-05:00,2025-01-30T09:00:00+00:00,2025-01-30T10:00:00+00:00,MOD-00811,60,45.097,-3.96,1.299,1.706,12.46,727.593,2.152,15.812,44.539
2025-01-30T05:00:00-05:00,2025-01-30T06:00:00-05:00,2025-01-30T10:00:00+00:00,2025-01-30T11:00:00+00:00,MOD-00811,60,44.778,-4.22,1.647,1.995,9.448,736.105,2.125,18.365,43.57
2025-01-30T06:00:00-05:00,2025-01-30T07:00:00-05:00,2025-01-30T11:00:00+00:00,2025-01-30T12:00:00+00:00,MOD-00811,60,45.675,-4.742,1.807,2.211,8.94,756.826,2.234,17.481,42.256
2025-01-30T07:00:00-05:00,2025-01-30T08:00:00-05:00,2025-01-30T12:00:00+00:00,2025-01-30T13:00:00+00:00,MOD-00811,60,42.982,-4.898,2.125,2.562,12.107,764.748,1.93,16.394,42.281
2025-01-30T08:00:00-05:00,2025-01-30T09:00:00-05:00,2025-01-30T13:00:00+00:00,2025-01-30T14:00:00+00:00,MOD-00811,60,37.708,-3.775,1.858,2.277,12.036,754.318,1.901,10.898,44.261
2025-01-30T09:00:00-05:00,2025-01-30T10:00:00-05:00,2025-01-30T14:00:00+00:00,2025-01-30T15:00:00+00:00,MOD-00811,60,31.22,-2.807,1.74,2.1,10.233,741.525,2.699,8.36,47.186
2025-01-30T10:00:00-05:00,2025-01-30T11:00:00-05:00,2025-01-30T15:00:00+00:00,2025-01-30T16:00:00+00:00,MOD-00811,60,27.198,-1.605,1.498,1.76,7.321,753.704,2.67,7.01,47.97
2025-01-30T11:00:00-05:00,2025-01-30T12:00:00-05:00,2025-01-30T16:00:00+00:00,2025-01-30T17:00:00+00:00,MOD-00811,60,25.467,-0.658,1.441,1.737,8.783,737.517,2.722,8.545,48.549
2025-01-30T12:00:00-05:00,2025-01-30T13:00:00-05:00,2025-01-30T17:00:00+00:00,2025-01-30T18:00:00+00:00,MOD-00811,60,25.202,-0.263,1.562,1.8,5.148,730.934,2.665,9.055,48.911
2025-01-30T13:00:00-05:00,2025-01-30T14:00:00-05:00,2025-01-30T18:00:00+00:00,2025-01-30T19:00:00+00:00,MOD-00811,60,24.923,0.46,1.658,1.931,5.644,733.431,2.668,8.952,49.219
2025-01-30T14:00:00-05:00,2025-01-30T15:00:00-05:00,2025-01-30T19:00:00+00:00,2025-01-30T20:00:00+00:00,MOD-00811,60,26.19,0.487,1.786,2.023,7.294,737.097,2.578,9.053,48.807
2025-01-30T15:00:00-05:00,2025-01-30T16:00:00-05:00,2025-01-30T20:00:00+00:00,2025-01-30T21:00:00+00:00,MOD-00811,60,25.648,1.238,0.969,1.43,8.292,756.143,2.628,8.719,47.497
2025-01-30T16:00:00-05:00,2025-01-30T17:00:00-05:00,2025-01-30T21:00:00+00:00,2025-01-30T22:00:00+00:00,MOD-00811,60,28.017,-0.027,1.296,1.954,16.592,787.64,2.366,8.844,45.773
2025-01-30T17:00:00-05:00,2025-01-30T18:00:00-05:00,2025-01-30T22:00:00+00:00,2025-01-30T23:00:00+00:00,MOD-00811,60,32.198,-1.557,0.98,1.772,20.578,790.675,2.256,11.97,43.439
2025-01-30T18:00:00-05:00,2025-01-30T19:00:00-05:00,2025-01-30T23:00:00+00:00,2025-01-31T00:00:00+00:00,MOD-00811,60,34.562,-2.2,1.141,2.701,51.468,867.544,2.011,12.369,37.605
2025-01-30T19:00:00-05:00,2025-01-30T20:00:00-05:00,2025-01-31T00:00:00+00:00,2025-01-31T01:00:00+00:00,MOD-00811,60,37.937,-2.88,2.613,4.281,54.354,1043.319,1.939,27.498,29.297
2025-01-30T20:00:00-05:00,2025-01-30T21:00:00-05:00,2025-01-31T01:00:00+00:00,2025-01-31T02:00:00+00:00,MOD-00811,60,40.093,-3.108,6.248,7.623,36.607,1035.397,1.827,30.695,24.725
2025-01-30T21:00:00-05:00,2025-01-30T22:00:00-05:00,2025-01-31T02:00:00+00:00,2025-01-31T03:00:00+00:00,MOD-00811,60,40.693,-2.882,5.073,5.955,22.721,953.06,1.859,27.971,28.79
2025-01-30T22:00:00-05:00,2025-01-30T23:00:00-05:00,2025-01-31T03:00:00+00:00,2025-01-31T04:00:00+00:00,MOD-00811,60,39.698,-1.807,4.009,4.413,15.591,874.303,1.77,23.676,35.94
2025-01-30T23:00:00-05:00,2025-01-31T00:00:00-05:00,2025-01-31T04:00:00+00:00,2025-01-31T05:00:00+00:00,MOD-00811,60,41.7,-2.003,4.168,4.574,12.524,865.683,1.809,24.164,34.388
2025-01-31T00:00:00-05:00,2025-01-31T01:00:00-05:00,2025-01-31T05:00:00+00:00,2025-01-31T06:00:00+00:00,MOD-00811,60,42.445,-2.025,3.049,3.346,9.226,832.502,1.938,23.16,36.086
2025-01-31T01:00:00-05:00,2025-01-31T02:00:00-05:00,2025-01-31T06:00:00+00:00,2025-01-31T07:00:00+00:00,MOD-00811,60,50.557,-2.0,3.341,3.763,10.254,849.34,2.731,24.414,32.978
2025-01-31T02:00:00-05:00,2025-01-31T03:00:00-05:00,2025-01-31T07:00:00+00:00,2025-01-31T08:00:00+00:00,MOD-00811,60,57.195,-1.218,2.938,3.463,12.335,839.942,2.608,23.641,33.928
2025-01-31T03:00:00-05:00,2025-01-31T04:00:00-05:00,2025-01-31T08:00:00+00:00,2025-01-31T09:00:00+00:00,MOD-00811,60,62.553,-0.302,2.871,3.628,15.789,809.396,3.141,23.153,34.246
2025-01-31T04:00:00-05:00,2025-01-31T05:00:00-05:00,2025-01-31T09:00:00+00:00,2025-01-31T10:00:00+00:00,MOD-00811,60,67.792,0.747,2.88,4.186,22.963,823.953,1.98,24.653,32.179
2025-01-31T05:00:00-05:00,2025-01-31T06:00:00-05:00,2025-01-31T10:00:00+00:00,2025-01-31T11:00:00+00:00,MOD-00811,60,73.285,2.003,2.729,5.294,45.165,808.683,1.542,24.582,32.325
2025-01-31T06:00:00-05:00,2025-01-31T07:00:00-05:00,2025-01-31T11:00:00+00:00,2025-01-31T12:00:00+00:00,MOD-00811,60,77.678,3.575,2.785,8.188,78.452,794.377,1.579,22.323,36.853
2025-01-31T07:00:00-05:00,2025-01-31T08:00:00-05:00,2025-01-31T12:00:00+00:00,2025-01-31T13:00:00+00:00,MOD-00811,60,75.773,5.09,2.623,9.491,94.721,832.812,1.474,22.423,36.52
2025-01-31T08:00:00-05:00,2025-01-31T09:00:00-05:00,2025-01-31T13:00:00+00:00,2025-01-31T14:00:00+00:00,MOD-00811,60,75.78,6.217,3.293,10.057,80.027,818.226,1.683,22.174,37.285
2025-01-31T09:00:00-05:00,2025-01-31T10:00:00-05:00,2025-01-31T14:00:00+00:00,2025-01-31T15:00:00+00:00,MOD-00811,60,78.81,6.987,3.896,10.256,55.575,773.816,1.922,20.848,38.977
2025-01-31T10:00:00-05:00,2025-01-31T11:00:00-05:00,2025-01-31T15:00:00+00:00,2025-01-31T16:00:00+00:00,MOD-00811,60,83.403,6.95,4.028,11.138,85.218,748.778,2.286,18.394,39.792
2025-01-31T11:00:00-05:00,2025-01-31T12:00:00-05:00,2025-01-31T16:00:00+00:00,2025-01-31T17:00:00+00:00,MOD-00811,60,86.648,7.007,5.673,12.256,106.822,847.985,2.603,20.093,32.784
2025-01-31T12:00:00-05:00,2025-01-31T13:00:00-05:00,2025-01-31T17:00:00+00:00,2025-01-31T18:00:00+00:00,MOD-00811,60,87.078,7.132,4.45,8.439,49.552,860.28,2.634,12.351,33.181
2025-01-31T13:00:00-05:00,2025-01-31T14:00:00-05:00,2025-01-31T18:00:00+00:00,2025-01-31T19:00:00+00:00,MOD-00811,60,86.95,6.718,4.288,8.352,42.389,879.691,2.669,17.652,33.191
2025-01-31T14:00:00-05:00,2025-01-31T15:00:00-05:00,2025-01-31T19:00:00+00:00,2025-01-31T20:00:00+00:00,MOD-00811,60,87.942,6.508,3.057,6.385,433.242,896.152,2.807,12.066,34.404
2025-01-31T15:00:00-05:00,2025-01-31T16:00:00-05:00,2025-01-31T20:00:00+00:00,2025-01-31T21:00:00+00:00,MOD-00811,60,89.398,6.228,2.587,4.992,984.969,957.302,3.113,10.14,36.047
2025-01-31T16:00:00-05:00,2025-01-31T17:00:00-05:00,2025-01-31T21:00:00+00:00,2025-01-31T22:00:00+00:00,MOD-00811,60,90.48,6.413,3.119,4.818,555.291,891.893,3.546,18.885,23.869
2025-01-31T17:00:00-05:00,2025-01-31T18:00:00-05:00,2025-01-31T22:00:00+00:00,2025-01-31T23:00:00+00:00,MOD-00811,60,90.155,6.457,4.078,4.871,65.36,913.025,3.412,24.135,20.659
2025-01-31T18:00:00-05:00,2025-01-31T19:00:00-05:00,2025-01-31T23:00:00+00:00,2025-02-01T00:00:00+00:00,MOD-00811,60,90.23,6.252,2.762,4.323,229.073,887.805,3.381,11.718,25.532
2025-01-31T19:00:00-05:00,2025-01-31T20:00:00-05:00,2025-02-01T00:00:00+00:00,2025-02-01T01:00:00+00:00,MOD-00811,60,89.817,6.225,3.753,4.422,86.166,868.687,3.265,16.148,24.38
2025-01-31T20:00:00-05:00,2025-01-31T21:00:00-05:00,2025-02-01T01:00:00+00:00,2025-02-01T02:00:00+00:00,MOD-00811,60,90.477,5.975,2.52,8.827,1081.584,870.548,3.421,9.85,27.266
2025-01-31T21:00:00-05:00,2025-01-31T22:00:00-05:00,2025-02-01T02:00:00+00:00,2025-02-01T03:00:00+00:00,MOD-00811,60,91.083,6.048,3.808,9.221,717.35,1003.242,5.129,18.82,6.912
2025-01-31T22:00:00-05:00,2025-01-31T23:00:00-05:00,2025-02-01T03:00:00+00:00,2025-02-01T04:00:00+00:00,MOD-00811,60,90.808,5.982,3.727,10.461,1553.386,914.532,4.144,20.767,7.869
2025-01-31T23:00:00-05:00,2025-02-01T00:00:00-05:00,2025-02-01T04:00:00+00:00,2025-02-01T05:00:00+00:00,MOD-00811,60,90.507,5.842,4.03,10.826,1249.92,987.262,3.941,23.789,13.706
2025-02-01T00:00:00-05:00,2025-02-01T01:00:00-05:00,2025-02-01T05:00:00+00:00,2025-02-01T06:00:00+00:00,MOD-00811,60,88.942,5.05,3.482,3.705,7.206,785.104,3.665,7.629,30.091
2025-02-01T01:00:00-05:00,2025-02-01T02:00:00-05:00,2025-02-01T06:00:00+00:00,2025-02-01T07:00:00+00:00,MOD-00811,60,87.513,3.6,3.125,3.301,5.18,683.827,3.776,7.268,39.643
2025-02-01T02:00:00-05:00,2025-02-01T03:00:00-05:00,2025-02-01T07:00:00+00:00,2025-02-01T08:00:00+00:00,MOD-00811,60,89.508,2.857,2.57,2.746,5.623,700.793,3.803,7.288,36.337
2025-02-01T03:00:00-05:00,2025-02-01T04:00:00-05:00,2025-02-01T08:00:00+00:00,2025-02-01T09:00:00+00:00,MOD-00811,60,90.153,2.575,3.537,3.669,6.21,725.865,3.876,7.288,32.669
2025-02-01T04:00:00-05:00,2025-02-01T05:00:00-05:00,2025-02-01T09:00:00+00:00,2025-02-01T10:00:00+00:00,MOD-00811,60,88.857,2.265,2.833,2.999,5.294,726.315,3.82,7.288,33.524
2025-02-01T05:00:00-05:00,2025-02-01T06:00:00-05:00,2025-02-01T10:00:00+00:00,2025-02-01T11:00:00+00:00,MOD-00811,60,87.4,2.098,4.251,4.362,6.242,737.979,3.78,7.29,32.63
2025-02-01T06:00:00-05:00,2025-02-01T07:00:00-05:00,2025-02-01T11:00:00+00:00,2025-02-01T12:00:00+00:00,MOD-00811,60,84.817,1.995,5.215,5.334,6.903,734.961,3.627,7.396,34.242
2025-02-01T07:00:00-05:00,2025-02-01T08:00:00-05:00,2025-02-01T12:00:00+00:00,2025-02-01T13:00:00+00:00,MOD-00811,60,82.678,1.592,7.613,7.764,8.556,718.686,3.216,11.515,36.243
2025-02-01T08:00:00-05:00,2025-02-01T09:00:00-05:00,2025-02-01T13:00:00+00:00,2025-02-01T14:00:00+00:00,MOD-00811,60,82.055,1.358,7.619,7.906,9.131,706.993,2.93,16.758,37.982
2025-02-01T09:00:00-05:00,2025-02-01T10:00:00-05:00,2025-02-01T14:00:00+00:00,2025-02-01T15:00:00+00:00,MOD-00811,60,83.772,1.375,5.347,5.534,7.187,711.758,3.463,11.678,37.786
2025-02-01T10:00:00-05:00,2025-02-01T11:00:00-05:00,2025-02-01T15:00:00+00:00,2025-02-01T16:00:00+00:00,MOD-00811,60,76.993,1.107,4.614,4.834,7.1,707.675,2.347,13.049,40.9
2025-02-01T11:00:00-05:00,2025-02-01T12:00:00-05:00,2025-02-01T16:00:00+00:00,2025-02-01T17:00:00+00:00,MOD-00811,60,67.982,0.358,3.468,3.641,6.652,699.138,2.155,10.952,44.817
2025-02-01T12:00:00-05:00,2025-02-01T13:00:00-05:00,2025-02-01T17:00:00+00:00,2025-02-01T18:00:00+00:00,MOD-00811,60,59.74,1.608,3.88,4.176,8.208,710.617,2.445,12.015,44.449
2025-02-01T13:00:00-05:00,2025-02-01T14:00:00-05:00,2025-02-01T18:00:00+00:00,2025-02-01T19:00:00+00:00,MOD-00811,60,54.68,0.853,3.235,3.896,18.887,725.389,2.306,11.205,44.655
2025-02-01T14:00:00-05:00,2025-02-01T15:00:00-05:00,2025-02-01T19:00:00+00:00,2025-02-01T20:00:00+00:00,MOD-00811,60,44.035,1.803,3.531,4.476,25.24,721.008,2.096,8.597,46.719
2025-02-01T15:00:00-05:00,2025-02-01T16:00:00-05:00,2025-02-01T20:00:00+00:00,2025-02-01T21:00:00+00:00,MOD-00811,60,38.993,1.74,3.721,4.574,19.951,734.797,2.05,11.689,46.988
2025-02-01T16:00:00-05:00,2025-02-01T17:00:00-05:00,2025-02-01T21:00:00+00:00,2025-02-01T22:00:00+00:00,MOD-00811,60,42.467,-0.215,3.538,4.194,15.551,730.247,1.92,10.811,46.311
2025-02-01T17:00:00-05:00,2025-02-01T18:00:00-05:00,2025-02-01T22:00:00+00:00,2025-02-01T23:00:00+00:00,MOD-00811,60,47.115,-1.928,3.609,4.255,12.988,740.169,2.581,16.062,44.345
2025-02-01T18:00:00-05:00,2025-02-01T19:00:00-05:00,2025-02-01T23:00:00+00:00,2025-02-02T00:00:00+00:00,MOD-00811,60,44.525,-2.952,2.862,3.622,13.46,754.519,2.137,13.57,44.852
2025-02-01T19:00:00-05:00,2025-02-01T20:00:00-05:00,2025-02-02T00:00:00+00:00,2025-02-02T01:00:00+00:00,MOD-00811,60,42.147,-3.962,2.352,3.021,13.342,747.448,1.899,12.446,44.336
2025-02-01T20:00:00-05:00,2025-02-01T21:00:00-05:00,2025-02-02T01:00:00+00:00,2025-02-02T02:00:00+00:00,MOD-00811,60,41.537,-4.905,2.338,3.057,14.402,753.096,1.865,13.557,44.699
2025-02-01T21:00:00-05:00,2025-02-01T22:00:00-05:00,2025-02-02T02:00:00+00:00,2025-02-02T03:00:00+00:00,MOD-00811,58,39.191,-5.717,2.703,3.291,11.955,744.808,1.75,9.289,46.608
2025-02-01T22:00:00-05:00,2025-02-01T23:00:00-05:00,2025-02-02T03:00:00+00:00,2025-02-02T04:00:00+00:00,MOD-00811,59,36.634,-6.458,2.683,2.971,5.998,,,,
2025-02-01T23:00:00-05:00,2025-02-02T00:00:00-05:00,2025-02-02T04:00:00+00:00,2025-02-02T05:00:00+00:00,MOD-00811,60,37.592,-7.198,2.489,2.811,8.622,729.864,2.068,6.136,47.723
2025-02-02T00:00:00-05:00,2025-02-02T01:00:00-05:00,2025-02-02T05:00:00+00:00,2025-02-02T06:00:00+00:00,MOD-00811,60,38.953,-7.773,1.886,2.463,10.389,739.067,2.106,7.478,46.551
2025-02-02T01:00:00-05:00,2025-02-02T02:00:00-05:00,2025-02-02T06:00:00+00:00,2025-02-02T07:00:00+00:00,MOD-00811,60,40.935,-8.337,2.46,2.689,5.731,722.041,2.302,11.276,46.862
2025-02-02T02:00:00-05:00,2025-02-02T03:00:00-05:00,2025-02-02T07:00:00+00:00,2025-02-02T08:00:00+00:00,MOD-00811,60,43.03,-8.812,2.422,2.629,5.364,721.867,2.674,14.682,46.006
2025-02-02T03:00:00-05:00,2025-02-02T04:00:00-05:00,2025-02-02T08:00:00+00:00,2025-02-02T09:00:00+00:00,MOD-00811,60,44.598,-9.37,2.522,2.731,4.322,715.019,2.953,9.576,43.819
2025-02-02T04:00:00-05:00,2025-02-02T05:00:00-05:00,2025-02-02T09:00:00+00:00,2025-02-02T10:00:00+00:00,MOD-00811,60,46.113,-9.885,3.705,3.933,5.903,713.558,3.071,7.968,43.702
2025-02-02T05:00:00-05:00,2025-02-02T06:00:00-05:00,2025-02-02T10:00:00+00:00,2025-02-02T11:00:00+00:00,MOD-00811,60,47.773,-10.28,2.824,3.121,5.94,717.44,3.115,12.066,42.031
2025-02-02T06:00:00-05:00,2025-02-02T07:00:00-05:00,2025-02-02T11:00:00+00:00,2025-02-02T12:00:00+00:00,MOD-00811,60,51.293,-10.482,2.363,2.758,7.271,749.438,3.655,20.845,36.832
2025-02-02T07:00:00-05:00,2025-02-02T08:00:00-05:00,2025-02-02T12:00:00+00:00,2025-02-02T13:00:00+00:00,MOD-00811,60,50.845,-9.993,2.826,3.306,7.32,739.802,3.561,17.911,39.098
2025-02-02T08:00:00-05:00,2025-02-02T09:00:00-05:00,2025-02-02T13:00:00+00:00,2025-02-02T14:00:00+00:00,MOD-00811,60,44.435,-6.967,3.004,3.948,17.568,778.355,2.329,19.544,38.695
2025-02-02T09:00:00-05:00,2025-02-02T10:00:00-05:00,2025-02-02T14:00:00+00:00,2025-02-02T15:00:00+00:00,MOD-00811,60,41.932,-3.882,2.883,3.657,16.616,765.086,1.943,19.621,39.684
2025-02-02T10:00:00-05:00,2025-02-02T11:00:00-05:00,2025-02-02T15:00:00+00:00,2025-02-02T16:00:00+00:00,MOD-00811,60,44.92,-3.233,2.989,3.751,11.229,746.271,2.113,17.8,42.284
2025-02-02T11:00:00-05:00,2025-02-02T12:00:00-05:00,2025-02-02T16:00:00+00:00,2025-02-02T17:00:00+00:00,MOD-00811,60,44.372,-0.708,3.521,4.582,24.214,742.716,2.016,16.842,44.35
2025-02-02T12:00:00-05:00,2025-02-02T13:00:00-05:00,2025-02-02T17:00:00+00:00,2025-02-02T18:00:00+00:00,MOD-00811,60,43.135,0.41,10.805,11.762,22.367,733.943,1.715,16.541,45.147
2025-02-02T13:00:00-05:00,2025-02-02T14:00:00-05:00,2025-02-02T18:00:00+00:00,2025-02-02T19:00:00+00:00,MOD-00811,60,42.815,1.45,2.848,3.989,18.532,728.869,1.714,12.746,44.982
2025-02-02T14:00:00-05:00,2025-02-02T15:00:00-05:00,2025-02-02T19:00:00+00:00,2025-02-02T20:00:00+00:00,MOD-00811,60,45.988,1.212,4.329,5.608,23.608,722.745,2.235,13.307,45.716
2025-02-02T15:00:00-05:00,2025-02-02T16:00:00-05:00,2025-02-02T20:00:00+00:00,2025-02-02T21:00:00+00:00,MOD-00811,60,51.703,0.545,14.997,16.203,35.018,722.408,2.68,18.706,44.782
2025-02-02T16:00:00-05:00,2025-02-02T17:00:00-05:00,2025-02-02T21:00:00+00:00,2025-02-02T22:00:00+00:00,MOD-00811,60,57.748,-0.187,2.028,3.301,25.751,694.124,2.255,16.725,46.904
2025-02-02T17:00:00-05:00,2025-02-02T18:00:00-05:00,2025-02-02T22:00:00+00:00,2025-02-02T23:00:00+00:00,MOD-00811,60,62.412,-0.69,2.416,3.844,34.047,697.2,3.21,20.649,41.274
2025-02-02T18:00:00-05:00,2025-02-02T19:00:00-05:00,2025-02-02T23:00:00+00:00,2025-02-03T00:00:00+00:00,MOD-00811,60,64.052,-0.775,1.874,3.278,21.153,697.853,3.319,18.912,43.662
2025-02-02T19:00:00-05:00,2025-02-02T20:00:00-05:00,2025-02-03T00:00:00+00:00,2025-02-03T01:00:00+00:00,MOD-00811,60,64.888,-0.702,3.201,4.639,25.753,706.697,3.113,21.202,38.752
2025-02-02T20:00:00-05:00,2025-02-02T21:00:00-05:00,2025-02-03T01:00:00+00:00,2025-02-03T02:00:00+00:00,MOD-00811,60,65.897,-0.31,2.339,4.066,25.428,703.086,2.39,20.77,40.319
2025-02-02T21:00:00-05:00,2025-02-02T22:00:00-05:00,2025-02-03T02:00:00+00:00,2025-02-03T03:00:00+00:00,MOD-00811,60,71.167,-0.038,3.103,5.354,35.081,726.333,1.962,26.444,30.084
2025-02-02T22:00:00-05:00,2025-02-02T23:00:00-05:00,2025-02-03T03:00:00+00:00,2025-02-03T04:00:00+00:00,MOD-00811,60,82.163,-0.383,3.105,6.225,35.199,714.895,3.057,22.169,34.747
2025-02-02T23:00:00-05:00,2025-02-03T00:00:00-05:00,2025-02-03T04:00:00+00:00,2025-02-03T05:00:00+00:00,MOD-00811,60,85.32,-0.985,3.905,7.11,32.729,732.666,3.819,21.646,34.068
2025-02-03T00:00:00-05:00,2025-02-03T01:00:00-05:00,2025-02-03T05:00:00+00:00,2025-02-03T06:00:00+00:00,MOD-00811,60,86.223,-0.94,3.776,7.277,30.829,803.85,4.008,24.122,28.017
2025-02-03T01:00:00-05:00,2025-02-03T02:00:00-05:00,2025-02-03T06:00:00+00:00,2025-02-03T07:00:00+00:00,MOD-00811,60,85.307,-0.993,3.728,6.963,68.331,762.141,3.66,21.39,32.145
2025-02-03T02:00:00-05:00,2025-02-03T03:00:00-05:00,2025-02-03T07:00:00+00:00,2025-02-03T08:00:00+00:00,MOD-00811,60,85.4,-0.758,4.506,11.662,203.003,826.525,3.997,26.992,21.686
2025-02-03T03:00:00-05:00,2025-02-03T04:00:00-05:00,2025-02-03T08:00:00+00:00,2025-02-03T09:00:00+00:00,MOD-00811,60,85.327,-0.518,5.208,12.301,192.093,935.19,4.68,30.218,15.633
2025-02-03T04:00:00-05:00,2025-02-03T05:00:00-05:00,2025-02-03T09:00:00+00:00,2025-02-03T10:00:00+00:00,MOD-00811,60,84.812,-0.325,6.26,9.318,57.238,891.08,4.304,27.573,17.984
2025-02-03T05:00:00-05:00,2025-02-03T06:00:00-05:00,2025-02-03T10:00:00+00:00,2025-02-03T11:00:00+00:00,MOD-00811,60,84.335,-0.125,5.943,9.663,67.539,1099.414,9.971,31.389,13.182
2025-02-03T06:00:00-05:00,2025-02-03T07:00:00-05:00,2025-02-03T11:00:00+00:00,2025-02-03T12:00:00+00:00,MOD-00811,60,85.413,-0.175,7.816,13.579,191.714,1237.072,16.821,31.629,12.214
2025-02-03T07:00:00-05:00,2025-02-03T08:00:00-05:00,2025-02-03T12:00:00+00:00,2025-02-03T13:00:00+00:00,MOD-00811,60,83.56,0.512,9.185,14.141,154.75,1458.786,36.687,32.929,11.142
2025-02-03T08:00:00-05:00,2025-02-03T09:00:00-05:00,2025-02-03T13:00:00+00:00,2025-02-03T14:00:00+00:00,MOD-00811,60,71.368,4.023,11.632,14.111,58.574,1216.042,13.83,27.475,19.102
2025-02-03T09:00:00-05:00,2025-02-03T10:00:00-05:00,2025-02-03T14:00:00+00:00,2025-02-03T15:00:00+00:00,MOD-00811,60,61.472,6.635,8.79,10.446,41.662,933.785,6.154,15.406,32.736
2025-02-03T10:00:00-05:00,2025-02-03T11:00:00-05:00,2025-02-03T15:00:00+00:00,2025-02-03T16:00:00+00:00,MOD-00811,60,53.907,9.043,8.185,9.279,21.427,851.534,2.077,11.864,36.573
2025-02-03T11:00:00-05:00,2025-02-03T12:00:00-05:00,2025-02-03T16:00:00+00:00,2025-02-03T17:00:00+00:00,MOD-00811,60,49.125,10.922,10.579,11.559,17.915,805.405,1.844,12.571,36.78
2025-02-03T12:00:00-05:00,2025-02-03T13:00:00-05:00,2025-02-03T17:00:00+00:00,2025-02-03T18:00:00+00:00,MOD-00811,60,58.978,8.738,10.256,11.451,16.316,734.672,2.48,14.308,38.883
2025-02-03T13:00:00-05:00,2025-02-03T14:00:00-05:00,2025-02-03T18:00:00+00:00,2025-02-03T19:00:00+00:00,MOD-00811,60,63.178,8.095,8.691,9.94,16.969,736.12,2.441,14.631,39.227
2025-02-03T14:00:00-05:00,2025-02-03T15:00:00-05:00,2025-02-03T19:00:00+00:00,2025-02-03T20:00:00+00:00,MOD-00811,60,62.628,8.375,8.482,9.432,14.177,807.099,2.208,16.186,38.047
2025-02-03T15:00:00-05:00,2025-02-03T16:00:00-05:00,2025-02-03T20:00:00+00:00,2025-02-03T21:00:00+00:00,MOD-00811,60,59.388,9.005,8.416,9.822,19.644,862.46,2.517,13.722,37.489
2025-02-03T16:00:00-05:00,2025-02-03T17:00:00-05:00,2025-02-03T21:00:00+00:00,2025-02-03T22:00:00+00:00,MOD-00811,60,58.435,7.973,7.568,8.808,21.824,801.063,2.499,12.189,37.525
2025-02-03T17:00:00-05:00,2025-02-03T18:00:00-05:00,2025-02-03T22:00:00+00:00,2025-02-03T23:00:00+00:00,MOD-00811,60,64.81,6.08,7.675,8.979,19.916,859.667,1.953,18.216,33.645
2025-02-03T18:00:00-05:00,2025-02-03T19:00:00-05:00,2025-02-03T23:00:00+00:00,2025-02-04T00:00:00+00:00,MOD-00811,60,71.49,4.952,8.58,10.604,26.088,878.233,1.693,22.891,29.987
2025-02-03T19:00:00-05:00,2025-02-03T20:00:00-05:00,2025-02-04T00:00:00+00:00,2025-02-04T01:00:00+00:00,MOD-00811,60,74.297,4.625,8.166,11.259,36.478,834.967,1.538,21.684,31.261
2025-02-03T20:00:00-05:00,2025-02-03T21:00:00-05:00,2025-02-04T01:00:00+00:00,2025-02-04T02:00:00+00:00,MOD-00811,60,74.737,4.613,5.441,8.447,32.834,778.293,1.496,19.62,36.996
2025-02-03T21:00:00-05:00,2025-02-03T22:00:00-05:00,2025-02-04T02:00:00+00:00,2025-02-04T03:00:00+00:00,MOD-00811,60,79.775,5.045,3.718,7.714,54.077,730.319,1.964,16.609,41.253
2025-02-03T22:00:00-05:00,2025-02-03T23:00:00-05:00,2025-02-04T03:00:00+00:00,2025-02-04T04:00:00+00:00,MOD-00811,60,82.665,5.883,4.45,9.243,51.087,721.68,2.32,8.824,42.444
2025-02-03T23:00:00-05:00,2025-02-04T00:00:00-05:00,2025-02-04T04:00:00+00:00,2025-02-04T05:00:00+00:00,MOD-00811,60,81.703,6.337,4.669,9.88,41.11,713.267,2.047,6.6,41.671
2025-02-04T00:00:00-05:00,2025-02-04T01:00:00-05:00,2025-02-04T05:00:00+00:00,2025-02-04T06:00:00+00:00,MOD-00811,60,79.798,6.723,4.93,9.879,35.31,707.846,1.928,13.495,41.831
2025-02-04T01:00:00-05:00,2025-02-04T02:00:00-05:00,2025-02-04T06:00:00+00:00,2025-02-04T07:00:00+00:00,MOD-00811,60,80.842,6.577,6.507,11.037,32.538,710.293,1.959,8.873,40.562
2025-02-04T02:00:00-05:00,2025-02-04T03:00:00-05:00,2025-02-04T07:00:00+00:00,2025-02-04T08:00:00+00:00,MOD-00811,60,80.492,6.707,6.714,10.316,27.307,731.439,2.384,13.116,36.977
2025-02-04T03:00:00-05:00,2025-02-04T04:00:00-05:00,2025-02-04T08:00:00+00:00,2025-02-04T09:00:00+00:00,MOD-00811,60,78.447,6.823,6.387,9.532,28.299,780.342,1.895,19.642,30.82
2025-02-04T04:00:00-05:00,2025-02-04T05:00:00-05:00,2025-02-04T09:00:00+00:00,2025-02-04T10:00:00+00:00,MOD-00811,60,76.138,6.802,4.758,8.09,27.826,800.205,1.845,19.941,28.337
2025-02-04T05:00:00-05:00,2025-02-04T06:00:00-05:00,2025-02-04T10:00:00+00:00,2025-02-04T11:00:00+00:00,MOD-00811,60,76.183,6.428,4.038,7.204,27.026,906.537,1.777,23.751,22.029
2025-02-04T06:00:00-05:00,2025-02-04T07:00:00-05:00,2025-02-04T11:00:00+00:00,2025-02-04T12:00:00+00:00,MOD-00811,60,76.223,5.513,5.906,7.835,19.541,957.642,5.809,24.748,19.084
2025-02-04T07:00:00-05:00,2025-02-04T08:00:00-05:00,2025-02-04T12:00:00+00:00,2025-02-04T13:00:00+00:00,MOD-00811,60,75.712,4.918,5.377,6.662,13.326,960.633,1.655,23.245,22.302
2025-02-04T08:00:00-05:00,2025-02-04T09:00:00-05:00,2025-02-04T13:00:00+00:00,2025-02-04T14:00:00+00:00,MOD-00811,60,65.507,6.207,5.001,5.612,9.156,862.156,2.643,18.564,31.68
2025-02-04T09:00:00-05:00,2025-02-04T10:00:00-05:00,2025-02-04T14:00:00+00:00,2025-02-04T15:00:00+00:00,MOD-00811,60,55.78,7.622,3.196,4.115,21.917,783.823,2.846,14.074,37.849
2025-02-04T10:00:00-05:00,2025-02-04T11:00:00-05:00,2025-02-04T15:00:00+00:00,2025-02-04T16:00:00+00:00,MOD-00811,60,47.423,7.987,1.888,3.369,44.187,706.797,2.154,10.848,44.055
2025-02-04T11:00:00-05:00,2025-02-04T12:00:00-05:00,2025-02-04T16:00:00+00:00,2025-02-04T17:00:00+00:00,MOD-00811,60,42.887,8.315,2.213,3.167,21.448,717.503,2.248,10.71,45.159
2025-02-04T12:00:00-05:00,2025-02-04T13:00:00-05:00,2025-02-04T17:00:00+00:00,2025-02-04T18:00:00+00:00,MOD-00811,60,39.095,9.148,1.681,2.551,21.519,707.179,2.552,11.098,44.664
2025-02-04T13:00:00-05:00,2025-02-04T14:00:00-05:00,2025-02-04T18:00:00+00:00,2025-02-04T19:00:00+00:00,MOD-00811,60,34.592,7.432,2.0,2.56,10.89,707.36,2.441,10.631,46.24
2025-02-04T14:00:00-05:00,2025-02-04T15:00:00-05:00,2025-02-04T19:00:00+00:00,2025-02-04T20:00:00+00:00,MOD-00811,60,28.155,8.235,1.656,2.264,13.978,709.384,2.245,8.813,46.918
2025-02-04T15:00:00-05:00,2025-02-04T16:00:00-05:00,2025-02-04T20:00:00+00:00,2025-02-04T21:00:00+00:00,MOD-00811,60,29.043,6.513,1.461,1.861,6.833,716.166,2.3,12.305,47.301
2025-02-04T16:00:00-05:00,2025-02-04T17:00:00-05:00,2025-02-04T21:00:00+00:00,2025-02-04T22:00:00+00:00,MOD-00811,60,33.34,4.523,1.67,1.954,6.528,718.438,2.269,13.595,47.004
2025-02-04T17:00:00-05:00,2025-02-04T18:00:00-05:00,2025-02-04T22:00:00+00:00,2025-02-04T23:00:00+00:00,MOD-00811,60,35.225,2.767,1.228,1.531,5.08,731.91,1.984,14.881,45.647
2025-02-04T18:00:00-05:00,2025-02-04T19:00:00-05:00,2025-02-04T23:00:00+00:00,2025-02-05T00:00:00+00:00,MOD-00811,60,34.053,1.847,1.319,1.478,4.239,723.149,2.018,10.22,47.173
2025-02-04T19:00:00-05:00,2025-02-04T20:00:00-05:00,2025-02-05T00:00:00+00:00,2025-02-05T01:00:00+00:00,MOD-00811,60,36.36,1.015,1.549,1.924,10.395,731.765,1.842,9.818,46.027
2025-02-04T20:00:00-05:00,2025-02-04T21:00:00-05:00,2025-02-05T01:00:00+00:00,2025-02-05T02:00:00+00:00,MOD-00811,60,40.502,0.07,3.082,3.503,11.28,730.164,1.648,14.946,45.088
2025-02-04T21:00:00-05:00,2025-02-04T22:00:00-05:00,2025-02-05T02:00:00+00:00,2025-02-05T03:00:00+00:00,MOD-00811,60,39.958,-0.768,1.69,2.115,8.838,734.318,1.749,10.571,45.303
2025-02-04T22:00:00-05:00,2025-02-04T23:00:00-05:00,2025-02-05T03:00:00+00:00,2025-02-05T04:00:00+00:00,MOD-00811,60,39.767,-1.533,1.659,2.007,7.005,734.942,1.783,8.981,44.494
2025-02-04T23:00:00-05:00,2025-02-05T00:00:00-05:00,2025-02-05T04:00:00+00:00,2025-02-05T05:00:00+00:00,MOD-00811,60,40.547,-2.148,1.665,1.931,4.788,731.172,1.803,9.574,44.492
2025-02-05T00:00:00-05:00,2025-02-05T01:00:00-05:00,2025-02-05T05:00:00+00:00,2025-02-05T06:00:00+00:00,MOD-00811,60,40.192,-2.773,1.406,1.598,3.224,730.935,1.832,9.581,44.685
2025-02-05T01:00:00-05:00,2025-02-05T02:00:00-05:00,2025-02-05T06:00:00+00:00,2025-02-05T07:00:00+00:00,MOD-00811,60,45.105,-3.818,2.518,2.832,7.217,721.72,2.159,17.649,43.368
2025-02-05T02:00:00-05:00,2025-02-05T03:00:00-05:00,2025-02-05T07:00:00+00:00,2025-02-05T08:00:00+00:00,MOD-00811,60,46.78,-4.428,1.814,2.079,6.579,728.657,2.239,15.799,42.851
2025-02-05T03:00:00-05:00,2025-02-05T04:00:00-05:00,2025-02-05T08:00:00+00:00,2025-02-05T09:00:00+00:00,MOD-00811,60,48.588,-4.883,1.77,2.143,10.169,732.827,2.676,17.816,40.813
2025-02-05T04:00:00-05:00,2025-02-05T05:00:00-05:00,2025-02-05T09:00:00+00:00,2025-02-05T10:00:00+00:00,MOD-00811,60,48.822,-5.017,1.092,1.451,7.639,742.438,2.803,18.217,40.131
2025-02-05T05:00:00-05:00,2025-02-05T06:00:00-05:00,2025-02-05T10:00:00+00:00,2025-02-05T11:00:00+00:00,MOD-00811,60,50.525,-5.105,1.33,1.744,9.504,780.377,3.613,20.103,37.607
2025-02-05T06:00:00-05:00,2025-02-05T07:00:00-05:00,2025-02-05T11:00:00+00:00,2025-02-05T12:00:00+00:00,MOD-00811,60,47.152,-4.84,1.708,2.095,6.244,777.633,2.566,18.372,39.374
2025-02-05T07:00:00-05:00,2025-02-05T08:00:00-05:00,2025-02-05T12:00:00+00:00,2025-02-05T13:00:00+00:00,MOD-00811,60,42.287,-4.658,1.395,1.901,10.109,781.36,2.869,15.308,40.407
2025-02-05T08:00:00-05:00,2025-02-05T09:00:00-05:00,2025-02-05T13:00:00+00:00,2025-02-05T14:00:00+00:00,MOD-00811,60,38.782,-3.21,1.705,2.076,5.866,776.217,1.937,12.251,41.641
2025-02-05T09:00:00-05:00,2025-02-05T10:00:00-05:00,2025-02-05T14:00:00+00:00,2025-02-05T15:00:00+00:00,MOD-00811,60,33.44,-1.812,1.923,2.438,12.574,758.148,2.265,11.215,43.644
2025-02-05T10:00:00-05:00,2025-02-05T11:00:00-05:00,2025-02-05T15:00:00+00:00,2025-02-05T16:00:00+00:00,MOD-00811,60,30.12,-0.757,1.392,1.914,11.477,755.788,2.544,8.498,43.505
2025-02-05T11:00:00-05:00,2025-02-05T12:00:00-05:00,2025-02-05T16:00:00+00:00,2025-02-05T17:00:00+00:00,MOD-00811,60,26.462,0.368,1.653,2.487,17.86,749.7,2.726,9.32,43.949
2025-02-05T12:00:00-05:00,2025-02-05T13:00:00-05:00,2025-02-05T17:00:00+00:00,2025-02-05T18:00:00+00:00,MOD-00811,60,24.237,1.122,1.227,1.844,13.738,759.291,3.139,9.308,44.933
2025-02-05T13:00:00-05:00,2025-02-05T14:00:00-05:00,2025-02-05T18:00:00+00:00,2025-02-05T19:00:00+00:00,MOD-00811,60,22.913,1.703,1.21,1.918,19.839,747.9,3.244,8.523,45.615
2025-02-05T14:00:00-05:00,2025-02-05T15:00:00-05:00,2025-02-05T19:00:00+00:00,2025-02-05T20:00:00+00:00,MOD-00811,60,22.245,2.242,1.525,2.291,18.259,749.196,3.306,8.38,45.257
2025-02-05T15:00:00-05:00,2025-02-05T16:00:00-05:00,2025-02-05T20:00:00+00:00,2025-02-05T21:00:00+00:00,MOD-00811,60,21.782,2.838,1.059,1.591,16.527,755.15,3.079,8.069,46.98
2025-02-05T16:00:00-05:00,2025-02-05T17:00:00-05:00,2025-02-05T21:00:00+00:00,2025-02-05T22:00:00+00:00,MOD-00811,60,24.502,1.148,0.899,1.343,13.816,793.827,2.696,9.172,45.994
2025-02-05T17:00:00-05:00,2025-02-05T18:00:00-05:00,2025-02-05T22:00:00+00:00,2025-02-05T23:00:00+00:00,MOD-00811,60,28.813,-1.243,1.169,1.637,11.221,803.207,2.364,9.278,42.681
2025-02-05T18:00:00-05:00,2025-02-05T19:00:00-05:00,2025-02-05T23:00:00+00:00,2025-02-06T00:00:00+00:00,MOD-00811,60,31.09,-2.032,1.223,1.84,14.337,847.148,2.575,11.918,39.664
2025-02-05T19:00:00-05:00,2025-02-05T20:00:00-05:00,2025-02-06T00:00:00+00:00,2025-02-06T01:00:00+00:00,MOD-00811,60,31.96,-2.473,1.507,2.054,13.632,837.419,2.721,12.216,39.46
2025-02-05T20:00:00-05:00,2025-02-05T21:00:00-05:00,2025-02-06T01:00:00+00:00,2025-02-06T02:00:00+00:00,MOD-00811,60,34.498,-3.078,1.868,2.395,10.7,868.543,2.207,13.89,37.412
2025-02-05T21:00:00-05:00,2025-02-05T22:00:00-05:00,2025-02-06T02:00:00+00:00,2025-02-06T03:00:00+00:00,MOD-00811,60,38.25,-3.87,2.755,3.234,10.221,816.823,1.879,12.755,38.309
2025-02-05T22:00:00-05:00,2025-02-05T23:00:00-05:00,2025-02-06T03:00:00+00:00,2025-02-06T04:00:00+00:00,MOD-00811,60,42.877,-4.742,2.697,3.719,20.743,953.64,2.027,27.804,26.855
2025-02-05T23:00:00-05:00,2025-02-06T00:00:00-05:00,2025-02-06T04:00:00+00:00,2025-02-06T05:00:00+00:00,MOD-00811,60,46.91,-5.563,4.105,5.164,21.98,948.418,3.023,29.705,24.024
2025-02-06T00:00:00-05:00,2025-02-06T01:00:00-05:00,2025-02-06T05:00:00+00:00,2025-02-06T06:00:00+00:00,MOD-00811,60,45.747,-5.607,3.816,4.515,14.227,865.967,2.31,24.043,31.403
2025-02-06T01:00:00-05:00,2025-02-06T02:00:00-05:00,2025-02-06T06:00:00+00:00,2025-02-06T07:00:00+00:00,MOD-00811,60,44.917,-5.832,3.511,4.372,26.435,826.159,2.153,22.451,33.393
2025-02-06T02:00:00-05:00,2025-02-06T03:00:00-05:00,2025-02-06T07:00:00+00:00,2025-02-06T08:00:00+00:00,MOD-00811,60,50.258,-6.177,4.02,4.722,14.944,847.349,3.098,24.357,28.749
2025-02-06T03:00:00-05:00,2025-02-06T04:00:00-05:00,2025-02-06T08:00:00+00:00,2025-02-06T09:00:00+00:00,MOD-00811,60,53.79,-6.538,4.25,5.782,26.44,829.994,3.565,26.907,23.685
2025-02-06T04:00:00-05:00,2025-02-06T05:00:00-05:00,2025-02-06T09:00:00+00:00,2025-02-06T10:00:00+00:00,MOD-00811,60,51.572,-5.458,4.587,5.731,31.047,860.718,3.454,24.458,28.333
2025-02-06T05:00:00-05:00,2025-02-06T06:00:00-05:00,2025-02-06T10:00:00+00:00,2025-02-06T11:00:00+00:00,MOD-00811,60,53.807,-4.21,4.682,6.537,69.169,848.875,3.123,25.518,26.779
2025-02-06T06:00:00-05:00,2025-02-06T07:00:00-05:00,2025-02-06T11:00:00+00:00,2025-02-06T12:00:00+00:00,MOD-00811,60,57.483,-3.428,4.599,7.284,84.555,862.433,2.994,25.911,25.624
2025-02-06T07:00:00-05:00,2025-02-06T08:00:00-05:00,2025-02-06T12:00:00+00:00,2025-02-06T13:00:00+00:00,MOD-00811,60,64.473,-2.965,4.553,6.02,45.011,864.558,4.998,28.167,22.225
2025-02-06T08:00:00-05:00,2025-02-06T09:00:00-05:00,2025-02-06T13:00:00+00:00,2025-02-06T14:00:00+00:00,MOD-00811,60,79.333,-2.385,3.901,5.116,45.955,845.08,3.203,25.461,24.819
2025-02-06T09:00:00-05:00,2025-02-06T10:00:00-05:00,2025-02-06T14:00:00+00:00,2025-02-06T15:00:00+00:00,MOD-00811,60,87.593,-0.423,1.627,4.705,46.539,764.348,4.014,12.627,38.974
2025-02-06T10:00:00-05:00,2025-02-06T11:00:00-05:00,2025-02-06T15:00:00+00:00,2025-02-06T16:00:00+00:00,MOD-00811,60,85.218,1.103,0.754,2.621,15.89,690.466,3.592,7.661,44.504
2025-02-06T11:00:00-05:00,2025-02-06T12:00:00-05:00,2025-02-06T16:00:00+00:00,2025-02-06T17:00:00+00:00,MOD-00811,60,85.943,1.545,0.858,3.05,12.358,692.898,3.601,7.293,44.31
2025-02-06T12:00:00-05:00,2025-02-06T13:00:00-05:00,2025-02-06T17:00:00+00:00,2025-02-06T18:00:00+00:00,MOD-00811,60,86.535,2.062,0.933,2.633,10.128,693.576,3.675,7.292,41.213
2025-02-06T13:00:00-05:00,2025-02-06T14:00:00-05:00,2025-02-06T18:00:00+00:00,2025-02-06T19:00:00+00:00,MOD-00811,60,86.443,2.498,1.672,3.252,13.773,695.823,3.965,18.156,28.533
2025-02-06T14:00:00-05:00,2025-02-06T15:00:00-05:00,2025-02-06T19:00:00+00:00,2025-02-06T20:00:00+00:00,MOD-00811,60,87.337,2.533,2.518,4.303,37.402,715.334,4.495,17.53,27.991
2025-02-06T15:00:00-05:00,2025-02-06T16:00:00-05:00,2025-02-06T20:00:00+00:00,2025-02-06T21:00:00+00:00,MOD-00811,60,87.648,2.44,2.441,3.48,35.378,725.33,3.762,7.291,37.24
2025-02-06T16:00:00-05:00,2025-02-06T17:00:00-05:00,2025-02-06T21:00:00+00:00,2025-02-06T22:00:00+00:00,MOD-00811,60,89.562,2.08,2.692,3.348,33.316,730.014,3.871,7.289,37.352
2025-02-06T17:00:00-05:00,2025-02-06T18:00:00-05:00,2025-02-06T22:00:00+00:00,2025-02-06T23:00:00+00:00,MOD-00811,60,90.392,1.942,3.837,5.126,55.16,824.999,3.919,7.289,30.321
2025-02-06T18:00:00-05:00,2025-02-06T19:00:00-05:00,2025-02-06T23:00:00+00:00,2025-02-07T00:00:00+00:00,MOD-00811,60,89.743,2.015,2.549,4.394,40.486,861.56,3.852,7.289,29.761
2025-02-06T19:00:00-05:00,2025-02-06T20:00:00-05:00,2025-02-07T00:00:00+00:00,2025-02-07T01:00:00+00:00,MOD-00811,60,89.073,2.097,2.412,3.77,22.805,853.025,3.802,7.29,29.146
2025-02-06T20:00:00-05:00,2025-02-06T21:00:00-05:00,2025-02-07T01:00:00+00:00,2025-02-07T02:00:00+00:00,MOD-00811,60,89.227,2.145,5.674,7.781,31.862,904.699,3.85,7.29,25.601
2025-02-06T21:00:00-05:00,2025-02-06T22:00:00-05:00,2025-02-07T02:00:00+00:00,2025-02-07T03:00:00+00:00,MOD-00811,60,89.463,2.597,4.846,5.992,13.714,861.108,3.868,7.289,26.433
2025-02-06T22:00:00-05:00,2025-02-06T23:00:00-05:00,2025-02-07T03:00:00+00:00,2025-02-07T04:00:00+00:00,MOD-00811,60,86.708,3.228,4.108,4.251,7.719,750.466,3.731,7.292,34.157
2025-02-06T23:00:00-05:00,2025-02-07T00:00:00-05:00,2025-02-07T04:00:00+00:00,2025-02-07T05:00:00+00:00,MOD-00811,60,86.047,3.348,4.608,4.775,7.211,774.232,3.711,7.293,31.612
2025-02-07T00:00:00-05:00,2025-02-07T01:00:00-05:00,2025-02-07T05:00:00+00:00,2025-02-07T06:00:00+00:00,MOD-00811,60,86.218,3.423,6.368,6.556,9.814,811.746,3.71,7.293,27.736
2025-02-07T01:00:00-05:00,2025-02-07T02:00:00-05:00,2025-02-07T06:00:00+00:00,2025-02-07T07:00:00+00:00,MOD-00811,60,88.93,2.645,6.81,7.018,9.65,838.488,3.799,7.29,23.604
2025-02-07T02:00:00-05:00,2025-02-07T03:00:00-05:00,2025-02-07T07:00:00+00:00,2025-02-07T08:00:00+00:00,MOD-00811,60,91.118,2.34,5.543,5.868,9.657,770.028,3.793,7.288,24.92
2025-02-07T03:00:00-05:00,2025-02-07T04:00:00-05:00,2025-02-07T08:00:00+00:00,2025-02-07T09:00:00+00:00,MOD-00811,60,90.557,2.988,6.389,6.865,11.045,796.899,3.826,7.288,23.293
2025-02-07T04:00:00-05:00,2025-02-07T05:00:00-05:00,2025-02-07T09:00:00+00:00,2025-02-07T10:00:00+00:00,MOD-00811,60,87.967,3.948,6.448,6.884,10.437,774.789,3.8,7.29,26.65
2025-02-07T05:00:00-05:00,2025-02-07T06:00:00-05:00,2025-02-07T10:00:00+00:00,2025-02-07T11:00:00+00:00,MOD-00811,60,83.153,4.807,6.393,6.818,10.881,750.528,3.273,10.903,27.152
2025-02-07T06:00:00-05:00,2025-02-07T07:00:00-05:00,2025-02-07T11:00:00+00:00,2025-02-07T12:00:00+00:00,MOD-00811,60,83.682,4.125,6.079,6.704,19.778,817.547,4.805,12.037,22.967
2025-02-07T07:00:00-05:00,2025-02-07T08:00:00-05:00,2025-02-07T12:00:00+00:00,2025-02-07T13:00:00+00:00,MOD-00811,60,77.078,4.378,8.178,8.587,15.563,849.659,3.644,19.913,24.425
2025-02-07T08:00:00-05:00,2025-02-07T09:00:00-05:00,2025-02-07T13:00:00+00:00,2025-02-07T14:00:00+00:00,MOD-00811,60,62.728,5.395,6.741,6.979,10.151,836.029,5.758,15.433,30.853
2025-02-07T09:00:00-05:00,2025-02-07T10:00:00-05:00,2025-02-07T14:00:00+00:00,2025-02-07T15:00:00+00:00,MOD-00811,60,46.538,6.677,6.815,7.117,8.683,746.371,2.139,11.143,38.586
2025-02-07T10:00:00-05:00,2025-02-07T11:00:00-05:00,2025-02-07T15:00:00+00:00,2025-02-07T16:00:00+00:00,MOD-00811,60,41.658,6.223,4.7,5.701,24.476,720.721,2.77,10.975,42.271
2025-02-07T11:00:00-05:00,2025-02-07T12:00:00-05:00,2025-02-07T16:00:00+00:00,2025-02-07T17:00:00+00:00,MOD-00811,60,35.858,5.423,4.14,5.279,26.528,698.039,2.277,8.281,45.824
2025-02-07T12:00:00-05:00,2025-02-07T13:00:00-05:00,2025-02-07T17:00:00+00:00,2025-02-07T18:00:00+00:00,MOD-00811,60,34.257,4.82,3.1,3.935,19.669,706.572,2.466,13.324,45.462
2025-02-07T13:00:00-05:00,2025-02-07T14:00:00-05:00,2025-02-07T18:00:00+00:00,2025-02-07T19:00:00+00:00,MOD-00811,60,33.323,4.093,3.256,4.098,13.789,707.873,2.433,11.704,46.549
2025-02-07T14:00:00-05:00,2025-02-07T15:00:00-05:00,2025-02-07T19:00:00+00:00,2025-02-07T20:00:00+00:00,MOD-00811,60,32.87,3.977,3.236,3.735,14.926,721.363,2.331,13.232,46.779
2025-02-07T15:00:00-05:00,2025-02-07T16:00:00-05:00,2025-02-07T20:00:00+00:00,2025-02-07T21:00:00+00:00,MOD-00811,60,32.36,3.832,3.026,3.687,21.356,730.264,2.341,12.769,46.826
2025-02-07T16:00:00-05:00,2025-02-07T17:00:00-05:00,2025-02-07T21:00:00+00:00,2025-02-07T22:00:00+00:00,MOD-00811,60,34.657,2.165,3.184,3.791,13.818,738.677,2.009,12.001,45.81
2025-02-07T17:00:00-05:00,2025-02-07T18:00:00-05:00,2025-02-07T22:00:00+00:00,2025-02-07T23:00:00+00:00,MOD-00811,60,36.853,0.925,3.127,3.694,11.334,746.992,1.878,9.424,44.124
2025-02-07T18:00:00-05:00,2025-02-07T19:00:00-05:00,2025-02-07T23:00:00+00:00,2025-02-08T00:00:00+00:00,MOD-00811,60,38.635,0.225,3.279,3.912,13.708,748.96,1.769,13.068,43.67
2025-02-07T19:00:00-05:00,2025-02-07T20:00:00-05:00,2025-02-08T00:00:00+00:00,2025-02-08T01:00:00+00:00,MOD-00811,60,40.73,-0.273,3.331,3.754,5.324,754.002,1.603,12.745,43.609
2025-02-07T20:00:00-05:00,2025-02-07T21:00:00-05:00,2025-02-08T01:00:00+00:00,2025-02-08T02:00:00+00:00,MOD-00811,60,42.103,-0.607,2.906,3.379,6.966,745.545,1.688,10.733,44.665
2025-02-07T21:00:00-05:00,2025-02-07T22:00:00-05:00,2025-02-08T02:00:00+00:00,2025-02-08T03:00:00+00:00,MOD-00811,60,44.137,-1.085,2.886,3.457,7.168,753.389,1.981,14.555,43.225
2025-02-07T22:00:00-05:00,2025-02-07T23:00:00-05:00,2025-02-08T03:00:00+00:00,2025-02-08T04:00:00+00:00,MOD-00811,60,46.677,-1.605,2.638,3.277,9.605,770.119,2.492,17.645,42.138
2025-02-07T23:00:00-05:00,2025-02-08T00:00:00-05:00,2025-02-08T04:00:00+00:00,2025-02-08T05:00:00+00:00,MOD-00811,60,49.223,-1.898,2.613,3.263,9.215,768.555,2.8,19.163,41.434
2025-02-08T00:00:00-05:00,2025-02-08T01:00:00-05:00,2025-02-08T05:00:00+00:00,2025-02-08T06:00:00+00:00,MOD-00811,60,50.918,-2.11,2.289,2.923,10.026,761.622,2.926,19.795,40.313
2025-02-08T01:00:00-05:00,2025-02-08T02:00:00-05:00,2025-02-08T06:00:00+00:00,2025-02-08T07:00:00+00:00,MOD-00811,60,51.403,-2.08,3.007,3.564,8.991,745.642,2.973,17.949,42.13
2025-02-08T02:00:00-05:00,2025-02-08T03:00:00-05:00,2025-02-08T07:00:00+00:00,2025-02-08T08:00:00+00:00,MOD-00811,60,52.223,-2.328,2.667,3.207,7.935,751.853,2.831,18.778,41.571
2025-02-08T03:00:00-05:00,2025-02-08T04:00:00-05:00,2025-02-08T08:00:00+00:00,2025-02-08T09:00:00+00:00,MOD-00811,60,52.537,-2.498,2.84,3.45,6.788,758.384,2.829,19.242,40.574
2025-02-08T04:00:00-05:00,2025-02-08T05:00:00-05:00,2025-02-08T09:00:00+00:00,2025-02-08T10:00:00+00:00,MOD-00811,60,51.978,-2.565,3.152,3.782,10.638,752.106,2.844,19.198,40.519
2025-02-08T05:00:00-05:00,2025-02-08T06:00:00-05:00,2025-02-08T10:00:00+00:00,2025-02-08T11:00:00+00:00,MOD-00811,60,52.442,-2.792,3.139,3.872,12.337,758.032,2.895,20.575,37.93
2025-02-08T06:00:00-05:00,2025-02-08T07:00:00-05:00,2025-02-08T11:00:00+00:00,2025-02-08T12:00:00+00:00,MOD-00811,60,53.328,-3.068,4.015,4.657,9.662,765.663,2.975,18.966,40.285
2025-02-08T07:00:00-05:00,2025-02-08T08:00:00-05:00,2025-02-08T12:00:00+00:00,2025-02-08T13:00:00+00:00,MOD-00811,60,53.247,-2.785,3.758,4.433,11.208,780.395,2.857,19.057,40.538
2025-02-08T08:00:00-05:00,2025-02-08T09:00:00-05:00,2025-02-08T13:00:00+00:00,2025-02-08T14:00:00+00:00,MOD-00811,60,48.935,-1.198,4.92,5.573,10.341,779.162,2.812,13.159,42.072
2025-02-08T09:00:00-05:00,2025-02-08T10:00:00-05:00,2025-02-08T14:00:00+00:00,2025-02-08T15:00:00+00:00,MOD-00811,60,43.478,0.66,3.599,4.399,14.424,766.42,1.901,11.108,44.567
2025-02-08T10:00:00-05:00,2025-02-08T11:00:00-05:00,2025-02-08T15:00:00+00:00,2025-02-08T16:00:00+00:00,MOD-00811,60,35.17,3.253,2.541,3.697,41.97,765.938,2.806,15.69,45.068
2025-02-08T11:00:00-05:00,2025-02-08T12:00:00-05:00,2025-02-08T16:00:00+00:00,2025-02-08T17:00:00+00:00,MOD-00811,60,29.718,4.81,1.88,4.113,106.179,759.14,3.875,13.183,45.031
2025-02-08T12:00:00-05:00,2025-02-08T13:00:00-05:00,2025-02-08T17:00:00+00:00,2025-02-08T18:00:00+00:00,MOD-00811,60,30.143,5.098,1.943,2.842,32.505,734.075,2.373,13.849,47.473
2025-02-08T13:00:00-05:00,2025-02-08T14:00:00-05:00,2025-02-08T18:00:00+00:00,2025-02-08T19:00:00+00:00,MOD-00811,60,29.627,5.727,1.682,2.146,13.07,734.627,2.194,14.302,49.154
2025-02-08T14:00:00-05:00,2025-02-08T15:00:00-05:00,2025-02-08T19:00:00+00:00,2025-02-08T20:00:00+00:00,MOD-00811,60,31.517,5.16,2.409,2.957,15.015,726.516,2.362,15.258,48.939
2025-02-08T15:00:00-05:00,2025-02-08T16:00:00-05:00,2025-02-08T20:00:00+00:00,2025-02-08T21:00:00+00:00,MOD-00811,60,34.772,4.142,2.797,3.294,12.703,757.239,2.221,14.534,48.004
2025-02-08T16:00:00-05:00,2025-02-08T17:00:00-05:00,2025-02-08T21:00:00+00:00,2025-02-08T22:00:00+00:00,MOD-00811,60,40.767,2.965,2.864,3.431,13.282,814.895,1.938,15.494,46.486
2025-02-08T17:00:00-05:00,2025-02-08T18:00:00-05:00,2025-02-08T22:00:00+00:00,2025-02-08T23:00:00+00:00,MOD-00811,60,45.038,2.077,3.724,4.494,16.702,816.978,1.908,21.294,42.468
2025-02-08T18:00:00-05:00,2025-02-08T19:00:00-05:00,2025-02-08T23:00:00+00:00,2025-02-09T00:00:00+00:00,MOD-00811,60,44.923,1.902,4.826,5.926,39.942,812.027,2.087,21.698,40.214
2025-02-08T19:00:00-05:00,2025-02-08T20:00:00-05:00,2025-02-09T00:00:00+00:00,2025-02-09T01:00:00+00:00,MOD-00811,60,49.533,1.377,5.944,7.127,48.763,798.724,2.421,21.285,39.782
2025-02-08T20:00:00-05:00,2025-02-08T21:00:00-05:00,2025-02-09T01:00:00+00:00,2025-02-09T02:00:00+00:00,MOD-00811,60,51.833,1.12,4.537,5.588,45.691,782.72,2.652,20.129,42.236
2025-02-08T21:00:00-05:00,2025-02-08T22:00:00-05:00,2025-02-09T02:00:00+00:00,2025-02-09T03:00:00+00:00,MOD-00811,60,53.72,1.1,5.303,6.297,43.977,828.437,2.562,21.934,39.064
2025-02-08T22:00:00-05:00,2025-02-08T23:00:00-05:00,2025-02-09T03:00:00+00:00,2025-02-09T04:00:00+00:00,MOD-00811,60,61.488,0.908,3.479,4.106,23.148,761.144,2.067,19.836,42.978
2025-02-08T23:00:00-05:00,2025-02-09T00:00:00-05:00,2025-02-09T04:00:00+00:00,2025-02-09T05:00:00+00:00,MOD-00811,60,81.883,-0.265,2.449,3.487,9.014,717.596,2.884,19.537,43.735
2025-02-09T00:00:00-05:00,2025-02-09T01:00:00-05:00,2025-02-09T05:00:00+00:00,2025-02-09T06:00:00+00:00,MOD-00811,60,84.455,-0.758,2.076,2.929,7.651,701.362,3.492,18.024,44.829
2025-02-09T01:00:00-05:00,2025-02-09T02:00:00-05:00,2025-02-09T06:00:00+00:00,2025-02-09T07:00:00+00:00,MOD-00811,60,85.84,-1.233,2.439,3.213,7.949,702.274,3.607,17.497,45.003
2025-02-09T02:00:00-05:00,2025-02-09T03:00:00-05:00,2025-02-09T07:00:00+00:00,2025-02-09T08:00:00+00:00,MOD-00811,60,86.378,-1.367,2.152,2.56,7.0,696.472,3.752,17.358,44.358
2025-02-09T03:00:00-05:00,2025-02-09T04:00:00-05:00,2025-02-09T08:00:00+00:00,2025-02-09T09:00:00+00:00,MOD-00811,60,86.908,-1.365,2.273,3.075,13.753,694.333,4.011,17.332,43.707
2025-02-09T04:00:00-05:00,2025-02-09T05:00:00-05:00,2025-02-09T09:00:00+00:00,2025-02-09T10:00:00+00:00,MOD-00811,60,87.362,-1.368,1.856,2.598,9.584,698.413,4.232,16.851,43.543
2025-02-09T05:00:00-05:00,2025-02-09T06:00:00-05:00,2025-02-09T10:00:00+00:00,2025-02-09T11:00:00+00:00,MOD-00811,60,87.612,-1.082,2.204,3.044,13.623,700.173,4.366,16.729,40.672
2025-02-09T06:00:00-05:00,2025-02-09T07:00:00-05:00,2025-02-09T11:00:00+00:00,2025-02-09T12:00:00+00:00,MOD-00811,60,86.712,-1.0,2.713,3.642,13.852,716.787,4.279,20.267,38.008
2025-02-09T07:00:00-05:00,2025-02-09T08:00:00-05:00,2025-02-09T12:00:00+00:00,2025-02-09T13:00:00+00:00,MOD-00811,60,84.803,-0.91,3.733,4.51,15.398,733.004,3.641,21.294,34.766
2025-02-09T08:00:00-05:00,2025-02-09T09:00:00-05:00,2025-02-09T13:00:00+00:00,2025-02-09T14:00:00+00:00,MOD-00811,60,83.07,-0.685,3.496,3.898,11.746,733.897,3.44,19.441,37.956
2025-02-09T09:00:00-05:00,2025-02-09T10:00:00-05:00,2025-02-09T14:00:00+00:00,2025-02-09T15:00:00+00:00,MOD-00811,60,77.097,-0.762,2.659,2.867,6.47,719.74,2.067,17.078,43.534
2025-02-09T10:00:00-05:00,2025-02-09T11:00:00-05:00,2025-02-09T15:00:00+00:00,2025-02-09T16:00:00+00:00,MOD-00811,60,72.522,-0.458,2.826,3.06,7.453,708.915,1.732,12.836,44.901
2025-02-09T11:00:00-05:00,2025-02-09T12:00:00-05:00,2025-02-09T16:00:00+00:00,2025-02-09T17:00:00+00:00,MOD-00811,60,68.608,0.278,2.722,2.911,5.659,704.381,1.914,14.017,46.173
2025-02-09T12:00:00-05:00,2025-02-09T13:00:00-05:00,2025-02-09T17:00:00+00:00,2025-02-09T18:00:00+00:00,MOD-00811,60,67.89,0.045,2.775,2.982,6.233,705.632,1.943,11.654,47.549
2025-02-09T13:00:00-05:00,2025-02-09T14:00:00-05:00,2025-02-09T18:00:00+00:00,2025-02-09T19:00:00+00:00,MOD-00811,60,65.048,0.783,3.592,3.849,8.051,725.052,2.302,11.191,46.377
2025-02-09T14:00:00-05:00,2025-02-09T15:00:00-05:00,2025-02-09T19:00:00+00:00,2025-02-09T20:00:00+00:00,MOD-00811,60,57.3,2.553,2.447,2.685,6.334,743.186,2.484,14.509,46.442
2025-02-09T15:00:00-05:00,2025-02-09T16:00:00-05:00,2025-02-09T20:00:00+00:00,2025-02-09T21:00:00+00:00,MOD-00811,60,59.537,2.008,3.249,3.48,9.849,741.091,2.529,16.265,46.077
2025-02-09T16:00:00-05:00,2025-02-09T17:00:00-05:00,2025-02-09T21:00:00+00:00,2025-02-09T22:00:00+00:00,MOD-00811,60,62.595,1.587,3.871,4.104,9.51,840.558,2.607,20.893,40.525
2025-02-09T17:00:00-05:00,2025-02-09T18:00:00-05:00,2025-02-09T22:00:00+00:00,2025-02-09T23:00:00+00:00,MOD-00811,60,63.372,1.495,3.075,3.288,8.432,842.767,3.436,22.263,37.505
2025-02-09T18:00:00-05:00,2025-02-09T19:00:00-05:00,2025-02-09T23:00:00+00:00,2025-02-10T00:00:00+00:00,MOD-00811,60,62.235,1.372,2.852,3.024,7.087,795.856,2.647,19.002,42.167
2025-02-09T19:00:00-05:00,2025-02-09T20:00:00-05:00,2025-02-10T00:00:00+00:00,2025-02-10T01:00:00+00:00,MOD-00811,60,65.092,0.192,3.926,4.092,7.238,833.817,2.442,21.342,37.922
2025-02-09T20:00:00-05:00,2025-02-09T21:00:00-05:00,2025-02-10T01:00:00+00:00,2025-02-10T02:00:00+00:00,MOD-00811,60,69.258,-0.743,3.146,3.324,5.34,862.34,1.958,24.695,30.983
2025-02-09T21:00:00-05:00,2025-02-09T22:00:00-05:00,2025-02-10T02:00:00+00:00,2025-02-10T03:00:00+00:00,MOD-00811,60,70.405,-1.39,4.224,4.436,7.125,906.401,1.957,25.054,30.178
2025-02-09T22:00:00-05:00,2025-02-09T23:00:00-05:00,2025-02-10T03:00:00+00:00,2025-02-10T04:00:00+00:00,MOD-00811,60,71.187,-1.953,4.4,4.608,7.866,863.503,1.903,22.182,34.886
2025-02-09T23:00:00-05:00,2025-02-10T00:00:00-05:00,2025-02-10T04:00:00+00:00,2025-02-10T05:00:00+00:00,MOD-00811,60,74.81,-2.855,5.136,5.337,8.564,912.892,2.087,21.359,32.857
2025-02-10T00:00:00-05:00,2025-02-10T01:00:00-05:00,2025-02-10T05:00:00+00:00,2025-02-10T06:00:00+00:00,MOD-00811,60,73.05,-2.498,3.814,3.95,5.42,855.646,1.828,22.999,33.041
2025-02-10T01:00:00-05:00,2025-02-10T02:00:00-05:00,2025-02-10T06:00:00+00:00,2025-02-10T07:00:00+00:00,MOD-00811,60,71.375,-1.978,4.094,4.217,4.918,833.84,1.847,22.543,34.118
2025-02-10T02:00:00-05:00,2025-02-10T03:00:00-05:00,2025-02-10T07:00:00+00:00,2025-02-10T08:00:00+00:00,MOD-00811,60,73.218,-2.097,4.273,4.416,6.611,864.622,1.688,23.119,32.608
2025-02-10T03:00:00-05:00,2025-02-10T04:00:00-05:00,2025-02-10T08:00:00+00:00,2025-02-10T09:00:00+00:00,MOD-00811,60,73.677,-2.267,3.405,3.539,5.116,861.506,1.746,22.956,32.815
2025-02-10T04:00:00-05:00,2025-02-10T05:00:00-05:00,2025-02-10T09:00:00+00:00,2025-02-10T10:00:00+00:00,MOD-00811,60,72.94,-2.423,2.799,2.94,3.919,811.251,1.801,24.534,29.364
2025-02-10T05:00:00-05:00,2025-02-10T06:00:00-05:00,2025-02-10T10:00:00+00:00,2025-02-10T11:00:00+00:00,MOD-00811,60,71.282,-2.372,5.011,5.138,5.452,809.823,1.883,21.946,34.048
2025-02-10T06:00:00-05:00,2025-02-10T07:00:00-05:00,2025-02-10T11:00:00+00:00,2025-02-10T12:00:00+00:00,MOD-00811,60,68.825,-1.96,5.576,5.721,6.385,832.25,2.441,21.846,34.642
2025-02-10T07:00:00-05:00,2025-02-10T08:00:00-05:00,2025-02-10T12:00:00+00:00,2025-02-10T13:00:00+00:00,MOD-00811,60,63.23,-0.755,4.284,4.428,5.914,905.853,3.025,23.616,32.853
2025-02-10T08:00:00-05:00,2025-02-10T09:00:00-05:00,2025-02-10T13:00:00+00:00,2025-02-10T14:00:00+00:00,MOD-00811,60,55.023,1.017,4.177,4.455,7.889,862.527,2.201,20.266,39.014
2025-02-10T09:00:00-05:00,2025-02-10T10:00:00-05:00,2025-02-10T14:00:00+00:00,2025-02-10T15:00:00+00:00,MOD-00811,60,51.57,1.47,3.957,4.439,15.966,787.089,2.697,15.625,43.045
2025-02-10T10:00:00-05:00,2025-02-10T11:00:00-05:00,2025-02-10T15:00:00+00:00,2025-02-10T16:00:00+00:00,MOD-00811,60,46.453,2.765,3.624,4.106,15.112,759.512,2.386,16.4,43.359
2025-02-10T11:00:00-05:00,2025-02-10T12:00:00-05:00,2025-02-10T16:00:00+00:00,2025-02-10T17:00:00+00:00,MOD-00811,60,38.903,4.425,3.444,4.042,17.974,754.275,2.456,14.383,44.3
2025-02-10T12:00:00-05:00,2025-02-10T13:00:00-05:00,2025-02-10T17:00:00+00:00,2025-02-10T18:00:00+00:00,MOD-00811,60,36.183,4.59,5.091,5.622,18.31,735.538,3.526,15.524,45.089
2025-02-10T13:00:00-05:00,2025-02-10T14:00:00-05:00,2025-02-10T18:00:00+00:00,2025-02-10T19:00:00+00:00,MOD-00811,60,38.88,3.585,4.756,5.448,24.677,739.236,3.411,16.853,43.741
2025-02-10T14:00:00-05:00,2025-02-10T15:00:00-05:00,2025-02-10T19:00:00+00:00,2025-02-10T20:00:00+00:00,MOD-00811,60,39.678,2.747,2.707,3.434,21.046,745.482,2.026,12.025,46.005
2025-02-10T15:00:00-05:00,2025-02-10T16:00:00-05:00,2025-02-10T20:00:00+00:00,2025-02-10T21:00:00+00:00,MOD-00811,60,42.712,1.99,2.216,2.763,18.665,756.523,1.796,12.916,45.62
2025-02-10T16:00:00-05:00,2025-02-10T17:00:00-05:00,2025-02-10T21:00:00+00:00,2025-02-10T22:00:00+00:00,MOD-00811,60,40.667,1.745,1.723,2.513,22.005,765.086,1.816,12.811,45.492
2025-02-10T17:00:00-05:00,2025-02-10T18:00:00-05:00,2025-02-10T22:00:00+00:00,2025-02-10T23:00:00+00:00,MOD-00811,60,41.985,0.505,2.057,2.788,17.786,767.854,1.624,19.212,44.133
2025-02-10T18:00:00-05:00,2025-02-10T19:00:00-05:00,2025-02-10T23:00:00+00:00,2025-02-11T00:00:00+00:00,MOD-00811,60,45.208,-0.503,1.95,2.803,24.196,799.992,2.107,21.431,40.821
2025-02-10T19:00:00-05:00,2025-02-10T20:00:00-05:00,2025-02-11T00:00:00+00:00,2025-02-11T01:00:00+00:00,MOD-00811,60,47.765,-1.338,2.27,3.257,18.359,836.082,2.76,22.254,38.913
2025-02-10T20:00:00-05:00,2025-02-10T21:00:00-05:00,2025-02-11T01:00:00+00:00,2025-02-11T02:00:00+00:00,MOD-00811,60,49.598,-1.947,1.55,2.75,24.862,874.497,2.87,24.075,35.212
2025-02-10T21:00:00-05:00,2025-02-10T22:00:00-05:00,2025-02-11T02:00:00+00:00,2025-02-11T03:00:00+00:00,MOD-00811,60,51.36,-2.51,2.547,3.434,18.239,860.083,3.037,23.696,35.422
2025-02-10T22:00:00-05:00,2025-02-10T23:00:00-05:00,2025-02-11T03:00:00+00:00,2025-02-11T04:00:00+00:00,MOD-00811,60,53.603,-3.075,2.615,3.323,16.338,872.932,2.838,24.705,33.08
2025-02-10T23:00:00-05:00,2025-02-11T00:00:00-05:00,2025-02-11T04:00:00+00:00,2025-02-11T05:00:00+00:00,MOD-00811,60,57.105,-3.83,3.236,4.017,18.632,873.557,2.882,24.271,32.935
2025-02-11T00:00:00-05:00,2025-02-11T01:00:00-05:00,2025-02-11T05:00:00+00:00,2025-02-11T06:00:00+00:00,MOD-00811,60,59.815,-4.413,2.796,3.366,13.953,841.344,3.445,22.95,34.596
2025-02-11T01:00:00-05:00,2025-02-11T02:00:00-05:00,2025-02-11T06:00:00+00:00,2025-02-11T07:00:00+00:00,MOD-00811,60,64.125,-5.053,2.549,3.103,14.365,975.968,4.242,27.243,26.412
2025-02-11T02:00:00-05:00,2025-02-11T03:00:00-05:00,2025-02-11T07:00:00+00:00,2025-02-11T08:00:00+00:00,MOD-00811,60,69.205,-6.005,2.862,3.528,15.723,1114.279,3.473,32.243,17.029
2025-02-11T03:00:00-05:00,2025-02-11T04:00:00-05:00,2025-02-11T08:00:00+00:00,2025-02-11T09:00:00+00:00,MOD-00811,60,69.497,-6.538,2.502,3.144,15.132,969.298,3.281,29.432,20.574
2025-02-11T04:00:00-05:00,2025-02-11T05:00:00-05:00,2025-02-11T09:00:00+00:00,2025-02-11T10:00:00+00:00,MOD-00811,60,70.263,-6.927,2.638,3.324,19.115,1010.555,4.073,30.817,18.39
2025-02-11T05:00:00-05:00,2025-02-11T06:00:00-05:00,2025-02-11T10:00:00+00:00,2025-02-11T11:00:00+00:00,MOD-00811,60,71.045,-7.175,2.891,4.007,38.67,1070.911,8.949,32.388,15.624
2025-02-11T06:00:00-05:00,2025-02-11T07:00:00-05:00,2025-02-11T11:00:00+00:00,2025-02-11T12:00:00+00:00,MOD-00811,60,70.888,-7.233,3.784,5.225,39.997,1140.568,18.869,33.342,14.654
2025-02-11T07:00:00-05:00,2025-02-11T08:00:00-05:00,2025-02-11T12:00:00+00:00,2025-02-11T13:00:00+00:00,MOD-00811,60,63.8,-5.485,3.716,5.227,40.948,1108.375,14.621,30.892,20.257
2025-02-11T08:00:00-05:00,2025-02-11T09:00:00-05:00,2025-02-11T13:00:00+00:00,2025-02-11T14:00:00+00:00,MOD-00811,60,53.405,-2.638,4.306,7.154,73.601,1052.827,5.186,26.238,29.866
2025-02-11T09:00:00-05:00,2025-02-11T10:00:00-05:00,2025-02-11T14:00:00+00:00,2025-02-11T15:00:00+00:00,MOD-00811,60,43.342,0.1,6.295,8.628,70.712,850.45,3.647,19.33,40.855
2025-02-11T10:00:00-05:00,2025-02-11T11:00:00-05:00,2025-02-11T15:00:00+00:00,2025-02-11T16:00:00+00:00,MOD-00811,60,38.898,1.442,6.761,8.283,56.078,800.86,2.446,14.165,45.061
2025-02-11T11:00:00-05:00,2025-02-11T12:00:00-05:00,2025-02-11T16:00:00+00:00,2025-02-11T17:00:00+00:00,MOD-00811,60,36.908,1.685,8.352,9.107,32.573,765.296,2.242,9.988,46.201
2025-02-11T12:00:00-05:00,2025-02-11T13:00:00-05:00,2025-02-11T17:00:00+00:00,2025-02-11T18:00:00+00:00,MOD-00811,60,35.717,2.58,6.19,7.331,43.079,775.469,2.299,15.48,45.323
2025-02-11T13:00:00-05:00,2025-02-11T14:00:00-05:00,2025-02-11T18:00:00+00:00,2025-02-11T19:00:00+00:00,MOD-00811,60,33.422,3.457,5.272,6.587,48.465,772.038,2.648,17.224,46.077
2025-02-11T14:00:00-05:00,2025-02-11T15:00:00-05:00,2025-02-11T19:00:00+00:00,2025-02-11T20:00:00+00:00,MOD-00811,57,33.525,3.546,5.047,6.298,45.94,792.987,2.621,17.785,45.484
2025-02-11T15:00:00-05:00,2025-02-11T16:00:00-05:00,2025-02-11T20:00:00+00:00,2025-02-11T21:00:00+00:00,MOD-00811,60,33.718,2.848,4.966,5.912,34.752,,,,
2025-02-11T16:00:00-05:00,2025-02-11T17:00:00-05:00,2025-02-11T21:00:00+00:00,2025-02-11T22:00:00+00:00,MOD-00811,60,36.227,1.97,4.355,5.328,33.836,864.322,1.994,14.43,44.691
2025-02-11T17:00:00-05:00,2025-02-11T18:00:00-05:00,2025-02-11T22:00:00+00:00,2025-02-11T23:00:00+00:00,MOD-00811,60,41.292,1.093,6.176,7.27,38.064,869.433,1.831,23.341,39.911
2025-02-11T18:00:00-05:00,2025-02-11T19:00:00-05:00,2025-02-11T23:00:00+00:00,2025-02-12T00:00:00+00:00,MOD-00811,60,47.318,0.595,6.465,7.362,23.748,840.374,2.751,22.949,39.702
2025-02-11T19:00:00-05:00,2025-02-11T20:00:00-05:00,2025-02-12T00:00:00+00:00,2025-02-12T01:00:00+00:00,MOD-00811,60,47.942,0.4,7.981,8.817,24.801,856.224,2.781,24.197,36.814
2025-02-11T20:00:00-05:00,2025-02-11T21:00:00-05:00,2025-02-12T01:00:00+00:00,2025-02-12T02:00:00+00:00,MOD-00811,60,52.242,0.255,8.793,9.633,23.225,873.169,2.664,25.061,34.588
2025-02-11T21:00:00-05:00,2025-02-11T22:00:00-05:00,2025-02-12T02:00:00+00:00,2025-02-12T03:00:00+00:00,MOD-00811,60,56.275,0.113,9.706,10.421,23.393,846.883,1.954,24.16,35.048
2025-02-11T22:00:00-05:00,2025-02-11T23:00:00-05:00,2025-02-12T03:00:00+00:00,2025-02-12T04:00:00+00:00,MOD-00811,60,57.835,0.2,10.776,11.406,21.722,848.715,1.968,24.859,32.895
2025-02-11T23:00:00-05:00,2025-02-12T00:00:00-05:00,2025-02-12T04:00:00+00:00,2025-02-12T05:00:00+00:00,MOD-00811,60,59.373,0.083,10.8,11.985,65.885,883.505,2.488,25.39,30.562
2025-02-12T00:00:00-05:00,2025-02-12T01:00:00-05:00,2025-02-12T05:00:00+00:00,2025-02-12T06:00:00+00:00,MOD-00811,60,63.35,0.125,9.759,10.254,19.084,824.965,2.44,23.826,33.787
2025-02-12T01:00:00-05:00,2025-02-12T02:00:00-05:00,2025-02-12T06:00:00+00:00,2025-02-12T07:00:00+00:00,MOD-00811,60,78.647,-0.35,8.727,9.282,21.644,809.594,3.11,23.685,33.068
2025-02-12T02:00:00-05:00,2025-02-12T03:00:00-05:00,2025-02-12T07:00:00+00:00,2025-02-12T08:00:00+00:00,MOD-00811,60,84.097,-0.5,9.354,9.876,17.056,797.393,3.462,22.763,33.128
2025-02-12T03:00:00-05:00,2025-02-12T04:00:00-05:00,2025-02-12T08:00:00+00:00,2025-02-12T09:00:00+00:00,MOD-00811,60,85.708,-0.627,11.027,11.759,30.653,828.672,3.989,26.373,25.127
2025-02-12T04:00:00-05:00,2025-02-12T05:00:00-05:00,2025-02-12T09:00:00+00:00,2025-02-12T10:00:00+00:00,MOD-00811,60,86.787,-0.622,12.16,12.945,31.912,850.503,4.553,27.734,21.76
2025-02-12T05:00:00-05:00,2025-02-12T06:00:00-05:00,2025-02-12T10:00:00+00:00,2025-02-12T11:00:00+00:00,MOD-00811,60,85.692,-0.548,14.856,15.535,28.529,854.295,5.468,27.126,21.449
2025-02-12T06:00:00-05:00,2025-02-12T07:00:00-05:00,2025-02-12T11:00:00+00:00,2025-02-12T12:00:00+00:00,MOD-00811,60,84.418,-0.535,17.383,17.935,24.763,871.88,4.669,26.856,22.517
2025-02-12T07:00:00-05:00,2025-02-12T08:00:00-05:00,2025-02-12T12:00:00+00:00,2025-02-12T13:00:00+00:00,MOD-00811,60,72.715,-0.438,17.911,18.489,26.495,867.611,2.583,25.513,24.411
2025-02-12T08:00:00-05:00,2025-02-12T09:00:00-05:00,2025-02-12T13:00:00+00:00,2025-02-12T14:00:00+00:00,MOD-00811,60,60.983,0.197,15.272,16.056,27.213,842.918,5.996,25.927,27.554
2025-02-12T09:00:00-05:00,2025-02-12T10:00:00-05:00,2025-02-12T14:00:00+00:00,2025-02-12T15:00:00+00:00,MOD-00811,60,57.277,1.687,15.525,16.93,36.248,818.437,2.296,24.054,32.365
2025-02-12T10:00:00-05:00,2025-02-12T11:00:00-05:00,2025-02-12T15:00:00+00:00,2025-02-12T16:00:00+00:00,MOD-00811,60,56.195,3.135,12.845,14.604,42.517,782.461,3.285,22.665,36.158
2025-02-12T11:00:00-05:00,2025-02-12T12:00:00-05:00,2025-02-12T16:00:00+00:00,2025-02-12T17:00:00+00:00,MOD-00811,60,54.455,4.195,12.151,14.383,54.439,757.453,10.273,24.535,34.695
2025-02-12T12:00:00-05:00,2025-02-12T13:00:00-05:00,2025-02-12T17:00:00+00:00,2025-02-12T18:00:00+00:00,MOD-00811,60,65.19,3.347,7.195,10.525,45.151,701.658,2.352,20.075,41.67
2025-02-12T13:00:00-05:00,2025-02-12T14:00:00-05:00,2025-02-12T18:00:00+00:00,2025-02-12T19:00:00+00:00,MOD-00811,60,71.922,2.537,5.111,8.745,55.362,677.797,1.62,19.409,42.792
2025-02-12T14:00:00-05:00,2025-02-12T15:00:00-05:00,2025-02-12T19:00:00+00:00,2025-02-12T20:00:00+00:00,MOD-00811,60,72.562,2.268,4.228,7.269,36.689,673.926,1.61,16.031,45.89
2025-02-12T15:00:00-05:00,2025-02-12T16:00:00-05:00,2025-02-12T20:00:00+00:00,2025-02-12T21:00:00+00:00,MOD-00811,60,74.975,1.92,4.455,8.167,39.611,678.63,1.472,16.156,45.941
2025-02-12T16:00:00-05:00,2025-02-12T17:00:00-05:00,2025-02-12T21:00:00+00:00,2025-02-12T22:00:00+00:00,MOD-00811,60,77.298,1.615,4.927,8.849,52.264,679.826,1.515,16.61,47.128
2025-02-12T17:00:00-05:00,2025-02-12T18:00:00-05:00,2025-02-12T22:00:00+00:00,2025-02-12T23:00:00+00:00,MOD-00811,60,79.61,1.217,5.818,9.874,50.049,679.861,2.13,16.784,46.814
2025-02-12T18:00:00-05:00,2025-02-12T19:00:00-05:00,2025-02-12T23:00:00+00:00,2025-02-13T00:00:00+00:00,MOD-00811,60,79.423,1.103,5.269,9.435,60.676,682.252,2.073,16.472,47.049
2025-02-12T19:00:00-05:00,2025-02-12T20:00:00-05:00,2025-02-13T00:00:00+00:00,2025-02-13T01:00:00+00:00,MOD-00811,60,77.277,1.24,4.587,8.387,50.339,682.837,1.569,16.441,46.605
2025-02-12T20:00:00-05:00,2025-02-12T21:00:00-05:00,2025-02-13T01:00:00+00:00,2025-02-13T02:00:00+00:00,MOD-00811,60,75.822,1.397,4.807,8.378,47.949,686.132,1.604,21.262,37.194
2025-02-12T21:00:00-05:00,2025-02-12T22:00:00-05:00,2025-02-13T02:00:00+00:00,2025-02-13T03:00:00+00:00,MOD-00811,60,73.457,1.575,3.486,6.628,37.064,671.618,1.53,17.246,43.198
2025-02-12T22:00:00-05:00,2025-02-12T23:00:00-05:00,2025-02-13T03:00:00+00:00,2025-02-13T04:00:00+00:00,MOD-00811,60,73.318,1.692,3.168,6.655,38.5,667.347,1.576,15.988,43.669
2025-02-12T23:00:00-05:00,2025-02-13T00:00:00-05:00,2025-02-13T04:00:00+00:00,2025-02-13T05:00:00+00:00,MOD-00811,60,79.252,1.343,2.957,7.447,42.164,661.027,2.113,17.964,44.44
2025-02-13T00:00:00-05:00,2025-02-13T01:00:00-05:00,2025-02-13T05:00:00+00:00,2025-02-13T06:00:00+00:00,MOD-00811,60,84.453,0.865,3.602,7.914,33.0,665.82,3.493,14.867,41.474
2025-02-13T01:00:00-05:00,2025-02-13T02:00:00-05:00,2025-02-13T06:00:00+00:00,2025-02-13T07:00:00+00:00,MOD-00811,60,85.825,0.885,3.081,6.495,18.892,665.237,3.613,12.161,38.426
2025-02-13T02:00:00-05:00,2025-02-13T03:00:00-05:00,2025-02-13T07:00:00+00:00,2025-02-13T08:00:00+00:00,MOD-00811,60,86.817,1.147,3.247,6.282,15.145,667.546,3.62,8.219,36.51
2025-02-13T03:00:00-05:00,2025-02-13T04:00:00-05:00,2025-02-13T08:00:00+00:00,2025-02-13T09:00:00+00:00,MOD-00811,60,88.66,1.373,2.716,4.676,9.767,666.721,3.82,7.29,35.172
2025-02-13T04:00:00-05:00,2025-02-13T05:00:00-05:00,2025-02-13T09:00:00+00:00,2025-02-13T10:00:00+00:00,MOD-00811,60,89.662,1.515,1.873,2.968,8.305,665.355,3.875,7.288,39.853
2025-02-13T05:00:00-05:00,2025-02-13T06:00:00-05:00,2025-02-13T10:00:00+00:00,2025-02-13T11:00:00+00:00,MOD-00811,60,89.97,1.682,1.402,2.175,15.074,669.435,3.95,7.428,36.61
2025-02-13T06:00:00-05:00,2025-02-13T07:00:00-05:00,2025-02-13T11:00:00+00:00,2025-02-13T12:00:00+00:00,MOD-00811,60,90.343,1.795,1.687,3.021,32.257,702.351,4.045,7.288,36.603
2025-02-13T07:00:00-05:00,2025-02-13T08:00:00-05:00,2025-02-13T12:00:00+00:00,2025-02-13T13:00:00+00:00,MOD-00811,60,90.505,2.008,1.898,2.687,24.242,726.311,4.109,7.289,32.88
2025-02-13T08:00:00-05:00,2025-02-13T09:00:00-05:00,2025-02-13T13:00:00+00:00,2025-02-13T14:00:00+00:00,MOD-00811,60,90.272,2.308,2.284,2.769,18.729,754.674,4.383,8.199,30.219
2025-02-13T09:00:00-05:00,2025-02-13T10:00:00-05:00,2025-02-13T14:00:00+00:00,2025-02-13T15:00:00+00:00,MOD-00811,60,90.257,2.717,2.303,2.732,17.859,745.246,4.862,10.902,28.835
2025-02-13T10:00:00-05:00,2025-02-13T11:00:00-05:00,2025-02-13T15:00:00+00:00,2025-02-13T16:00:00+00:00,MOD-00811,60,89.077,3.498,2.743,3.358,24.001,745.573,6.07,18.317,27.754
2025-02-13T11:00:00-05:00,2025-02-13T12:00:00-05:00,2025-02-13T16:00:00+00:00,2025-02-13T17:00:00+00:00,MOD-00811,60,87.553,4.39,3.259,4.022,33.622,771.05,9.668,22.063,26.499
2025-02-13T12:00:00-05:00,2025-02-13T13:00:00-05:00,2025-02-13T17:00:00+00:00,2025-02-13T18:00:00+00:00,MOD-00811,60,86.755,4.92,3.482,4.909,50.002,941.763,9.296,28.962,21.587
2025-02-13T13:00:00-05:00,2025-02-13T14:00:00-05:00,2025-02-13T18:00:00+00:00,2025-02-13T19:00:00+00:00,MOD-00811,60,85.097,5.573,3.111,4.352,32.499,977.999,9.365,25.51,25.993
2025-02-13T14:00:00-05:00,2025-02-13T15:00:00-05:00,2025-02-13T19:00:00+00:00,2025-02-13T20:00:00+00:00,MOD-00811,60,86.162,5.348,2.316,3.034,15.611,931.173,3.729,22.467,28.509
2025-02-13T15:00:00-05:00,2025-02-13T16:00:00-05:00,2025-02-13T20:00:00+00:00,2025-02-13T21:00:00+00:00,MOD-00811,60,84.658,5.495,3.203,3.836,16.091,957.338,3.349,21.749,28.724
2025-02-13T16:00:00-05:00,2025-02-13T17:00:00-05:00,2025-02-13T21:00:00+00:00,2025-02-13T22:00:00+00:00,MOD-00811,60,84.728,6.095,2.599,2.89,10.943,943.164,2.752,15.181,31.993
2025-02-13T17:00:00-05:00,2025-02-13T18:00:00-05:00,2025-02-13T22:00:00+00:00,2025-02-13T23:00:00+00:00,MOD-00811,60,82.113,6.017,2.605,2.789,4.72,764.97,2.247,9.06,37.844
2025-02-13T18:00:00-05:00,2025-02-13T19:00:00-05:00,2025-02-13T23:00:00+00:00,2025-02-14T00:00:00+00:00,MOD-00811,60,81.222,5.995,3.07,3.22,4.281,770.383,2.138,13.879,36.811
2025-02-13T19:00:00-05:00,2025-02-13T20:00:00-05:00,2025-02-14T00:00:00+00:00,2025-02-14T01:00:00+00:00,MOD-00811,60,81.483,5.677,3.473,3.598,4.169,759.892,2.167,12.313,36.397
2025-02-13T20:00:00-05:00,2025-02-13T21:00:00-05:00,2025-02-14T01:00:00+00:00,2025-02-14T02:00:00+00:00,MOD-00811,60,73.715,5.792,4.037,4.129,4.395,736.899,1.697,13.318,37.198
2025-02-13T21:00:00-05:00,2025-02-13T22:00:00-05:00,2025-02-14T02:00:00+00:00,2025-02-14T03:00:00+00:00,MOD-00811,60,54.92,4.88,6.483,6.551,7.945,709.758,2.239,7.94,44.53
2025-02-13T22:00:00-05:00,2025-02-13T23:00:00-05:00,2025-02-14T03:00:00+00:00,2025-02-14T04:00:00+00:00,MOD-00811,60,49.485,3.508,4.924,5.07,7.732,691.577,2.093,9.058,47.711
2025-02-13T23:00:00-05:00,2025-02-14T00:00:00-05:00,2025-02-14T04:00:00+00:00,2025-02-14T05:00:00+00:00,MOD-00811,60,47.66,2.055,3.901,4.068,5.649,692.919,2.275,10.062,47.934
2025-02-14T00:00:00-05:00,2025-02-14T01:00:00-05:00,2025-02-14T05:00:00+00:00,2025-02-14T06:00:00+00:00,MOD-00811,60,46.935,1.58,4.105,4.241,7.735,696.178,2.296,10.409,48.166
2025-02-14T01:00:00-05:00,2025-02-14T02:00:00-05:00,2025-02-14T06:00:00+00:00,2025-02-14T07:00:00+00:00,MOD-00811,60,47.452,1.178,3.918,4.053,4.797,699.174,2.58,11.494,47.726
2025-02-14T02:00:00-05:00,2025-02-14T03:00:00-05:00,2025-02-14T07:00:00+00:00,2025-02-14T08:00:00+00:00,MOD-00811,60,47.328,0.83,3.665,3.77,6.53,697.901,2.481,11.312,47.575
2025-02-14T03:00:00-05:00,2025-02-14T04:00:00-05:00,2025-02-14T08:00:00+00:00,2025-02-14T09:00:00+00:00,MOD-00811,60,44.172,0.573,3.227,3.401,4.679,696.362,1.757,11.951,48.738
2025-02-14T04:00:00-05:00,2025-02-14T05:00:00-05:00,2025-02-14T09:00:00+00:00,2025-02-14T10:00:00+00:00,MOD-00811,60,39.938,-0.025,1.468,1.755,4.548,701.405,1.686,8.356,48.575
2025-02-14T05:00:00-05:00,2025-02-14T06:00:00-05:00,2025-02-14T10:00:00+00:00,2025-02-14T11:00:00+00:00,MOD-00811,60,39.47,-0.522,1.382,1.737,6.054,716.041,1.771,9.402,47.079
2025-02-14T06:00:00-05:00,2025-02-14T07:00:00-05:00,2025-02-14T11:00:00+00:00,2025-02-14T12:00:00+00:00,MOD-00811,60,43.398,-1.193,1.467,2.092,16.638,748.555,2.256,16.752,42.741
2025-02-14T07:00:00-05:00,2025-02-14T08:00:00-05:00,2025-02-14T12:00:00+00:00,2025-02-14T13:00:00+00:00,MOD-00811,60,41.673,-0.582,1.488,1.939,10.555,751.953,1.812,14.888,43.792
2025-02-14T08:00:00-05:00,2025-02-14T09:00:00-05:00,2025-02-14T13:00:00+00:00,2025-02-14T14:00:00+00:00,MOD-00811,60,36.187,0.908,1.611,1.954,6.349,739.121,2.048,11.322,46.213
2025-02-14T09:00:00-05:00,2025-02-14T10:00:00-05:00,2025-02-14T14:00:00+00:00,2025-02-14T15:00:00+00:00,MOD-00811,60,33.34,1.508,1.516,1.918,10.191,726.28,2.09,8.882,47.737
2025-02-14T10:00:00-05:00,2025-02-14T11:00:00-05:00,2025-02-14T15:00:00+00:00,2025-02-14T16:00:00+00:00,MOD-00811,60,30.9,1.748,1.646,2.076,12.709,722.655,2.17,7.668,48.325
2025-02-14T11:00:00-05:00,2025-02-14T12:00:00-05:00,2025-02-14T16:00:00+00:00,2025-02-14T17:00:00+00:00,MOD-00811,60,29.052,2.278,1.446,1.751,7.619,724.04,2.129,9.177,48.357
2025-02-14T12:00:00-05:00,2025-02-14T13:00:00-05:00,2025-02-14T17:00:00+00:00,2025-02-14T18:00:00+00:00,MOD-00811,60,27.977,2.643,1.492,1.68,4.855,732.819,2.168,8.104,49.037
2025-02-14T13:00:00-05:00,2025-02-14T14:00:00-05:00,2025-02-14T18:00:00+00:00,2025-02-14T19:00:00+00:00,MOD-00811,60,27.765,2.837,1.763,1.937,5.709,721.198,2.162,7.579,49.762
2025-02-14T14:00:00-05:00,2025-02-14T15:00:00-05:00,2025-02-14T19:00:00+00:00,2025-02-14T20:00:00+00:00,MOD-00811,60,28.755,2.628,1.933,2.175,4.454,729.261,2.106,9.242,49.0
2025-02-14T15:00:00-05:00,2025-02-14T16:00:00-05:00,2025-02-14T20:00:00+00:00,2025-02-14T21:00:00+00:00,MOD-00811,60,29.338,2.643,2.28,2.393,6.397,735.684,2.013,9.752,49.355
2025-02-14T16:00:00-05:00,2025-02-14T17:00:00-05:00,2025-02-14T21:00:00+00:00,2025-02-14T22:00:00+00:00,MOD-00811,60,30.217,1.968,2.259,2.431,5.189,743.883,1.967,9.772,48.604
2025-02-14T17:00:00-05:00,2025-02-14T18:00:00-05:00,2025-02-14T22:00:00+00:00,2025-02-14T23:00:00+00:00,MOD-00811,60,34.368,0.297,2.376,2.596,5.366,755.81,1.917,12.576,47.355
2025-02-14T18:00:00-05:00,2025-02-14T19:00:00-05:00,2025-02-14T23:00:00+00:00,2025-02-15T00:00:00+00:00,MOD-00811,60,36.922,-0.473,2.422,2.621,3.964,772.145,1.983,16.127,46.008
2025-02-14T19:00:00-05:00,2025-02-14T20:00:00-05:00,2025-02-15T00:00:00+00:00,2025-02-15T01:00:00+00:00,MOD-00811,60,39.153,-0.97,2.104,2.415,8.087,768.799,1.865,13.644,45.465
2025-02-14T20:00:00-05:00,2025-02-14T21:00:00-05:00,2025-02-15T01:00:00+00:00,2025-02-15T02:00:00+00:00,MOD-00811,60,42.182,-1.578,2.483,2.754,6.965,760.744,1.846,15.341,45.741
2025-02-14T21:00:00-05:00,2025-02-14T22:00:00-05:00,2025-02-15T02:00:00+00:00,2025-02-15T03:00:00+00:00,MOD-00811,60,45.52,-2.248,2.081,2.418,7.419,788.527,2.168,20.446,42.938
2025-02-14T22:00:00-05:00,2025-02-14T23:00:00-05:00,2025-02-15T03:00:00+00:00,2025-02-15T04:00:00+00:00,MOD-00811,60,47.315,-2.745,2.063,2.431,7.044,793.004,2.417,20.93,41.46
2025-02-14T23:00:00-05:00,2025-02-15T00:00:00-05:00,2025-02-15T04:00:00+00:00,2025-02-15T05:00:00+00:00,MOD-00811,60,48.165,-2.925,2.069,2.386,6.548,776.196,2.572,20.392,41.982
2025-02-15T00:00:00-05:00,2025-02-15T01:00:00-05:00,2025-02-15T05:00:00+00:00,2025-02-15T06:00:00+00:00,MOD-00811,60,47.222,-2.83,2.577,2.814,5.314,771.694,2.358,19.144,43.253
2025-02-15T01:00:00-05:00,2025-02-15T02:00:00-05:00,2025-02-15T06:00:00+00:00,2025-02-15T07:00:00+00:00,MOD-00811,60,47.307,-2.902,2.511,2.747,5.385,759.412,2.393,19.12,43.037
2025-02-15T02:00:00-05:00,2025-02-15T03:00:00-05:00,2025-02-15T07:00:00+00:00,2025-02-15T08:00:00+00:00,MOD-00811,60,48.778,-3.097,3.082,3.333,6.758,768.296,2.567,18.574,43.705
2025-02-15T03:00:00-05:00,2025-02-15T04:00:00-05:00,2025-02-15T08:00:00+00:00,2025-02-15T09:00:00+00:00,MOD-00811,60,49.067,-3.8,1.932,2.17,4.29,773.551,2.576,19.106,42.949
2025-02-15T04:00:00-05:00,2025-02-15T05:00:00-05:00,2025-02-15T09:00:00+00:00,2025-02-15T10:00:00+00:00,MOD-00811,60,51.085,-4.197,3.816,4.06,6.301,781.165,2.969,20.11,40.748
2025-02-15T05:00:00-05:00,2025-02-15T06:00:00-05:00,2025-02-15T10:00:00+00:00,2025-02-15T11:00:00+00:00,MOD-00811,60,54.74,-4.493,2.66,3.136,8.126,807.088,3.645,22.115,36.694
2025-02-15T06:00:00-05:00,2025-02-15T07:00:00-05:00,2025-02-15T11:00:00+00:00,2025-02-15T12:00:00+00:00,MOD-00811,60,57.73,-5.038,2.247,2.727,10.061,821.583,5.168,21.534,34.588
2025-02-15T07:00:00-05:00,2025-02-15T08:00:00-05:00,2025-02-15T12:00:00+00:00,2025-02-15T13:00:00+00:00,MOD-00811,60,55.002,-4.063,3.417,4.181,20.381,865.097,4.673,24.872,32.066
2025-02-15T08:00:00-05:00,2025-02-15T09:00:00-05:00,2025-02-15T13:00:00+00:00,2025-02-15T14:00:00+00:00,MOD-00811,60,43.857,-1.738,4.491,5.591,24.868,857.904,2.341,23.339,36.677
2025-02-15T09:00:00-05:00,2025-02-15T10:00:00-05:00,2025-02-15T14:00:00+00:00,2025-02-15T15:00:00+00:00,MOD-00811,60,33.445,1.52,3.766,5.053,38.972,800.192,2.809,18.949,39.765
2025-02-15T10:00:00-05:00,2025-02-15T11:00:00-05:00,2025-02-15T15:00:00+00:00,2025-02-15T16:00:00+00:00,MOD-00811,60,26.943,3.055,2.744,3.687,23.18,756.651,2.711,13.449,42.558
2025-02-15T11:00:00-05:00,2025-02-15T12:00:00-05:00,2025-02-15T16:00:00+00:00,2025-02-15T17:00:00+00:00,MOD-00811,60,24.723,3.598,1.859,2.322,11.747,722.032,2.674,10.714,45.955
2025-02-15T12:00:00-05:00,2025-02-15T13:00:00-05:00,2025-02-15T17:00:00+00:00,2025-02-15T18:00:00+00:00,MOD-00811,60,26.782,2.253,1.463,1.753,6.685,727.151,2.478,10.32,46.663
2025-02-15T13:00:00-05:00,2025-02-15T14:00:00-05:00,2025-02-15T18:00:00+00:00,2025-02-15T19:00:00+00:00,MOD-00811,60,33.54,1.283,2.857,3.233,11.153,752.011,2.692,16.718,43.422
2025-02-15T14:00:00-05:00,2025-02-15T15:00:00-05:00,2025-02-15T19:00:00+00:00,2025-02-15T20:00:00+00:00,MOD-00811,60,43.085,0.43,2.702,2.973,6.331,753.11,1.737,19.007,45.402
2025-02-15T15:00:00-05:00,2025-02-15T16:00:00-05:00,2025-02-15T20:00:00+00:00,2025-02-15T21:00:00+00:00,MOD-00811,60,47.677,0.073,3.05,3.335,8.365,745.927,2.63,18.416,45.755
2025-02-15T16:00:00-05:00,2025-02-15T17:00:00-05:00,2025-02-15T21:00:00+00:00,2025-02-15T22:00:00+00:00,MOD-00811,60,45.92,0.01,3.415,3.802,9.172,786.371,2.213,19.207,44.992
2025-02-15T17:00:00-05:00,2025-02-15T18:00:00-05:00,2025-02-15T22:00:00+00:00,2025-02-15T23:00:00+00:00,MOD-00811,60,63.355,-0.575,4.023,4.384,11.102,760.488,2.833,22.436,41.997
2025-02-15T18:00:00-05:00,2025-02-15T19:00:00-05:00,2025-02-15T23:00:00+00:00,2025-02-16T00:00:00+00:00,MOD-00811,60,81.088,-1.375,3.822,4.944,12.727,710.722,3.024,20.35,43.868
2025-02-15T19:00:00-05:00,2025-02-15T20:00:00-05:00,2025-02-16T00:00:00+00:00,2025-02-16T01:00:00+00:00,MOD-00811,60,82.857,-1.715,5.596,6.458,11.823,716.256,3.306,20.259,40.928
2025-02-15T20:00:00-05:00,2025-02-15T21:00:00-05:00,2025-02-16T01:00:00+00:00,2025-02-16T02:00:00+00:00,MOD-00811,60,83.532,-1.973,4.667,5.402,10.987,715.765,3.604,18.755,42.635
2025-02-15T21:00:00-05:00,2025-02-15T22:00:00-05:00,2025-02-16T02:00:00+00:00,2025-02-16T03:00:00+00:00,MOD-00811,60,83.978,-1.948,3.396,4.064,6.695,712.163,3.726,20.021,38.864
2025-02-15T22:00:00-05:00,2025-02-15T23:00:00-05:00,2025-02-16T03:00:00+00:00,2025-02-16T04:00:00+00:00,MOD-00811,60,83.287,-1.9,2.429,3.091,5.746,710.9,3.494,19.548,39.488
2025-02-15T23:00:00-05:00,2025-02-16T00:00:00-05:00,2025-02-16T04:00:00+00:00,2025-02-16T05:00:00+00:00,MOD-00811,60,83.55,-1.913,2.873,3.655,6.013,695.708,3.649,18.459,41.634
2025-02-16T00:00:00-05:00,2025-02-16T01:00:00-05:00,2025-02-16T05:00:00+00:00,2025-02-16T06:00:00+00:00,MOD-00811,60,84.675,-2.083,3.059,3.765,7.844,697.066,3.758,18.482,41.477
2025-02-16T01:00:00-05:00,2025-02-16T02:00:00-05:00,2025-02-16T06:00:00+00:00,2025-02-16T07:00:00+00:00,MOD-00811,60,85.867,-1.858,2.94,3.445,5.156,686.555,3.805,17.896,43.296
2025-02-16T02:00:00-05:00,2025-02-16T03:00:00-05:00,2025-02-16T07:00:00+00:00,2025-02-16T08:00:00+00:00,MOD-00811,60,86.658,-1.477,2.748,3.28,7.684,680.535,3.999,17.824,44.271
2025-02-16T03:00:00-05:00,2025-02-16T04:00:00-05:00,2025-02-16T08:00:00+00:00,2025-02-16T09:00:00+00:00,MOD-00811,60,86.972,-0.748,2.005,2.318,6.025,677.356,4.008,13.548,44.513
2025-02-16T04:00:00-05:00,2025-02-16T05:00:00-05:00,2025-02-16T09:00:00+00:00,2025-02-16T10:00:00+00:00,MOD-00811,60,87.287,0.145,0.875,1.078,4.123,669.243,3.871,8.236,44.895
2025-02-16T05:00:00-05:00,2025-02-16T06:00:00-05:00,2025-02-16T10:00:00+00:00,2025-02-16T11:00:00+00:00,MOD-00811,60,87.867,0.847,0.346,0.604,5.295,665.676,3.62,7.289,46.574
2025-02-16T06:00:00-05:00,2025-02-16T07:00:00-05:00,2025-02-16T11:00:00+00:00,2025-02-16T12:00:00+00:00,MOD-00811,60,88.023,1.237,0.279,0.543,4.733,664.076,3.684,7.29,44.295
2025-02-16T07:00:00-05:00,2025-02-16T08:00:00-05:00,2025-02-16T12:00:00+00:00,2025-02-16T13:00:00+00:00,MOD-00811,60,88.335,1.455,0.277,0.477,3.702,661.689,3.72,7.289,44.205
2025-02-16T08:00:00-05:00,2025-02-16T09:00:00-05:00,2025-02-16T13:00:00+00:00,2025-02-16T14:00:00+00:00,MOD-00811,60,88.837,1.568,0.241,0.54,6.007,663.932,3.766,7.289,46.091
2025-02-16T09:00:00-05:00,2025-02-16T10:00:00-05:00,2025-02-16T14:00:00+00:00,2025-02-16T15:00:00+00:00,MOD-00811,60,88.79,1.813,0.247,0.492,4.435,676.073,3.768,7.288,47.657
2025-02-16T10:00:00-05:00,2025-02-16T11:00:00-05:00,2025-02-16T15:00:00+00:00,2025-02-16T16:00:00+00:00,MOD-00811,60,89.818,1.998,0.368,0.982,14.162,675.57,3.813,7.288,46.811
2025-02-16T11:00:00-05:00,2025-02-16T12:00:00-05:00,2025-02-16T16:00:00+00:00,2025-02-16T17:00:00+00:00,MOD-00811,60,90.128,2.357,0.68,1.052,9.761,691.753,3.809,7.288,45.437
2025-02-16T12:00:00-05:00,2025-02-16T13:00:00-05:00,2025-02-16T17:00:00+00:00,2025-02-16T18:00:00+00:00,MOD-00811,60,91.385,2.667,0.671,2.2,41.91,695.69,3.776,7.287,44.762
2025-02-16T13:00:00-05:00,2025-02-16T14:00:00-05:00,2025-02-16T18:00:00+00:00,2025-02-16T19:00:00+00:00,MOD-00811,60,90.753,3.127,0.961,1.668,22.266,699.051,3.716,7.287,44.136
2025-02-16T14:00:00-05:00,2025-02-16T15:00:00-05:00,2025-02-16T19:00:00+00:00,2025-02-16T20:00:00+00:00,MOD-00811,60,90.993,3.183,1.092,3.395,66.053,699.338,3.669,7.287,43.989
2025-02-16T15:00:00-05:00,2025-02-16T16:00:00-05:00,2025-02-16T20:00:00+00:00,2025-02-16T21:00:00+00:00,MOD-00811,60,90.528,3.27,1.301,2.161,22.437,746.416,3.743,7.288,40.435
2025-02-16T16:00:00-05:00,2025-02-16T17:00:00-05:00,2025-02-16T21:00:00+00:00,2025-02-16T22:00:00+00:00,MOD-00811,60,90.122,3.4,1.301,1.722,9.479,717.932,3.775,8.261,40.221
2025-02-16T17:00:00-05:00,2025-02-16T18:00:00-05:00,2025-02-16T22:00:00+00:00,2025-02-16T23:00:00+00:00,MOD-00811,60,91.092,3.303,2.841,3.299,12.546,742.255,3.702,7.435,35.403
2025-02-16T18:00:00-05:00,2025-02-16T19:00:00-05:00,2025-02-16T23:00:00+00:00,2025-02-17T00:00:00+00:00,MOD-00811,60,91.335,3.265,3.999,5.485,36.872,767.684,3.67,7.288,37.794
2025-02-16T19:00:00-05:00,2025-02-16T20:00:00-05:00,2025-02-17T00:00:00+00:00,2025-02-17T01:00:00+00:00,MOD-00811,60,91.57,3.26,4.16,6.348,46.536,853.609,3.68,10.375,31.816
2025-02-16T20:00:00-05:00,2025-02-16T21:00:00-05:00,2025-02-17T01:00:00+00:00,2025-02-17T02:00:00+00:00,MOD-00811,60,90.568,3.35,3.497,4.165,20.331,985.609,3.75,9.803,24.6
2025-02-16T21:00:00-05:00,2025-02-16T22:00:00-05:00,2025-02-17T02:00:00+00:00,2025-02-17T03:00:00+00:00,MOD-00811,60,86.605,5.182,1.363,1.45,3.665,761.659,2.956,7.207,36.75
2025-02-16T22:00:00-05:00,2025-02-16T23:00:00-05:00,2025-02-17T03:00:00+00:00,2025-02-17T04:00:00+00:00,MOD-00811,60,78.852,4.468,0.936,0.99,1.385,719.487,1.807,9.476,40.44
2025-02-16T23:00:00-05:00,2025-02-17T00:00:00-05:00,2025-02-17T04:00:00+00:00,2025-02-17T05:00:00+00:00,MOD-00811,60,71.903,3.74,1.027,1.054,2.145,715.083,1.788,11.83,41.705
2025-02-17T00:00:00-05:00,2025-02-17T01:00:00-05:00,2025-02-17T05:00:00+00:00,2025-02-17T06:00:00+00:00,MOD-00811,60,56.67,2.413,1.674,1.711,2.245,706.68,2.37,8.125,45.588
2025-02-17T01:00:00-05:00,2025-02-17T02:00:00-05:00,2025-02-17T06:00:00+00:00,2025-02-17T07:00:00+00:00,MOD-00811,60,54.065,1.102,2.113,2.231,4.546,709.899,2.421,10.663,45.482
2025-02-17T02:00:00-05:00,2025-02-17T03:00:00-05:00,2025-02-17T07:00:00+00:00,2025-02-17T08:00:00+00:00,MOD-00811,60,57.117,0.558,2.248,2.338,2.925,715.171,1.916,10.473,44.636
2025-02-17T03:00:00-05:00,2025-02-17T04:00:00-05:00,2025-02-17T08:00:00+00:00,2025-02-17T09:00:00+00:00,MOD-00811,60,54.708,-0.057,3.411,3.526,6.573,715.895,2.337,9.988,45.939
2025-02-17T04:00:00-05:00,2025-02-17T05:00:00-05:00,2025-02-17T09:00:00+00:00,2025-02-17T10:00:00+00:00,MOD-00811,60,52.595,-1.012,3.463,3.588,6.012,714.436,2.821,15.64,45.251
2025-02-17T05:00:00-05:00,2025-02-17T06:00:00-05:00,2025-02-17T10:00:00+00:00,2025-02-17T11:00:00+00:00,MOD-00811,60,55.928,-1.25,3.873,3.986,5.203,739.445,2.43,17.543,43.372
2025-02-17T06:00:00-05:00,2025-02-17T07:00:00-05:00,2025-02-17T11:00:00+00:00,2025-02-17T12:00:00+00:00,MOD-00811,60,50.877,-1.237,4.243,4.427,7.088,723.589,2.744,13.728,46.042
2025-02-17T07:00:00-05:00,2025-02-17T08:00:00-05:00,2025-02-17T12:00:00+00:00,2025-02-17T13:00:00+00:00,MOD-00811,60,45.817,-1.663,5.058,5.341,9.746,715.002,2.366,10.343,46.836
2025-02-17T08:00:00-05:00,2025-02-17T09:00:00-05:00,2025-02-17T13:00:00+00:00,2025-02-17T14:00:00+00:00,MOD-00811,60,38.328,-1.155,3.694,4.071,18.484,711.167,2.117,7.744,48.207
2025-02-17T09:00:00-05:00,2025-02-17T10:00:00-05:00,2025-02-17T14:00:00+00:00,2025-02-17T15:00:00+00:00,MOD-00811,60,38.812,-0.468,3.119,3.543,7.74,712.379,1.877,8.693,48.545
2025-02-17T10:00:00-05:00,2025-02-17T11:00:00-05:00,2025-02-17T15:00:00+00:00,2025-02-17T16:00:00+00:00,MOD-00811,60,39.195,-0.175,3.186,3.516,10.211,715.461,1.805,9.814,48.412
2025-02-17T11:00:00-05:00,2025-02-17T12:00:00-05:00,2025-02-17T16:00:00+00:00,2025-02-17T17:00:00+00:00,MOD-00811,60,38.178,-0.098,2.679,3.031,15.158,712.305,1.911,10.14,49.436
2025-02-17T12:00:00-05:00,2025-02-17T13:00:00-05:00,2025-02-17T17:00:00+00:00,2025-02-17T18:00:00+00:00,MOD-00811,60,36.938,-0.16,2.079,2.505,11.76,712.954,2.009,11.564,50.084
2025-02-17T13:00:00-05:00,2025-02-17T14:00:00-05:00,2025-02-17T18:00:00+00:00,2025-02-17T19:00:00+00:00,MOD-00811,60,38.585,-0.002,2.423,2.807,12.261,714.994,1.82,11.564,50.017
2025-02-17T14:00:00-05:00,2025-02-17T15:00:00-05:00,2025-02-17T19:00:00+00:00,2025-02-17T20:00:00+00:00,MOD-00811,60,34.892,0.663,3.234,3.613,9.546,719.361,1.906,11.499,49.389
2025-02-17T15:00:00-05:00,2025-02-17T16:00:00-05:00,2025-02-17T20:00:00+00:00,2025-02-17T21:00:00+00:00,MOD-00811,60,36.327,0.187,3.507,3.847,8.449,729.643,1.946,12.005,48.946
2025-02-17T16:00:00-05:00,2025-02-17T17:00:00-05:00,2025-02-17T21:00:00+00:00,2025-02-17T22:00:00+00:00,MOD-00811,60,36.955,0.03,3.672,3.894,7.925,753.514,1.906,12.912,47.843
2025-02-17T17:00:00-05:00,2025-02-17T18:00:00-05:00,2025-02-17T22:00:00+00:00,2025-02-17T23:00:00+00:00,MOD-00811,60,37.947,-0.948,4.339,4.505,11.301,760.251,1.905,9.599,46.962
2025-02-17T18:00:00-05:00,2025-02-17T19:00:00-05:00,2025-02-17T23:00:00+00:00,2025-02-18T00:00:00+00:00,MOD-00811,60,35.355,-1.498,3.446,3.599,4.551,770.345,1.995,12.676,46.502
2025-02-17T19:00:00-05:00,2025-02-17T20:00:00-05:00,2025-02-18T00:00:00+00:00,2025-02-18T01:00:00+00:00,MOD-00811,60,37.44,-2.19,2.321,2.454,3.509,766.77,2.089,7.188,45.896
2025-02-17T20:00:00-05:00,2025-02-17T21:00:00-05:00,2025-02-18T01:00:00+00:00,2025-02-18T02:00:00+00:00,MOD-00811,60,36.808,-2.867,2.379,2.494,5.544,754.077,2.028,10.854,47.681
2025-02-17T21:00:00-05:00,2025-02-17T22:00:00-05:00,2025-02-18T02:00:00+00:00,2025-02-18T03:00:00+00:00,MOD-00811,60,35.763,-3.613,2.984,3.116,4.184,743.196,2.098,12.279,48.36
2025-02-17T22:00:00-05:00,2025-02-17T23:00:00-05:00,2025-02-18T03:00:00+00:00,2025-02-18T04:00:00+00:00,MOD-00811,60,36.092,-4.16,3.515,3.636,4.123,738.5,2.045,11.184,48.251
2025-02-17T23:00:00-05:00,2025-02-18T00:00:00-05:00,2025-02-18T04:00:00+00:00,2025-02-18T05:00:00+00:00,MOD-00811,60,34.098,-4.705,3.37,3.539,4.028,740.23,2.285,9.625,47.49
2025-02-18T00:00:00-05:00,2025-02-18T01:00:00-05:00,2025-02-18T05:00:00+00:00,2025-02-18T06:00:00+00:00,MOD-00811,60,34.197,-5.057,3.959,4.113,6.565,729.409,2.304,8.579,47.407
2025-02-18T01:00:00-05:00,2025-02-18T02:00:00-05:00,2025-02-18T06:00:00+00:00,2025-02-18T07:00:00+00:00,MOD-00811,60,33.633,-5.257,4.184,4.308,4.831,728.389,2.344,8.292,46.954
2025-02-18T02:00:00-05:00,2025-02-18T03:00:00-05:00,2025-02-18T07:00:00+00:00,2025-02-18T08:00:00+00:00,MOD-00811,60,32.523,-5.463,3.341,3.45,4.066,727.969,2.579,7.87,46.568
2025-02-18T03:00:00-05:00,2025-02-18T04:00:00-05:00,2025-02-18T08:00:00+00:00,2025-02-18T09:00:00+00:00,MOD-00811,60,32.847,-5.785,3.273,3.345,6.332,728.062,2.551,7.73,46.236
2025-02-18T04:00:00-05:00,2025-02-18T05:00:00-05:00,2025-02-18T09:00:00+00:00,2025-02-18T10:00:00+00:00,MOD-00811,60,33.258,-6.112,2.445,2.681,11.201,731.899,2.431,8.02,45.494
2025-02-18T05:00:00-05:00,2025-02-18T06:00:00-05:00,2025-02-18T10:00:00+00:00,2025-02-18T11:00:00+00:00,MOD-00811,60,34.693,-6.422,2.842,2.961,4.481,736.785,2.257,10.96,44.16
2025-02-18T06:00:00-05:00,2025-02-18T07:00:00-05:00,2025-02-18T11:00:00+00:00,2025-02-18T12:00:00+00:00,MOD-00811,60,36.04,-6.693,3.334,3.486,7.226,746.831,2.187,10.06,43.939
2025-02-18T07:00:00-05:00,2025-02-18T08:00:00-05:00,2025-02-18T12:00:00+00:00,2025-02-18T13:00:00+00:00,MOD-00811,60,34.855,-6.055,4.095,4.296,5.05,753.274,2.3,10.312,42.641
2025-02-18T08:00:00-05:00,2025-02-18T09:00:00-05:00,2025-02-18T13:00:00+00:00,2025-02-18T14:00:00+00:00,MOD-00811,60,34.078,-5.368,3.447,3.669,5.858,749.244,2.372,8.772,43.894
2025-02-18T09:00:00-05:00,2025-02-18T10:00:00-05:00,2025-02-18T14:00:00+00:00,2025-02-18T15:00:00+00:00,MOD-00811,60,33.328,-4.827,3.376,3.602,8.819,746.331,2.442,8.629,44.193
2025-02-18T10:00:00-05:00,2025-02-18T11:00:00-05:00,2025-02-18T15:00:00+00:00,2025-02-18T16:00:00+00:00,MOD-00811,60,32.628,-4.298,4.254,4.537,10.97,744.313,2.687,10.167,44.024
2025-02-18T11:00:00-05:00,2025-02-18T12:00:00-05:00,2025-02-18T16:00:00+00:00,2025-02-18T17:00:00+00:00,MOD-00811,60,32.028,-3.187,3.438,3.766,7.403,748.977,2.746,9.628,44.148
2025-02-18T12:00:00-05:00,2025-02-18T13:00:00-05:00,2025-02-18T17:00:00+00:00,2025-02-18T18:00:00+00:00,MOD-00811,60,31.853,-2.582,2.859,3.124,6.216,743.966,2.806,8.901,44.875
2025-02-18T13:00:00-05:00,2025-02-18T14:00:00-05:00,2025-02-18T18:00:00+00:00,2025-02-18T19:00:00+00:00,MOD-00811,60,31.827,-2.258,2.702,2.904,10.264,739.552,2.667,9.325,45.941
2025-02-18T14:00:00-05:00,2025-02-18T15:00:00-05:00,2025-02-18T19:00:00+00:00,2025-02-18T20:00:00+00:00,MOD-00811,60,32.243,-2.123,2.498,2.706,5.409,740.476,2.483,9.309,46.93
2025-02-18T15:00:00-05:00,2025-02-18T16:00:00-05:00,2025-02-18T20:00:00+00:00,2025-02-18T21:00:00+00:00,MOD-00811,60,32.775,-1.818,2.116,2.289,3.509,744.129,2.239,10.683,46.695
2025-02-18T16:00:00-05:00,2025-02-18T17:00:00-05:00,2025-02-18T21:00:00+00:00,2025-02-18T22:00:00+00:00,MOD-00811,60,34.125,-2.305,2.207,2.357,2.603,744.321,2.068,12.559,46.286
2025-02-18T17:00:00-05:00,2025-02-18T18:00:00-05:00,2025-02-18T22:00:00+00:00,2025-02-18T23:00:00+00:00,MOD-00811,60,37.315,-3.987,2.349,2.513,3.445,742.621,1.944,12.537,45.282
2025-02-18T18:00:00-05:00,2025-02-18T19:00:00-05:00,2025-02-18T23:00:00+00:00,2025-02-19T00:00:00+00:00,MOD-00811,60,40.392,-4.458,2.328,2.471,3.108,744.121,1.845,11.305,44.56
2025-02-18T19:00:00-05:00,2025-02-18T20:00:00-05:00,2025-02-19T00:00:00+00:00,2025-02-19T01:00:00+00:00,MOD-00811,60,41.457,-4.772,2.007,2.118,2.901,736.513,1.86,14.385,44.725
2025-02-18T20:00:00-05:00,2025-02-18T21:00:00-05:00,2025-02-19T01:00:00+00:00,2025-02-19T02:00:00+00:00,MOD-00811,60,41.797,-4.983,2.076,2.181,2.782,738.144,1.883,16.161,44.299
2025-02-18T21:00:00-05:00,2025-02-18T22:00:00-05:00,2025-02-19T02:00:00+00:00,2025-02-19T03:00:00+00:00,MOD-00811,60,41.993,-5.118,2.619,2.741,3.263,737.496,1.886,15.804,43.639
2025-02-18T22:00:00-05:00,2025-02-18T23:00:00-05:00,2025-02-19T03:00:00+00:00,2025-02-19T04:00:00+00:00,MOD-00811,60,42.913,-5.327,3.963,4.097,4.533,736.365,1.918,17.911,43.566
2025-02-18T23:00:00-05:00,2025-02-19T00:00:00-05:00,2025-02-19T04:00:00+00:00,2025-02-19T05:00:00+00:00,MOD-00811,60,44.555,-5.658,5.434,5.609,8.077,734.663,2.068,16.245,43.24
2025-02-19T00:00:00-05:00,2025-02-19T01:00:00-05:00,2025-02-19T05:00:00+00:00,2025-02-19T06:00:00+00:00,MOD-00811,60,46.383,-5.998,2.177,2.393,6.619,733.565,2.493,17.294,43.107
2025-02-19T01:00:00-05:00,2025-02-19T02:00:00-05:00,2025-02-19T06:00:00+00:00,2025-02-19T07:00:00+00:00,MOD-00811,60,47.585,-6.07,1.924,2.161,6.511,730.589,2.742,18.313,42.384
2025-02-19T02:00:00-05:00,2025-02-19T03:00:00-05:00,2025-02-19T07:00:00+00:00,2025-02-19T08:00:00+00:00,MOD-00811,60,48.788,-6.23,1.722,1.961,5.61,735.391,2.908,16.205,42.228
2025-02-19T03:00:00-05:00,2025-02-19T04:00:00-05:00,2025-02-19T08:00:00+00:00,2025-02-19T09:00:00+00:00,MOD-00811,60,50.62,-6.617,1.666,1.906,5.619,727.241,3.14,15.614,41.539
2025-02-19T04:00:00-05:00,2025-02-19T05:00:00-05:00,2025-02-19T09:00:00+00:00,2025-02-19T10:00:00+00:00,MOD-00811,60,51.507,-6.727,1.592,1.896,10.574,742.77,3.223,14.817,40.608
2025-02-19T05:00:00-05:00,2025-02-19T06:00:00-05:00,2025-02-19T10:00:00+00:00,2025-02-19T11:00:00+00:00,MOD-00811,60,50.137,-6.412,1.465,1.656,3.499,745.109,3.12,16.605,40.452
2025-02-19T06:00:00-05:00,2025-02-19T07:00:00-05:00,2025-02-19T11:00:00+00:00,2025-02-19T12:00:00+00:00,MOD-00811,60,49.432,-6.39,1.291,1.513,4.6,758.359,3.232,17.558,39.034
2025-02-19T07:00:00-05:00,2025-02-19T08:00:00-05:00,2025-02-19T12:00:00+00:00,2025-02-19T13:00:00+00:00,MOD-00811,60,45.038,-5.333,1.631,1.962,5.361,771.773,3.892,19.291,38.564
2025-02-19T08:00:00-05:00,2025-02-19T09:00:00-05:00,2025-02-19T13:00:00+00:00,2025-02-19T14:00:00+00:00,MOD-00811,60,37.31,-4.105,2.318,2.549,4.589,759.656,1.998,12.076,42.517
2025-02-19T09:00:00-05:00,2025-02-19T10:00:00-05:00,2025-02-19T14:00:00+00:00,2025-02-19T15:00:00+00:00,MOD-00811,60,33.568,-2.877,1.438,1.919,9.269,757.482,2.516,11.563,42.198
2025-02-19T10:00:00-05:00,2025-02-19T11:00:00-05:00,2025-02-19T15:00:00+00:00,2025-02-19T16:00:00+00:00,MOD-00811,60,32.22,-1.902,1.655,1.912,4.866,752.896,2.598,10.209,42.86
2025-02-19T11:00:00-05:00,2025-02-19T12:00:00-05:00,2025-02-19T16:00:00+00:00,2025-02-19T17:00:00+00:00,MOD-00811,60,31.038,-0.373,1.499,1.951,9.11,745.321,2.466,11.619,42.627
2025-02-19T12:00:00-05:00,2025-02-19T13:00:00-05:00,2025-02-19T17:00:00+00:00,2025-02-19T18:00:00+00:00,MOD-00811,60,30.638,0.835,1.733,2.099,9.742,746.588,2.236,11.876,43.754
2025-02-19T13:00:00-05:00,2025-02-19T14:00:00-05:00,2025-02-19T18:00:00+00:00,2025-02-19T19:00:00+00:00,MOD-00811,60,30.23,1.833,1.677,2.016,10.45,746.074,2.113,12.017,44.307
2025-02-19T14:00:00-05:00,2025-02-19T15:00:00-05:00,2025-02-19T19:00:00+00:00,2025-02-19T20:00:00+00:00,MOD-00811,60,29.977,2.475,1.364,1.793,11.122,748.924,2.25,13.017,44.145
2025-02-19T15:00:00-05:00,2025-02-19T16:00:00-05:00,2025-02-19T20:00:00+00:00,2025-02-19T21:00:00+00:00,MOD-00811,60,30.367,2.748,1.395,1.798,6.314,763.693,2.117,14.168,44.011
2025-02-19T16:00:00-05:00,2025-02-19T17:00:00-05:00,2025-02-19T21:00:00+00:00,2025-02-19T22:00:00+00:00,MOD-00811,60,32.852,1.55,1.52,1.864,4.256,756.571,2.008,11.674,44.648
2025-02-19T17:00:00-05:00,2025-02-19T18:00:00-05:00,2025-02-19T22:00:00+00:00,2025-02-19T23:00:00+00:00,MOD-00811,60,37.778,-0.452,1.629,2.077,6.362,779.811,1.95,17.645,41.523
2025-02-19T18:00:00-05:00,2025-02-19T19:00:00-05:00,2025-02-19T23:00:00+00:00,2025-02-20T00:00:00+00:00,MOD-00811,60,41.123,-1.363,1.726,2.183,6.982,794.165,1.8,20.579,39.959
2025-02-19T19:00:00-05:00,2025-02-19T20:00:00-05:00,2025-02-20T00:00:00+00:00,2025-02-20T01:00:00+00:00,MOD-00811,60,43.163,-2.093,2.003,2.455,6.176,781.734,1.907,20.45,39.637
2025-02-19T20:00:00-05:00,2025-02-19T21:00:00-05:00,2025-02-20T01:00:00+00:00,2025-02-20T02:00:00+00:00,MOD-00811,60,45.252,-2.795,1.895,2.339,5.242,780.561,2.219,20.209,39.258
2025-02-19T21:00:00-05:00,2025-02-19T22:00:00-05:00,2025-02-20T02:00:00+00:00,2025-02-20T03:00:00+00:00,MOD-00811,60,46.472,-3.353,2.01,2.509,6.689,782.04,2.162,19.627,39.539
2025-02-19T22:00:00-05:00,2025-02-19T23:00:00-05:00,2025-02-20T03:00:00+00:00,2025-02-20T04:00:00+00:00,MOD-00811,60,48.252,-4.145,1.936,2.421,5.497,768.304,2.469,19.249,39.364
2025-02-19T23:00:00-05:00,2025-02-20T00:00:00-05:00,2025-02-20T04:00:00+00:00,2025-02-20T05:00:00+00:00,MOD-00811,60,51.133,-4.892,2.132,2.771,7.701,768.832,3.175,20.045,37.534
2025-02-20T00:00:00-05:00,2025-02-20T01:00:00-05:00,2025-02-20T05:00:00+00:00,2025-02-20T06:00:00+00:00,MOD-00811,60,53.535,-5.345,3.11,3.744,6.947,767.273,3.547,19.703,37.349
2025-02-20T01:00:00-05:00,2025-02-20T02:00:00-05:00,2025-02-20T06:00:00+00:00,2025-02-20T07:00:00+00:00,MOD-00811,60,55.7,-5.872,2.503,3.021,5.583,762.095,3.35,16.061,38.264
2025-02-20T02:00:00-05:00,2025-02-20T03:00:00-05:00,2025-02-20T07:00:00+00:00,2025-02-20T08:00:00+00:00,MOD-00811,60,57.58,-6.367,2.049,2.534,4.676,764.741,3.39,18.791,37.583
2025-02-20T03:00:00-05:00,2025-02-20T04:00:00-05:00,2025-02-20T08:00:00+00:00,2025-02-20T09:00:00+00:00,MOD-00811,60,58.457,-6.692,2.505,3.025,5.206,772.895,3.633,19.138,36.723
2025-02-20T04:00:00-05:00,2025-02-20T05:00:00-05:00,2025-02-20T09:00:00+00:00,2025-02-20T10:00:00+00:00,MOD-00811,60,59.915,-7.185,3.806,4.381,7.787,782.301,4.843,19.625,35.494
2025-02-20T05:00:00-05:00,2025-02-20T06:00:00-05:00,2025-02-20T10:00:00+00:00,2025-02-20T11:00:00+00:00,MOD-00811,60,60.097,-7.467,6.194,6.852,10.105,809.201,5.634,20.753,33.109
2025-02-20T06:00:00-05:00,2025-02-20T07:00:00-05:00,2025-02-20T11:00:00+00:00,2025-02-20T12:00:00+00:00,MOD-00811,60,59.908,-7.7,10.319,11.367,24.352,849.066,9.532,25.493,24.63
2025-02-20T07:00:00-05:00,2025-02-20T08:00:00-05:00,2025-02-20T12:00:00+00:00,2025-02-20T13:00:00+00:00,MOD-00811,60,56.838,-7.055,4.461,5.785,23.032,903.858,9.896,26.572,23.046
2025-02-20T08:00:00-05:00,2025-02-20T09:00:00-05:00,2025-02-20T13:00:00+00:00,2025-02-20T14:00:00+00:00,MOD-00811,60,45.273,-4.388,4.572,5.789,22.678,824.761,5.256,24.803,28.64
2025-02-20T09:00:00-05:00,2025-02-20T10:00:00-05:00,2025-02-20T14:00:00+00:00,2025-02-20T15:00:00+00:00,MOD-00811,60,39.762,-2.305,3.322,4.794,32.429,835.036,4.593,24.102,30.37
2025-02-20T10:00:00-05:00,2025-02-20T11:00:00-05:00,2025-02-20T15:00:00+00:00,2025-02-20T16:00:00+00:00,MOD-00811,60,34.767,0.857,3.159,4.602,24.471,763.678,2.306,19.403,36.873
2025-02-20T11:00:00-05:00,2025-02-20T12:00:00-05:00,2025-02-20T16:00:00+00:00,2025-02-20T17:00:00+00:00,MOD-00811,60,30.117,4.34,2.634,3.616,23.455,745.789,2.791,14.378,37.68
2025-02-20T12:00:00-05:00,2025-02-20T13:00:00-05:00,2025-02-20T17:00:00+00:00,2025-02-20T18:00:00+00:00,MOD-00811,60,33.327,4.728,2.959,4.115,23.115,738.961,2.985,18.194,36.651
2025-02-20T13:00:00-05:00,2025-02-20T14:00:00-05:00,2025-02-20T18:00:00+00:00,2025-02-20T19:00:00+00:00,MOD-00811,60,40.44,3.31,2.651,3.785,21.163,728.273,1.973,18.881,37.749
2025-02-20T14:00:00-05:00,2025-02-20T15:00:00-05:00,2025-02-20T19:00:00+00:00,2025-02-20T20:00:00+00:00,MOD-00811,60,47.722,1.427,2.219,3.408,20.417,727.644,2.478,21.104,37.151
2025-02-20T15:00:00-05:00,2025-02-20T16:00:00-05:00,2025-02-20T20:00:00+00:00,2025-02-20T21:00:00+00:00,MOD-00811,60,52.458,0.752,2.537,3.774,22.252,753.15,3.073,22.231,34.812
2025-02-20T16:00:00-05:00,2025-02-20T17:00:00-05:00,2025-02-20T21:00:00+00:00,2025-02-20T22:00:00+00:00,MOD-00811,60,55.267,-0.018,2.437,3.481,18.767,742.107,2.201,21.287,35.784
2025-02-20T17:00:00-05:00,2025-02-20T18:00:00-05:00,2025-02-20T22:00:00+00:00,2025-02-20T23:00:00+00:00,MOD-00811,60,56.11,-0.318,2.134,3.379,18.998,792.956,2.069,21.838,34.334
2025-02-20T18:00:00-05:00,2025-02-20T19:00:00-05:00,2025-02-20T23:00:00+00:00,2025-02-21T00:00:00+00:00,MOD-00811,60,57.837,-0.498,1.83,2.898,16.866,833.442,2.051,23.138,31.522
2025-02-20T19:00:00-05:00,2025-02-20T20:00:00-05:00,2025-02-21T00:00:00+00:00,2025-02-21T01:00:00+00:00,MOD-00811,60,57.387,-0.6,1.916,3.015,17.235,850.825,1.98,22.17,32.508
2025-02-20T20:00:00-05:00,2025-02-20T21:00:00-05:00,2025-02-21T01:00:00+00:00,2025-02-21T02:00:00+00:00,MOD-00811,60,57.335,-0.632,2.326,3.388,15.783,852.914,1.943,22.482,31.432
2025-02-20T21:00:00-05:00,2025-02-20T22:00:00-05:00,2025-02-21T02:00:00+00:00,2025-02-21T03:00:00+00:00,MOD-00811,60,50.858,-0.692,3.362,4.038,9.342,800.005,2.443,17.286,36.878
2025-02-20T22:00:00-05:00,2025-02-20T23:00:00-05:00,2025-02-21T03:00:00+00:00,2025-02-21T04:00:00+00:00,MOD-00811,60,43.927,-0.897,2.215,2.565,4.629,746.735,1.919,10.954,41.3
2025-02-20T23:00:00-05:00,2025-02-21T00:00:00-05:00,2025-02-21T04:00:00+00:00,2025-02-21T05:00:00+00:00,MOD-00811,60,45.68,-1.457,1.484,1.729,5.498,745.823,2.242,10.573,41.62
2025-02-21T00:00:00-05:00,2025-02-21T01:00:00-05:00,2025-02-21T05:00:00+00:00,2025-02-21T06:00:00+00:00,MOD-00811,60,48.153,-2.007,1.477,1.777,3.754,721.175,2.718,13.09,41.398
2025-02-21T01:00:00-05:00,2025-02-21T02:00:00-05:00,2025-02-21T06:00:00+00:00,2025-02-21T07:00:00+00:00,MOD-00811,60,50.768,-2.538,1.626,1.879,2.67,717.39,2.902,10.536,41.798
2025-02-21T02:00:00-05:00,2025-02-21T03:00:00-05:00,2025-02-21T07:00:00+00:00,2025-02-21T08:00:00+00:00,MOD-00811,60,54.258,-3.422,1.787,2.087,2.765,714.067,2.817,13.831,41.037
2025-02-21T03:00:00-05:00,2025-02-21T04:00:00-05:00,2025-02-21T08:00:00+00:00,2025-02-21T09:00:00+00:00,MOD-00811,60,55.467,-3.933,1.955,2.301,3.545,718.636,2.732,10.698,40.444
2025-02-21T04:00:00-05:00,2025-02-21T05:00:00-05:00,2025-02-21T09:00:00+00:00,2025-02-21T10:00:00+00:00,MOD-00811,60,54.692,-4.302,2.07,2.445,5.258,724.461,2.786,16.997,39.535
2025-02-21T05:00:00-05:00,2025-02-21T06:00:00-05:00,2025-02-21T10:00:00+00:00,2025-02-21T11:00:00+00:00,MOD-00811,60,54.737,-4.517,2.028,2.381,3.85,736.67,3.003,18.363,38.178
2025-02-21T06:00:00-05:00,2025-02-21T07:00:00-05:00,2025-02-21T11:00:00+00:00,2025-02-21T12:00:00+00:00,MOD-00811,60,55.123,-4.727,2.25,2.591,4.814,744.433,3.132,17.928,38.447
2025-02-21T07:00:00-05:00,2025-02-21T08:00:00-05:00,2025-02-21T12:00:00+00:00,2025-02-21T13:00:00+00:00,MOD-00811,60,51.027,-3.813,4.013,4.37,6.857,757.154,3.003,18.047,38.005
2025-02-21T08:00:00-05:00,2025-02-21T09:00:00-05:00,2025-02-21T13:00:00+00:00,2025-02-21T14:00:00+00:00,MOD-00811,60,44.595,-2.158,1.98,2.513,10.298,753.998,2.741,17.561,37.047
2025-02-21T09:00:00-05:00,2025-02-21T10:00:00-05:00,2025-02-21T14:00:00+00:00,2025-02-21T15:00:00+00:00,MOD-00811,60,39.62,-0.167,1.965,2.679,14.237,754.044,2.528,16.764,37.745
2025-02-21T10:00:00-05:00,2025-02-21T11:00:00-05:00,2025-02-21T15:00:00+00:00,2025-02-21T16:00:00+00:00,MOD-00811,60,35.568,1.445,1.565,2.018,10.736,748.165,3.098,12.68,40.883
2025-02-21T11:00:00-05:00,2025-02-21T12:00:00-05:00,2025-02-21T16:00:00+00:00,2025-02-21T17:00:00+00:00,MOD-00811,60,33.473,2.213,1.29,1.796,11.461,743.819,3.112,14.178,42.19
2025-02-21T12:00:00-05:00,2025-02-21T13:00:00-05:00,2025-02-21T17:00:00+00:00,2025-02-21T18:00:00+00:00,MOD-00811,60,31.24,3.178,1.39,2.01,16.593,752.399,2.505,15.14,42.627
2025-02-21T13:00:00-05:00,2025-02-21T14:00:00-05:00,2025-02-21T18:00:00+00:00,2025-02-21T19:00:00+00:00,MOD-00811,60,29.735,4.01,1.275,1.83,11.162,731.924,2.434,13.794,43.845
2025-02-21T14:00:00-05:00,2025-02-21T15:00:00-05:00,2025-02-21T19:00:00+00:00,2025-02-21T20:00:00+00:00,MOD-00811,60,29.913,4.393,1.265,1.614,7.38,729.598,2.223,11.681,45.746
2025-02-21T15:00:00-05:00,2025-02-21T16:00:00-05:00,2025-02-21T20:00:00+00:00,2025-02-21T21:00:00+00:00,MOD-00811,60,28.722,3.997,1.423,1.742,6.285,732.746,1.955,9.8,46.545
2025-02-21T16:00:00-05:00,2025-02-21T17:00:00-05:00,2025-02-21T21:00:00+00:00,2025-02-21T22:00:00+00:00,MOD-00811,60,29.208,3.21,1.337,1.617,4.609,740.664,2.062,11.031,46.423
2025-02-21T17:00:00-05:00,2025-02-21T18:00:00-05:00,2025-02-21T22:00:00+00:00,2025-02-21T23:00:00+00:00,MOD-00811,60,31.872,1.657,1.115,1.505,5.56,749.192,2.115,12.821,44.535
2025-02-21T18:00:00-05:00,2025-02-21T19:00:00-05:00,2025-02-21T23:00:00+00:00,2025-02-22T00:00:00+00:00,MOD-00811,60,32.018,0.562,0.946,1.307,6.896,765.168,2.259,17.108,43.613
2025-02-21T19:00:00-05:00,2025-02-21T20:00:00-05:00,2025-02-22T00:00:00+00:00,2025-02-22T01:00:00+00:00,MOD-00811,60,36.518,-0.027,0.993,1.308,6.746,736.707,1.953,16.565,44.978
2025-02-21T20:00:00-05:00,2025-02-21T21:00:00-05:00,2025-02-22T01:00:00+00:00,2025-02-22T02:00:00+00:00,MOD-00811,60,40.763,-0.752,1.116,1.416,5.528,731.507,1.74,15.344,44.933
2025-02-21T21:00:00-05:00,2025-02-21T22:00:00-05:00,2025-02-22T02:00:00+00:00,2025-02-22T03:00:00+00:00,MOD-00811,60,45.233,-1.733,2.427,2.735,3.852,736.153,2.192,14.704,43.369
2025-02-21T22:00:00-05:00,2025-02-21T23:00:00-05:00,2025-02-22T03:00:00+00:00,2025-02-22T04:00:00+00:00,MOD-00811,60,48.085,-2.798,2.282,2.577,3.798,735.921,2.527,18.41,43.091
2025-02-21T23:00:00-05:00,2025-02-22T00:00:00-05:00,2025-02-22T04:00:00+00:00,2025-02-22T05:00:00+00:00,MOD-00811,60,49.61,-3.655,2.36,2.699,4.748,727.064,2.63,17.875,43.978
2025-02-22T00:00:00-05:00,2025-02-22T01:00:00-05:00,2025-02-22T05:00:00+00:00,2025-02-22T06:00:00+00:00,MOD-00811,60,51.31,-4.428,2.019,2.349,3.408,730.003,3.126,17.01,43.834
2025-02-22T01:00:00-05:00,2025-02-22T02:00:00-05:00,2025-02-22T06:00:00+00:00,2025-02-22T07:00:00+00:00,MOD-00811,60,52.208,-5.093,1.726,2.174,4.046,727.477,3.362,17.831,44.242
2025-02-22T02:00:00-05:00,2025-02-22T03:00:00-05:00,2025-02-22T07:00:00+00:00,2025-02-22T08:00:00+00:00,MOD-00811,60,53.22,-5.578,1.863,2.218,4.649,726.769,3.331,17.721,44.377
2025-02-22T03:00:00-05:00,2025-02-22T04:00:00-05:00,2025-02-22T08:00:00+00:00,2025-02-22T09:00:00+00:00,MOD-00811,60,54.397,-6.053,1.539,1.854,3.784,721.863,3.384,17.586,44.545
2025-02-22T04:00:00-05:00,2025-02-22T05:00:00-05:00,2025-02-22T09:00:00+00:00,2025-02-22T10:00:00+00:00,MOD-00811,60,53.878,-6.403,1.415,1.728,3.046,722.592,3.296,17.543,44.385
2025-02-22T05:00:00-05:00,2025-02-22T06:00:00-05:00,2025-02-22T10:00:00+00:00,2025-02-22T11:00:00+00:00,MOD-00811,60,53.092,-6.512,1.447,1.741,3.629,735.048,3.177,18.01,43.409
2025-02-22T06:00:00-05:00,2025-02-22T07:00:00-05:00,2025-02-22T11:00:00+00:00,2025-02-22T12:00:00+00:00,MOD-00811,60,54.182,-6.392,1.368,1.689,6.036,751.665,6.47,20.76,38.453
2025-02-22T07:00:00-05:00,2025-02-22T08:00:00-05:00,2025-02-22T12:00:00+00:00,2025-02-22T13:00:00+00:00,MOD-00811,60,50.7,-5.34,1.501,1.895,6.668,758.454,3.838,19.754,40.69
2025-02-22T08:00:00-05:00,2025-02-22T09:00:00-05:00,2025-02-22T13:00:00+00:00,2025-02-22T14:00:00+00:00,MOD-00811,60,47.198,-4.438,1.662,2.146,10.653,747.246,2.505,18.349,42.26
2025-02-22T09:00:00-05:00,2025-02-22T10:00:00-05:00,2025-02-22T14:00:00+00:00,2025-02-22T15:00:00+00:00,MOD-00811,60,40.543,-2.358,1.333,1.891,12.194,762.058,2.319,15.063,42.81
2025-02-22T10:00:00-05:00,2025-02-22T11:00:00-05:00,2025-02-22T15:00:00+00:00,2025-02-22T16:00:00+00:00,MOD-00811,60,34.015,0.083,1.235,1.724,11.798,748.674,2.154,12.667,44.903
2025-02-22T11:00:00-05:00,2025-02-22T12:00:00-05:00,2025-02-22T16:00:00+00:00,2025-02-22T17:00:00+00:00,MOD-00811,60,29.982,1.978,1.269,1.739,10.613,754.679,2.201,10.678,46.07
2025-02-22T12:00:00-05:00,2025-02-22T13:00:00-05:00,2025-02-22T17:00:00+00:00,2025-02-22T18:00:00+00:00,MOD-00811,60,25.455,4.075,1.673,2.015,9.341,730.6,2.485,10.049,48.212
2025-02-22T13:00:00-05:00,2025-02-22T14:00:00-05:00,2025-02-22T18:00:00+00:00,2025-02-22T19:00:00+00:00,MOD-00811,60,23.658,6.095,1.23,1.459,5.104,718.143,2.655,11.059,49.144
2025-02-22T14:00:00-05:00,2025-02-22T15:00:00-05:00,2025-02-22T19:00:00+00:00,2025-02-22T20:00:00+00:00,MOD-00811,60,23.132,7.358,3.065,3.302,8.291,729.938,2.583,6.082,49.35
2025-02-22T15:00:00-05:00,2025-02-22T16:00:00-05:00,2025-02-22T20:00:00+00:00,2025-02-22T21:00:00+00:00,MOD-00811,60,23.373,7.622,5.488,5.707,10.889,713.801,2.552,6.071,49.709
2025-02-22T16:00:00-05:00,2025-02-22T17:00:00-05:00,2025-02-22T21:00:00+00:00,2025-02-22T22:00:00+00:00,MOD-00811,60,25.61,6.772,1.44,1.665,5.006,735.207,2.393,9.604,49.319
2025-02-22T17:00:00-05:00,2025-02-22T18:00:00-05:00,2025-02-22T22:00:00+00:00,2025-02-22T23:00:00+00:00,MOD-00811,60,33.058,3.597,1.811,2.199,11.009,801.141,2.127,18.838,44.308
2025-02-22T18:00:00-05:00,2025-02-22T19:00:00-05:00,2025-02-22T23:00:00+00:00,2025-02-23T00:00:00+00:00,MOD-00811,60,44.423,1.442,3.305,3.857,10.525,872.73,2.205,23.872,40.698
2025-02-22T19:00:00-05:00,2025-02-22T20:00:00-05:00,2025-02-23T00:00:00+00:00,2025-02-23T01:00:00+00:00,MOD-00811,60,53.865,0.247,4.354,5.014,13.861,869.202,2.311,24.168,37.923
2025-02-22T20:00:00-05:00,2025-02-22T21:00:00-05:00,2025-02-23T01:00:00+00:00,2025-02-23T02:00:00+00:00,MOD-00811,60,53.243,-0.275,5.93,6.493,12.001,824.151,2.646,22.821,39.391
2025-02-22T21:00:00-05:00,2025-02-22T22:00:00-05:00,2025-02-23T02:00:00+00:00,2025-02-23T03:00:00+00:00,MOD-00811,60,55.568,-0.397,6.335,6.879,13.44,844.344,2.165,23.051,38.277
2025-02-22T22:00:00-05:00,2025-02-22T23:00:00-05:00,2025-02-23T03:00:00+00:00,2025-02-23T04:00:00+00:00,MOD-00811,60,58.58,-0.465,6.879,7.515,14.41,863.423,2.274,23.887,35.745
2025-02-22T23:00:00-05:00,2025-02-23T00:00:00-05:00,2025-02-23T04:00:00+00:00,2025-02-23T05:00:00+00:00,MOD-00811,60,63.125,-0.558,7.056,7.762,15.017,884.76,3.006,24.176,33.876
2025-02-23T00:00:00-05:00,2025-02-23T01:00:00-05:00,2025-02-23T05:00:00+00:00,2025-02-23T06:00:00+00:00,MOD-00811,60,70.178,-0.612,6.205,7.208,19.815,901.724,1.857,22.93,35.615
2025-02-23T01:00:00-05:00,2025-02-23T02:00:00-05:00,2025-02-23T06:00:00+00:00,2025-02-23T07:00:00+00:00,MOD-00811,60,73.982,-0.837,6.197,7.558,24.899,853.426,1.638,24.195,31.457
2025-02-23T02:00:00-05:00,2025-02-23T03:00:00-05:00,2025-02-23T07:00:00+00:00,2025-02-23T08:00:00+00:00,MOD-00811,60,72.927,-0.47,6.037,7.78,27.752,818.07,1.664,21.523,36.161
2025-02-23T03:00:00-05:00,2025-02-23T04:00:00-05:00,2025-02-23T08:00:00+00:00,2025-02-23T09:00:00+00:00,MOD-00811,60,69.122,-0.143,7.78,9.267,22.113,822.438,1.925,21.67,34.557
2025-02-23T04:00:00-05:00,2025-02-23T05:00:00-05:00,2025-02-23T09:00:00+00:00,2025-02-23T10:00:00+00:00,MOD-00811,60,66.722,-0.282,11.204,12.382,21.849,829.815,2.266,22.183,32.231
2025-02-23T05:00:00-05:00,2025-02-23T06:00:00-05:00,2025-02-23T10:00:00+00:00,2025-02-23T11:00:00+00:00,MOD-00811,60,62.418,0.28,12.647,13.534,23.524,824.693,3.014,22.084,31.218
2025-02-23T06:00:00-05:00,2025-02-23T07:00:00-05:00,2025-02-23T11:00:00+00:00,2025-02-23T12:00:00+00:00,MOD-00811,60,59.953,0.42,14.563,15.62,37.656,856.924,5.191,23.519,28.647
2025-02-23T07:00:00-05:00,2025-02-23T08:00:00-05:00,2025-02-23T12:00:00+00:00,2025-02-23T13:00:00+00:00,MOD-00811,60,55.423,1.343,14.077,15.794,57.93,870.703,2.185,22.703,31.06
2025-02-23T08:00:00-05:00,2025-02-23T09:00:00-05:00,2025-02-23T13:00:00+00:00,2025-02-23T14:00:00+00:00,MOD-00811,60,46.252,3.817,10.55,12.457,64.742,803.114,2.157,19.176,38.838
2025-02-23T09:00:00-05:00,2025-02-23T10:00:00-05:00,2025-02-23T14:00:00+00:00,2025-02-23T15:00:00+00:00,MOD-00811,60,37.707,6.295,13.611,14.795,36.244,762.234,2.182,10.254,44.497
2025-02-23T10:00:00-05:00,2025-02-23T11:00:00-05:00,2025-02-23T15:00:00+00:00,2025-02-23T16:00:00+00:00,MOD-00811,60,38.335,5.692,13.031,13.693,20.813,749.546,2.08,9.634,46.27
2025-02-23T11:00:00-05:00,2025-02-23T12:00:00-05:00,2025-02-23T16:00:00+00:00,2025-02-23T17:00:00+00:00,MOD-00811,60,35.558,7.038,10.417,11.153,21.637,748.32,2.294,10.276,47.092
2025-02-23T12:00:00-05:00,2025-02-23T13:00:00-05:00,2025-02-23T17:00:00+00:00,2025-02-23T18:00:00+00:00,MOD-00811,60,31.973,8.878,8.27,8.726,14.761,735.214,2.095,7.675,49.219
2025-02-23T13:00:00-05:00,2025-02-23T14:00:00-05:00,2025-02-23T18:00:00+00:00,2025-02-23T19:00:00+00:00,MOD-00811,60,31.998,9.095,7.741,8.137,12.294,719.18,2.108,7.53,50.528
2025-02-23T14:00:00-05:00,2025-02-23T15:00:00-05:00,2025-02-23T19:00:00+00:00,2025-02-23T20:00:00+00:00,MOD-00811,60,31.312,9.66,6.979,7.383,11.109,719.471,2.168,8.69,51.317
2025-02-23T15:00:00-05:00,2025-02-23T16:00:00-05:00,2025-02-23T20:00:00+00:00,2025-02-23T21:00:00+00:00,MOD-00811,60,30.988,9.862,6.617,6.971,9.108,716.34,2.171,9.317,51.763
2025-02-23T16:00:00-05:00,2025-02-23T17:00:00-05:00,2025-02-23T21:00:00+00:00,2025-02-23T22:00:00+00:00,MOD-00811,60,34.085,8.468,5.658,6.041,9.419,732.69,2.351,11.996,50.83
2025-02-23T17:00:00-05:00,2025-02-23T18:00:00-05:00,2025-02-23T22:00:00+00:00,2025-02-23T23:00:00+00:00,MOD-00811,60,40.66,5.917,6.093,6.349,8.155,754.946,2.048,16.108,48.716
2025-02-23T18:00:00-05:00,2025-02-23T19:00:00-05:00,2025-02-23T23:00:00+00:00,2025-02-24T00:00:00+00:00,MOD-00811,60,45.145,4.54,7.466,7.785,12.821,786.461,1.813,20.633,46.11
2025-02-23T19:00:00-05:00,2025-02-23T20:00:00-05:00,2025-02-24T00:00:00+00:00,2025-02-24T01:00:00+00:00,MOD-00811,60,47.685,3.823,7.171,7.541,11.93,789.494,2.019,20.823,44.997
2025-02-23T20:00:00-05:00,2025-02-23T21:00:00-05:00,2025-02-24T01:00:00+00:00,2025-02-24T02:00:00+00:00,MOD-00811,60,49.815,3.342,6.385,6.91,16.132,828.122,2.394,21.915,42.588
2025-02-23T21:00:00-05:00,2025-02-23T22:00:00-05:00,2025-02-24T02:00:00+00:00,2025-02-24T03:00:00+00:00,MOD-00811,60,49.857,3.24,8.515,9.147,19.463,790.62,2.383,19.745,43.48
2025-02-23T22:00:00-05:00,2025-02-23T23:00:00-05:00,2025-02-24T03:00:00+00:00,2025-02-24T04:00:00+00:00,MOD-00811,60,50.972,2.853,7.294,7.719,14.023,785.62,2.591,19.401,43.722
2025-02-23T23:00:00-05:00,2025-02-24T00:00:00-05:00,2025-02-24T04:00:00+00:00,2025-02-24T05:00:00+00:00,MOD-00811,60,52.31,2.488,6.667,7.153,13.059,780.786,2.692,20.021,43.701
2025-02-24T00:00:00-05:00,2025-02-24T01:00:00-05:00,2025-02-24T05:00:00+00:00,2025-02-24T06:00:00+00:00,MOD-00811,60,55.273,1.89,7.461,7.823,11.681,820.626,2.097,22.579,39.065
2025-02-24T01:00:00-05:00,2025-02-24T02:00:00-05:00,2025-02-24T06:00:00+00:00,2025-02-24T07:00:00+00:00,MOD-00811,60,57.472,1.453,6.262,6.673,11.702,814.174,1.927,22.033,39.362
2025-02-24T02:00:00-05:00,2025-02-24T03:00:00-05:00,2025-02-24T07:00:00+00:00,2025-02-24T08:00:00+00:00,MOD-00811,60,58.802,1.278,10.692,11.422,25.084,805.391,2.284,22.904,37.087
2025-02-24T03:00:00-05:00,2025-02-24T04:00:00-05:00,2025-02-24T08:00:00+00:00,2025-02-24T09:00:00+00:00,MOD-00811,60,60.405,1.078,10.603,11.369,24.606,796.798,2.865,23.829,34.805
2025-02-24T04:00:00-05:00,2025-02-24T05:00:00-05:00,2025-02-24T09:00:00+00:00,2025-02-24T10:00:00+00:00,MOD-00811,60,62.2,0.91,12.902,14.365,49.819,864.581,4.01,29.268,24.732
2025-02-24T05:00:00-05:00,2025-02-24T06:00:00-05:00,2025-02-24T10:00:00+00:00,2025-02-24T11:00:00+00:00,MOD-00811,60,61.567,1.358,15.392,16.186,30.4,962.894,4.801,31.569,20.448
2025-02-24T06:00:00-05:00,2025-02-24T07:00:00-05:00,2025-02-24T11:00:00+00:00,2025-02-24T12:00:00+00:00,MOD-00811,60,61.353,1.492,15.644,16.39,28.614,1030.869,3.572,32.263,18.659
2025-02-24T07:00:00-05:00,2025-02-24T08:00:00-05:00,2025-02-24T12:00:00+00:00,2025-02-24T13:00:00+00:00,MOD-00811,60,59.792,2.355,16.865,17.569,26.926,1027.402,3.471,30.09,22.81
2025-02-24T08:00:00-05:00,2025-02-24T09:00:00-05:00,2025-02-24T13:00:00+00:00,2025-02-24T14:00:00+00:00,MOD-00811,60,48.988,5.847,17.289,17.871,25.301,841.341,2.588,21.164,37.506
2025-02-24T09:00:00-05:00,2025-02-24T10:00:00-05:00,2025-02-24T14:00:00+00:00,2025-02-24T15:00:00+00:00,MOD-00811,60,39.982,9.002,16.066,16.562,24.393,785.42,2.386,14.129,41.453
2025-02-24T10:00:00-05:00,2025-02-24T11:00:00-05:00,2025-02-24T15:00:00+00:00,2025-02-24T16:00:00+00:00,MOD-00811,60,34.252,9.987,11.378,11.646,15.911,723.825,2.54,8.872,47.01
2025-02-24T11:00:00-05:00,2025-02-24T12:00:00-05:00,2025-02-24T16:00:00+00:00,2025-02-24T17:00:00+00:00,MOD-00811,60,34.87,10.262,10.108,10.385,13.504,711.949,2.636,10.736,47.276
2025-02-24T12:00:00-05:00,2025-02-24T13:00:00-05:00,2025-02-24T17:00:00+00:00,2025-02-24T18:00:00+00:00,MOD-00811,60,38.1,9.86,8.546,8.814,11.722,709.871,2.204,10.83,50.125
2025-02-24T13:00:00-05:00,2025-02-24T14:00:00-05:00,2025-02-24T18:00:00+00:00,2025-02-24T19:00:00+00:00,MOD-00811,60,44.287,9.068,9.29,9.667,13.011,708.804,1.86,14.945,51.075
2025-02-24T14:00:00-05:00,2025-02-24T15:00:00-05:00,2025-02-24T19:00:00+00:00,2025-02-24T20:00:00+00:00,MOD-00811,60,49.507,9.112,9.003,9.492,14.073,717.007,1.657,13.568,51.044
2025-02-24T15:00:00-05:00,2025-02-24T16:00:00-05:00,2025-02-24T20:00:00+00:00,2025-02-24T21:00:00+00:00,MOD-00811,60,49.29,9.022,8.289,8.932,15.753,738.862,1.741,15.636,51.182
2025-02-24T16:00:00-05:00,2025-02-24T17:00:00-05:00,2025-02-24T21:00:00+00:00,2025-02-24T22:00:00+00:00,MOD-00811,60,60.418,7.18,8.393,9.461,20.652,761.073,2.227,15.199,49.331
2025-02-24T17:00:00-05:00,2025-02-24T18:00:00-05:00,2025-02-24T22:00:00+00:00,2025-02-24T23:00:00+00:00,MOD-00811,60,72.175,5.74,8.993,11.246,34.427,771.462,1.635,21.235,47.51
2025-02-24T18:00:00-05:00,2025-02-24T19:00:00-05:00,2025-02-24T23:00:00+00:00,2025-02-25T00:00:00+00:00,MOD-00811,60,75.223,4.88,8.512,11.224,42.943,770.716,1.57,20.883,47.869
2025-02-24T19:00:00-05:00,2025-02-24T20:00:00-05:00,2025-02-25T00:00:00+00:00,2025-02-25T01:00:00+00:00,MOD-00811,60,79.693,4.502,8.519,11.885,50.224,778.839,1.904,20.823,46.829
2025-02-24T20:00:00-05:00,2025-02-24T21:00:00-05:00,2025-02-25T01:00:00+00:00,2025-02-25T02:00:00+00:00,MOD-00811,60,80.727,4.775,7.969,12.218,60.35,773.427,2.135,19.81,46.142
2025-02-24T21:00:00-05:00,2025-02-24T22:00:00-05:00,2025-02-25T02:00:00+00:00,2025-02-25T03:00:00+00:00,MOD-00811,60,76.095,5.317,7.564,10.951,42.784,730.181,1.667,16.712,48.655
2025-02-24T22:00:00-05:00,2025-02-24T23:00:00-05:00,2025-02-25T03:00:00+00:00,2025-02-25T04:00:00+00:00,MOD-00811,60,74.075,5.703,7.092,10.261,41.38,714.73,1.613,14.225,50.009
2025-02-24T23:00:00-05:00,2025-02-25T00:00:00-05:00,2025-02-25T04:00:00+00:00,2025-02-25T05:00:00+00:00,MOD-00811,60,71.683,5.755,7.564,10.363,33.103,713.282,1.7,15.241,49.741
2025-02-25T00:00:00-05:00,2025-02-25T01:00:00-05:00,2025-02-25T05:00:00+00:00,2025-02-25T06:00:00+00:00,MOD-00811,60,72.313,5.612,7.313,10.622,34.766,724.058,1.683,15.832,48.61
2025-02-25T01:00:00-05:00,2025-02-25T02:00:00-05:00,2025-02-25T06:00:00+00:00,2025-02-25T07:00:00+00:00,MOD-00811,60,76.693,4.705,6.829,10.606,44.127,716.014,1.602,18.323,47.424
2025-02-25T02:00:00-05:00,2025-02-25T03:00:00-05:00,2025-02-25T07:00:00+00:00,2025-02-25T08:00:00+00:00,MOD-00811,60,80.235,4.27,6.254,10.977,52.746,714.938,2.165,17.927,46.654
2025-02-25T03:00:00-05:00,2025-02-25T04:00:00-05:00,2025-02-25T08:00:00+00:00,2025-02-25T09:00:00+00:00,MOD-00811,60,83.355,3.993,5.579,11.062,72.405,718.493,3.232,7.959,45.588
2025-02-25T04:00:00-05:00,2025-02-25T05:00:00-05:00,2025-02-25T09:00:00+00:00,2025-02-25T10:00:00+00:00,MOD-00811,60,84.313,3.9,5.379,11.554,79.078,716.849,3.536,7.3,45.562
2025-02-25T05:00:00-05:00,2025-02-25T06:00:00-05:00,2025-02-25T10:00:00+00:00,2025-02-25T11:00:00+00:00,MOD-00811,60,83.258,3.868,5.531,11.55,70.469,738.35,3.206,9.813,42.789
2025-02-25T06:00:00-05:00,2025-02-25T07:00:00-05:00,2025-02-25T11:00:00+00:00,2025-02-25T12:00:00+00:00,MOD-00811,60,83.148,3.57,6.851,12.576,66.1,865.897,3.681,26.078,29.296
2025-02-25T07:00:00-05:00,2025-02-25T08:00:00-05:00,2025-02-25T12:00:00+00:00,2025-02-25T13:00:00+00:00,MOD-00811,60,80.153,4.528,7.118,12.319,60.062,975.9,2.741,27.46,26.668
2025-02-25T08:00:00-05:00,2025-02-25T09:00:00-05:00,2025-02-25T13:00:00+00:00,2025-02-25T14:00:00+00:00,MOD-00811,60,68.683,7.177,5.702,9.343,37.549,829.05,1.558,20.407,40.302
2025-02-25T09:00:00-05:00,2025-02-25T10:00:00-05:00,2025-02-25T14:00:00+00:00,2025-02-25T15:00:00+00:00,MOD-00811,60,63.213,8.96,5.462,9.031,30.92,717.885,1.866,17.099,43.978
2025-02-25T10:00:00-05:00,2025-02-25T11:00:00-05:00,2025-02-25T15:00:00+00:00,2025-02-25T16:00:00+00:00,MOD-00811,60,51.507,11.878,5.103,7.868,23.728,718.149,1.648,13.902,46.053
2025-02-25T11:00:00-05:00,2025-02-25T12:00:00-05:00,2025-02-25T16:00:00+00:00,2025-02-25T17:00:00+00:00,MOD-00811,60,43.295,14.258,5.115,7.337,17.393,682.235,2.549,8.435,46.79
2025-02-25T12:00:00-05:00,2025-02-25T13:00:00-05:00,2025-02-25T17:00:00+00:00,2025-02-25T18:00:00+00:00,MOD-00811,60,41.69,15.142,4.386,6.66,16.282,667.149,2.684,6.496,49.068
2025-02-25T13:00:00-05:00,2025-02-25T14:00:00-05:00,2025-02-25T18:00:00+00:00,2025-02-25T19:00:00+00:00,MOD-00811,60,44.31,14.62,4.137,6.626,17.85,685.702,2.383,9.65,49.662
2025-02-25T14:00:00-05:00,2025-02-25T15:00:00-05:00,2025-02-25T19:00:00+00:00,2025-02-25T20:00:00+00:00,MOD-00811,60,55.212,11.632,3.799,7.287,26.714,686.735,1.679,17.14,51.439
2025-02-25T15:00:00-05:00,2025-02-25T16:00:00-05:00,2025-02-25T20:00:00+00:00,2025-02-25T21:00:00+00:00,MOD-00811,60,60.728,10.315,3.851,7.136,25.983,704.186,2.417,18.113,52.184
2025-02-25T16:00:00-05:00,2025-02-25T17:00:00-05:00,2025-02-25T21:00:00+00:00,2025-02-25T22:00:00+00:00,MOD-00811,60,64.627,9.185,5.332,8.16,27.991,707.04,2.025,18.642,52.276
2025-02-25T17:00:00-05:00,2025-02-25T18:00:00-05:00,2025-02-25T22:00:00+00:00,2025-02-25T23:00:00+00:00,MOD-00811,60,72.53,7.445,6.25,8.905,26.616,719.137,1.592,19.877,50.511
2025-02-25T18:00:00-05:00,2025-02-25T19:00:00-05:00,2025-02-25T23:00:00+00:00,2025-02-26T00:00:00+00:00,MOD-00811,60,75.975,7.302,7.12,9.791,30.952,758.873,1.739,21.017,47.632
2025-02-25T19:00:00-05:00,2025-02-25T20:00:00-05:00,2025-02-26T00:00:00+00:00,2025-02-26T01:00:00+00:00,MOD-00811,60,76.107,7.623,8.065,10.517,28.905,789.983,1.759,21.062,45.848
2025-02-25T20:00:00-05:00,2025-02-25T21:00:00-05:00,2025-02-26T01:00:00+00:00,2025-02-26T02:00:00+00:00,MOD-00811,60,80.485,6.342,7.804,10.5,30.697,837.146,2.061,21.244,41.82
2025-02-25T21:00:00-05:00,2025-02-25T22:00:00-05:00,2025-02-26T02:00:00+00:00,2025-02-26T03:00:00+00:00,MOD-00811,60,85.763,5.267,8.051,10.669,35.076,962.772,3.08,26.478,31.75
2025-02-25T22:00:00-05:00,2025-02-25T23:00:00-05:00,2025-02-26T03:00:00+00:00,2025-02-26T04:00:00+00:00,MOD-00811,60,82.48,5.583,6.762,8.785,24.15,933.659,2.508,20.674,41.217
2025-02-25T23:00:00-05:00,2025-02-26T00:00:00-05:00,2025-02-26T04:00:00+00:00,2025-02-26T05:00:00+00:00,MOD-00811,60,73.803,6.308,5.837,7.211,13.96,790.706,1.681,19.153,42.781
2025-02-26T00:00:00-05:00,2025-02-26T01:00:00-05:00,2025-02-26T05:00:00+00:00,2025-02-26T06:00:00+00:00,MOD-00811,60,71.818,6.083,3.482,4.415,10.738,777.765,1.697,19.568,41.053
2025-02-26T01:00:00-05:00,2025-02-26T02:00:00-05:00,2025-02-26T06:00:00+00:00,2025-02-26T07:00:00+00:00,MOD-00811,60,73.812,5.553,3.356,3.901,7.778,795.591,1.614,19.686,38.862
2025-02-26T02:00:00-05:00,2025-02-26T03:00:00-05:00,2025-02-26T07:00:00+00:00,2025-02-26T08:00:00+00:00,MOD-00811,60,77.227,4.765,4.45,4.763,6.8,795.127,1.637,20.367,38.393
2025-02-26T03:00:00-05:00,2025-02-26T04:00:00-05:00,2025-02-26T08:00:00+00:00,2025-02-26T09:00:00+00:00,MOD-00811,60,78.44,4.548,4.528,4.732,6.178,803.623,1.757,21.36,36.641
2025-02-26T04:00:00-05:00,2025-02-26T05:00:00-05:00,2025-02-26T09:00:00+00:00,2025-02-26T10:00:00+00:00,MOD-00811,60,75.463,5.138,4.464,4.644,5.592,791.719,1.563,19.135,39.295
2025-02-26T05:00:00-05:00,2025-02-26T06:00:00-05:00,2025-02-26T10:00:00+00:00,2025-02-26T11:00:00+00:00,MOD-00811,60,72.498,5.348,5.222,5.371,6.333,801.481,1.657,18.9,38.489
2025-02-26T06:00:00-05:00,2025-02-26T07:00:00-05:00,2025-02-26T11:00:00+00:00,2025-02-26T12:00:00+00:00,MOD-00811,60,70.245,5.392,4.314,4.462,5.458,876.261,1.954,21.546,34.568
2025-02-26T07:00:00-05:00,2025-02-26T08:00:00-05:00,2025-02-26T12:00:00+00:00,2025-02-26T13:00:00+00:00,MOD-00811,60,63.193,7.273,4.878,5.09,6.905,860.01,2.201,19.272,36.13
2025-02-26T08:00:00-05:00,2025-02-26T09:00:00-05:00,2025-02-26T13:00:00+00:00,2025-02-26T14:00:00+00:00,MOD-00811,60,52.65,9.618,3.618,3.966,9.443,774.538,1.707,12.219,41.337
2025-02-26T09:00:00-05:00,2025-02-26T10:00:00-05:00,2025-02-26T14:00:00+00:00,2025-02-26T15:00:00+00:00,MOD-00811,60,44.305,11.7,2.48,3.169,15.98,736.871,2.299,11.679,43.363
2025-02-26T10:00:00-05:00,2025-02-26T11:00:00-05:00,2025-02-26T15:00:00+00:00,2025-02-26T16:00:00+00:00,MOD-00811,60,39.853,12.823,2.621,2.855,6.074,704.593,2.746,11.636,45.467
2025-02-26T11:00:00-05:00,2025-02-26T12:00:00-05:00,2025-02-26T16:00:00+00:00,2025-02-26T17:00:00+00:00,MOD-00811,60,36.317,13.565,2.806,3.035,7.145,698.457,2.528,7.44,47.503
2025-02-26T12:00:00-05:00,2025-02-26T13:00:00-05:00,2025-02-26T17:00:00+00:00,2025-02-26T18:00:00+00:00,MOD-00811,60,35.803,13.715,4.785,4.963,8.082,708.665,2.45,5.719,48.016
2025-02-26T13:00:00-05:00,2025-02-26T14:00:00-05:00,2025-02-26T18:00:00+00:00,2025-02-26T19:00:00+00:00,MOD-00811,60,34.11,13.838,4.275,4.442,5.914,711.505,2.542,7.486,48.593
2025-02-26T14:00:00-05:00,2025-02-26T15:00:00-05:00,2025-02-26T19:00:00+00:00,2025-02-26T20:00:00+00:00,MOD-00811,60,31.327,13.788,2.88,3.079,5.865,704.452,2.02,10.176,48.335
2025-02-26T15:00:00-05:00,2025-02-26T16:00:00-05:00,2025-02-26T20:00:00+00:00,2025-02-26T21:00:00+00:00,MOD-00811,60,29.86,14.11,1.995,2.165,4.691,716.568,2.405,11.362,48.615
2025-02-26T16:00:00-05:00,2025-02-26T17:00:00-05:00,2025-02-26T21:00:00+00:00,2025-02-26T22:00:00+00:00,MOD-00811,60,30.092,12.928,1.712,1.846,3.715,714.937,2.541,10.247,49.263
2025-02-26T17:00:00-05:00,2025-02-26T18:00:00-05:00,2025-02-26T22:00:00+00:00,2025-02-26T23:00:00+00:00,MOD-00811,60,34.475,10.862,1.632,1.821,4.983,761.741,2.509,11.31,46.411
2025-02-26T18:00:00-05:00,2025-02-26T19:00:00-05:00,2025-02-26T23:00:00+00:00,2025-02-27T00:00:00+00:00,MOD-00811,60,37.9,9.562,1.514,1.814,6.533,805.798,2.266,13.436,44.947
2025-02-26T19:00:00-05:00,2025-02-26T20:00:00-05:00,2025-02-27T00:00:00+00:00,2025-02-27T01:00:00+00:00,MOD-00811,60,39.588,8.735,1.448,1.721,6.841,789.756,1.856,12.085,45.104
2025-02-26T20:00:00-05:00,2025-02-26T21:00:00-05:00,2025-02-27T01:00:00+00:00,2025-02-27T02:00:00+00:00,MOD-00811,60,40.725,8.093,1.308,1.511,4.326,770.748,1.821,18.013,45.706
2025-02-26T21:00:00-05:00,2025-02-26T22:00:00-05:00,2025-02-27T02:00:00+00:00,2025-02-27T03:00:00+00:00,MOD-00811,60,41.637,7.662,1.072,1.251,5.463,769.115,2.008,20.098,44.892
2025-02-26T22:00:00-05:00,2025-02-26T23:00:00-05:00,2025-02-27T03:00:00+00:00,2025-02-27T04:00:00+00:00,MOD-00811,60,43.16,7.238,1.273,1.484,5.424,785.235,2.169,21.194,42.161
2025-02-26T23:00:00-05:00,2025-02-27T00:00:00-05:00,2025-02-27T04:00:00+00:00,2025-02-27T05:00:00+00:00,MOD-00811,60,44.298,6.82,1.317,1.512,5.166,768.068,2.157,20.355,42.777
2025-02-27T00:00:00-05:00,2025-02-27T01:00:00-05:00,2025-02-27T05:00:00+00:00,2025-02-27T06:00:00+00:00,MOD-00811,60,45.173,6.457,1.7,1.86,4.365,811.779,2.044,21.575,40.397
2025-02-27T01:00:00-05:00,2025-02-27T02:00:00-05:00,2025-02-27T06:00:00+00:00,2025-02-27T07:00:00+00:00,MOD-00811,60,46.595,6.382,2.787,2.951,5.602,830.53,1.859,23.594,35.853
2025-02-27T02:00:00-05:00,2025-02-27T03:00:00-05:00,2025-02-27T07:00:00+00:00,2025-02-27T08:00:00+00:00,MOD-00811,60,50.057,6.142,2.549,2.673,4.515,809.018,1.946,23.436,35.225
2025-02-27T03:00:00-05:00,2025-02-27T04:00:00-05:00,2025-02-27T08:00:00+00:00,2025-02-27T09:00:00+00:00,MOD-00811,60,58.223,5.857,2.674,2.783,5.142,756.852,2.406,21.862,36.727
2025-02-27T04:00:00-05:00,2025-02-27T05:00:00-05:00,2025-02-27T09:00:00+00:00,2025-02-27T10:00:00+00:00,MOD-00811,60,65.537,4.89,4.338,4.581,8.354,760.679,1.821,25.907,28.265
2025-02-27T05:00:00-05:00,2025-02-27T06:00:00-05:00,2025-02-27T10:00:00+00:00,2025-02-27T11:00:00+00:00,MOD-00811,60,69.593,4.463,3.57,3.818,8.607,789.467,1.587,23.468,31.32
2025-02-27T06:00:00-05:00,2025-02-27T07:00:00-05:00,2025-02-27T11:00:00+00:00,2025-02-27T12:00:00+00:00,MOD-00811,60,70.46,4.783,4.219,5.025,13.066,844.335,1.638,24.185,30.044
2025-02-27T07:00:00-05:00,2025-02-27T08:00:00-05:00,2025-02-27T12:00:00+00:00,2025-02-27T13:00:00+00:00,MOD-00811,60,66.798,5.368,2.98,3.653,10.882,821.643,3.32,23.505,30.63
2025-02-27T08:00:00-05:00,2025-02-27T09:00:00-05:00,2025-02-27T13:00:00+00:00,2025-02-27T14:00:00+00:00,MOD-00811,60,64.728,6.303,3.084,3.642,7.771,784.145,2.107,17.502,36.549
2025-02-27T09:00:00-05:00,2025-02-27T10:00:00-05:00,2025-02-27T14:00:00+00:00,2025-02-27T15:00:00+00:00,MOD-00811,60,70.053,6.928,4.145,5.119,13.05,812.265,1.581,22.322,36.579
2025-02-27T10:00:00-05:00,2025-02-27T11:00:00-05:00,2025-02-27T15:00:00+00:00,2025-02-27T16:00:00+00:00,MOD-00811,60,70.118,8.28,4.624,7.087,23.933,738.028,1.547,20.314,44.122
2025-02-27T11:00:00-05:00,2025-02-27T12:00:00-05:00,2025-02-27T16:00:00+00:00,2025-02-27T17:00:00+00:00,MOD-00811,60,66.012,10.492,4.694,11.258,55.363,710.552,1.909,17.52,49.884
2025-02-27T12:00:00-05:00,2025-02-27T13:00:00-05:00,2025-02-27T17:00:00+00:00,2025-02-27T18:00:00+00:00,MOD-00811,60,70.937,11.753,6.741,15.272,67.433,745.958,1.623,19.74,48.934
2025-02-27T13:00:00-05:00,2025-02-27T14:00:00-05:00,2025-02-27T18:00:00+00:00,2025-02-27T19:00:00+00:00,MOD-00811,60,70.433,12.552,8.856,15.359,41.585,764.029,1.822,19.455,48.141
2025-02-27T14:00:00-05:00,2025-02-27T15:00:00-05:00,2025-02-27T19:00:00+00:00,2025-02-27T20:00:00+00:00,MOD-00811,60,77.417,11.102,10.122,16.145,41.626,767.069,1.926,19.43,48.632
2025-02-27T15:00:00-05:00,2025-02-27T16:00:00-05:00,2025-02-27T20:00:00+00:00,2025-02-27T21:00:00+00:00,MOD-00811,60,79.227,10.825,10.747,15.205,31.001,793.16,2.041,19.863,47.008
2025-02-27T16:00:00-05:00,2025-02-27T17:00:00-05:00,2025-02-27T21:00:00+00:00,2025-02-27T22:00:00+00:00,MOD-00811,60,81.85,10.378,9.85,14.588,33.528,824.559,2.252,19.865,46.012
2025-02-27T17:00:00-05:00,2025-02-27T18:00:00-05:00,2025-02-27T22:00:00+00:00,2025-02-27T23:00:00+00:00,MOD-00811,60,83.282,10.195,10.432,14.637,34.798,815.791,2.29,17.136,43.844
2025-02-27T18:00:00-05:00,2025-02-27T19:00:00-05:00,2025-02-27T23:00:00+00:00,2025-02-28T00:00:00+00:00,MOD-00811,60,82.713,10.228,12.416,16.755,34.827,806.405,2.285,19.237,43.526
2025-02-27T19:00:00-05:00,2025-02-27T20:00:00-05:00,2025-02-28T00:00:00+00:00,2025-02-28T01:00:00+00:00,MOD-00811,60,82.383,10.097,12.333,16.911,31.095,792.027,2.285,19.544,42.537
2025-02-27T20:00:00-05:00,2025-02-27T21:00:00-05:00,2025-02-28T01:00:00+00:00,2025-02-28T02:00:00+00:00,MOD-00811,60,82.8,9.743,13.355,17.966,30.8,816.028,2.285,16.503,40.02
2025-02-27T21:00:00-05:00,2025-02-27T22:00:00-05:00,2025-02-28T02:00:00+00:00,2025-02-28T03:00:00+00:00,MOD-00811,60,80.575,9.327,11.848,15.29,26.086,863.115,2.14,12.469,36.408
2025-02-27T22:00:00-05:00,2025-02-27T23:00:00-05:00,2025-02-28T03:00:00+00:00,2025-02-28T04:00:00+00:00,MOD-00811,60,77.145,9.337,7.815,10.246,18.183,809.165,1.917,19.578,34.857
2025-02-27T23:00:00-05:00,2025-02-28T00:00:00-05:00,2025-02-28T04:00:00+00:00,2025-02-28T05:00:00+00:00,MOD-00811,60,70.953,9.43,9.068,10.292,13.228,758.449,1.687,16.027,36.451
2025-02-28T00:00:00-05:00,2025-02-28T01:00:00-05:00,2025-02-28T05:00:00+00:00,2025-02-28T06:00:00+00:00,MOD-00811,60,63.39,8.565,1.754,1.861,2.561,705.573,2.367,12.818,42.244
2025-02-28T01:00:00-05:00,2025-02-28T02:00:00-05:00,2025-02-28T06:00:00+00:00,2025-02-28T07:00:00+00:00,MOD-00811,60,63.605,7.557,0.931,0.974,1.505,704.249,2.252,16.294,43.495
2025-02-28T02:00:00-05:00,2025-02-28T03:00:00-05:00,2025-02-28T07:00:00+00:00,2025-02-28T08:00:00+00:00,MOD-00811,60,63.212,6.937,0.932,0.982,1.825,702.074,2.295,17.33,43.378
2025-02-28T03:00:00-05:00,2025-02-28T04:00:00-05:00,2025-02-28T08:00:00+00:00,2025-02-28T09:00:00+00:00,MOD-00811,60,67.057,5.827,0.836,0.888,1.41,728.611,1.614,16.489,41.163
2025-02-28T04:00:00-05:00,2025-02-28T05:00:00-05:00,2025-02-28T09:00:00+00:00,2025-02-28T10:00:00+00:00,MOD-00811,60,72.765,4.795,1.047,1.107,1.656,834.076,1.662,21.071,36.69
2025-02-28T05:00:00-05:00,2025-02-28T06:00:00-05:00,2025-02-28T10:00:00+00:00,2025-02-28T11:00:00+00:00,MOD-00811,60,74.613,4.04,1.303,1.362,2.082,836.861,1.563,21.81,34.589
2025-02-28T06:00:00-05:00,2025-02-28T07:00:00-05:00,2025-02-28T11:00:00+00:00,2025-02-28T12:00:00+00:00,MOD-00811,60,72.0,4.247,1.935,2.02,2.493,804.82,1.695,19.66,36.7
2025-02-28T07:00:00-05:00,2025-02-28T08:00:00-05:00,2025-02-28T12:00:00+00:00,2025-02-28T13:00:00+00:00,MOD-00811,60,63.183,6.68,2.239,2.384,4.417,866.054,2.124,17.281,36.573
2025-02-28T08:00:00-05:00,2025-02-28T09:00:00-05:00,2025-02-28T13:00:00+00:00,2025-02-28T14:00:00+00:00,MOD-00811,60,53.368,8.848,3.245,3.45,5.477,763.454,1.828,11.774,41.908
2025-02-28T09:00:00-05:00,2025-02-28T10:00:00-05:00,2025-02-28T14:00:00+00:00,2025-02-28T15:00:00+00:00,MOD-00811,60,46.747,9.088,3.704,4.071,6.344,722.958,1.811,12.446,43.991
2025-02-28T10:00:00-05:00,2025-02-28T11:00:00-05:00,2025-02-28T15:00:00+00:00,2025-02-28T16:00:00+00:00,MOD-00811,60,32.505,10.1,2.224,2.464,4.624,698.716,2.378,8.176,47.402
2025-02-28T11:00:00-05:00,2025-02-28T12:00:00-05:00,2025-02-28T16:00:00+00:00,2025-02-28T17:00:00+00:00,MOD-00811,60,28.522,9.968,1.761,2.016,3.398,686.173,2.275,8.534,48.646
2025-02-28T12:00:00-05:00,2025-02-28T13:00:00-05:00,2025-02-28T17:00:00+00:00,2025-02-28T18:00:00+00:00,MOD-00811,60,25.155,9.522,1.479,1.565,3.339,690.244,2.152,6.943,49.477
2025-02-28T13:00:00-05:00,2025-02-28T14:00:00-05:00,2025-02-28T18:00:00+00:00,2025-02-28T19:00:00+00:00,MOD-00811,60,23.95,9.817,1.263,1.364,5.822,694.12,2.333,6.803,49.627
2025-02-28T14:00:00-05:00,2025-02-28T15:00:00-05:00,2025-02-28T19:00:00+00:00,2025-02-28T20:00:00+00:00,MOD-00811,60,22.342,10.167,1.341,1.573,7.67,716.686,2.283,7.111,49.055
2025-02-28T15:00:00-05:00,2025-02-28T16:00:00-05:00,2025-02-28T20:00:00+00:00,2025-02-28T21:00:00+00:00,MOD-00811,60,22.105,9.683,1.314,1.411,3.928,706.986,2.327,6.721,50.513
2025-02-28T16:00:00-05:00,2025-02-28T17:00:00-05:00,2025-02-28T21:00:00+00:00,2025-02-28T22:00:00+00:00,MOD-00811,60,21.642,8.565,1.207,1.312,2.756,724.321,2.432,7.82,50.335
2025-02-28T17:00:00-05:00,2025-02-28T18:00:00-05:00,2025-02-28T22:00:00+00:00,2025-02-28T23:00:00+00:00,MOD-00811,60,23.808,6.657,0.943,1.081,3.165,747.467,2.526,13.455,48.884
2025-02-28T18:00:00-05:00,2025-02-28T19:00:00-05:00,2025-02-28T23:00:00+00:00,2025-03-01T00:00:00+00:00,MOD-00811,60,26.812,5.658,1.102,1.387,5.259,794.133,2.249,13.029,45.697
2025-02-28T19:00:00-05:00,2025-02-28T20:00:00-05:00,2025-03-01T00:00:00+00:00,2025-03-01T01:00:00+00:00,MOD-00811,60,30.923,5.192,1.603,1.751,3.502,737.015,2.254,16.791,46.395
2025-02-28T20:00:00-05:00,2025-02-28T21:00:00-05:00,2025-03-01T01:00:00+00:00,2025-03-01T02:00:00+00:00,MOD-00811,60,29.578,4.908,1.932,2.083,4.324,750.951,1.938,13.776,45.55
2025-02-28T21:00:00-05:00,2025-02-28T22:00:00-05:00,2025-03-01T02:00:00+00:00,2025-03-01T03:00:00+00:00,MOD-00811,60,33.148,4.762,2.811,2.943,4.793,777.26,2.156,17.684,43.23
2025-02-28T22:00:00-05:00,2025-02-28T23:00:00-05:00,2025-03-01T03:00:00+00:00,2025-03-01T04:00:00+00:00,MOD-00811,60,42.245,4.097,3.529,3.664,5.722,804.127,1.912,21.376,42.993
2025-02-28T23:00:00-05:00,2025-03-01T00:00:00-05:00,2025-03-01T04:00:00+00:00,2025-03-01T05:00:00+00:00,MOD-00811,60,46.11,3.66,2.24,2.572,6.726,774.96,1.993,20.803,43.463
2025-03-01T00:00:00-05:00,2025-03-01T01:00:00-05:00,2025-03-01T05:00:00+00:00,2025-03-01T06:00:00+00:00,MOD-00811,60,53.993,3.84,1.545,2.156,7.649,726.247,2.166,19.964,45.334
2025-03-01T01:00:00-05:00,2025-03-01T02:00:00-05:00,2025-03-01T06:00:00+00:00,2025-03-01T07:00:00+00:00,MOD-00811,60,72.688,4.718,1.914,3.819,28.377,727.466,1.797,19.722,45.116
2025-03-01T02:00:00-05:00,2025-03-01T03:00:00-05:00,2025-03-01T07:00:00+00:00,2025-03-01T08:00:00+00:00,MOD-00811,60,76.585,5.565,3.212,6.193,34.352,742.225,1.758,17.908,43.308
2025-03-01T03:00:00-05:00,2025-03-01T04:00:00-05:00,2025-03-01T08:00:00+00:00,2025-03-01T09:00:00+00:00,MOD-00811,60,72.272,6.043,3.266,6.93,33.061,720.866,1.723,18.074,46.03
2025-03-01T04:00:00-05:00,2025-03-01T05:00:00-05:00,2025-03-01T09:00:00+00:00,2025-03-01T10:00:00+00:00,MOD-00811,60,70.535,6.442,3.266,7.198,34.923,719.772,1.659,17.928,47.107
2025-03-01T05:00:00-05:00,2025-03-01T06:00:00-05:00,2025-03-01T10:00:00+00:00,2025-03-01T11:00:00+00:00,MOD-00811,60,72.947,6.375,3.518,9.036,50.997,715.593,1.655,19.007,46.552
2025-03-01T06:00:00-05:00,2025-03-01T07:00:00-05:00,2025-03-01T11:00:00+00:00,2025-03-01T12:00:00+00:00,MOD-00811,60,75.197,6.515,3.722,10.821,66.392,728.302,1.606,19.148,46.175
2025-03-01T07:00:00-05:00,2025-03-01T08:00:00-05:00,2025-03-01T12:00:00+00:00,2025-03-01T13:00:00+00:00,MOD-00811,60,73.108,7.125,4.038,10.962,66.413,728.083,1.628,19.58,44.05
2025-03-01T08:00:00-05:00,2025-03-01T09:00:00-05:00,2025-03-01T13:00:00+00:00,2025-03-01T14:00:00+00:00,MOD-00811,60,70.368,8.3,4.063,11.091,69.051,704.073,1.584,18.236,46.647
2025-03-01T09:00:00-05:00,2025-03-01T10:00:00-05:00,2025-03-01T14:00:00+00:00,2025-03-01T15:00:00+00:00,MOD-00811,60,61.857,11.08,4.062,11.177,59.823,691.3,2.516,13.873,47.033
2025-03-01T10:00:00-05:00,2025-03-01T11:00:00-05:00,2025-03-01T15:00:00+00:00,2025-03-01T16:00:00+00:00,MOD-00811,60,65.693,10.553,4.445,13.257,69.923,681.323,2.009,21.608,40.626
2025-03-01T11:00:00-05:00,2025-03-01T12:00:00-05:00,2025-03-01T16:00:00+00:00,2025-03-01T17:00:00+00:00,MOD-00811,60,65.735,10.645,4.819,12.999,65.016,715.615,1.939,16.488,46.627
2025-03-01T12:00:00-05:00,2025-03-01T13:00:00-05:00,2025-03-01T17:00:00+00:00,2025-03-01T18:00:00+00:00,MOD-00811,60,66.252,10.67,5.08,12.92,57.539,741.452,1.866,16.143,45.466
2025-03-01T13:00:00-05:00,2025-03-01T14:00:00-05:00,2025-03-01T18:00:00+00:00,2025-03-01T19:00:00+00:00,MOD-00811,60,71.522,10.037,5.769,14.154,60.278,745.181,1.478,19.294,44.059
2025-03-01T14:00:00-05:00,2025-03-01T15:00:00-05:00,2025-03-01T19:00:00+00:00,2025-03-01T20:00:00+00:00,MOD-00811,60,64.155,11.51,5.81,13.303,49.441,734.837,2.171,15.187,45.085
2025-03-01T15:00:00-05:00,2025-03-01T16:00:00-05:00,2025-03-01T20:00:00+00:00,2025-03-01T21:00:00+00:00,MOD-00811,56,49.711,14.691,5.62,11.46,43.436,,,,
2025-03-01T16:00:00-05:00,2025-03-01T17:00:00-05:00,2025-03-01T21:00:00+00:00,2025-03-01T22:00:00+00:00,MOD-00811,60,47.13,13.967,4.722,8.279,22.667,711.29,2.013,9.035,44.814
2025-03-01T17:00:00-05:00,2025-03-01T18:00:00-05:00,2025-03-01T22:00:00+00:00,2025-03-01T23:00:00+00:00,MOD-00811,60,62.98,6.827,1.763,2.003,4.36,705.554,1.916,15.403,42.04
2025-03-01T18:00:00-05:00,2025-03-01T19:00:00-05:00,2025-03-01T23:00:00+00:00,2025-03-02T00:00:00+00:00,MOD-00811,60,65.967,4.13,1.711,1.949,6.227,736.092,1.863,15.908,41.38
2025-03-01T19:00:00-05:00,2025-03-01T20:00:00-05:00,2025-03-02T00:00:00+00:00,2025-03-02T01:00:00+00:00,MOD-00811,60,46.107,3.423,3.451,3.648,5.66,724.44,1.897,10.188,44.539
2025-03-01T20:00:00-05:00,2025-03-01T21:00:00-05:00,2025-03-02T01:00:00+00:00,2025-03-02T02:00:00+00:00,MOD-00811,60,41.585,1.512,4.222,4.405,5.172,718.547,1.71,9.0,44.85
2025-03-01T21:00:00-05:00,2025-03-01T22:00:00-05:00,2025-03-02T02:00:00+00:00,2025-03-02T03:00:00+00:00,MOD-00811,60,40.998,-0.282,4.608,4.799,5.882,724.93,1.697,8.831,45.534
2025-03-01T22:00:00-05:00,2025-03-01T23:00:00-05:00,2025-03-02T03:00:00+00:00,2025-03-02T04:00:00+00:00,MOD-00811,60,39.552,-1.933,3.373,3.518,8.431,723.087,1.836,7.151,46.613
2025-03-01T23:00:00-05:00,2025-03-02T00:00:00-05:00,2025-03-02T04:00:00+00:00,2025-03-02T05:00:00+00:00,MOD-00811,60,42.602,-2.943,2.313,2.5,4.483,722.944,1.901,7.429,46.757
2025-03-02T00:00:00-05:00,2025-03-02T01:00:00-05:00,2025-03-02T05:00:00+00:00,2025-03-02T06:00:00+00:00,MOD-00811,60,43.837,-3.377,2.975,3.149,4.255,723.248,1.998,8.939,47.346
2025-03-02T01:00:00-05:00,2025-03-02T02:00:00-05:00,2025-03-02T06:00:00+00:00,2025-03-02T07:00:00+00:00,MOD-00811,60,41.855,-3.847,3.388,3.584,6.131,724.414,1.907,9.96,47.625
2025-03-02T02:00:00-05:00,2025-03-02T03:00:00-05:00,2025-03-02T07:00:00+00:00,2025-03-02T08:00:00+00:00,MOD-00811,60,41.722,-4.398,3.097,3.251,4.447,726.226,1.895,10.843,46.673
2025-03-02T03:00:00-05:00,2025-03-02T04:00:00-05:00,2025-03-02T08:00:00+00:00,2025-03-02T09:00:00+00:00,MOD-00811,60,41.655,-5.013,2.656,2.763,4.437,727.087,1.871,11.874,45.799
2025-03-02T04:00:00-05:00,2025-03-02T05:00:00-05:00,2025-03-02T09:00:00+00:00,2025-03-02T10:00:00+00:00,MOD-00811,60,42.98,-5.412,2.762,2.899,3.183,728.877,1.911,11.591,45.202
2025-03-02T05:00:00-05:00,2025-03-02T06:00:00-05:00,2025-03-02T10:00:00+00:00,2025-03-02T11:00:00+00:00,MOD-00811,60,43.632,-5.727,2.827,3.031,3.568,733.616,1.956,11.691,44.578
2025-03-02T06:00:00-05:00,2025-03-02T07:00:00-05:00,2025-03-02T11:00:00+00:00,2025-03-02T12:00:00+00:00,MOD-00811,60,41.917,-6.153,3.709,3.841,4.652,732.006,1.884,10.315,45.42
2025-03-02T07:00:00-05:00,2025-03-02T08:00:00-05:00,2025-03-02T12:00:00+00:00,2025-03-02T13:00:00+00:00,MOD-00811,60,37.447,-5.608,3.835,3.943,4.037,734.148,1.895,10.16,46.127
2025-03-02T08:00:00-05:00,2025-03-02T09:00:00-05:00,2025-03-02T13:00:00+00:00,2025-03-02T14:00:00+00:00,MOD-00811,60,33.442,-4.453,3.732,3.853,5.412,736.083,2.416,8.062,46.719
2025-03-02T09:00:00-05:00,2025-03-02T10:00:00-05:00,2025-03-02T14:00:00+00:00,2025-03-02T15:00:00+00:00,MOD-00811,60,30.463,-3.255,3.747,3.933,5.545,741.209,2.77,7.991,47.123
2025-03-02T10:00:00-05:00,2025-03-02T11:00:00-05:00,2025-03-02T15:00:00+00:00,2025-03-02T16:00:00+00:00,MOD-00811,60,25.658,-2.232,3.987,4.156,5.505,743.646,2.679,6.885,47.717
2025-03-02T11:00:00-05:00,2025-03-02T12:00:00-05:00,2025-03-02T16:00:00+00:00,2025-03-02T17:00:00+00:00,MOD-00811,60,22.76,-1.377,3.149,3.306,4.472,743.33,3.147,6.96,47.735
2025-03-02T12:00:00-05:00,2025-03-02T13:00:00-05:00,2025-03-02T17:00:00+00:00,2025-03-02T18:00:00+00:00,MOD-00811,60,21.627,-0.852,2.929,3.057,3.679,742.929,3.436,6.739,47.76
2025-03-02T13:00:00-05:00,2025-03-02T14:00:00-05:00,2025-03-02T18:00:00+00:00,2025-03-02T19:00:00+00:00,MOD-00811,60,22.12,0.187,2.577,2.748,3.32,746.697,3.299,7.127,48.712
2025-03-02T14:00:00-05:00,2025-03-02T15:00:00-05:00,2025-03-02T19:00:00+00:00,2025-03-02T20:00:00+00:00,MOD-00811,60,22.568,0.337,2.732,2.872,4.714,744.111,3.205,7.362,49.559
2025-03-02T15:00:00-05:00,2025-03-02T16:00:00-05:00,2025-03-02T20:00:00+00:00,2025-03-02T21:00:00+00:00,MOD-00811,60,22.75,0.378,2.997,3.123,3.746,744.027,3.142,7.662,49.39
2025-03-02T16:00:00-05:00,2025-03-02T17:00:00-05:00,2025-03-02T21:00:00+00:00,2025-03-02T22:00:00+00:00,MOD-00811,60,23.217,-0.148,2.802,3.021,5.349,750.031,3.036,7.858,48.411
2025-03-02T17:00:00-05:00,2025-03-02T18:00:00-05:00,2025-03-02T22:00:00+00:00,2025-03-02T23:00:00+00:00,MOD-00811,60,24.812,-1.558,2.951,3.151,4.822,755.449,2.768,7.177,47.129
2025-03-02T18:00:00-05:00,2025-03-02T19:00:00-05:00,2025-03-02T23:00:00+00:00,2025-03-03T00:00:00+00:00,MOD-00811,60,27.162,-2.952,2.927,3.171,4.194,769.155,2.619,7.123,44.887
2025-03-02T19:00:00-05:00,2025-03-02T20:00:00-05:00,2025-03-03T00:00:00+00:00,2025-03-03T01:00:00+00:00,MOD-00811,60,27.898,-3.608,3.197,3.408,3.991,764.714,2.796,7.155,44.918
2025-03-02T20:00:00-05:00,2025-03-02T21:00:00-05:00,2025-03-03T01:00:00+00:00,2025-03-03T02:00:00+00:00,MOD-00811,60,29.612,-4.26,3.515,3.765,5.176,765.989,2.897,7.899,44.718
2025-03-02T21:00:00-05:00,2025-03-02T22:00:00-05:00,2025-03-03T02:00:00+00:00,2025-03-03T03:00:00+00:00,MOD-00811,60,32.288,-4.988,3.53,3.783,7.399,757.938,2.643,8.355,44.445
2025-03-02T22:00:00-05:00,2025-03-02T23:00:00-05:00,2025-03-03T03:00:00+00:00,2025-03-03T04:00:00+00:00,MOD-00811,60,37.023,-5.81,3.046,3.319,4.691,751.15,1.936,10.252,44.536
2025-03-02T23:00:00-05:00,2025-03-03T00:00:00-05:00,2025-03-03T04:00:00+00:00,2025-03-03T05:00:00+00:00,MOD-00811,60,41.788,-6.368,3.245,3.564,5.159,748.881,1.899,13.531,43.992
2025-03-03T00:00:00-05:00,2025-03-03T01:00:00-05:00,2025-03-03T05:00:00+00:00,2025-03-03T06:00:00+00:00,MOD-00811,60,45.075,-6.782,2.586,2.949,4.348,747.845,2.287,14.559,43.546
2025-03-03T01:00:00-05:00,2025-03-03T02:00:00-05:00,2025-03-03T06:00:00+00:00,2025-03-03T07:00:00+00:00,MOD-00811,60,46.56,-7.15,2.605,2.963,5.46,750.437,2.719,11.436,43.661
2025-03-03T02:00:00-05:00,2025-03-03T03:00:00-05:00,2025-03-03T07:00:00+00:00,2025-03-03T08:00:00+00:00,MOD-00811,60,48.125,-7.585,2.334,2.767,3.914,754.11,2.847,11.768,42.751
2025-03-03T03:00:00-05:00,2025-03-03T04:00:00-05:00,2025-03-03T08:00:00+00:00,2025-03-03T09:00:00+00:00,MOD-00811,60,47.873,-8.008,2.862,3.342,5.738,758.464,2.889,11.05,41.838
2025-03-03T04:00:00-05:00,2025-03-03T05:00:00-05:00,2025-03-03T09:00:00+00:00,2025-03-03T10:00:00+00:00,MOD-00811,60,44.573,-8.37,3.077,3.684,5.634,760.355,3.012,14.608,40.566
2025-03-03T05:00:00-05:00,2025-03-03T06:00:00-05:00,2025-03-03T10:00:00+00:00,2025-03-03T11:00:00+00:00,MOD-00811,60,42.745,-8.86,9.104,9.857,15.846,773.858,2.686,18.747,39.014
2025-03-03T06:00:00-05:00,2025-03-03T07:00:00-05:00,2025-03-03T11:00:00+00:00,2025-03-03T12:00:00+00:00,MOD-00811,60,43.402,-9.02,7.043,7.765,10.664,791.356,2.78,20.633,36.922
2025-03-03T07:00:00-05:00,2025-03-03T08:00:00-05:00,2025-03-03T12:00:00+00:00,2025-03-03T13:00:00+00:00,MOD-00811,60,39.597,-7.318,3.324,4.05,8.905,828.011,2.36,13.297,36.212
2025-03-03T08:00:00-05:00,2025-03-03T09:00:00-05:00,2025-03-03T13:00:00+00:00,2025-03-03T14:00:00+00:00,MOD-00811,60,34.42,-5.487,4.844,5.673,17.534,813.57,2.649,14.229,37.519
2025-03-03T09:00:00-05:00,2025-03-03T10:00:00-05:00,2025-03-03T14:00:00+00:00,2025-03-03T15:00:00+00:00,MOD-00811,60,29.612,-3.458,4.996,5.645,14.247,802.678,3.072,9.396,39.871
2025-03-03T10:00:00-05:00,2025-03-03T11:00:00-05:00,2025-03-03T15:00:00+00:00,2025-03-03T16:00:00+00:00,MOD-00811,60,25.102,-1.313,3.197,3.824,15.527,785.201,2.853,8.262,42.46
2025-03-03T11:00:00-05:00,2025-03-03T12:00:00-05:00,2025-03-03T16:00:00+00:00,2025-03-03T17:00:00+00:00,MOD-00811,60,22.195,0.322,3.322,3.827,12.064,782.127,3.38,8.485,44.138
2025-03-03T12:00:00-05:00,2025-03-03T13:00:00-05:00,2025-03-03T17:00:00+00:00,2025-03-03T18:00:00+00:00,MOD-00811,60,18.917,2.188,2.626,3.118,11.951,767.464,3.548,8.567,46.299
2025-03-03T13:00:00-05:00,2025-03-03T14:00:00-05:00,2025-03-03T18:00:00+00:00,2025-03-03T19:00:00+00:00,MOD-00811,60,17.453,3.72,2.103,2.387,6.384,756.616,3.589,8.284,46.666
2025-03-03T14:00:00-05:00,2025-03-03T15:00:00-05:00,2025-03-03T19:00:00+00:00,2025-03-03T20:00:00+00:00,MOD-00811,60,16.462,4.065,1.814,2.101,6.071,751.713,3.571,7.807,48.904
2025-03-03T15:00:00-05:00,2025-03-03T16:00:00-05:00,2025-03-03T20:00:00+00:00,2025-03-03T21:00:00+00:00,MOD-00811,60,16.547,4.127,1.688,1.957,6.083,762.085,3.627,7.907,48.222
2025-03-03T16:00:00-05:00,2025-03-03T17:00:00-05:00,2025-03-03T21:00:00+00:00,2025-03-03T22:00:00+00:00,MOD-00811,60,17.683,3.547,1.587,1.838,4.968,764.77,3.561,8.325,48.305
2025-03-03T17:00:00-05:00,2025-03-03T18:00:00-05:00,2025-03-03T22:00:00+00:00,2025-03-03T23:00:00+00:00,MOD-00811,60,21.607,1.722,1.511,1.831,6.538,785.486,3.084,9.231,46.252
2025-03-03T18:00:00-05:00,2025-03-03T19:00:00-05:00,2025-03-03T23:00:00+00:00,2025-03-04T00:00:00+00:00,MOD-00811,60,26.305,-0.17,1.814,2.242,8.712,929.574,2.566,9.805,38.326
2025-03-03T19:00:00-05:00,2025-03-03T20:00:00-05:00,2025-03-04T00:00:00+00:00,2025-03-04T01:00:00+00:00,MOD-00811,60,29.783,-0.953,1.865,2.283,6.927,899.034,2.351,14.34,35.57
2025-03-03T20:00:00-05:00,2025-03-03T21:00:00-05:00,2025-03-04T01:00:00+00:00,2025-03-04T02:00:00+00:00,MOD-00811,60,34.273,-1.633,3.32,3.802,10.487,1102.015,2.147,31.393,27.44
2025-03-03T21:00:00-05:00,2025-03-03T22:00:00-05:00,2025-03-04T02:00:00+00:00,2025-03-04T03:00:00+00:00,MOD-00811,60,37.822,-2.212,3.927,4.41,9.125,1140.421,2.048,32.671,23.807
2025-03-03T22:00:00-05:00,2025-03-03T23:00:00-05:00,2025-03-04T03:00:00+00:00,2025-03-04T04:00:00+00:00,MOD-00811,60,38.152,-2.417,3.575,3.926,8.078,1049.701,1.994,29.848,27.601
2025-03-03T23:00:00-05:00,2025-03-04T00:00:00-05:00,2025-03-04T04:00:00+00:00,2025-03-04T05:00:00+00:00,MOD-00811,60,41.898,-2.608,4.065,4.452,8.611,1009.046,1.882,30.064,26.059
2025-03-04T00:00:00-05:00,2025-03-04T01:00:00-05:00,2025-03-04T05:00:00+00:00,2025-03-04T06:00:00+00:00,MOD-00811,60,44.048,-2.09,3.952,4.361,8.666,953.427,1.947,27.403,29.307
2025-03-04T01:00:00-05:00,2025-03-04T02:00:00-05:00,2025-03-04T06:00:00+00:00,2025-03-04T07:00:00+00:00,MOD-00811,60,49.468,-2.09,4.709,5.158,10.313,947.046,2.643,27.192,28.544
2025-03-04T02:00:00-05:00,2025-03-04T03:00:00-05:00,2025-03-04T07:00:00+00:00,2025-03-04T08:00:00+00:00,MOD-00811,60,56.988,-1.92,5.731,6.358,14.354,936.56,2.601,27.589,26.451
2025-03-04T03:00:00-05:00,2025-03-04T04:00:00-05:00,2025-03-04T08:00:00+00:00,2025-03-04T09:00:00+00:00,MOD-00811,60,61.202,-2.058,6.285,7.0,16.737,931.776,3.27,29.258,22.482
2025-03-04T04:00:00-05:00,2025-03-04T05:00:00-05:00,2025-03-04T09:00:00+00:00,2025-03-04T10:00:00+00:00,MOD-00811,60,66.738,-2.538,6.095,7.024,20.575,973.522,3.034,30.227,19.134
2025-03-04T05:00:00-05:00,2025-03-04T06:00:00-05:00,2025-03-04T10:00:00+00:00,2025-03-04T11:00:00+00:00,MOD-00811,60,73.403,-3.09,5.729,6.844,22.932,1100.521,3.314,32.288,14.768
2025-03-04T06:00:00-05:00,2025-03-04T07:00:00-05:00,2025-03-04T11:00:00+00:00,2025-03-04T12:00:00+00:00,MOD-00811,60,74.735,-2.967,7.266,8.375,24.462,1118.763,3.359,31.689,14.423
2025-03-04T07:00:00-05:00,2025-03-04T08:00:00-05:00,2025-03-04T12:00:00+00:00,2025-03-04T13:00:00+00:00,MOD-00811,60,64.397,0.752,9.216,10.382,25.727,1062.419,3.112,29.397,20.913
2025-03-04T08:00:00-05:00,2025-03-04T09:00:00-05:00,2025-03-04T13:00:00+00:00,2025-03-04T14:00:00+00:00,MOD-00811,60,46.997,4.807,10.569,11.606,23.644,922.441,3.599,21.19,34.097
2025-03-04T09:00:00-05:00,2025-03-04T10:00:00-05:00,2025-03-04T14:00:00+00:00,2025-03-04T15:00:00+00:00,MOD-00811,60,41.6,6.18,10.079,10.862,16.713,774.041,2.151,14.567,42.682
2025-03-04T10:00:00-05:00,2025-03-04T11:00:00-05:00,2025-03-04T15:00:00+00:00,2025-03-04T16:00:00+00:00,MOD-00811,60,38.268,7.422,9.024,9.737,16.99,752.317,2.337,13.544,44.99
2025-03-04T11:00:00-05:00,2025-03-04T12:00:00-05:00,2025-03-04T16:00:00+00:00,2025-03-04T17:00:00+00:00,MOD-00811,60,35.343,8.89,8.62,9.286,15.541,725.984,2.631,10.867,46.86
2025-03-04T12:00:00-05:00,2025-03-04T13:00:00-05:00,2025-03-04T17:00:00+00:00,2025-03-04T18:00:00+00:00,MOD-00811,60,34.767,10.853,7.683,8.486,14.809,725.865,2.66,10.971,48.694
2025-03-04T13:00:00-05:00,2025-03-04T14:00:00-05:00,2025-03-04T18:00:00+00:00,2025-03-04T19:00:00+00:00,MOD-00811,60,38.477,11.113,10.224,11.193,16.939,722.034,2.685,12.302,49.767
2025-03-04T14:00:00-05:00,2025-03-04T15:00:00-05:00,2025-03-04T19:00:00+00:00,2025-03-04T20:00:00+00:00,MOD-00811,60,43.767,11.595,8.547,10.123,18.363,718.633,2.273,16.74,51.457
2025-03-04T15:00:00-05:00,2025-03-04T16:00:00-05:00,2025-03-04T20:00:00+00:00,2025-03-04T21:00:00+00:00,MOD-00811,60,50.065,10.595,5.331,7.692,21.29,723.459,1.502,15.474,50.991
2025-03-04T16:00:00-05:00,2025-03-04T17:00:00-05:00,2025-03-04T21:00:00+00:00,2025-03-04T22:00:00+00:00,MOD-00811,60,54.348,9.685,4.539,7.415,24.131,723.753,1.834,14.019,50.554
2025-03-04T17:00:00-05:00,2025-03-04T18:00:00-05:00,2025-03-04T22:00:00+00:00,2025-03-04T23:00:00+00:00,MOD-00811,60,63.062,8.032,4.323,8.219,32.925,722.033,2.351,19.459,49.917
2025-03-04T18:00:00-05:00,2025-03-04T19:00:00-05:00,2025-03-04T23:00:00+00:00,2025-03-05T00:00:00+00:00,MOD-00811,60,66.657,7.438,5.473,9.949,45.487,768.806,1.526,20.2,48.627
2025-03-04T19:00:00-05:00,2025-03-04T20:00:00-05:00,2025-03-05T00:00:00+00:00,2025-03-05T01:00:00+00:00,MOD-00811,60,69.997,6.713,6.391,11.811,62.941,730.19,1.614,20.0,48.52
2025-03-04T20:00:00-05:00,2025-03-04T21:00:00-05:00,2025-03-05T01:00:00+00:00,2025-03-05T02:00:00+00:00,MOD-00811,60,70.855,6.648,5.935,12.168,66.622,737.187,1.66,19.979,47.572
2025-03-04T21:00:00-05:00,2025-03-04T22:00:00-05:00,2025-03-05T02:00:00+00:00,2025-03-05T03:00:00+00:00,MOD-00811,60,67.445,7.383,5.834,11.54,53.698,721.799,1.484,18.999,49.316
2025-03-04T22:00:00-05:00,2025-03-04T23:00:00-05:00,2025-03-05T03:00:00+00:00,2025-03-05T04:00:00+00:00,MOD-00811,60,66.912,7.55,5.394,10.247,40.945,701.86,1.491,18.789,49.191
2025-03-04T23:00:00-05:00,2025-03-05T00:00:00-05:00,2025-03-05T04:00:00+00:00,2025-03-05T05:00:00+00:00,MOD-00811,60,68.425,6.857,5.054,9.648,39.321,722.977,1.472,20.186,45.76
2025-03-05T00:00:00-05:00,2025-03-05T01:00:00-05:00,2025-03-05T05:00:00+00:00,2025-03-05T06:00:00+00:00,MOD-00811,60,67.55,6.933,4.6,8.864,38.393,702.588,1.493,18.948,49.254
2025-03-05T01:00:00-05:00,2025-03-05T02:00:00-05:00,2025-03-05T06:00:00+00:00,2025-03-05T07:00:00+00:00,MOD-00811,60,71.525,7.218,4.538,9.488,49.864,702.324,1.587,19.021,48.037
2025-03-05T02:00:00-05:00,2025-03-05T03:00:00-05:00,2025-03-05T07:00:00+00:00,2025-03-05T08:00:00+00:00,MOD-00811,60,79.038,6.237,4.11,10.223,61.777,750.991,1.928,19.37,44.187
2025-03-05T03:00:00-05:00,2025-03-05T04:00:00-05:00,2025-03-05T08:00:00+00:00,2025-03-05T09:00:00+00:00,MOD-00811,60,85.637,5.65,3.446,12.693,97.163,692.484,2.834,14.414,44.031
2025-03-05T04:00:00-05:00,2025-03-05T05:00:00-05:00,2025-03-05T09:00:00+00:00,2025-03-05T10:00:00+00:00,MOD-00811,60,88.355,5.593,3.097,14.851,121.25,681.427,3.182,7.9,44.03
2025-03-05T05:00:00-05:00,2025-03-05T06:00:00-05:00,2025-03-05T10:00:00+00:00,2025-03-05T11:00:00+00:00,MOD-00811,60,87.998,6.565,2.906,14.107,103.685,697.118,2.943,10.682,39.281
2025-03-05T06:00:00-05:00,2025-03-05T07:00:00-05:00,2025-03-05T11:00:00+00:00,2025-03-05T12:00:00+00:00,MOD-00811,60,86.31,7.448,3.763,14.86,88.07,741.354,2.512,8.372,40.225
2025-03-05T07:00:00-05:00,2025-03-05T08:00:00-05:00,2025-03-05T12:00:00+00:00,2025-03-05T13:00:00+00:00,MOD-00811,60,85.94,8.455,2.978,12.757,68.127,783.351,2.526,12.5,38.139
2025-03-05T08:00:00-05:00,2025-03-05T09:00:00-05:00,2025-03-05T13:00:00+00:00,2025-03-05T14:00:00+00:00,MOD-00811,60,77.033,10.882,2.684,9.064,45.357,699.349,1.92,16.548,43.722
2025-03-05T09:00:00-05:00,2025-03-05T10:00:00-05:00,2025-03-05T14:00:00+00:00,2025-03-05T15:00:00+00:00,MOD-00811,60,69.608,12.11,2.873,8.762,42.402,703.095,2.172,16.917,41.655
2025-03-05T10:00:00-05:00,2025-03-05T11:00:00-05:00,2025-03-05T15:00:00+00:00,2025-03-05T16:00:00+00:00,MOD-00811,60,61.538,13.622,2.599,7.833,37.761,672.602,2.211,13.483,43.773
2025-03-05T11:00:00-05:00,2025-03-05T12:00:00-05:00,2025-03-05T16:00:00+00:00,2025-03-05T17:00:00+00:00,MOD-00811,60,56.3,15.342,2.251,6.315,32.928,667.013,1.748,10.044,44.79
2025-03-05T12:00:00-05:00,2025-03-05T13:00:00-05:00,2025-03-05T17:00:00+00:00,2025-03-05T18:00:00+00:00,MOD-00811,60,54.398,15.808,1.996,5.341,30.048,656.36,1.906,8.414,45.711
2025-03-05T13:00:00-05:00,2025-03-05T14:00:00-05:00,2025-03-05T18:00:00+00:00,2025-03-05T19:00:00+00:00,MOD-00811,60,55.22,15.633,2.169,6.063,31.543,710.774,1.968,12.294,44.527
2025-03-05T14:00:00-05:00,2025-03-05T15:00:00-05:00,2025-03-05T19:00:00+00:00,2025-03-05T20:00:00+00:00,MOD-00811,60,56.195,15.447,2.603,7.858,38.369,800.103,1.831,14.586,45.052
2025-03-05T15:00:00-05:00,2025-03-05T16:00:00-05:00,2025-03-05T20:00:00+00:00,2025-03-05T21:00:00+00:00,MOD-00811,60,60.882,13.938,2.763,9.073,45.099,702.857,2.134,13.969,46.395
2025-03-05T16:00:00-05:00,2025-03-05T17:00:00-05:00,2025-03-05T21:00:00+00:00,2025-03-05T22:00:00+00:00,MOD-00811,60,65.677,12.963,2.943,10.148,55.156,704.154,2.092,18.497,47.451
2025-03-05T17:00:00-05:00,2025-03-05T18:00:00-05:00,2025-03-05T22:00:00+00:00,2025-03-05T23:00:00+00:00,MOD-00811,60,72.263,11.562,3.103,11.133,68.704,697.005,1.595,19.127,46.664
2025-03-05T18:00:00-05:00,2025-03-05T19:00:00-05:00,2025-03-05T23:00:00+00:00,2025-03-06T00:00:00+00:00,MOD-00811,60,77.003,10.982,3.224,11.777,70.136,708.606,1.878,18.422,45.829
2025-03-05T19:00:00-05:00,2025-03-05T20:00:00-05:00,2025-03-06T00:00:00+00:00,2025-03-06T01:00:00+00:00,MOD-00811,60,80.11,11.068,2.294,11.259,68.18,691.728,2.151,15.517,46.19
2025-03-05T20:00:00-05:00,2025-03-05T21:00:00-05:00,2025-03-06T01:00:00+00:00,2025-03-06T02:00:00+00:00,MOD-00811,60,85.443,10.6,2.198,13.4,83.408,684.083,2.557,13.959,45.661
2025-03-05T21:00:00-05:00,2025-03-05T22:00:00-05:00,2025-03-06T02:00:00+00:00,2025-03-06T03:00:00+00:00,MOD-00811,60,87.632,10.767,2.105,13.548,49.391,672.165,2.947,11.793,46.485
2025-03-05T22:00:00-05:00,2025-03-05T23:00:00-05:00,2025-03-06T03:00:00+00:00,2025-03-06T04:00:00+00:00,MOD-00811,60,89.42,10.885,2.2,15.04,61.87,660.63,3.406,10.734,46.659
2025-03-05T23:00:00-05:00,2025-03-06T00:00:00-05:00,2025-03-06T04:00:00+00:00,2025-03-06T05:00:00+00:00,MOD-00811,60,88.667,11.11,2.856,21.235,95.479,656.12,3.305,10.968,46.149
2025-03-06T00:00:00-05:00,2025-03-06T01:00:00-05:00,2025-03-06T05:00:00+00:00,2025-03-06T06:00:00+00:00,MOD-00811,60,88.555,11.56,3.416,26.692,149.418,653.503,3.366,11.816,45.617
2025-03-06T01:00:00-05:00,2025-03-06T02:00:00-05:00,2025-03-06T06:00:00+00:00,2025-03-06T07:00:00+00:00,MOD-00811,60,88.535,11.533,3.432,25.448,118.768,644.615,3.346,11.319,45.285
2025-03-06T02:00:00-05:00,2025-03-06T03:00:00-05:00,2025-03-06T07:00:00+00:00,2025-03-06T08:00:00+00:00,MOD-00811,60,91.352,11.733,1.397,7.587,25.364,646.053,3.667,10.479,44.506
2025-03-06T03:00:00-05:00,2025-03-06T04:00:00-05:00,2025-03-06T08:00:00+00:00,2025-03-06T09:00:00+00:00,MOD-00811,60,90.633,11.715,0.964,3.914,11.473,643.184,3.597,10.647,43.925
2025-03-06T04:00:00-05:00,2025-03-06T05:00:00-05:00,2025-03-06T09:00:00+00:00,2025-03-06T10:00:00+00:00,MOD-00811,60,90.847,12.148,1.009,5.23,24.077,652.614,3.638,10.273,43.008
2025-03-06T05:00:00-05:00,2025-03-06T06:00:00-05:00,2025-03-06T10:00:00+00:00,2025-03-06T11:00:00+00:00,MOD-00811,60,90.385,11.79,1.233,6.268,24.488,658.74,3.61,11.134,41.962
2025-03-06T06:00:00-05:00,2025-03-06T07:00:00-05:00,2025-03-06T11:00:00+00:00,2025-03-06T12:00:00+00:00,MOD-00811,60,90.26,11.788,2.019,6.427,23.446,704.817,3.637,11.818,39.516
2025-03-06T07:00:00-05:00,2025-03-06T08:00:00-05:00,2025-03-06T12:00:00+00:00,2025-03-06T13:00:00+00:00,MOD-00811,60,87.307,10.588,2.338,6.143,353.006,713.446,3.018,8.262,40.741
2025-03-06T08:00:00-05:00,2025-03-06T09:00:00-05:00,2025-03-06T13:00:00+00:00,2025-03-06T14:00:00+00:00,MOD-00811,60,89.412,9.988,2.388,5.865,327.851,680.112,3.359,8.588,39.576
2025-03-06T09:00:00-05:00,2025-03-06T10:00:00-05:00,2025-03-06T14:00:00+00:00,2025-03-06T15:00:00+00:00,MOD-00811,60,87.253,10.07,2.381,4.112,460.493,671.963,2.897,8.519,39.643
2025-03-06T10:00:00-05:00,2025-03-06T11:00:00-05:00,2025-03-06T15:00:00+00:00,2025-03-06T16:00:00+00:00,MOD-00811,60,85.378,10.172,3.125,4.912,428.079,694.401,2.66,8.292,38.388
2025-03-06T11:00:00-05:00,2025-03-06T12:00:00-05:00,2025-03-06T16:00:00+00:00,2025-03-06T17:00:00+00:00,MOD-00811,60,85.017,10.058,3.368,5.158,389.79,684.752,2.48,6.645,40.758
2025-03-06T12:00:00-05:00,2025-03-06T13:00:00-05:00,2025-03-06T17:00:00+00:00,2025-03-06T18:00:00+00:00,MOD-00811,60,85.182,10.742,4.101,5.893,170.65,716.311,2.681,13.107,36.433
2025-03-06T13:00:00-05:00,2025-03-06T14:00:00-05:00,2025-03-06T18:00:00+00:00,2025-03-06T19:00:00+00:00,MOD-00811,60,76.898,12.672,5.55,7.088,15.07,680.161,1.982,16.697,37.387
2025-03-06T14:00:00-05:00,2025-03-06T15:00:00-05:00,2025-03-06T19:00:00+00:00,2025-03-06T20:00:00+00:00,MOD-00811,60,77.357,11.933,5.619,7.34,36.275,666.142,1.995,16.848,39.226
2025-03-06T15:00:00-05:00,2025-03-06T16:00:00-05:00,2025-03-06T20:00:00+00:00,2025-03-06T21:00:00+00:00,MOD-00811,60,76.643,11.912,6.212,8.41,14.376,701.908,1.953,17.124,36.85
2025-03-06T16:00:00-05:00,2025-03-06T17:00:00-05:00,2025-03-06T21:00:00+00:00,2025-03-06T22:00:00+00:00,MOD-00811,60,82.455,10.612,5.295,7.916,18.015,748.403,2.476,20.747,29.661
2025-03-06T17:00:00-05:00,2025-03-06T18:00:00-05:00,2025-03-06T22:00:00+00:00,2025-03-06T23:00:00+00:00,MOD-00811,60,81.053,10.787,1.957,2.523,6.811,790.576,2.251,18.111,29.953
2025-03-06T18:00:00-05:00,2025-03-06T19:00:00-05:00,2025-03-06T23:00:00+00:00,2025-03-07T00:00:00+00:00,MOD-00811,60,75.535,9.478,2.177,2.537,5.798,747.318,1.779,13.305,31.745
2025-03-06T19:00:00-05:00,2025-03-06T20:00:00-05:00,2025-03-07T00:00:00+00:00,2025-03-07T01:00:00+00:00,MOD-00811,60,75.503,7.568,2.425,2.769,7.428,733.305,1.772,14.765,31.397
2025-03-06T20:00:00-05:00,2025-03-06T21:00:00-05:00,2025-03-07T01:00:00+00:00,2025-03-07T02:00:00+00:00,MOD-00811,60,63.707,7.098,2.037,2.177,5.15,724.331,2.236,12.132,36.917
2025-03-06T21:00:00-05:00,2025-03-06T22:00:00-05:00,2025-03-07T02:00:00+00:00,2025-03-07T03:00:00+00:00,MOD-00811,60,56.078,6.26,1.56,1.618,2.086,708.564,2.352,9.914,41.671
2025-03-06T22:00:00-05:00,2025-03-06T23:00:00-05:00,2025-03-07T03:00:00+00:00,2025-03-07T04:00:00+00:00,MOD-00811,60,49.992,4.712,2.74,2.842,3.461,697.087,1.998,9.494,43.324
2025-03-06T23:00:00-05:00,2025-03-07T00:00:00-05:00,2025-03-07T04:00:00+00:00,2025-03-07T05:00:00+00:00,MOD-00811,60,48.645,3.01,2.012,2.102,2.587,703.274,2.382,10.581,43.247
2025-03-07T00:00:00-05:00,2025-03-07T01:00:00-05:00,2025-03-07T05:00:00+00:00,2025-03-07T06:00:00+00:00,MOD-00811,60,50.122,2.383,2.397,2.507,2.917,700.666,2.469,10.464,46.077
2025-03-07T01:00:00-05:00,2025-03-07T02:00:00-05:00,2025-03-07T06:00:00+00:00,2025-03-07T07:00:00+00:00,MOD-00811,60,49.12,2.202,1.521,1.647,5.279,695.797,2.39,13.116,48.876
2025-03-07T02:00:00-05:00,2025-03-07T03:00:00-05:00,2025-03-07T07:00:00+00:00,2025-03-07T08:00:00+00:00,MOD-00811,60,48.088,1.99,0.993,1.138,1.559,692.716,2.319,10.611,50.71
2025-03-07T03:00:00-05:00,2025-03-07T04:00:00-05:00,2025-03-07T08:00:00+00:00,2025-03-07T09:00:00+00:00,MOD-00811,60,43.482,1.543,1.32,1.479,8.45,690.764,1.752,9.442,51.592
2025-03-07T04:00:00-05:00,2025-03-07T05:00:00-05:00,2025-03-07T09:00:00+00:00,2025-03-07T10:00:00+00:00,MOD-00811,60,42.2,0.885,2.771,2.948,13.341,694.001,1.612,11.502,51.422
2025-03-07T05:00:00-05:00,2025-03-07T06:00:00-05:00,2025-03-07T10:00:00+00:00,2025-03-07T11:00:00+00:00,MOD-00811,60,42.955,0.31,0.733,0.937,5.663,709.408,1.643,16.178,50.297
2025-03-07T06:00:00-05:00,2025-03-07T07:00:00-05:00,2025-03-07T11:00:00+00:00,2025-03-07T12:00:00+00:00,MOD-00811,60,43.182,0.085,1.027,1.182,9.341,721.696,1.728,17.271,49.137
2025-03-07T07:00:00-05:00,2025-03-07T08:00:00-05:00,2025-03-07T12:00:00+00:00,2025-03-07T13:00:00+00:00,MOD-00811,60,40.74,1.077,1.053,1.197,5.385,724.924,1.806,14.938,49.583
2025-03-07T08:00:00-05:00,2025-03-07T09:00:00-05:00,2025-03-07T13:00:00+00:00,2025-03-07T14:00:00+00:00,MOD-00811,60,35.362,2.497,0.826,1.048,6.081,724.776,2.007,14.168,50.33
2025-03-07T09:00:00-05:00,2025-03-07T10:00:00-05:00,2025-03-07T14:00:00+00:00,2025-03-07T15:00:00+00:00,MOD-00811,60,31.933,4.223,0.812,0.943,6.782,716.8,2.261,13.673,51.291
2025-03-07T10:00:00-05:00,2025-03-07T11:00:00-05:00,2025-03-07T15:00:00+00:00,2025-03-07T16:00:00+00:00,MOD-00811,60,28.288,5.808,0.916,1.083,3.658,710.625,2.25,9.607,51.741
2025-03-07T11:00:00-05:00,2025-03-07T12:00:00-05:00,2025-03-07T16:00:00+00:00,2025-03-07T17:00:00+00:00,MOD-00811,60,27.533,7.067,1.492,1.64,13.408,705.513,2.204,9.96,52.43
2025-03-07T12:00:00-05:00,2025-03-07T13:00:00-05:00,2025-03-07T17:00:00+00:00,2025-03-07T18:00:00+00:00,MOD-00811,60,33.16,6.432,1.478,1.605,4.497,715.138,2.262,13.234,51.148
2025-03-07T13:00:00-05:00,2025-03-07T14:00:00-05:00,2025-03-07T18:00:00+00:00,2025-03-07T19:00:00+00:00,MOD-00811,60,36.015,6.138,1.842,2.011,2.591,712.343,2.322,12.932,51.464
2025-03-07T14:00:00-05:00,2025-03-07T15:00:00-05:00,2025-03-07T19:00:00+00:00,2025-03-07T20:00:00+00:00,MOD-00811,60,33.682,6.423,1.91,2.083,4.03,719.644,2.354,14.268,51.386
2025-03-07T15:00:00-05:00,2025-03-07T16:00:00-05:00,2025-03-07T20:00:00+00:00,2025-03-07T21:00:00+00:00,MOD-00811,60,32.155,6.732,2.473,2.745,12.601,719.303,2.354,13.85,52.347
2025-03-07T16:00:00-05:00,2025-03-07T17:00:00-05:00,2025-03-07T21:00:00+00:00,2025-03-07T22:00:00+00:00,MOD-00811,60,28.935,6.493,1.537,1.709,5.341,725.957,2.311,16.952,52.52
2025-03-07T17:00:00-05:00,2025-03-07T18:00:00-05:00,2025-03-07T22:00:00+00:00,2025-03-07T23:00:00+00:00,MOD-00811,60,30.528,5.667,1.0,1.147,2.575,726.109,2.238,16.835,51.662
2025-03-07T18:00:00-05:00,2025-03-07T19:00:00-05:00,2025-03-07T23:00:00+00:00,2025-03-08T00:00:00+00:00,MOD-00811,60,33.168,4.427,1.192,1.367,1.818,731.831,2.304,14.752,50.971
2025-03-07T19:00:00-05:00,2025-03-07T20:00:00-05:00,2025-03-08T00:00:00+00:00,2025-03-08T01:00:00+00:00,MOD-00811,60,36.025,3.822,1.246,1.352,2.366,735.423,1.938,16.196,49.868
2025-03-07T20:00:00-05:00,2025-03-07T21:00:00-05:00,2025-03-08T01:00:00+00:00,2025-03-08T02:00:00+00:00,MOD-00811,60,37.04,3.467,1.37,1.472,1.883,736.009,1.8,14.804,50.584
2025-03-07T21:00:00-05:00,2025-03-07T22:00:00-05:00,2025-03-08T02:00:00+00:00,2025-03-08T03:00:00+00:00,MOD-00811,60,38.825,2.988,1.398,1.575,6.85,727.972,1.91,12.388,50.964
2025-03-07T22:00:00-05:00,2025-03-07T23:00:00-05:00,2025-03-08T03:00:00+00:00,2025-03-08T04:00:00+00:00,MOD-00811,60,39.305,2.51,1.359,1.556,2.337,725.992,1.999,9.659,50.475
2025-03-07T23:00:00-05:00,2025-03-08T00:00:00-05:00,2025-03-08T04:00:00+00:00,2025-03-08T05:00:00+00:00,MOD-00811,60,40.57,2.25,1.443,1.566,2.095,730.684,2.023,11.944,49.352
2025-03-08T00:00:00-05:00,2025-03-08T01:00:00-05:00,2025-03-08T05:00:00+00:00,2025-03-08T06:00:00+00:00,MOD-00811,60,38.578,2.67,1.7,1.789,2.329,719.723,1.939,11.594,50.818
2025-03-08T01:00:00-05:00,2025-03-08T02:00:00-05:00,2025-03-08T06:00:00+00:00,2025-03-08T07:00:00+00:00,MOD-00811,60,36.777,2.878,2.15,2.31,3.07,713.359,1.917,12.874,50.79
2025-03-08T02:00:00-05:00,2025-03-08T03:00:00-05:00,2025-03-08T07:00:00+00:00,2025-03-08T08:00:00+00:00,MOD-00811,60,36.04,2.745,1.702,1.844,2.293,711.378,1.916,14.836,50.293
2025-03-08T03:00:00-05:00,2025-03-08T04:00:00-05:00,2025-03-08T08:00:00+00:00,2025-03-08T09:00:00+00:00,MOD-00811,60,37.575,2.22,1.133,1.253,2.757,710.515,1.955,15.231,48.711
2025-03-08T04:00:00-05:00,2025-03-08T05:00:00-05:00,2025-03-08T09:00:00+00:00,2025-03-08T10:00:00+00:00,MOD-00811,60,41.082,1.58,1.012,1.168,3.59,749.308,1.678,18.395,46.538
2025-03-08T05:00:00-05:00,2025-03-08T06:00:00-05:00,2025-03-08T10:00:00+00:00,2025-03-08T11:00:00+00:00,MOD-00811,60,43.167,1.295,1.2,1.355,3.413,794.927,1.662,21.743,43.592
2025-03-08T06:00:00-05:00,2025-03-08T07:00:00-05:00,2025-03-08T11:00:00+00:00,2025-03-08T12:00:00+00:00,MOD-00811,60,46.177,0.855,1.28,1.5,4.124,829.978,2.346,22.469,41.446
2025-03-08T07:00:00-05:00,2025-03-08T08:00:00-05:00,2025-03-08T12:00:00+00:00,2025-03-08T13:00:00+00:00,MOD-00811,60,43.698,1.865,1.172,1.364,3.247,779.825,1.838,21.102,43.529
2025-03-08T08:00:00-05:00,2025-03-08T09:00:00-05:00,2025-03-08T13:00:00+00:00,2025-03-08T14:00:00+00:00,MOD-00811,60,40.457,3.438,1.251,1.413,3.028,760.769,2.023,15.927,45.227
2025-03-08T09:00:00-05:00,2025-03-08T10:00:00-05:00,2025-03-08T14:00:00+00:00,2025-03-08T15:00:00+00:00,MOD-00811,60,32.658,6.618,1.643,1.793,3.253,748.325,2.116,12.472,48.321
2025-03-08T10:00:00-05:00,2025-03-08T11:00:00-05:00,2025-03-08T15:00:00+00:00,2025-03-08T16:00:00+00:00,MOD-00811,60,30.607,7.595,3.652,3.771,5.604,724.851,2.115,10.42,50.105
2025-03-08T11:00:00-05:00,2025-03-08T12:00:00-05:00,2025-03-08T16:00:00+00:00,2025-03-08T17:00:00+00:00,MOD-00811,60,32.008,6.918,3.783,3.908,7.016,714.969,2.291,13.337,51.331
2025-03-08T12:00:00-05:00,2025-03-08T13:00:00-05:00,2025-03-08T17:00:00+00:00,2025-03-08T18:00:00+00:00,MOD-00811,60,26.665,7.072,4.0,4.147,6.438,710.425,2.414,10.581,52.208
2025-03-08T13:00:00-05:00,2025-03-08T14:00:00-05:00,2025-03-08T18:00:00+00:00,2025-03-08T19:00:00+00:00,MOD-00811,60,21.88,7.31,2.81,2.954,4.654,703.674,2.492,8.109,52.955
2025-03-08T14:00:00-05:00,2025-03-08T15:00:00-05:00,2025-03-08T19:00:00+00:00,2025-03-08T20:00:00+00:00,MOD-00811,60,22.38,7.073,2.586,2.771,6.993,707.073,2.53,8.494,51.691
2025-03-08T15:00:00-05:00,2025-03-08T16:00:00-05:00,2025-03-08T20:00:00+00:00,2025-03-08T21:00:00+00:00,MOD-00811,60,24.167,6.13,1.665,1.882,5.155,709.89,2.556,14.834,52.724
2025-03-08T16:00:00-05:00,2025-03-08T17:00:00-05:00,2025-03-08T21:00:00+00:00,2025-03-08T22:00:00+00:00,MOD-00811,60,26.605,5.093,1.762,1.946,4.038,714.996,2.098,10.151,52.693
2025-03-08T17:00:00-05:00,2025-03-08T18:00:00-05:00,2025-03-08T22:00:00+00:00,2025-03-08T23:00:00+00:00,MOD-00811,60,29.812,4.105,1.429,1.6,3.07,723.776,1.973,11.123,51.652
2025-03-08T18:00:00-05:00,2025-03-08T19:00:00-05:00,2025-03-08T23:00:00+00:00,2025-03-09T00:00:00+00:00,MOD-00811,60,32.922,2.977,1.625,1.683,1.793,726.171,2.125,14.025,50.801
2025-03-08T19:00:00-05:00,2025-03-08T20:00:00-05:00,2025-03-09T00:00:00+00:00,2025-03-09T01:00:00+00:00,MOD-00811,60,34.357,2.448,1.55,1.641,2.003,731.034,1.953,11.298,49.693
2025-03-08T20:00:00-05:00,2025-03-08T21:00:00-05:00,2025-03-09T01:00:00+00:00,2025-03-09T02:00:00+00:00,MOD-00811,60,35.918,1.875,1.62,1.726,2.262,730.182,1.859,10.303,49.222
2025-03-08T21:00:00-05:00,2025-03-08T22:00:00-05:00,2025-03-09T02:00:00+00:00,2025-03-09T03:00:00+00:00,MOD-00811,60,39.095,1.328,1.933,2.008,2.232,726.816,1.854,15.892,49.085
2025-03-08T22:00:00-05:00,2025-03-08T23:00:00-05:00,2025-03-09T03:00:00+00:00,2025-03-09T04:00:00+00:00,MOD-00811,60,42.283,0.905,3.125,3.264,3.717,727.816,1.607,16.764,48.084
2025-03-08T23:00:00-05:00,2025-03-09T00:00:00-05:00,2025-03-09T04:00:00+00:00,2025-03-09T05:00:00+00:00,MOD-00811,60,44.663,0.692,3.922,4.032,4.286,726.231,1.735,12.912,47.873
2025-03-09T00:00:00-05:00,2025-03-09T01:00:00-05:00,2025-03-09T05:00:00+00:00,2025-03-09T06:00:00+00:00,MOD-00811,60,46.2,0.483,2.712,2.837,3.164,731.237,2.393,10.602,47.231
2025-03-09T01:00:00-05:00,2025-03-09T03:00:00-04:00,2025-03-09T06:00:00+00:00,2025-03-09T07:00:00+00:00,MOD-00811,60,47.73,0.41,1.964,2.156,3.339,723.483,2.769,15.654,46.942
2025-03-09T03:00:00-04:00,2025-03-09T04:00:00-04:00,2025-03-09T07:00:00+00:00,2025-03-09T08:00:00+00:00,MOD-00811,60,49.683,0.293,1.63,1.807,3.121,729.858,2.693,19.085,46.707
2025-03-09T04:00:00-04:00,2025-03-09T05:00:00-04:00,2025-03-09T08:00:00+00:00,2025-03-09T09:00:00+00:00,MOD-00811,60,51.957,-0.062,1.191,1.392,3.305,731.261,2.792,20.132,44.53
2025-03-09T05:00:00-04:00,2025-03-09T06:00:00-04:00,2025-03-09T09:00:00+00:00,2025-03-09T10:00:00+00:00,MOD-00811,60,56.273,-1.082,1.142,1.353,4.719,762.124,2.167,21.499,41.001
2025-03-09T06:00:00-04:00,2025-03-09T07:00:00-04:00,2025-03-09T10:00:00+00:00,2025-03-09T11:00:00+00:00,MOD-00811,60,57.135,-1.298,1.128,1.314,3.341,750.906,2.15,21.273,40.691
2025-03-09T07:00:00-04:00,2025-03-09T08:00:00-04:00,2025-03-09T11:00:00+00:00,2025-03-09T12:00:00+00:00,MOD-00811,60,56.627,-0.997,1.521,1.727,4.188,795.032,2.462,23.101,36.894
2025-03-09T08:00:00-04:00,2025-03-09T09:00:00-04:00,2025-03-09T12:00:00+00:00,2025-03-09T13:00:00+00:00,MOD-00811,60,45.295,2.505,1.915,2.096,3.467,760.779,2.101,18.699,43.452
2025-03-09T09:00:00-04:00,2025-03-09T10:00:00-04:00,2025-03-09T13:00:00+00:00,2025-03-09T14:00:00+00:00,MOD-00811,60,39.008,4.52,2.454,2.62,4.171,713.553,1.973,14.003,47.531
2025-03-09T10:00:00-04:00,2025-03-09T11:00:00-04:00,2025-03-09T14:00:00+00:00,2025-03-09T15:00:00+00:00,MOD-00811,60,33.915,5.743,2.656,2.787,4.237,716.657,2.271,13.38,48.405
2025-03-09T11:00:00-04:00,2025-03-09T12:00:00-04:00,2025-03-09T15:00:00+00:00,2025-03-09T16:00:00+00:00,MOD-00811,60,29.655,7.423,3.285,3.417,4.208,713.094,2.116,10.567,48.617
2025-03-09T12:00:00-04:00,2025-03-09T13:00:00-04:00,2025-03-09T16:00:00+00:00,2025-03-09T17:00:00+00:00,MOD-00811,60,26.145,8.775,3.469,3.578,4.929,702.61,2.059,8.295,50.493
2025-03-09T13:00:00-04:00,2025-03-09T14:00:00-04:00,2025-03-09T17:00:00+00:00,2025-03-09T18:00:00+00:00,MOD-00811,60,25.755,10.05,2.909,3.006,3.287,700.965,2.381,9.299,51.366
2025-03-09T14:00:00-04:00,2025-03-09T15:00:00-04:00,2025-03-09T18:00:00+00:00,2025-03-09T19:00:00+00:00,MOD-00811,60,29.603,10.142,5.05,5.175,5.839,705.988,2.221,8.147,51.374
2025-03-09T15:00:00-04:00,2025-03-09T16:00:00-04:00,2025-03-09T19:00:00+00:00,2025-03-09T20:00:00+00:00,MOD-00811,60,30.298,10.272,5.194,5.323,6.395,716.417,2.156,9.381,51.016
2025-03-09T16:00:00-04:00,2025-03-09T17:00:00-04:00,2025-03-09T20:00:00+00:00,2025-03-09T21:00:00+00:00,MOD-00811,60,31.79,9.72,4.62,4.761,5.831,720.509,2.241,11.208,50.292
2025-03-09T17:00:00-04:00,2025-03-09T18:00:00-04:00,2025-03-09T21:00:00+00:00,2025-03-09T22:00:00+00:00,MOD-00811,60,32.455,8.993,4.579,4.743,7.032,724.774,2.099,10.044,50.603
2025-03-09T18:00:00-04:00,2025-03-09T19:00:00-04:00,2025-03-09T22:00:00+00:00,2025-03-09T23:00:00+00:00,MOD-00811,60,32.93,8.543,3.349,3.48,4.136,737.498,2.128,9.039,49.134
2025-03-09T19:00:00-04:00,2025-03-09T20:00:00-04:00,2025-03-09T23:00:00+00:00,2025-03-10T00:00:00+00:00,MOD-00811,60,37.735,6.608,3.214,3.445,6.122,844.106,2.345,21.952,40.584
2025-03-09T20:00:00-04:00,2025-03-09T21:00:00-04:00,2025-03-10T00:00:00+00:00,2025-03-10T01:00:00+00:00,MOD-00811,60,42.46,5.093,5.23,5.543,9.647,988.794,1.94,30.415,30.081
2025-03-09T21:00:00-04:00,2025-03-09T22:00:00-04:00,2025-03-10T01:00:00+00:00,2025-03-10T02:00:00+00:00,MOD-00811,60,48.84,3.927,6.678,7.006,10.057,1065.769,2.279,32.909,22.4
2025-03-09T22:00:00-04:00,2025-03-09T23:00:00-04:00,2025-03-10T02:00:00+00:00,2025-03-10T03:00:00+00:00,MOD-00811,60,54.108,2.678,7.488,7.902,12.813,1257.156,3.224,36.363,16.17
2025-03-09T23:00:00-04:00,2025-03-10T00:00:00-04:00,2025-03-10T03:00:00+00:00,2025-03-10T04:00:00+00:00,MOD-00811,60,58.922,2.073,8.5,8.955,13.308,1367.199,3.625,36.725,13.305
2025-03-10T00:00:00-04:00,2025-03-10T01:00:00-04:00,2025-03-10T04:00:00+00:00,2025-03-10T05:00:00+00:00,MOD-00811,60,62.232,1.048,9.453,9.806,13.934,1249.696,3.169,34.215,14.275
2025-03-10T01:00:00-04:00,2025-03-10T02:00:00-04:00,2025-03-10T05:00:00+00:00,2025-03-10T06:00:00+00:00,MOD-00811,60,67.082,0.01,8.378,8.688,10.86,1174.202,2.603,33.979,13.682
2025-03-10T02:00:00-04:00,2025-03-10T03:00:00-04:00,2025-03-10T06:00:00+00:00,2025-03-10T07:00:00+00:00,MOD-00811,60,65.032,0.642,8.689,8.964,10.862,1057.231,2.411,31.549,17.728
2025-03-10T03:00:00-04:00,2025-03-10T04:00:00-04:00,2025-03-10T07:00:00+00:00,2025-03-10T08:00:00+00:00,MOD-00811,60,57.985,2.11,8.075,8.325,10.777,938.601,2.131,27.459,24.53
2025-03-10T04:00:00-04:00,2025-03-10T05:00:00-04:00,2025-03-10T08:00:00+00:00,2025-03-10T09:00:00+00:00,MOD-00811,60,61.118,2.383,5.71,6.391,11.925,868.37,2.784,23.824,32.584
2025-03-10T05:00:00-04:00,2025-03-10T06:00:00-04:00,2025-03-10T09:00:00+00:00,2025-03-10T10:00:00+00:00,MOD-00811,60,64.692,2.888,4.67,5.632,11.866,819.928,2.218,22.227,35.32
2025-03-10T06:00:00-04:00,2025-03-10T07:00:00-04:00,2025-03-10T10:00:00+00:00,2025-03-10T11:00:00+00:00,MOD-00811,60,63.792,2.673,4.984,5.673,11.3,922.093,2.46,26.058,27.333
2025-03-10T07:00:00-04:00,2025-03-10T08:00:00-04:00,2025-03-10T11:00:00+00:00,2025-03-10T12:00:00+00:00,MOD-00811,60,52.775,4.89,4.036,4.791,9.441,848.634,2.234,23.144,33.792
2025-03-10T08:00:00-04:00,2025-03-10T09:00:00-04:00,2025-03-10T12:00:00+00:00,2025-03-10T13:00:00+00:00,MOD-00811,60,39.94,9.168,5.49,5.73,9.174,805.683,2.447,15.031,40.065
2025-03-10T09:00:00-04:00,2025-03-10T10:00:00-04:00,2025-03-10T13:00:00+00:00,2025-03-10T14:00:00+00:00,MOD-00811,60,34.917,12.163,4.519,4.787,6.95,755.963,2.692,11.401,43.903
2025-03-10T10:00:00-04:00,2025-03-10T11:00:00-04:00,2025-03-10T14:00:00+00:00,2025-03-10T15:00:00+00:00,MOD-00811,60,31.4,14.043,3.319,3.547,5.522,715.451,2.514,10.199,47.677
2025-03-10T11:00:00-04:00,2025-03-10T12:00:00-04:00,2025-03-10T15:00:00+00:00,2025-03-10T16:00:00+00:00,MOD-00811,60,27.237,15.353,2.211,2.41,3.95,687.288,2.603,12.129,49.576
2025-03-10T12:00:00-04:00,2025-03-10T13:00:00-04:00,2025-03-10T16:00:00+00:00,2025-03-10T17:00:00+00:00,MOD-00811,60,24.548,16.055,2.047,2.232,3.599,681.389,2.652,12.233,49.796
2025-03-10T13:00:00-04:00,2025-03-10T14:00:00-04:00,2025-03-10T17:00:00+00:00,2025-03-10T18:00:00+00:00,MOD-00811,60,22.568,17.395,1.642,1.822,4.635,693.471,2.1,10.27,49.504
2025-03-10T14:00:00-04:00,2025-03-10T15:00:00-04:00,2025-03-10T18:00:00+00:00,2025-03-10T19:00:00+00:00,MOD-00811,60,18.677,18.96,1.294,1.461,3.199,684.467,2.148,7.26,50.383
2025-03-10T15:00:00-04:00,2025-03-10T16:00:00-04:00,2025-03-10T19:00:00+00:00,2025-03-10T20:00:00+00:00,MOD-00811,60,15.968,20.307,1.17,1.314,3.449,711.557,2.373,6.342,50.959
2025-03-10T16:00:00-04:00,2025-03-10T17:00:00-04:00,2025-03-10T20:00:00+00:00,2025-03-10T21:00:00+00:00,MOD-00811,60,15.447,20.218,1.215,1.34,2.69,695.056,2.304,6.586,52.317
2025-03-10T17:00:00-04:00,2025-03-10T18:00:00-04:00,2025-03-10T21:00:00+00:00,2025-03-10T22:00:00+00:00,MOD-00811,60,15.618,19.675,1.219,1.375,2.77,717.795,2.301,6.827,52.247
2025-03-10T18:00:00-04:00,2025-03-10T19:00:00-04:00,2025-03-10T22:00:00+00:00,2025-03-10T23:00:00+00:00,MOD-00811,60,17.545,17.805,1.092,1.265,3.26,771.756,2.122,11.193,51.531
2025-03-10T19:00:00-04:00,2025-03-10T20:00:00-04:00,2025-03-10T23:00:00+00:00,2025-03-11T00:00:00+00:00,MOD-00811,60,38.355,12.915,3.68,4.198,8.317,816.99,1.98,24.926,47.241
2025-03-10T20:00:00-04:00,2025-03-10T21:00:00-04:00,2025-03-11T00:00:00+00:00,2025-03-11T01:00:00+00:00,MOD-00811,60,50.617,9.552,4.08,4.95,10.065,817.781,1.647,24.357,46.335
2025-03-10T21:00:00-04:00,2025-03-10T22:00:00-04:00,2025-03-11T01:00:00+00:00,2025-03-11T02:00:00+00:00,MOD-00811,60,46.95,9.322,6.255,6.741,10.982,859.265,1.678,24.127,43.876
2025-03-10T22:00:00-04:00,2025-03-10T23:00:00-04:00,2025-03-11T02:00:00+00:00,2025-03-11T03:00:00+00:00,MOD-00811,60,49.548,8.94,9.201,9.653,13.627,913.022,1.923,25.858,38.201
2025-03-10T23:00:00-04:00,2025-03-11T00:00:00-04:00,2025-03-11T03:00:00+00:00,2025-03-11T04:00:00+00:00,MOD-00811,60,60.887,6.913,9.709,10.581,22.507,869.517,2.247,28.396,29.404
2025-03-11T00:00:00-04:00,2025-03-11T01:00:00-04:00,2025-03-11T04:00:00+00:00,2025-03-11T05:00:00+00:00,MOD-00811,60,72.063,6.005,9.645,10.525,19.465,843.454,1.689,24.417,33.085
2025-03-11T01:00:00-04:00,2025-03-11T02:00:00-04:00,2025-03-11T05:00:00+00:00,2025-03-11T06:00:00+00:00,MOD-00811,60,71.483,5.158,9.557,10.379,18.55,923.679,1.713,25.796,28.917
2025-03-11T02:00:00-04:00,2025-03-11T03:00:00-04:00,2025-03-11T06:00:00+00:00,2025-03-11T07:00:00+00:00,MOD-00811,60,74.978,4.613,7.379,9.11,24.657,842.639,1.588,23.645,33.569
2025-03-11T03:00:00-04:00,2025-03-11T04:00:00-04:00,2025-03-11T07:00:00+00:00,2025-03-11T08:00:00+00:00,MOD-00811,60,81.477,3.855,6.384,9.025,31.202,845.519,2.614,23.344,33.798
2025-03-11T04:00:00-04:00,2025-03-11T05:00:00-04:00,2025-03-11T08:00:00+00:00,2025-03-11T09:00:00+00:00,MOD-00811,60,85.5,3.037,6.394,9.27,41.888,992.209,3.848,28.15,22.045
2025-03-11T05:00:00-04:00,2025-03-11T06:00:00-04:00,2025-03-11T09:00:00+00:00,2025-03-11T10:00:00+00:00,MOD-00811,60,89.658,2.817,7.006,10.388,51.154,949.137,3.841,23.114,20.961
2025-03-11T06:00:00-04:00,2025-03-11T07:00:00-04:00,2025-03-11T10:00:00+00:00,2025-03-11T11:00:00+00:00,MOD-00811,60,86.66,2.96,8.45,10.898,36.615,968.724,3.81,28.1,20.125
2025-03-11T07:00:00-04:00,2025-03-11T08:00:00-04:00,2025-03-11T11:00:00+00:00,2025-03-11T12:00:00+00:00,MOD-00811,60,89.623,3.48,9.082,11.669,33.347,1034.08,3.839,20.713,23.338
2025-03-11T08:00:00-04:00,2025-03-11T09:00:00-04:00,2025-03-11T12:00:00+00:00,2025-03-11T13:00:00+00:00,MOD-00811,60,77.558,7.375,10.247,12.059,20.634,929.359,2.134,22.291,33.142
2025-03-11T09:00:00-04:00,2025-03-11T10:00:00-04:00,2025-03-11T13:00:00+00:00,2025-03-11T14:00:00+00:00,MOD-00811,60,54.902,11.732,7.521,8.797,16.45,811.653,2.114,14.736,41.748
2025-03-11T10:00:00-04:00,2025-03-11T11:00:00-04:00,2025-03-11T14:00:00+00:00,2025-03-11T15:00:00+00:00,MOD-00811,60,42.47,15.29,6.513,7.443,11.527,713.505,2.523,6.039,45.606
2025-03-11T11:00:00-04:00,2025-03-11T12:00:00-04:00,2025-03-11T15:00:00+00:00,2025-03-11T16:00:00+00:00,MOD-00811,60,35.137,16.965,4.692,5.273,7.606,664.651,2.571,6.437,50.679
2025-03-11T12:00:00-04:00,2025-03-11T13:00:00-04:00,2025-03-11T16:00:00+00:00,2025-03-11T17:00:00+00:00,MOD-00811,60,35.83,16.89,4.173,4.741,6.879,661.45,2.551,6.978,51.613
2025-03-11T13:00:00-04:00,2025-03-11T14:00:00-04:00,2025-03-11T17:00:00+00:00,2025-03-11T18:00:00+00:00,MOD-00811,60,36.162,16.903,3.778,4.351,6.576,665.594,2.53,6.883,54.147
2025-03-11T14:00:00-04:00,2025-03-11T15:00:00-04:00,2025-03-11T18:00:00+00:00,2025-03-11T19:00:00+00:00,MOD-00811,60,31.945,17.66,3.556,3.994,7.309,665.376,2.261,6.496,54.862
2025-03-11T15:00:00-04:00,2025-03-11T16:00:00-04:00,2025-03-11T19:00:00+00:00,2025-03-11T20:00:00+00:00,MOD-00811,60,28.91,18.158,3.385,3.784,7.922,679.091,2.481,9.397,54.453
2025-03-11T16:00:00-04:00,2025-03-11T17:00:00-04:00,2025-03-11T20:00:00+00:00,2025-03-11T21:00:00+00:00,MOD-00811,60,29.893,18.245,2.991,3.486,7.101,685.746,2.486,8.86,53.223
2025-03-11T17:00:00-04:00,2025-03-11T18:00:00-04:00,2025-03-11T21:00:00+00:00,2025-03-11T22:00:00+00:00,MOD-00811,60,32.292,17.237,2.444,2.85,6.386,691.027,2.282,7.449,53.215
2025-03-11T18:00:00-04:00,2025-03-11T19:00:00-04:00,2025-03-11T22:00:00+00:00,2025-03-11T23:00:00+00:00,MOD-00811,60,45.783,14.55,2.957,3.622,8.409,720.664,2.037,14.941,51.978
2025-03-11T19:00:00-04:00,2025-03-11T20:00:00-04:00,2025-03-11T23:00:00+00:00,2025-03-12T00:00:00+00:00,MOD-00811,60,55.623,11.917,3.135,3.731,8.211,751.125,1.494,21.921,49.845
2025-03-11T20:00:00-04:00,2025-03-11T21:00:00-04:00,2025-03-12T00:00:00+00:00,2025-03-12T01:00:00+00:00,MOD-00811,60,64.913,10.087,4.041,5.275,13.289,734.24,1.773,21.069,48.847
2025-03-11T21:00:00-04:00,2025-03-11T22:00:00-04:00,2025-03-12T01:00:00+00:00,2025-03-12T02:00:00+00:00,MOD-00811,60,74.182,8.098,3.773,5.272,14.724,713.928,1.701,20.27,49.918
2025-03-11T22:00:00-04:00,2025-03-11T23:00:00-04:00,2025-03-12T02:00:00+00:00,2025-03-12T03:00:00+00:00,MOD-00811,60,80.877,7.443,3.706,5.701,22.56,716.403,2.002,18.029,49.189
2025-03-11T23:00:00-04:00,2025-03-12T00:00:00-04:00,2025-03-12T03:00:00+00:00,2025-03-12T04:00:00+00:00,MOD-00811,60,82.802,6.702,4.341,6.186,24.459,788.223,2.217,21.959,38.977
2025-03-12T00:00:00-04:00,2025-03-12T01:00:00-04:00,2025-03-12T04:00:00+00:00,2025-03-12T05:00:00+00:00,MOD-00811,60,82.78,6.692,4.141,5.841,18.378,735.477,2.199,17.919,41.721
2025-03-12T01:00:00-04:00,2025-03-12T02:00:00-04:00,2025-03-12T05:00:00+00:00,2025-03-12T06:00:00+00:00,MOD-00811,60,84.307,6.585,3.839,5.494,17.765,725.677,2.421,17.567,38.708
2025-03-12T02:00:00-04:00,2025-03-12T03:00:00-04:00,2025-03-12T06:00:00+00:00,2025-03-12T07:00:00+00:00,MOD-00811,60,82.965,6.173,3.619,4.646,12.349,749.605,2.364,21.026,35.776
2025-03-12T03:00:00-04:00,2025-03-12T04:00:00-04:00,2025-03-12T07:00:00+00:00,2025-03-12T08:00:00+00:00,MOD-00811,60,55.845,6.627,2.331,3.034,11.863,800.956,2.185,17.402,37.78
2025-03-12T04:00:00-04:00,2025-03-12T05:00:00-04:00,2025-03-12T08:00:00+00:00,2025-03-12T09:00:00+00:00,MOD-00811,60,28.51,7.565,1.116,2.222,18.216,790.237,2.35,9.795,42.268
2025-03-12T05:00:00-04:00,2025-03-12T06:00:00-04:00,2025-03-12T09:00:00+00:00,2025-03-12T10:00:00+00:00,MOD-00811,60,26.487,7.563,0.877,1.306,6.927,807.894,2.235,8.788,42.999
2025-03-12T06:00:00-04:00,2025-03-12T07:00:00-04:00,2025-03-12T10:00:00+00:00,2025-03-12T11:00:00+00:00,MOD-00811,60,27.712,7.48,1.591,2.425,20.49,857.995,3.243,15.863,35.508
2025-03-12T07:00:00-04:00,2025-03-12T08:00:00-04:00,2025-03-12T11:00:00+00:00,2025-03-12T12:00:00+00:00,MOD-00811,60,33.293,7.28,2.801,3.88,28.745,819.353,5.655,24.318,31.65
2025-03-12T08:00:00-04:00,2025-03-12T09:00:00-04:00,2025-03-12T12:00:00+00:00,2025-03-12T13:00:00+00:00,MOD-00811,60,45.153,8.113,3.923,4.69,23.914,750.5,3.16,27.294,32.934
2025-03-12T09:00:00-04:00,2025-03-12T10:00:00-04:00,2025-03-12T13:00:00+00:00,2025-03-12T14:00:00+00:00,MOD-00811,60,42.298,8.953,3.564,4.051,14.75,704.741,4.338,19.694,36.474
2025-03-12T10:00:00-04:00,2025-03-12T11:00:00-04:00,2025-03-12T14:00:00+00:00,2025-03-12T15:00:00+00:00,MOD-00811,60,36.22,10.463,3.044,3.477,13.095,698.242,4.295,13.726,41.073
2025-03-12T11:00:00-04:00,2025-03-12T12:00:00-04:00,2025-03-12T15:00:00+00:00,2025-03-12T16:00:00+00:00,MOD-00811,60,29.323,11.378,2.698,3.103,9.904,687.66,2.775,11.208,41.309
2025-03-12T12:00:00-04:00,2025-03-12T13:00:00-04:00,2025-03-12T16:00:00+00:00,2025-03-12T17:00:00+00:00,MOD-00811,60,21.688,12.402,2.305,3.164,23.285,687.427,3.213,11.368,44.511
2025-03-12T13:00:00-04:00,2025-03-12T14:00:00-04:00,2025-03-12T17:00:00+00:00,2025-03-12T18:00:00+00:00,MOD-00811,60,16.013,13.068,2.003,2.463,13.612,665.952,2.938,7.058,49.672
2025-03-12T14:00:00-04:00,2025-03-12T15:00:00-04:00,2025-03-12T18:00:00+00:00,2025-03-12T19:00:00+00:00,MOD-00811,60,12.672,14.702,1.509,1.811,9.615,657.875,3.928,6.637,52.032
2025-03-12T15:00:00-04:00,2025-03-12T16:00:00-04:00,2025-03-12T19:00:00+00:00,2025-03-12T20:00:00+00:00,MOD-00811,60,12.102,14.738,1.386,1.549,6.213,660.844,3.304,6.703,55.271
2025-03-12T16:00:00-04:00,2025-03-12T17:00:00-04:00,2025-03-12T20:00:00+00:00,2025-03-12T21:00:00+00:00,MOD-00811,60,12.963,14.015,1.421,1.526,3.765,674.969,3.008,6.805,55.763
2025-03-12T17:00:00-04:00,2025-03-12T18:00:00-04:00,2025-03-12T21:00:00+00:00,2025-03-12T22:00:00+00:00,MOD-00811,60,21.957,12.487,1.986,2.524,11.916,693.52,2.575,8.935,54.375
2025-03-12T18:00:00-04:00,2025-03-12T19:00:00-04:00,2025-03-12T22:00:00+00:00,2025-03-12T23:00:00+00:00,MOD-00811,60,37.33,8.393,3.586,4.432,10.109,725.611,2.227,17.243,50.852
2025-03-12T19:00:00-04:00,2025-03-12T20:00:00-04:00,2025-03-12T23:00:00+00:00,2025-03-13T00:00:00+00:00,MOD-00811,60,37.86,6.998,2.105,2.888,8.047,724.084,2.308,16.419,50.694
2025-03-12T20:00:00-04:00,2025-03-12T21:00:00-04:00,2025-03-13T00:00:00+00:00,2025-03-13T01:00:00+00:00,MOD-00811,60,37.037,6.468,2.41,3.048,6.548,719.657,2.208,15.405,50.718
2025-03-12T21:00:00-04:00,2025-03-12T22:00:00-04:00,2025-03-13T01:00:00+00:00,2025-03-13T02:00:00+00:00,MOD-00811,60,40.985,5.627,2.265,2.959,6.706,712.113,2.018,10.967,50.486
2025-03-12T22:00:00-04:00,2025-03-12T23:00:00-04:00,2025-03-13T02:00:00+00:00,2025-03-13T03:00:00+00:00,MOD-00811,60,44.323,4.957,2.129,2.878,7.857,709.299,1.867,12.722,49.981
2025-03-12T23:00:00-04:00,2025-03-13T00:00:00-04:00,2025-03-13T03:00:00+00:00,2025-03-13T04:00:00+00:00,MOD-00811,60,47.588,4.588,2.031,2.967,16.586,706.98,1.928,18.196,49.766
2025-03-13T00:00:00-04:00,2025-03-13T01:00:00-04:00,2025-03-13T04:00:00+00:00,2025-03-13T05:00:00+00:00,MOD-00811,60,49.805,4.557,1.779,2.608,12.269,703.374,1.858,19.004,47.707
2025-03-13T01:00:00-04:00,2025-03-13T02:00:00-04:00,2025-03-13T05:00:00+00:00,2025-03-13T06:00:00+00:00,MOD-00811,60,51.012,4.438,1.837,2.571,10.04,700.371,1.881,18.726,47.372
2025-03-13T02:00:00-04:00,2025-03-13T03:00:00-04:00,2025-03-13T06:00:00+00:00,2025-03-13T07:00:00+00:00,MOD-00811,60,49.863,4.432,1.543,2.18,8.261,701.733,1.965,18.277,47.759
2025-03-13T03:00:00-04:00,2025-03-13T04:00:00-04:00,2025-03-13T07:00:00+00:00,2025-03-13T08:00:00+00:00,MOD-00811,60,50.14,4.442,1.727,2.502,10.65,698.804,2.004,18.844,46.359
2025-03-13T04:00:00-04:00,2025-03-13T05:00:00-04:00,2025-03-13T08:00:00+00:00,2025-03-13T09:00:00+00:00,MOD-00811,60,52.878,4.033,2.06,2.918,10.907,708.631,2.072,18.947,44.437
2025-03-13T05:00:00-04:00,2025-03-13T06:00:00-04:00,2025-03-13T09:00:00+00:00,2025-03-13T10:00:00+00:00,MOD-00811,60,56.277,3.442,2.347,3.584,20.282,732.125,2.457,21.844,38.016
2025-03-13T06:00:00-04:00,2025-03-13T07:00:00-04:00,2025-03-13T10:00:00+00:00,2025-03-13T11:00:00+00:00,MOD-00811,60,58.69,3.213,3.011,4.474,25.09,751.902,2.558,22.77,36.107
2025-03-13T07:00:00-04:00,2025-03-13T08:00:00-04:00,2025-03-13T11:00:00+00:00,2025-03-13T12:00:00+00:00,MOD-00811,60,61.962,3.377,2.49,3.461,12.718,748.995,2.906,21.643,38.198
2025-03-13T08:00:00-04:00,2025-03-13T09:00:00-04:00,2025-03-13T12:00:00+00:00,2025-03-13T13:00:00+00:00,MOD-00811,60,56.482,5.028,1.933,2.977,16.466,721.911,2.378,19.72,41.866
2025-03-13T09:00:00-04:00,2025-03-13T10:00:00-04:00,2025-03-13T13:00:00+00:00,2025-03-13T14:00:00+00:00,MOD-00811,60,43.105,7.735,1.167,2.348,19.82,695.888,2.045,14.842,48.026
2025-03-13T10:00:00-04:00,2025-03-13T11:00:00-04:00,2025-03-13T14:00:00+00:00,2025-03-13T15:00:00+00:00,MOD-00811,60,38.587,8.858,1.197,2.235,16.227,691.634,2.262,13.375,47.984
2025-03-13T11:00:00-04:00,2025-03-13T12:00:00-04:00,2025-03-13T15:00:00+00:00,2025-03-13T16:00:00+00:00,MOD-00811,60,33.442,11.637,1.219,1.992,11.418,676.81,2.481,10.715,50.541
2025-03-13T12:00:00-04:00,2025-03-13T13:00:00-04:00,2025-03-13T16:00:00+00:00,2025-03-13T17:00:00+00:00,MOD-00811,60,30.302,13.682,1.433,2.183,7.804,675.781,3.011,13.49,50.388
2025-03-13T13:00:00-04:00,2025-03-13T14:00:00-04:00,2025-03-13T17:00:00+00:00,2025-03-13T18:00:00+00:00,MOD-00811,60,33.55,14.605,1.642,2.584,8.642,698.938,2.497,6.79,49.846
2025-03-13T14:00:00-04:00,2025-03-13T15:00:00-04:00,2025-03-13T18:00:00+00:00,2025-03-13T19:00:00+00:00,MOD-00811,60,37.607,13.692,2.452,3.675,10.301,713.845,2.517,11.453,49.898
2025-03-13T15:00:00-04:00,2025-03-13T16:00:00-04:00,2025-03-13T19:00:00+00:00,2025-03-13T20:00:00+00:00,MOD-00811,60,35.793,14.063,1.497,2.821,10.272,734.971,2.424,5.304,50.361
2025-03-13T16:00:00-04:00,2025-03-13T17:00:00-04:00,2025-03-13T20:00:00+00:00,2025-03-13T21:00:00+00:00,MOD-00811,60,37.918,12.902,1.394,2.825,9.016,731.367,2.506,9.919,50.027
2025-03-13T17:00:00-04:00,2025-03-13T18:00:00-04:00,2025-03-13T21:00:00+00:00,2025-03-13T22:00:00+00:00,MOD-00811,60,37.618,12.622,1.449,3.009,10.768,683.008,2.503,7.83,50.604
2025-03-13T18:00:00-04:00,2025-03-13T19:00:00-04:00,2025-03-13T22:00:00+00:00,2025-03-13T23:00:00+00:00,MOD-00811,60,44.06,9.315,1.909,4.176,18.196,685.148,2.008,12.01,49.491
2025-03-13T19:00:00-04:00,2025-03-13T20:00:00-04:00,2025-03-13T23:00:00+00:00,2025-03-14T00:00:00+00:00,MOD-00811,60,51.75,6.242,1.399,4.472,22.659,694.548,1.941,14.121,48.552
2025-03-13T20:00:00-04:00,2025-03-13T21:00:00-04:00,2025-03-14T00:00:00+00:00,2025-03-14T01:00:00+00:00,MOD-00811,60,52.733,5.272,1.619,4.663,26.431,698.2,2.011,18.836,48.079
2025-03-13T21:00:00-04:00,2025-03-13T22:00:00-04:00,2025-03-14T01:00:00+00:00,2025-03-14T02:00:00+00:00,MOD-00811,60,56.192,4.52,1.647,4.878,34.724,695.528,2.27,17.518,49.362
2025-03-13T22:00:00-04:00,2025-03-13T23:00:00-04:00,2025-03-14T02:00:00+00:00,2025-03-14T03:00:00+00:00,MOD-00811,60,60.475,4.435,1.956,5.585,43.913,697.512,2.609,17.532,47.43
2025-03-13T23:00:00-04:00,2025-03-14T00:00:00-04:00,2025-03-14T03:00:00+00:00,2025-03-14T04:00:00+00:00,MOD-00811,60,63.057,4.518,3.222,7.313,45.792,700.011,2.637,11.652,47.084
2025-03-14T00:00:00-04:00,2025-03-14T01:00:00-04:00,2025-03-14T04:00:00+00:00,2025-03-14T05:00:00+00:00,MOD-00811,60,65.535,4.537,1.975,6.568,53.205,700.652,1.769,16.278,46.063
2025-03-14T01:00:00-04:00,2025-03-14T02:00:00-04:00,2025-03-14T05:00:00+00:00,2025-03-14T06:00:00+00:00,MOD-00811,60,68.673,4.667,2.238,7.729,61.165,697.099,1.535,21.901,39.289
2025-03-14T02:00:00-04:00,2025-03-14T03:00:00-04:00,2025-03-14T06:00:00+00:00,2025-03-14T07:00:00+00:00,MOD-00811,60,71.585,4.902,2.229,8.761,71.019,687.793,1.75,13.466,45.299
2025-03-14T03:00:00-04:00,2025-03-14T04:00:00-04:00,2025-03-14T07:00:00+00:00,2025-03-14T08:00:00+00:00,MOD-00811,60,73.148,4.997,2.562,9.626,76.352,680.833,1.646,17.335,45.034
2025-03-14T04:00:00-04:00,2025-03-14T05:00:00-04:00,2025-03-14T08:00:00+00:00,2025-03-14T09:00:00+00:00,MOD-00811,60,74.387,5.0,2.574,9.314,66.624,681.422,1.534,17.696,43.921
2025-03-14T05:00:00-04:00,2025-03-14T06:00:00-04:00,2025-03-14T09:00:00+00:00,2025-03-14T10:00:00+00:00,MOD-00811,60,75.693,4.87,2.693,9.539,62.964,683.035,1.425,18.735,42.89
2025-03-14T06:00:00-04:00,2025-03-14T07:00:00-04:00,2025-03-14T10:00:00+00:00,2025-03-14T11:00:00+00:00,MOD-00811,60,77.05,4.572,2.707,9.81,68.625,711.977,1.858,20.357,37.604
2025-03-14T07:00:00-04:00,2025-03-14T08:00:00-04:00,2025-03-14T11:00:00+00:00,2025-03-14T12:00:00+00:00,MOD-00811,60,72.828,4.407,3.235,8.173,49.787,784.871,2.179,23.731,28.744
2025-03-14T08:00:00-04:00,2025-03-14T09:00:00-04:00,2025-03-14T12:00:00+00:00,2025-03-14T13:00:00+00:00,MOD-00811,60,71.505,4.925,3.537,8.762,64.012,762.478,3.981,24.059,29.218
2025-03-14T09:00:00-04:00,2025-03-14T10:00:00-04:00,2025-03-14T13:00:00+00:00,2025-03-14T14:00:00+00:00,MOD-00811,60,66.702,6.55,3.965,9.559,56.033,744.094,3.008,20.971,34.532
2025-03-14T10:00:00-04:00,2025-03-14T11:00:00-04:00,2025-03-14T14:00:00+00:00,2025-03-14T15:00:00+00:00,MOD-00811,60,51.96,10.712,4.519,9.089,43.681,750.332,5.2,21.157,35.067
2025-03-14T11:00:00-04:00,2025-03-14T12:00:00-04:00,2025-03-14T15:00:00+00:00,2025-03-14T16:00:00+00:00,MOD-00811,60,43.708,14.033,3.358,7.115,28.211,726.896,3.174,15.668,39.654
2025-03-14T12:00:00-04:00,2025-03-14T13:00:00-04:00,2025-03-14T16:00:00+00:00,2025-03-14T17:00:00+00:00,MOD-00811,60,38.497,16.463,3.273,5.795,16.448,701.002,2.693,9.148,45.229
2025-03-14T13:00:00-04:00,2025-03-14T14:00:00-04:00,2025-03-14T17:00:00+00:00,2025-03-14T18:00:00+00:00,MOD-00811,60,34.272,18.728,3.838,5.767,15.691,711.08,2.6,8.721,47.192
2025-03-14T14:00:00-04:00,2025-03-14T15:00:00-04:00,2025-03-14T18:00:00+00:00,2025-03-14T19:00:00+00:00,MOD-00811,60,30.555,20.96,5.011,6.644,14.527,684.3,2.154,5.079,49.509
2025-03-14T15:00:00-04:00,2025-03-14T16:00:00-04:00,2025-03-14T19:00:00+00:00,2025-03-14T20:00:00+00:00,MOD-00811,60,31.108,20.612,4.038,5.887,13.142,675.984,2.153,4.574,51.469
2025-03-14T16:00:00-04:00,2025-03-14T17:00:00-04:00,2025-03-14T20:00:00+00:00,2025-03-14T21:00:00+00:00,MOD-00811,60,34.022,18.927,3.876,5.655,11.062,685.397,2.668,7.064,53.199
2025-03-14T17:00:00-04:00,2025-03-14T18:00:00-04:00,2025-03-14T21:00:00+00:00,2025-03-14T22:00:00+00:00,MOD-00811,60,39.228,17.182,4.181,5.909,12.954,698.809,2.529,19.211,45.148
2025-03-14T18:00:00-04:00,2025-03-14T19:00:00-04:00,2025-03-14T22:00:00+00:00,2025-03-14T23:00:00+00:00,MOD-00811,60,45.407,13.372,3.0,4.977,15.585,738.543,2.273,19.957,48.41
2025-03-14T19:00:00-04:00,2025-03-14T20:00:00-04:00,2025-03-14T23:00:00+00:00,2025-03-15T00:00:00+00:00,MOD-00811,60,46.542,10.833,2.352,4.261,13.068,756.508,1.628,19.38,49.45
2025-03-14T20:00:00-04:00,2025-03-14T21:00:00-04:00,2025-03-15T00:00:00+00:00,2025-03-15T01:00:00+00:00,MOD-00811,60,57.87,9.002,2.324,4.485,17.138,721.718,1.789,17.868,48.003
2025-03-14T21:00:00-04:00,2025-03-14T22:00:00-04:00,2025-03-15T01:00:00+00:00,2025-03-15T02:00:00+00:00,MOD-00811,60,68.79,7.47,1.609,4.561,26.447,708.732,1.538,20.584,46.117
2025-03-14T22:00:00-04:00,2025-03-14T23:00:00-04:00,2025-03-15T02:00:00+00:00,2025-03-15T03:00:00+00:00,MOD-00811,60,64.843,7.002,2.649,5.243,23.37,761.809,2.022,17.736,43.344
2025-03-14T23:00:00-04:00,2025-03-15T00:00:00-04:00,2025-03-15T03:00:00+00:00,2025-03-15T04:00:00+00:00,MOD-00811,60,64.745,6.59,3.047,5.671,23.175,778.067,1.835,20.739,42.382
2025-03-15T00:00:00-04:00,2025-03-15T01:00:00-04:00,2025-03-15T04:00:00+00:00,2025-03-15T05:00:00+00:00,MOD-00811,60,64.982,6.32,2.48,5.581,26.272,758.594,1.77,19.66,44.921
2025-03-15T01:00:00-04:00,2025-03-15T02:00:00-04:00,2025-03-15T05:00:00+00:00,2025-03-15T06:00:00+00:00,MOD-00811,60,70.183,5.805,2.453,5.92,32.251,777.271,1.621,20.182,41.818
2025-03-15T02:00:00-04:00,2025-03-15T03:00:00-04:00,2025-03-15T06:00:00+00:00,2025-03-15T07:00:00+00:00,MOD-00811,60,72.305,6.08,2.445,5.955,33.46,750.028,1.709,20.446,42.284
2025-03-15T03:00:00-04:00,2025-03-15T04:00:00-04:00,2025-03-15T07:00:00+00:00,2025-03-15T08:00:00+00:00,MOD-00811,60,75.432,6.7,2.062,5.866,36.892,710.327,1.753,18.095,45.159
2025-03-15T04:00:00-04:00,2025-03-15T05:00:00-04:00,2025-03-15T08:00:00+00:00,2025-03-15T09:00:00+00:00,MOD-00811,60,83.162,6.375,1.554,4.499,29.961,690.016,2.267,12.647,46.584
2025-03-15T05:00:00-04:00,2025-03-15T06:00:00-04:00,2025-03-15T09:00:00+00:00,2025-03-15T10:00:00+00:00,MOD-00811,60,87.135,6.152,1.451,2.861,13.525,693.193,2.753,9.036,45.209
2025-03-15T06:00:00-04:00,2025-03-15T07:00:00-04:00,2025-03-15T10:00:00+00:00,2025-03-15T11:00:00+00:00,MOD-00811,60,87.67,6.287,1.057,1.514,3.705,699.322,2.788,8.259,44.956
2025-03-15T07:00:00-04:00,2025-03-15T08:00:00-04:00,2025-03-15T11:00:00+00:00,2025-03-15T12:00:00+00:00,MOD-00811,60,88.322,6.613,1.121,1.385,3.072,730.417,2.835,8.703,42.177
2025-03-15T08:00:00-04:00,2025-03-15T09:00:00-04:00,2025-03-15T12:00:00+00:00,2025-03-15T13:00:00+00:00,MOD-00811,60,85.548,7.198,0.666,0.791,1.135,717.617,2.498,9.045,44.824
2025-03-15T09:00:00-04:00,2025-03-15T10:00:00-04:00,2025-03-15T13:00:00+00:00,2025-03-15T14:00:00+00:00,MOD-00811,60,80.548,8.213,0.881,1.035,5.629,715.045,2.115,11.788,45.633
2025-03-15T10:00:00-04:00,2025-03-15T11:00:00-04:00,2025-03-15T14:00:00+00:00,2025-03-15T15:00:00+00:00,MOD-00811,60,75.138,9.6,0.606,0.793,5.342,684.383,1.711,16.036,47.064
2025-03-15T11:00:00-04:00,2025-03-15T12:00:00-04:00,2025-03-15T15:00:00+00:00,2025-03-15T16:00:00+00:00,MOD-00811,60,70.993,10.193,0.557,0.711,2.19,665.464,1.58,16.194,47.474
2025-03-15T12:00:00-04:00,2025-03-15T13:00:00-04:00,2025-03-15T16:00:00+00:00,2025-03-15T17:00:00+00:00,MOD-00811,60,64.0,11.868,1.08,1.263,2.812,659.574,2.385,14.476,46.91
2025-03-15T13:00:00-04:00,2025-03-15T14:00:00-04:00,2025-03-15T17:00:00+00:00,2025-03-15T18:00:00+00:00,MOD-00811,60,58.848,12.935,1.289,1.433,2.827,652.821,1.931,12.677,47.427
2025-03-15T14:00:00-04:00,2025-03-15T15:00:00-04:00,2025-03-15T18:00:00+00:00,2025-03-15T19:00:00+00:00,MOD-00811,60,60.543,12.303,0.576,0.832,3.469,647.228,2.337,11.72,48.032
2025-03-15T15:00:00-04:00,2025-03-15T16:00:00-04:00,2025-03-15T19:00:00+00:00,2025-03-15T20:00:00+00:00,MOD-00811,60,61.998,11.892,0.809,1.197,4.973,652.66,2.667,13.227,48.487
2025-03-15T16:00:00-04:00,2025-03-15T17:00:00-04:00,2025-03-15T20:00:00+00:00,2025-03-15T21:00:00+00:00,MOD-00811,60,65.738,11.197,1.334,1.778,5.38,660.488,2.133,14.803,48.186
2025-03-15T17:00:00-04:00,2025-03-15T18:00:00-04:00,2025-03-15T21:00:00+00:00,2025-03-15T22:00:00+00:00,MOD-00811,60,75.047,9.198,1.496,2.011,6.833,663.106,1.718,17.476,47.413
2025-03-15T18:00:00-04:00,2025-03-15T19:00:00-04:00,2025-03-15T22:00:00+00:00,2025-03-15T23:00:00+00:00,MOD-00811,60,81.44,8.083,1.754,2.424,6.376,672.516,2.155,8.35,46.039
2025-03-15T19:00:00-04:00,2025-03-15T20:00:00-04:00,2025-03-15T23:00:00+00:00,2025-03-16T00:00:00+00:00,MOD-00811,60,82.872,7.498,2.265,2.663,5.489,687.364,2.249,7.174,44.376
2025-03-15T20:00:00-04:00,2025-03-15T21:00:00-04:00,2025-03-16T00:00:00+00:00,2025-03-16T01:00:00+00:00,MOD-00811,60,82.448,7.468,2.187,2.537,4.119,691.388,2.229,7.34,45.034
2025-03-15T21:00:00-04:00,2025-03-15T22:00:00-04:00,2025-03-16T01:00:00+00:00,2025-03-16T02:00:00+00:00,MOD-00811,60,84.997,7.348,2.652,3.462,10.907,690.044,2.448,8.77,45.911
2025-03-15T22:00:00-04:00,2025-03-15T23:00:00-04:00,2025-03-16T02:00:00+00:00,2025-03-16T03:00:00+00:00,MOD-00811,60,87.193,7.617,3.798,4.961,17.981,725.419,2.518,8.077,44.337
2025-03-15T23:00:00-04:00,2025-03-16T00:00:00-04:00,2025-03-16T03:00:00+00:00,2025-03-16T04:00:00+00:00,MOD-00811,60,88.913,7.803,3.835,5.328,30.441,697.49,2.606,7.308,42.762
2025-03-16T00:00:00-04:00,2025-03-16T01:00:00-04:00,2025-03-16T04:00:00+00:00,2025-03-16T05:00:00+00:00,MOD-00811,60,90.733,7.978,2.688,3.569,116.559,692.226,3.164,6.735,43.652
2025-03-16T01:00:00-04:00,2025-03-16T02:00:00-04:00,2025-03-16T05:00:00+00:00,2025-03-16T06:00:00+00:00,MOD-00811,60,90.642,7.907,2.327,3.705,253.133,668.008,3.186,7.166,44.69
2025-03-16T02:00:00-04:00,2025-03-16T03:00:00-04:00,2025-03-16T06:00:00+00:00,2025-03-16T07:00:00+00:00,MOD-00811,60,91.625,8.117,2.403,2.978,163.182,681.364,3.336,6.418,43.819
2025-03-16T03:00:00-04:00,2025-03-16T04:00:00-04:00,2025-03-16T07:00:00+00:00,2025-03-16T08:00:00+00:00,MOD-00811,60,91.128,8.172,2.414,4.088,311.666,661.551,3.371,6.341,43.037
2025-03-16T04:00:00-04:00,2025-03-16T05:00:00-04:00,2025-03-16T08:00:00+00:00,2025-03-16T09:00:00+00:00,MOD-00811,60,91.877,8.327,2.114,3.878,333.525,657.896,3.448,7.13,43.007
2025-03-16T05:00:00-04:00,2025-03-16T06:00:00-04:00,2025-03-16T09:00:00+00:00,2025-03-16T10:00:00+00:00,MOD-00811,60,91.998,8.555,2.017,3.49,367.855,658.152,3.492,7.019,43.395
2025-03-16T06:00:00-04:00,2025-03-16T07:00:00-04:00,2025-03-16T10:00:00+00:00,2025-03-16T11:00:00+00:00,MOD-00811,60,92.253,8.742,2.239,4.147,507.336,665.876,3.61,7.945,41.9
2025-03-16T07:00:00-04:00,2025-03-16T08:00:00-04:00,2025-03-16T11:00:00+00:00,2025-03-16T12:00:00+00:00,MOD-00811,60,92.08,9.09,2.323,4.916,537.461,665.678,3.661,8.685,41.975
2025-03-16T08:00:00-04:00,2025-03-16T09:00:00-04:00,2025-03-16T12:00:00+00:00,2025-03-16T13:00:00+00:00,MOD-00811,60,91.405,9.677,2.244,3.181,251.612,658.32,3.653,9.256,41.983
2025-03-16T09:00:00-04:00,2025-03-16T10:00:00-04:00,2025-03-16T13:00:00+00:00,2025-03-16T14:00:00+00:00,MOD-00811,60,90.043,10.275,2.431,3.487,301.923,649.821,3.532,9.291,42.286
2025-03-16T10:00:00-04:00,2025-03-16T11:00:00-04:00,2025-03-16T14:00:00+00:00,2025-03-16T15:00:00+00:00,MOD-00811,60,87.117,11.863,3.444,5.817,110.233,657.096,3.094,15.598,39.558
2025-03-16T11:00:00-04:00,2025-03-16T12:00:00-04:00,2025-03-16T15:00:00+00:00,2025-03-16T16:00:00+00:00,MOD-00811,60,79.467,14.823,3.758,11.224,37.559,655.749,2.079,12.304,38.329
2025-03-16T12:00:00-04:00,2025-03-16T13:00:00-04:00,2025-03-16T16:00:00+00:00,2025-03-16T17:00:00+00:00,MOD-00811,60,71.48,18.69,3.115,10.684,46.139,671.834,2.011,10.692,36.855
2025-03-16T13:00:00-04:00,2025-03-16T14:00:00-04:00,2025-03-16T17:00:00+00:00,2025-03-16T18:00:00+00:00,MOD-00811,60,59.243,22.113,3.033,9.15,34.199,634.644,2.372,6.874,35.145
2025-03-16T14:00:00-04:00,2025-03-16T15:00:00-04:00,2025-03-16T18:00:00+00:00,2025-03-16T19:00:00+00:00,MOD-00811,60,58.315,22.105,3.387,9.475,34.613,634.138,2.434,6.042,36.799
2025-03-16T15:00:00-04:00,2025-03-16T16:00:00-04:00,2025-03-16T19:00:00+00:00,2025-03-16T20:00:00+00:00,MOD-00811,60,59.39,22.143,3.666,10.295,35.682,652.99,2.34,7.919,37.176
2025-03-16T16:00:00-04:00,2025-03-16T17:00:00-04:00,2025-03-16T20:00:00+00:00,2025-03-16T21:00:00+00:00,MOD-00811,60,64.962,20.878,4.232,12.271,48.823,664.061,2.255,11.878,38.326
2025-03-16T17:00:00-04:00,2025-03-16T18:00:00-04:00,2025-03-16T21:00:00+00:00,2025-03-16T22:00:00+00:00,MOD-00811,60,70.838,19.042,5.254,14.748,59.63,676.563,2.016,11.576,39.285
2025-03-16T18:00:00-04:00,2025-03-16T19:00:00-04:00,2025-03-16T22:00:00+00:00,2025-03-16T23:00:00+00:00,MOD-00811,60,73.812,17.383,6.142,17.753,76.834,686.091,2.041,13.127,41.476
2025-03-16T19:00:00-04:00,2025-03-16T20:00:00-04:00,2025-03-16T23:00:00+00:00,2025-03-17T00:00:00+00:00,MOD-00811,60,79.985,14.818,6.749,22.511,100.962,679.876,2.081,16.718,42.895
2025-03-16T20:00:00-04:00,2025-03-16T21:00:00-04:00,2025-03-17T00:00:00+00:00,2025-03-17T01:00:00+00:00,MOD-00811,60,83.743,15.06,6.785,22.765,110.591,693.868,2.522,14.97,43.546
2025-03-16T21:00:00-04:00,2025-03-16T22:00:00-04:00,2025-03-17T01:00:00+00:00,2025-03-17T02:00:00+00:00,MOD-00811,60,83.577,15.622,7.038,23.224,112.525,677.385,2.502,6.694,43.727
2025-03-16T22:00:00-04:00,2025-03-16T23:00:00-04:00,2025-03-17T02:00:00+00:00,2025-03-17T03:00:00+00:00,MOD-00811,60,82.693,15.992,7.209,23.178,103.6,676.523,2.305,5.656,43.118
2025-03-16T23:00:00-04:00,2025-03-17T00:00:00-04:00,2025-03-17T03:00:00+00:00,2025-03-17T04:00:00+00:00,MOD-00811,60,87.362,15.163,6.645,22.256,83.291,661.627,2.898,9.672,44.159
2025-03-17T00:00:00-04:00,2025-03-17T01:00:00-04:00,2025-03-17T04:00:00+00:00,2025-03-17T05:00:00+00:00,MOD-00811,60,88.63,15.128,5.455,15.078,55.047,660.087,3.02,10.833,44.949
2025-03-17T01:00:00-04:00,2025-03-17T02:00:00-04:00,2025-03-17T05:00:00+00:00,2025-03-17T06:00:00+00:00,MOD-00811,60,88.015,14.737,5.525,14.234,51.813,651.617,2.984,10.486,45.548
2025-03-17T02:00:00-04:00,2025-03-17T03:00:00-04:00,2025-03-17T06:00:00+00:00,2025-03-17T07:00:00+00:00,MOD-00811,60,90.478,14.858,3.705,8.368,27.58,654.61,3.126,10.605,45.113
2025-03-17T03:00:00-04:00,2025-03-17T04:00:00-04:00,2025-03-17T07:00:00+00:00,2025-03-17T08:00:00+00:00,MOD-00811,60,88.615,14.085,2.323,3.71,19.713,638.008,3.217,9.732,47.763
2025-03-17T04:00:00-04:00,2025-03-17T05:00:00-04:00,2025-03-17T08:00:00+00:00,2025-03-17T09:00:00+00:00,MOD-00811,60,91.71,14.433,1.231,2.316,12.091,658.134,3.278,10.754,45.525
2025-03-17T05:00:00-04:00,2025-03-17T06:00:00-04:00,2025-03-17T09:00:00+00:00,2025-03-17T10:00:00+00:00,MOD-00811,60,88.26,14.16,1.327,3.699,24.418,649.144,3.163,9.48,45.196
2025-03-17T06:00:00-04:00,2025-03-17T07:00:00-04:00,2025-03-17T10:00:00+00:00,2025-03-17T11:00:00+00:00,MOD-00811,60,89.893,12.76,1.107,4.525,43.291,662.736,3.673,11.128,42.284
2025-03-17T07:00:00-04:00,2025-03-17T08:00:00-04:00,2025-03-17T11:00:00+00:00,2025-03-17T12:00:00+00:00,MOD-00811,60,90.44,11.957,0.994,2.802,38.909,694.526,3.635,12.215,41.031
2025-03-17T08:00:00-04:00,2025-03-17T09:00:00-04:00,2025-03-17T12:00:00+00:00,2025-03-17T13:00:00+00:00,MOD-00811,60,91.428,12.253,1.051,4.667,55.858,694.863,3.81,11.069,39.849
2025-03-17T09:00:00-04:00,2025-03-17T10:00:00-04:00,2025-03-17T13:00:00+00:00,2025-03-17T14:00:00+00:00,MOD-00811,60,90.265,11.825,0.994,3.484,54.445,670.008,3.633,11.055,43.503
2025-03-17T10:00:00-04:00,2025-03-17T11:00:00-04:00,2025-03-17T14:00:00+00:00,2025-03-17T15:00:00+00:00,MOD-00811,60,91.053,11.458,0.946,4.583,89.349,663.894,3.75,10.959,44.479
2025-03-17T11:00:00-04:00,2025-03-17T12:00:00-04:00,2025-03-17T15:00:00+00:00,2025-03-17T16:00:00+00:00,MOD-00811,60,90.31,12.062,0.991,2.104,25.227,687.35,3.651,11.275,43.19
2025-03-17T12:00:00-04:00,2025-03-17T13:00:00-04:00,2025-03-17T16:00:00+00:00,2025-03-17T17:00:00+00:00,MOD-00811,60,89.675,12.96,1.351,1.956,12.234,723.581,3.601,11.608,40.455
2025-03-17T13:00:00-04:00,2025-03-17T14:00:00-04:00,2025-03-17T17:00:00+00:00,2025-03-17T18:00:00+00:00,MOD-00811,60,86.875,14.282,2.86,5.212,26.887,725.526,3.133,16.175,34.635
2025-03-17T14:00:00-04:00,2025-03-17T15:00:00-04:00,2025-03-17T18:00:00+00:00,2025-03-17T19:00:00+00:00,MOD-00811,60,87.245,14.032,2.946,5.916,31.994,708.75,3.207,17.028,33.93
2025-03-17T15:00:00-04:00,2025-03-17T16:00:00-04:00,2025-03-17T19:00:00+00:00,2025-03-17T20:00:00+00:00,MOD-00811,60,86.918,13.583,1.378,1.805,162.276,691.305,3.14,11.814,42.963
2025-03-17T16:00:00-04:00,2025-03-17T17:00:00-04:00,2025-03-17T20:00:00+00:00,2025-03-17T21:00:00+00:00,MOD-00811,60,89.27,12.203,1.889,2.704,243.928,674.653,3.522,12.49,43.141
2025-03-17T17:00:00-04:00,2025-03-17T18:00:00-04:00,2025-03-17T21:00:00+00:00,2025-03-17T22:00:00+00:00,MOD-00811,60,88.547,12.678,0.908,1.556,13.601,776.528,3.431,13.298,30.736
2025-03-17T18:00:00-04:00,2025-03-17T19:00:00-04:00,2025-03-17T22:00:00+00:00,2025-03-17T23:00:00+00:00,MOD-00811,60,80.46,11.997,0.478,0.754,3.935,737.179,2.235,13.832,29.405
2025-03-17T19:00:00-04:00,2025-03-17T20:00:00-04:00,2025-03-17T23:00:00+00:00,2025-03-18T00:00:00+00:00,MOD-00811,60,80.523,10.69,0.427,0.719,3.336,733.343,2.181,15.882,29.167
2025-03-17T20:00:00-04:00,2025-03-17T21:00:00-04:00,2025-03-18T00:00:00+00:00,2025-03-18T01:00:00+00:00,MOD-00811,60,80.123,10.095,0.591,0.827,3.019,740.757,2.13,12.084,29.798
2025-03-17T21:00:00-04:00,2025-03-17T22:00:00-04:00,2025-03-18T01:00:00+00:00,2025-03-18T02:00:00+00:00,MOD-00811,60,73.448,9.632,0.749,0.849,1.419,701.408,1.674,10.775,32.836
2025-03-17T22:00:00-04:00,2025-03-17T23:00:00-04:00,2025-03-18T02:00:00+00:00,2025-03-18T03:00:00+00:00,MOD-00811,60,64.763,8.94,0.713,0.791,1.579,707.335,1.982,7.944,35.278
2025-03-17T23:00:00-04:00,2025-03-18T00:00:00-04:00,2025-03-18T03:00:00+00:00,2025-03-18T04:00:00+00:00,MOD-00811,60,63.528,8.195,0.813,0.889,1.267,707.914,2.23,12.721,35.443
2025-03-18T00:00:00-04:00,2025-03-18T01:00:00-04:00,2025-03-18T04:00:00+00:00,2025-03-18T05:00:00+00:00,MOD-00811,60,64.298,7.557,0.838,0.898,1.556,689.314,1.986,14.862,36.029
2025-03-18T01:00:00-04:00,2025-03-18T02:00:00-04:00,2025-03-18T05:00:00+00:00,2025-03-18T06:00:00+00:00,MOD-00811,60,66.193,7.053,0.941,1.041,1.645,697.564,1.577,10.98,35.93
2025-03-18T02:00:00-04:00,2025-03-18T03:00:00-04:00,2025-03-18T06:00:00+00:00,2025-03-18T07:00:00+00:00,MOD-00811,60,68.095,6.393,1.32,1.459,1.79,700.687,1.508,8.355,36.03
2025-03-18T03:00:00-04:00,2025-03-18T04:00:00-04:00,2025-03-18T07:00:00+00:00,2025-03-18T08:00:00+00:00,MOD-00811,60,70.097,5.698,1.78,1.973,2.616,704.297,1.679,15.436,35.98
2025-03-18T04:00:00-04:00,2025-03-18T05:00:00-04:00,2025-03-18T08:00:00+00:00,2025-03-18T09:00:00+00:00,MOD-00811,60,69.152,5.23,2.324,2.654,4.458,715.642,1.545,16.387,35.343
2025-03-18T05:00:00-04:00,2025-03-18T06:00:00-04:00,2025-03-18T09:00:00+00:00,2025-03-18T10:00:00+00:00,MOD-00811,60,68.32,4.737,3.604,4.003,6.593,735.384,2.102,18.333,32.851
2025-03-18T06:00:00-04:00,2025-03-18T07:00:00-04:00,2025-03-18T10:00:00+00:00,2025-03-18T11:00:00+00:00,MOD-00811,60,65.238,4.703,4.25,4.748,8.423,736.524,3.234,19.889,31.065
2025-03-18T07:00:00-04:00,2025-03-18T08:00:00-04:00,2025-03-18T11:00:00+00:00,2025-03-18T12:00:00+00:00,MOD-00811,60,62.405,4.775,3.992,4.545,10.28,747.932,3.343,18.797,32.143
2025-03-18T08:00:00-04:00,2025-03-18T09:00:00-04:00,2025-03-18T12:00:00+00:00,2025-03-18T13:00:00+00:00,MOD-00811,60,57.805,5.498,3.201,3.68,8.227,733.199,2.514,18.16,36.25
2025-03-18T09:00:00-04:00,2025-03-18T10:00:00-04:00,2025-03-18T13:00:00+00:00,2025-03-18T14:00:00+00:00,MOD-00811,60,52.08,6.855,3.254,3.806,9.994,708.734,3.626,17.012,37.197
2025-03-18T10:00:00-04:00,2025-03-18T11:00:00-04:00,2025-03-18T14:00:00+00:00,2025-03-18T15:00:00+00:00,MOD-00811,60,45.655,8.777,2.932,3.479,8.915,702.174,2.665,14.674,40.017
2025-03-18T11:00:00-04:00,2025-03-18T12:00:00-04:00,2025-03-18T15:00:00+00:00,2025-03-18T16:00:00+00:00,MOD-00811,60,40.163,10.445,2.625,3.068,7.641,697.297,2.703,11.894,42.451
2025-03-18T12:00:00-04:00,2025-03-18T13:00:00-04:00,2025-03-18T16:00:00+00:00,2025-03-18T17:00:00+00:00,MOD-00811,60,38.842,11.378,3.192,3.772,12.017,708.958,3.413,11.244,41.44
2025-03-18T13:00:00-04:00,2025-03-18T14:00:00-04:00,2025-03-18T17:00:00+00:00,2025-03-18T18:00:00+00:00,MOD-00811,60,35.302,13.105,2.571,2.947,8.408,702.136,2.682,8.656,44.061
2025-03-18T14:00:00-04:00,2025-03-18T15:00:00-04:00,2025-03-18T18:00:00+00:00,2025-03-18T19:00:00+00:00,MOD-00811,60,32.738,14.022,2.248,2.581,7.952,699.425,2.367,7.591,46.772
2025-03-18T15:00:00-04:00,2025-03-18T16:00:00-04:00,2025-03-18T19:00:00+00:00,2025-03-18T20:00:00+00:00,MOD-00811,60,33.197,13.737,2.308,2.591,6.992,700.393,2.441,8.25,47.387
2025-03-18T16:00:00-04:00,2025-03-18T17:00:00-04:00,2025-03-18T20:00:00+00:00,2025-03-18T21:00:00+00:00,MOD-00811,60,32.805,13.055,2.657,3.485,14.802,707.078,2.422,13.824,45.051
2025-03-18T17:00:00-04:00,2025-03-18T18:00:00-04:00,2025-03-18T21:00:00+00:00,2025-03-18T22:00:00+00:00,MOD-00811,60,30.688,12.638,2.132,2.458,6.112,710.122,2.418,10.6,48.911
2025-03-18T18:00:00-04:00,2025-03-18T19:00:00-04:00,2025-03-18T22:00:00+00:00,2025-03-18T23:00:00+00:00,MOD-00811,60,31.107,11.688,2.119,2.37,4.136,724.748,2.277,9.435,49.135
2025-03-18T19:00:00-04:00,2025-03-18T20:00:00-04:00,2025-03-18T23:00:00+00:00,2025-03-19T00:00:00+00:00,MOD-00811,60,33.745,9.832,2.191,2.492,6.016,732.227,2.418,12.303,46.395
2025-03-18T20:00:00-04:00,2025-03-18T21:00:00-04:00,2025-03-19T00:00:00+00:00,2025-03-19T01:00:00+00:00,MOD-00811,60,36.863,7.987,2.444,2.82,8.87,753.774,2.323,17.163,42.888
2025-03-18T21:00:00-04:00,2025-03-18T22:00:00-04:00,2025-03-19T01:00:00+00:00,2025-03-19T02:00:00+00:00,MOD-00811,60,36.668,7.393,2.944,3.186,5.491,749.659,2.341,17.396,44.23
2025-03-18T22:00:00-04:00,2025-03-18T23:00:00-04:00,2025-03-19T02:00:00+00:00,2025-03-19T03:00:00+00:00,MOD-00811,60,40.68,6.26,3.134,3.426,5.489,747.366,2.036,25.513,36.232
2025-03-18T23:00:00-04:00,2025-03-19T00:00:00-04:00,2025-03-19T03:00:00+00:00,2025-03-19T04:00:00+00:00,MOD-00811,60,46.147,5.292,2.634,2.942,5.208,736.116,1.847,22.093,41.491
2025-03-19T00:00:00-04:00,2025-03-19T01:00:00-04:00,2025-03-19T04:00:00+00:00,2025-03-19T05:00:00+00:00,MOD-00811,60,51.378,4.923,2.697,3.069,5.797,753.897,1.912,22.435,40.214
2025-03-19T01:00:00-04:00,2025-03-19T02:00:00-04:00,2025-03-19T05:00:00+00:00,2025-03-19T06:00:00+00:00,MOD-00811,60,53.157,4.668,2.416,2.865,6.88,765.612,2.049,21.556,40.825
2025-03-19T02:00:00-04:00,2025-03-19T03:00:00-04:00,2025-03-19T06:00:00+00:00,2025-03-19T07:00:00+00:00,MOD-00811,60,56.303,4.397,2.396,2.816,6.681,758.582,2.29,23.864,36.12
2025-03-19T03:00:00-04:00,2025-03-19T04:00:00-04:00,2025-03-19T07:00:00+00:00,2025-03-19T08:00:00+00:00,MOD-00811,60,57.743,4.245,2.394,2.916,7.462,806.034,2.399,23.572,35.353
2025-03-19T04:00:00-04:00,2025-03-19T05:00:00-04:00,2025-03-19T08:00:00+00:00,2025-03-19T09:00:00+00:00,MOD-00811,60,63.075,3.803,2.692,3.332,10.059,780.794,2.445,24.817,31.806
2025-03-19T05:00:00-04:00,2025-03-19T06:00:00-04:00,2025-03-19T09:00:00+00:00,2025-03-19T10:00:00+00:00,MOD-00811,60,63.228,3.727,3.29,4.31,17.138,799.11,4.716,28.31,25.902
2025-03-19T06:00:00-04:00,2025-03-19T07:00:00-04:00,2025-03-19T10:00:00+00:00,2025-03-19T11:00:00+00:00,MOD-00811,60,63.923,3.972,3.151,4.064,14.468,814.972,2.968,29.361,23.754
2025-03-19T07:00:00-04:00,2025-03-19T08:00:00-04:00,2025-03-19T11:00:00+00:00,2025-03-19T12:00:00+00:00,MOD-00811,60,62.323,4.803,3.716,4.736,15.087,847.254,5.119,28.008,25.479
2025-03-19T08:00:00-04:00,2025-03-19T09:00:00-04:00,2025-03-19T12:00:00+00:00,2025-03-19T13:00:00+00:00,MOD-00811,60,56.252,7.7,3.883,4.767,11.27,812.78,4.065,23.379,33.058
2025-03-19T09:00:00-04:00,2025-03-19T10:00:00-04:00,2025-03-19T13:00:00+00:00,2025-03-19T14:00:00+00:00,MOD-00811,60,48.343,10.357,3.712,4.607,13.575,785.242,3.23,20.483,35.43
2025-03-19T10:00:00-04:00,2025-03-19T11:00:00-04:00,2025-03-19T14:00:00+00:00,2025-03-19T15:00:00+00:00,MOD-00811,60,40.342,13.062,3.26,4.012,9.983,763.507,3.537,19.134,38.017
2025-03-19T11:00:00-04:00,2025-03-19T12:00:00-04:00,2025-03-19T15:00:00+00:00,2025-03-19T16:00:00+00:00,MOD-00811,60,36.298,15.565,3.434,4.085,9.625,772.762,2.939,10.269,38.446
2025-03-19T12:00:00-04:00,2025-03-19T13:00:00-04:00,2025-03-19T16:00:00+00:00,2025-03-19T17:00:00+00:00,MOD-00811,60,31.358,18.555,2.687,3.374,10.714,747.095,2.282,7.573,40.194
2025-03-19T13:00:00-04:00,2025-03-19T14:00:00-04:00,2025-03-19T17:00:00+00:00,2025-03-19T18:00:00+00:00,MOD-00811,60,25.623,21.823,2.369,2.972,10.308,682.337,2.217,7.684,43.313
2025-03-19T14:00:00-04:00,2025-03-19T15:00:00-04:00,2025-03-19T18:00:00+00:00,2025-03-19T19:00:00+00:00,MOD-00811,60,25.142,21.79,2.487,3.152,11.602,672.086,2.043,9.909,46.484
2025-03-19T15:00:00-04:00,2025-03-19T16:00:00-04:00,2025-03-19T19:00:00+00:00,2025-03-19T20:00:00+00:00,MOD-00811,60,23.382,22.652,2.136,2.587,5.813,668.888,2.113,7.397,49.537
2025-03-19T16:00:00-04:00,2025-03-19T17:00:00-04:00,2025-03-19T20:00:00+00:00,2025-03-19T21:00:00+00:00,MOD-00811,60,23.967,22.272,2.332,2.737,5.834,663.171,2.021,8.607,50.347
2025-03-19T17:00:00-04:00,2025-03-19T18:00:00-04:00,2025-03-19T21:00:00+00:00,2025-03-19T22:00:00+00:00,MOD-00811,60,30.035,19.438,2.258,2.582,4.323,706.029,1.928,7.029,49.71
2025-03-19T18:00:00-04:00,2025-03-19T19:00:00-04:00,2025-03-19T22:00:00+00:00,2025-03-19T23:00:00+00:00,MOD-00811,60,44.497,15.165,2.391,2.718,3.709,736.22,2.005,13.166,46.641
2025-03-19T19:00:00-04:00,2025-03-19T20:00:00-04:00,2025-03-19T23:00:00+00:00,2025-03-20T00:00:00+00:00,MOD-00811,60,63.65,10.538,2.106,2.418,4.024,743.171,1.884,21.674,42.3
2025-03-19T20:00:00-04:00,2025-03-19T21:00:00-04:00,2025-03-20T00:00:00+00:00,2025-03-20T01:00:00+00:00,MOD-00811,60,74.178,7.992,1.831,2.104,2.771,732.076,1.682,20.558,40.279
2025-03-19T21:00:00-04:00,2025-03-19T22:00:00-04:00,2025-03-20T01:00:00+00:00,2025-03-20T02:00:00+00:00,MOD-00811,60,80.533,6.662,2.427,2.699,3.587,720.62,1.934,18.051,40.23
2025-03-19T22:00:00-04:00,2025-03-19T23:00:00-04:00,2025-03-20T02:00:00+00:00,2025-03-20T03:00:00+00:00,MOD-00811,60,84.532,6.237,2.401,2.54,4.12,706.614,2.419,11.7,40.649
2025-03-19T23:00:00-04:00,2025-03-20T00:00:00-04:00,2025-03-20T03:00:00+00:00,2025-03-20T04:00:00+00:00,MOD-00811,60,85.505,6.148,1.923,1.995,4.095,692.767,2.504,7.98,39.959
2025-03-20T00:00:00-04:00,2025-03-20T01:00:00-04:00,2025-03-20T04:00:00+00:00,2025-03-20T05:00:00+00:00,MOD-00811,60,87.357,6.113,1.738,1.904,24.091,685.092,2.724,8.202,39.415
2025-03-20T01:00:00-04:00,2025-03-20T02:00:00-04:00,2025-03-20T05:00:00+00:00,2025-03-20T06:00:00+00:00,MOD-00811,60,89.262,6.065,1.495,1.608,11.062,686.793,2.975,7.602,37.63
2025-03-20T02:00:00-04:00,2025-03-20T03:00:00-04:00,2025-03-20T06:00:00+00:00,2025-03-20T07:00:00+00:00,MOD-00811,60,90.027,6.04,1.091,1.156,7.979,686.661,3.173,7.6,36.273
2025-03-20T03:00:00-04:00,2025-03-20T04:00:00-04:00,2025-03-20T07:00:00+00:00,2025-03-20T08:00:00+00:00,MOD-00811,60,89.622,6.103,0.804,1.048,7.32,681.4,3.169,7.609,34.262
2025-03-20T04:00:00-04:00,2025-03-20T05:00:00-04:00,2025-03-20T08:00:00+00:00,2025-03-20T09:00:00+00:00,MOD-00811,60,89.743,6.055,0.955,1.138,18.145,676.78,3.174,7.606,33.483
2025-03-20T05:00:00-04:00,2025-03-20T06:00:00-04:00,2025-03-20T09:00:00+00:00,2025-03-20T10:00:00+00:00,MOD-00811,60,90.073,5.928,0.69,0.789,3.263,688.56,3.336,7.495,31.385
2025-03-20T06:00:00-04:00,2025-03-20T07:00:00-04:00,2025-03-20T10:00:00+00:00,2025-03-20T11:00:00+00:00,MOD-00811,60,89.737,5.957,0.837,1.108,7.392,696.499,3.924,8.562,26.84
2025-03-20T07:00:00-04:00,2025-03-20T08:00:00-04:00,2025-03-20T11:00:00+00:00,2025-03-20T12:00:00+00:00,MOD-00811,60,88.397,6.172,1.213,1.925,14.1,719.782,2.972,7.942,29.402
2025-03-20T08:00:00-04:00,2025-03-20T09:00:00-04:00,2025-03-20T12:00:00+00:00,2025-03-20T13:00:00+00:00,MOD-00811,60,86.138,7.02,1.972,3.186,20.96,710.342,2.634,9.161,27.964
2025-03-20T09:00:00-04:00,2025-03-20T10:00:00-04:00,2025-03-20T13:00:00+00:00,2025-03-20T14:00:00+00:00,MOD-00811,60,82.502,8.395,2.719,4.253,37.974,715.332,2.278,11.131,27.176
2025-03-20T10:00:00-04:00,2025-03-20T11:00:00-04:00,2025-03-20T14:00:00+00:00,2025-03-20T15:00:00+00:00,MOD-00811,60,77.485,10.08,3.742,5.392,27.835,759.103,1.936,13.036,29.233
2025-03-20T11:00:00-04:00,2025-03-20T12:00:00-04:00,2025-03-20T15:00:00+00:00,2025-03-20T16:00:00+00:00,MOD-00811,60,73.538,11.345,2.928,4.023,10.802,696.926,1.589,14.36,33.571
2025-03-20T12:00:00-04:00,2025-03-20T13:00:00-04:00,2025-03-20T16:00:00+00:00,2025-03-20T17:00:00+00:00,MOD-00811,60,71.312,11.788,2.203,2.674,5.659,679.07,1.605,12.845,39.096
2025-03-20T13:00:00-04:00,2025-03-20T14:00:00-04:00,2025-03-20T17:00:00+00:00,2025-03-20T18:00:00+00:00,MOD-00811,60,65.558,13.047,1.616,1.919,3.264,674.231,2.233,10.752,40.602
2025-03-20T14:00:00-04:00,2025-03-20T15:00:00-04:00,2025-03-20T18:00:00+00:00,2025-03-20T19:00:00+00:00,MOD-00811,60,62.713,14.123,0.819,1.033,2.285,662.163,2.216,10.587,42.395
2025-03-20T15:00:00-04:00,2025-03-20T16:00:00-04:00,2025-03-20T19:00:00+00:00,2025-03-20T20:00:00+00:00,MOD-00811,60,64.307,13.945,0.977,1.183,3.05,662.645,2.334,10.539,42.09
2025-03-20T16:00:00-04:00,2025-03-20T17:00:00-04:00,2025-03-20T20:00:00+00:00,2025-03-20T21:00:00+00:00,MOD-00811,60,71.948,12.118,0.552,0.73,2.845,677.127,1.697,15.443,42.296
2025-03-20T17:00:00-04:00,2025-03-20T18:00:00-04:00,2025-03-20T21:00:00+00:00,2025-03-20T22:00:00+00:00,MOD-00811,60,76.663,11.375,0.682,0.855,3.042,695.068,1.904,18.582,40.573
2025-03-20T18:00:00-04:00,2025-03-20T19:00:00-04:00,2025-03-20T22:00:00+00:00,2025-03-20T23:00:00+00:00,MOD-00811,60,85.428,9.538,0.897,1.05,15.828,700.716,2.42,8.863,39.482
2025-03-20T19:00:00-04:00,2025-03-20T20:00:00-04:00,2025-03-20T23:00:00+00:00,2025-03-21T00:00:00+00:00,MOD-00811,60,88.717,8.968,1.209,1.439,21.413,687.147,2.851,6.969,37.573
2025-03-20T20:00:00-04:00,2025-03-20T21:00:00-04:00,2025-03-21T00:00:00+00:00,2025-03-21T01:00:00+00:00,MOD-00811,60,90.108,8.777,0.905,0.995,10.942,693.45,3.249,6.797,38.398
2025-03-20T21:00:00-04:00,2025-03-20T22:00:00-04:00,2025-03-21T01:00:00+00:00,2025-03-21T02:00:00+00:00,MOD-00811,60,90.487,8.978,0.671,0.916,30.182,688.103,3.386,6.851,39.01
2025-03-20T22:00:00-04:00,2025-03-20T23:00:00-04:00,2025-03-21T02:00:00+00:00,2025-03-21T03:00:00+00:00,MOD-00811,60,90.413,8.882,0.782,0.901,13.303,695.454,3.369,6.58,38.726
2025-03-20T23:00:00-04:00,2025-03-21T00:00:00-04:00,2025-03-21T03:00:00+00:00,2025-03-21T04:00:00+00:00,MOD-00811,60,90.745,8.927,0.447,0.686,66.839,655.461,3.375,6.598,40.1
2025-03-21T00:00:00-04:00,2025-03-21T01:00:00-04:00,2025-03-21T04:00:00+00:00,2025-03-21T05:00:00+00:00,MOD-00811,60,91.257,9.14,0.388,1.315,124.828,639.934,3.452,7.286,40.523
2025-03-21T01:00:00-04:00,2025-03-21T02:00:00-04:00,2025-03-21T05:00:00+00:00,2025-03-21T06:00:00+00:00,MOD-00811,60,90.325,9.22,0.324,0.503,9.324,645.109,3.396,6.687,40.855
2025-03-21T02:00:00-04:00,2025-03-21T03:00:00-04:00,2025-03-21T06:00:00+00:00,2025-03-21T07:00:00+00:00,MOD-00811,60,89.687,8.963,0.258,0.542,6.461,641.276,3.334,6.324,41.656
2025-03-21T03:00:00-04:00,2025-03-21T04:00:00-04:00,2025-03-21T07:00:00+00:00,2025-03-21T08:00:00+00:00,MOD-00811,60,90.595,8.847,0.485,0.778,11.11,650.008,3.382,6.536,40.037
2025-03-21T04:00:00-04:00,2025-03-21T05:00:00-04:00,2025-03-21T08:00:00+00:00,2025-03-21T09:00:00+00:00,MOD-00811,60,90.86,8.892,0.531,0.823,9.366,671.037,3.406,6.619,37.071
2025-03-21T05:00:00-04:00,2025-03-21T06:00:00-04:00,2025-03-21T09:00:00+00:00,2025-03-21T10:00:00+00:00,MOD-00811,60,90.407,9.077,0.848,1.228,8.61,685.632,3.41,7.727,33.987
2025-03-21T06:00:00-04:00,2025-03-21T07:00:00-04:00,2025-03-21T10:00:00+00:00,2025-03-21T11:00:00+00:00,MOD-00811,60,88.517,8.95,0.538,0.97,8.523,708.588,3.04,7.049,33.468
2025-03-21T07:00:00-04:00,2025-03-21T08:00:00-04:00,2025-03-21T11:00:00+00:00,2025-03-21T12:00:00+00:00,MOD-00811,60,83.152,8.213,0.349,0.653,2.074,734.003,2.739,8.884,33.558
2025-03-21T08:00:00-04:00,2025-03-21T09:00:00-04:00,2025-03-21T12:00:00+00:00,2025-03-21T13:00:00+00:00,MOD-00811,60,80.008,7.592,0.379,0.645,2.653,734.524,2.001,8.36,33.171
2025-03-21T09:00:00-04:00,2025-03-21T10:00:00-04:00,2025-03-21T13:00:00+00:00,2025-03-21T14:00:00+00:00,MOD-00811,60,76.198,7.385,0.332,0.449,0.955,734.584,1.803,14.084,33.171
2025-03-21T10:00:00-04:00,2025-03-21T11:00:00-04:00,2025-03-21T14:00:00+00:00,2025-03-21T15:00:00+00:00,MOD-00811,60,61.015,9.108,0.465,0.515,1.786,718.006,2.188,11.273,36.598
2025-03-21T11:00:00-04:00,2025-03-21T12:00:00-04:00,2025-03-21T15:00:00+00:00,2025-03-21T16:00:00+00:00,MOD-00811,60,54.153,9.538,0.497,0.597,2.597,710.87,1.67,10.88,38.528
2025-03-21T12:00:00-04:00,2025-03-21T13:00:00-04:00,2025-03-21T16:00:00+00:00,2025-03-21T17:00:00+00:00,MOD-00811,60,53.393,7.992,0.967,1.083,3.096,707.318,1.943,10.686,41.677
2025-03-21T13:00:00-04:00,2025-03-21T14:00:00-04:00,2025-03-21T17:00:00+00:00,2025-03-21T18:00:00+00:00,MOD-00811,60,47.393,8.195,1.616,1.726,3.231,712.052,1.944,11.222,43.782
2025-03-21T14:00:00-04:00,2025-03-21T15:00:00-04:00,2025-03-21T18:00:00+00:00,2025-03-21T19:00:00+00:00,MOD-00811,60,41.842,9.035,1.625,1.833,5.193,719.959,2.078,10.596,45.082
2025-03-21T15:00:00-04:00,2025-03-21T16:00:00-04:00,2025-03-21T19:00:00+00:00,2025-03-21T20:00:00+00:00,MOD-00811,60,37.648,9.793,1.639,1.739,4.116,720.807,2.48,10.106,47.09
2025-03-21T16:00:00-04:00,2025-03-21T17:00:00-04:00,2025-03-21T20:00:00+00:00,2025-03-21T21:00:00+00:00,MOD-00811,60,34.965,10.605,1.922,2.038,3.521,715.016,2.675,10.257,48.527
2025-03-21T17:00:00-04:00,2025-03-21T18:00:00-04:00,2025-03-21T21:00:00+00:00,2025-03-21T22:00:00+00:00,MOD-00811,60,33.723,10.462,1.719,1.85,2.768,715.784,2.485,9.825,49.375
2025-03-21T18:00:00-04:00,2025-03-21T19:00:00-04:00,2025-03-21T22:00:00+00:00,2025-03-21T23:00:00+00:00,MOD-00811,60,30.43,9.787,1.565,1.756,3.531,709.779,2.204,8.6,51.602
2025-03-21T19:00:00-04:00,2025-03-21T20:00:00-04:00,2025-03-21T23:00:00+00:00,2025-03-22T00:00:00+00:00,MOD-00811,60,26.09,8.367,1.52,1.73,3.894,718.758,2.176,6.703,51.928
2025-03-21T20:00:00-04:00,2025-03-21T21:00:00-04:00,2025-03-22T00:00:00+00:00,2025-03-22T01:00:00+00:00,MOD-00811,60,27.032,7.588,1.592,1.784,3.772,729.661,2.107,9.385,50.896
2025-03-21T21:00:00-04:00,2025-03-21T22:00:00-04:00,2025-03-22T01:00:00+00:00,2025-03-22T02:00:00+00:00,MOD-00811,60,26.33,7.092,1.716,1.858,2.469,730.348,2.087,6.742,50.471
2025-03-21T22:00:00-04:00,2025-03-21T23:00:00-04:00,2025-03-22T02:00:00+00:00,2025-03-22T03:00:00+00:00,MOD-00811,60,27.733,6.802,2.055,2.248,2.514,733.102,2.225,10.469,50.184
2025-03-21T23:00:00-04:00,2025-03-22T00:00:00-04:00,2025-03-22T03:00:00+00:00,2025-03-22T04:00:00+00:00,MOD-00811,60,35.378,5.918,2.605,2.806,3.374,736.77,2.172,15.454,48.852
2025-03-22T00:00:00-04:00,2025-03-22T01:00:00-04:00,2025-03-22T04:00:00+00:00,2025-03-22T05:00:00+00:00,MOD-00811,60,38.908,5.112,2.301,2.483,4.408,738.531,1.901,7.941,48.089
2025-03-22T01:00:00-04:00,2025-03-22T02:00:00-04:00,2025-03-22T05:00:00+00:00,2025-03-22T06:00:00+00:00,MOD-00811,60,38.052,4.995,2.265,2.468,4.24,738.042,1.866,12.166,48.334
2025-03-22T02:00:00-04:00,2025-03-22T03:00:00-04:00,2025-03-22T06:00:00+00:00,2025-03-22T07:00:00+00:00,MOD-00811,60,34.255,4.985,1.755,1.901,2.37,739.968,2.268,12.576,48.54
2025-03-22T03:00:00-04:00,2025-03-22T04:00:00-04:00,2025-03-22T07:00:00+00:00,2025-03-22T08:00:00+00:00,MOD-00811,60,33.167,4.9,1.572,1.715,3.424,737.509,2.417,13.437,48.191
2025-03-22T04:00:00-04:00,2025-03-22T05:00:00-04:00,2025-03-22T08:00:00+00:00,2025-03-22T09:00:00+00:00,MOD-00811,60,36.283,4.128,1.135,1.278,2.091,757.389,1.98,17.512,45.063
2025-03-22T05:00:00-04:00,2025-03-22T06:00:00-04:00,2025-03-22T09:00:00+00:00,2025-03-22T10:00:00+00:00,MOD-00811,60,39.423,3.352,1.036,1.208,3.155,800.079,2.02,23.056,41.779
2025-03-22T06:00:00-04:00,2025-03-22T07:00:00-04:00,2025-03-22T10:00:00+00:00,2025-03-22T11:00:00+00:00,MOD-00811,60,42.343,2.905,1.707,1.871,3.352,847.653,1.951,24.808,38.166
2025-03-22T07:00:00-04:00,2025-03-22T08:00:00-04:00,2025-03-22T11:00:00+00:00,2025-03-22T12:00:00+00:00,MOD-00811,60,39.828,3.94,2.038,2.223,3.389,837.721,1.987,25.242,37.616
2025-03-22T08:00:00-04:00,2025-03-22T09:00:00-04:00,2025-03-22T12:00:00+00:00,2025-03-22T13:00:00+00:00,MOD-00811,60,35.61,6.547,2.255,2.517,6.707,845.679,2.224,16.22,42.118
2025-03-22T09:00:00-04:00,2025-03-22T10:00:00-04:00,2025-03-22T13:00:00+00:00,2025-03-22T14:00:00+00:00,MOD-00811,60,27.955,11.623,2.18,2.526,6.679,790.209,2.579,6.438,47.146
2025-03-22T10:00:00-04:00,2025-03-22T11:00:00-04:00,2025-03-22T14:00:00+00:00,2025-03-22T15:00:00+00:00,MOD-00811,60,24.362,15.028,2.422,2.807,4.981,727.594,2.683,12.287,50.614
2025-03-22T11:00:00-04:00,2025-03-22T12:00:00-04:00,2025-03-22T15:00:00+00:00,2025-03-22T16:00:00+00:00,MOD-00811,60,22.39,16.41,2.283,2.697,8.872,742.623,2.149,11.017,51.527
2025-03-22T12:00:00-04:00,2025-03-22T13:00:00-04:00,2025-03-22T16:00:00+00:00,2025-03-22T17:00:00+00:00,MOD-00811,60,20.25,18.005,2.212,2.619,7.768,704.041,2.002,9.042,52.918
2025-03-22T13:00:00-04:00,2025-03-22T14:00:00-04:00,2025-03-22T17:00:00+00:00,2025-03-22T18:00:00+00:00,MOD-00811,60,19.872,19.038,2.263,2.735,7.108,698.768,2.032,8.004,54.56
2025-03-22T14:00:00-04:00,2025-03-22T15:00:00-04:00,2025-03-22T18:00:00+00:00,2025-03-22T19:00:00+00:00,MOD-00811,60,21.542,18.943,2.036,2.639,6.676,692.259,1.993,10.272,55.73
2025-03-22T15:00:00-04:00,2025-03-22T16:00:00-04:00,2025-03-22T19:00:00+00:00,2025-03-22T20:00:00+00:00,MOD-00811,60,21.093,18.372,1.914,2.566,7.646,720.922,2.005,10.171,56.358
2025-03-22T16:00:00-04:00,2025-03-22T17:00:00-04:00,2025-03-22T20:00:00+00:00,2025-03-22T21:00:00+00:00,MOD-00811,60,21.77,17.773,2.032,2.68,5.43,706.516,2.055,10.773,57.08
2025-03-22T17:00:00-04:00,2025-03-22T18:00:00-04:00,2025-03-22T21:00:00+00:00,2025-03-22T22:00:00+00:00,MOD-00811,60,28.708,16.833,2.432,3.437,6.968,735.816,2.342,13.184,55.682
2025-03-22T18:00:00-04:00,2025-03-22T19:00:00-04:00,2025-03-22T22:00:00+00:00,2025-03-22T23:00:00+00:00,MOD-00811,60,35.615,15.297,2.885,4.261,9.527,766.951,2.394,10.821,54.349
2025-03-22T19:00:00-04:00,2025-03-22T20:00:00-04:00,2025-03-22T23:00:00+00:00,2025-03-23T00:00:00+00:00,MOD-00811,60,47.378,12.485,4.214,6.114,13.606,795.128,1.841,22.954,51.235
2025-03-22T20:00:00-04:00,2025-03-22T21:00:00-04:00,2025-03-23T00:00:00+00:00,2025-03-23T01:00:00+00:00,MOD-00811,60,57.25,10.577,5.741,7.997,18.524,837.097,1.835,23.898,46.248
2025-03-22T21:00:00-04:00,2025-03-22T22:00:00-04:00,2025-03-23T01:00:00+00:00,2025-03-23T02:00:00+00:00,MOD-00811,60,56.177,10.828,3.043,3.642,7.074,775.228,1.667,20.519,48.737
2025-03-22T22:00:00-04:00,2025-03-22T23:00:00-04:00,2025-03-23T02:00:00+00:00,2025-03-23T03:00:00+00:00,MOD-00811,60,47.817,8.927,2.025,2.324,6.21,731.575,1.748,13.297,49.533
2025-03-22T23:00:00-04:00,2025-03-23T00:00:00-04:00,2025-03-23T03:00:00+00:00,2025-03-23T04:00:00+00:00,MOD-00811,60,45.155,6.438,2.883,3.037,4.983,719.736,1.942,11.387,50.206
2025-03-23T00:00:00-04:00,2025-03-23T01:00:00-04:00,2025-03-23T04:00:00+00:00,2025-03-23T05:00:00+00:00,MOD-00811,60,39.432,4.555,3.234,3.38,3.544,717.19,2.025,11.599,50.826
2025-03-23T01:00:00-04:00,2025-03-23T02:00:00-04:00,2025-03-23T05:00:00+00:00,2025-03-23T06:00:00+00:00,MOD-00811,60,39.822,2.987,2.235,2.353,3.484,718.73,1.969,12.243,50.035
2025-03-23T02:00:00-04:00,2025-03-23T03:00:00-04:00,2025-03-23T06:00:00+00:00,2025-03-23T07:00:00+00:00,MOD-00811,60,44.875,2.015,1.687,1.786,2.521,721.598,1.844,11.066,48.199
2025-03-23T03:00:00-04:00,2025-03-23T04:00:00-04:00,2025-03-23T07:00:00+00:00,2025-03-23T08:00:00+00:00,MOD-00811,60,47.348,1.4,1.6,1.697,1.915,721.928,2.365,14.599,47.422
2025-03-23T04:00:00-04:00,2025-03-23T05:00:00-04:00,2025-03-23T08:00:00+00:00,2025-03-23T09:00:00+00:00,MOD-00811,60,48.457,1.132,1.827,1.9,2.467,719.859,2.391,16.053,47.322
2025-03-23T05:00:00-04:00,2025-03-23T06:00:00-04:00,2025-03-23T09:00:00+00:00,2025-03-23T10:00:00+00:00,MOD-00811,60,47.218,0.808,1.711,1.801,2.388,725.685,2.521,13.78,46.532
2025-03-23T06:00:00-04:00,2025-03-23T07:00:00-04:00,2025-03-23T10:00:00+00:00,2025-03-23T11:00:00+00:00,MOD-00811,60,42.548,0.472,1.527,1.622,3.006,735.733,2.209,16.05,46.827
2025-03-23T07:00:00-04:00,2025-03-23T08:00:00-04:00,2025-03-23T11:00:00+00:00,2025-03-23T12:00:00+00:00,MOD-00811,60,40.993,1.027,1.569,1.675,2.027,739.503,1.705,13.693,46.839
2025-03-23T08:00:00-04:00,2025-03-23T09:00:00-04:00,2025-03-23T12:00:00+00:00,2025-03-23T13:00:00+00:00,MOD-00811,60,35.135,1.987,1.611,1.699,3.166,752.287,2.056,9.463,47.952
2025-03-23T09:00:00-04:00,2025-03-23T10:00:00-04:00,2025-03-23T13:00:00+00:00,2025-03-23T14:00:00+00:00,MOD-00811,60,28.835,2.913,1.725,1.837,2.58,768.633,2.063,7.942,47.885
2025-03-23T10:00:00-04:00,2025-03-23T11:00:00-04:00,2025-03-23T14:00:00+00:00,2025-03-23T15:00:00+00:00,MOD-00811,60,25.505,4.142,1.866,2.005,3.661,769.17,2.355,8.223,47.782
2025-03-23T11:00:00-04:00,2025-03-23T12:00:00-04:00,2025-03-23T15:00:00+00:00,2025-03-23T16:00:00+00:00,MOD-00811,60,22.555,5.505,2.234,2.391,3.488,754.879,2.714,9.209,47.805
2025-03-23T12:00:00-04:00,2025-03-23T13:00:00-04:00,2025-03-23T16:00:00+00:00,2025-03-23T17:00:00+00:00,MOD-00811,60,20.262,6.2,3.05,3.246,5.22,736.863,2.891,8.776,48.225
2025-03-23T13:00:00-04:00,2025-03-23T14:00:00-04:00,2025-03-23T17:00:00+00:00,2025-03-23T18:00:00+00:00,MOD-00811,60,18.438,7.775,2.973,3.198,4.055,723.068,3.055,7.379,49.302
2025-03-23T14:00:00-04:00,2025-03-23T15:00:00-04:00,2025-03-23T18:00:00+00:00,2025-03-23T19:00:00+00:00,MOD-00811,60,16.895,8.812,2.968,3.191,4.235,721.828,3.115,6.382,50.249
2025-03-23T15:00:00-04:00,2025-03-23T16:00:00-04:00,2025-03-23T19:00:00+00:00,2025-03-23T20:00:00+00:00,MOD-00811,60,15.622,9.842,2.832,3.107,4.215,717.536,3.025,5.684,51.603
2025-03-23T16:00:00-04:00,2025-03-23T17:00:00-04:00,2025-03-23T20:00:00+00:00,2025-03-23T21:00:00+00:00,MOD-00811,60,15.75,10.423,2.802,3.112,3.801,713.105,2.9,6.478,51.991
2025-03-23T17:00:00-04:00,2025-03-23T18:00:00-04:00,2025-03-23T21:00:00+00:00,2025-03-23T22:00:00+00:00,MOD-00811,60,16.562,10.217,2.797,3.171,3.936,725.045,2.853,6.22,50.992
2025-03-23T18:00:00-04:00,2025-03-23T19:00:00-04:00,2025-03-23T22:00:00+00:00,2025-03-23T23:00:00+00:00,MOD-00811,60,19.248,8.157,2.671,3.0,3.879,759.33,2.616,8.691,48.98
2025-03-23T19:00:00-04:00,2025-03-23T20:00:00-04:00,2025-03-23T23:00:00+00:00,2025-03-24T00:00:00+00:00,MOD-00811,60,22.23,6.262,1.971,2.29,3.535,815.314,2.579,15.67,45.668
2025-03-23T20:00:00-04:00,2025-03-23T21:00:00-04:00,2025-03-24T00:00:00+00:00,2025-03-24T01:00:00+00:00,MOD-00811,60,24.325,5.387,1.796,2.137,3.886,836.602,2.619,21.189,42.931
2025-03-23T21:00:00-04:00,2025-03-23T22:00:00-04:00,2025-03-24T01:00:00+00:00,2025-03-24T02:00:00+00:00,MOD-00811,60,25.213,5.075,2.105,2.449,3.583,861.305,2.397,15.52,42.162
2025-03-23T22:00:00-04:00,2025-03-23T23:00:00-04:00,2025-03-24T02:00:00+00:00,2025-03-24T03:00:00+00:00,MOD-00811,60,27.913,4.453,4.168,4.529,6.161,938.088,2.012,20.396,35.928
2025-03-23T23:00:00-04:00,2025-03-24T00:00:00-04:00,2025-03-24T03:00:00+00:00,2025-03-24T04:00:00+00:00,MOD-00811,60,32.04,3.617,4.827,5.235,6.74,1003.343,2.197,29.988,29.355
2025-03-24T00:00:00-04:00,2025-03-24T01:00:00-04:00,2025-03-24T04:00:00+00:00,2025-03-24T05:00:00+00:00,MOD-00811,60,49.107,2.34,4.469,5.015,8.01,942.678,2.417,29.047,26.204
2025-03-24T01:00:00-04:00,2025-03-24T02:00:00-04:00,2025-03-24T05:00:00+00:00,2025-03-24T06:00:00+00:00,MOD-00811,60,46.285,2.435,6.476,6.906,9.679,1179.082,2.199,34.24,18.389
2025-03-24T02:00:00-04:00,2025-03-24T03:00:00-04:00,2025-03-24T06:00:00+00:00,2025-03-24T07:00:00+00:00,MOD-00811,60,54.503,2.087,6.468,7.028,9.332,1118.368,2.636,32.344,18.695
2025-03-24T03:00:00-04:00,2025-03-24T04:00:00-04:00,2025-03-24T07:00:00+00:00,2025-03-24T08:00:00+00:00,MOD-00811,60,52.33,2.272,6.697,7.239,10.204,1220.357,4.216,32.807,16.381
2025-03-24T04:00:00-04:00,2025-03-24T05:00:00-04:00,2025-03-24T08:00:00+00:00,2025-03-24T09:00:00+00:00,MOD-00811,60,56.16,2.217,7.03,7.792,12.905,1150.275,2.729,31.747,17.053
2025-03-24T05:00:00-04:00,2025-03-24T06:00:00-04:00,2025-03-24T09:00:00+00:00,2025-03-24T10:00:00+00:00,MOD-00811,60,57.882,2.347,7.032,7.653,10.171,1070.724,2.479,29.845,18.404
2025-03-24T06:00:00-04:00,2025-03-24T07:00:00-04:00,2025-03-24T10:00:00+00:00,2025-03-24T11:00:00+00:00,MOD-00811,60,60.875,2.933,7.582,8.766,23.286,906.595,2.926,28.054,20.581
2025-03-24T07:00:00-04:00,2025-03-24T08:00:00-04:00,2025-03-24T11:00:00+00:00,2025-03-24T12:00:00+00:00,MOD-00811,60,62.482,4.61,2.814,3.954,15.317,823.999,2.286,19.768,40.193
2025-03-24T08:00:00-04:00,2025-03-24T09:00:00-04:00,2025-03-24T12:00:00+00:00,2025-03-24T13:00:00+00:00,MOD-00811,60,66.672,4.887,1.927,3.624,19.086,735.074,1.887,17.424,47.139
2025-03-24T09:00:00-04:00,2025-03-24T10:00:00-04:00,2025-03-24T13:00:00+00:00,2025-03-24T14:00:00+00:00,MOD-00811,60,76.95,4.352,1.697,4.876,32.449,715.533,1.632,19.438,47.222
2025-03-24T10:00:00-04:00,2025-03-24T11:00:00-04:00,2025-03-24T14:00:00+00:00,2025-03-24T15:00:00+00:00,MOD-00811,60,77.76,4.098,1.494,5.069,34.213,701.247,1.798,17.714,49.259
2025-03-24T11:00:00-04:00,2025-03-24T12:00:00-04:00,2025-03-24T15:00:00+00:00,2025-03-24T16:00:00+00:00,MOD-00811,60,83.667,4.768,1.424,6.149,32.438,688.785,3.109,8.686,50.278
2025-03-24T12:00:00-04:00,2025-03-24T13:00:00-04:00,2025-03-24T16:00:00+00:00,2025-03-24T17:00:00+00:00,MOD-00811,60,85.027,5.407,1.64,6.42,32.868,692.778,2.977,9.028,48.417
2025-03-24T13:00:00-04:00,2025-03-24T14:00:00-04:00,2025-03-24T17:00:00+00:00,2025-03-24T18:00:00+00:00,MOD-00811,60,86.622,6.215,1.252,5.922,45.221,690.752,2.764,10.473,46.812
2025-03-24T14:00:00-04:00,2025-03-24T15:00:00-04:00,2025-03-24T18:00:00+00:00,2025-03-24T19:00:00+00:00,MOD-00811,60,87.68,7.238,1.867,10.013,75.539,699.446,2.564,8.027,47.281
2025-03-24T15:00:00-04:00,2025-03-24T16:00:00-04:00,2025-03-24T19:00:00+00:00,2025-03-24T20:00:00+00:00,MOD-00811,60,88.612,8.24,2.787,14.878,88.786,724.304,2.639,6.863,46.296
2025-03-24T16:00:00-04:00,2025-03-24T17:00:00-04:00,2025-03-24T20:00:00+00:00,2025-03-24T21:00:00+00:00,MOD-00811,60,89.082,8.82,2.809,10.294,35.653,753.195,2.949,8.173,44.518
2025-03-24T17:00:00-04:00,2025-03-24T18:00:00-04:00,2025-03-24T21:00:00+00:00,2025-03-24T22:00:00+00:00,MOD-00811,60,89.522,8.997,3.608,9.947,30.851,683.862,3.168,7.522,43.401
2025-03-24T18:00:00-04:00,2025-03-24T19:00:00-04:00,2025-03-24T22:00:00+00:00,2025-03-24T23:00:00+00:00,MOD-00811,60,90.415,9.097,5.297,9.089,22.769,867.052,3.384,16.769,10.396
2025-03-24T19:00:00-04:00,2025-03-24T20:00:00-04:00,2025-03-24T23:00:00+00:00,2025-03-25T00:00:00+00:00,MOD-00811,60,90.555,9.12,6.847,11.426,23.021,862.25,3.388,14.562,-5.571
2025-03-24T20:00:00-04:00,2025-03-24T21:00:00-04:00,2025-03-25T00:00:00+00:00,2025-03-25T01:00:00+00:00,MOD-00811,60,90.723,9.443,5.359,6.608,10.752,865.353,3.489,14.92,32.958
2025-03-24T21:00:00-04:00,2025-03-24T22:00:00-04:00,2025-03-25T01:00:00+00:00,2025-03-25T02:00:00+00:00,MOD-00811,60,86.658,9.772,3.111,3.363,5.692,757.784,2.812,10.508,39.22
2025-03-24T22:00:00-04:00,2025-03-24T23:00:00-04:00,2025-03-25T02:00:00+00:00,2025-03-25T03:00:00+00:00,MOD-00811,60,80.253,9.067,3.015,3.163,4.549,709.307,2.091,10.811,41.169
2025-03-24T23:00:00-04:00,2025-03-25T00:00:00-04:00,2025-03-25T03:00:00+00:00,2025-03-25T04:00:00+00:00,MOD-00811,60,81.732,8.017,5.153,5.345,6.641,777.273,2.196,13.385,34.766
2025-03-25T00:00:00-04:00,2025-03-25T01:00:00-04:00,2025-03-25T04:00:00+00:00,2025-03-25T05:00:00+00:00,MOD-00811,60,83.528,6.705,7.504,7.658,8.865,799.02,2.41,19.803,27.429
2025-03-25T01:00:00-04:00,2025-03-25T02:00:00-04:00,2025-03-25T05:00:00+00:00,2025-03-25T06:00:00+00:00,MOD-00811,60,89.768,5.38,6.935,7.106,8.269,872.099,3.556,17.818,22.63
2025-03-25T02:00:00-04:00,2025-03-25T03:00:00-04:00,2025-03-25T06:00:00+00:00,2025-03-25T07:00:00+00:00,MOD-00811,60,91.857,5.213,5.718,5.936,7.809,808.285,3.81,7.345,24.811
2025-03-25T03:00:00-04:00,2025-03-25T04:00:00-04:00,2025-03-25T07:00:00+00:00,2025-03-25T08:00:00+00:00,MOD-00811,60,90.737,5.357,4.617,4.849,6.773,823.138,3.731,9.427,25.52
2025-03-25T04:00:00-04:00,2025-03-25T05:00:00-04:00,2025-03-25T08:00:00+00:00,2025-03-25T09:00:00+00:00,MOD-00811,60,89.14,5.602,6.234,6.474,7.827,864.266,3.49,23.133,21.126
2025-03-25T05:00:00-04:00,2025-03-25T06:00:00-04:00,2025-03-25T09:00:00+00:00,2025-03-25T10:00:00+00:00,MOD-00811,60,89.167,5.585,6.909,7.176,8.562,974.923,3.615,26.683,17.22
2025-03-25T06:00:00-04:00,2025-03-25T07:00:00-04:00,2025-03-25T10:00:00+00:00,2025-03-25T11:00:00+00:00,MOD-00811,60,89.012,5.565,6.93,7.25,8.823,986.855,4.938,26.98,16.604
2025-03-25T07:00:00-04:00,2025-03-25T08:00:00-04:00,2025-03-25T11:00:00+00:00,2025-03-25T12:00:00+00:00,MOD-00811,60,87.925,6.067,7.995,8.392,11.013,1051.071,3.97,26.845,16.562
2025-03-25T08:00:00-04:00,2025-03-25T09:00:00-04:00,2025-03-25T12:00:00+00:00,2025-03-25T13:00:00+00:00,MOD-00811,60,73.907,8.933,9.171,9.515,12.63,1002.114,2.274,24.019,22.294
2025-03-25T09:00:00-04:00,2025-03-25T10:00:00-04:00,2025-03-25T13:00:00+00:00,2025-03-25T14:00:00+00:00,MOD-00811,60,46.507,13.032,5.299,5.78,10.584,768.936,2.525,10.265,38.483
2025-03-25T10:00:00-04:00,2025-03-25T11:00:00-04:00,2025-03-25T14:00:00+00:00,2025-03-25T15:00:00+00:00,MOD-00811,60,32.293,13.548,3.63,4.152,10.344,668.236,2.706,7.539,46.559
2025-03-25T11:00:00-04:00,2025-03-25T12:00:00-04:00,2025-03-25T15:00:00+00:00,2025-03-25T16:00:00+00:00,MOD-00811,60,28.842,13.917,3.805,4.153,6.685,672.399,2.638,8.794,48.329
2025-03-25T12:00:00-04:00,2025-03-25T13:00:00-04:00,2025-03-25T16:00:00+00:00,2025-03-25T17:00:00+00:00,MOD-00811,60,27.725,15.052,3.199,3.585,5.211,683.811,2.61,12.035,49.527
2025-03-25T13:00:00-04:00,2025-03-25T14:00:00-04:00,2025-03-25T17:00:00+00:00,2025-03-25T18:00:00+00:00,MOD-00811,60,26.403,15.847,3.188,3.557,5.732,677.555,2.609,15.628,50.411
2025-03-25T14:00:00-04:00,2025-03-25T15:00:00-04:00,2025-03-25T18:00:00+00:00,2025-03-25T19:00:00+00:00,MOD-00811,60,23.788,16.732,2.748,3.157,5.343,680.696,2.554,9.116,51.512
2025-03-25T15:00:00-04:00,2025-03-25T16:00:00-04:00,2025-03-25T19:00:00+00:00,2025-03-25T20:00:00+00:00,MOD-00811,60,25.823,16.05,2.57,3.128,6.247,729.917,2.629,16.736,51.025
2025-03-25T16:00:00-04:00,2025-03-25T17:00:00-04:00,2025-03-25T20:00:00+00:00,2025-03-25T21:00:00+00:00,MOD-00811,60,25.608,16.125,2.536,2.997,6.301,741.2,2.608,17.476,52.583
2025-03-25T17:00:00-04:00,2025-03-25T18:00:00-04:00,2025-03-25T21:00:00+00:00,2025-03-25T22:00:00+00:00,MOD-00811,60,26.862,14.91,2.717,3.213,6.302,738.622,2.589,19.084,53.015
2025-03-25T18:00:00-04:00,2025-03-25T19:00:00-04:00,2025-03-25T22:00:00+00:00,2025-03-25T23:00:00+00:00,MOD-00811,60,31.498,13.452,3.326,3.931,6.346,726.537,2.501,14.114,53.488
2025-03-25T19:00:00-04:00,2025-03-25T20:00:00-04:00,2025-03-25T23:00:00+00:00,2025-03-26T00:00:00+00:00,MOD-00811,60,40.75,12.015,3.794,4.613,9.991,785.623,2.516,15.332,50.38
2025-03-25T20:00:00-04:00,2025-03-25T21:00:00-04:00,2025-03-26T00:00:00+00:00,2025-03-26T01:00:00+00:00,MOD-00811,60,41.092,11.04,4.17,4.753,9.372,772.779,2.567,16.354,48.359
2025-03-25T21:00:00-04:00,2025-03-25T22:00:00-04:00,2025-03-26T01:00:00+00:00,2025-03-26T02:00:00+00:00,MOD-00811,60,42.272,9.548,3.818,4.188,10.054,728.384,1.944,13.546,46.951
2025-03-25T22:00:00-04:00,2025-03-25T23:00:00-04:00,2025-03-26T02:00:00+00:00,2025-03-26T03:00:00+00:00,MOD-00811,60,47.537,8.155,3.492,3.77,5.758,727.15,1.83,15.231,45.186
2025-03-25T23:00:00-04:00,2025-03-26T00:00:00-04:00,2025-03-26T03:00:00+00:00,2025-03-26T04:00:00+00:00,MOD-00811,60,49.742,7.51,3.64,3.965,8.577,734.029,1.773,17.994,43.738
2025-03-26T00:00:00-04:00,2025-03-26T01:00:00-04:00,2025-03-26T04:00:00+00:00,2025-03-26T05:00:00+00:00,MOD-00811,60,52.988,6.65,3.959,4.224,5.822,749.979,2.05,20.057,41.17
2025-03-26T01:00:00-04:00,2025-03-26T02:00:00-04:00,2025-03-26T05:00:00+00:00,2025-03-26T06:00:00+00:00,MOD-00811,60,57.635,5.948,4.512,4.821,6.95,769.547,2.373,21.029,39.104
2025-03-26T02:00:00-04:00,2025-03-26T03:00:00-04:00,2025-03-26T06:00:00+00:00,2025-03-26T07:00:00+00:00,MOD-00811,60,63.382,5.627,4.628,5.034,11.75,777.687,2.188,15.145,38.005
2025-03-26T03:00:00-04:00,2025-03-26T04:00:00-04:00,2025-03-26T07:00:00+00:00,2025-03-26T08:00:00+00:00,MOD-00811,60,63.208,5.442,5.001,5.378,8.543,801.858,2.024,22.026,33.352
2025-03-26T04:00:00-04:00,2025-03-26T05:00:00-04:00,2025-03-26T08:00:00+00:00,2025-03-26T09:00:00+00:00,MOD-00811,60,55.927,5.853,3.942,4.29,8.599,795.254,2.344,22.55,32.812
2025-03-26T05:00:00-04:00,2025-03-26T06:00:00-04:00,2025-03-26T09:00:00+00:00,2025-03-26T10:00:00+00:00,MOD-00811,60,56.798,5.75,4.307,5.051,16.132,782.133,3.296,25.794,27.308
2025-03-26T06:00:00-04:00,2025-03-26T07:00:00-04:00,2025-03-26T10:00:00+00:00,2025-03-26T11:00:00+00:00,MOD-00811,60,56.657,5.192,4.941,5.815,19.373,799.303,2.896,26.639,25.275
2025-03-26T07:00:00-04:00,2025-03-26T08:00:00-04:00,2025-03-26T11:00:00+00:00,2025-03-26T12:00:00+00:00,MOD-00811,60,54.938,4.967,5.497,6.692,28.113,876.327,6.066,28.131,24.288
2025-03-26T08:00:00-04:00,2025-03-26T09:00:00-04:00,2025-03-26T12:00:00+00:00,2025-03-26T13:00:00+00:00,MOD-00811,60,41.79,8.905,4.766,5.477,17.46,817.673,5.207,21.218,31.683
2025-03-26T09:00:00-04:00,2025-03-26T10:00:00-04:00,2025-03-26T13:00:00+00:00,2025-03-26T14:00:00+00:00,MOD-00811,60,30.335,11.92,3.638,4.389,18.729,720.339,3.309,13.704,41.061
2025-03-26T10:00:00-04:00,2025-03-26T11:00:00-04:00,2025-03-26T14:00:00+00:00,2025-03-26T15:00:00+00:00,MOD-00811,60,30.213,12.63,3.726,4.274,15.557,695.015,2.872,12.793,44.21
2025-03-26T11:00:00-04:00,2025-03-26T12:00:00-04:00,2025-03-26T15:00:00+00:00,2025-03-26T16:00:00+00:00,MOD-00811,60,31.033,12.97,3.685,4.281,16.719,694.143,2.678,15.378,44.805
2025-03-26T12:00:00-04:00,2025-03-26T13:00:00-04:00,2025-03-26T16:00:00+00:00,2025-03-26T17:00:00+00:00,MOD-00811,60,29.448,14.042,3.98,4.558,13.828,705.833,2.926,18.125,45.129
2025-03-26T13:00:00-04:00,2025-03-26T14:00:00-04:00,2025-03-26T17:00:00+00:00,2025-03-26T18:00:00+00:00,MOD-00811,60,26.288,15.763,3.815,4.326,11.306,727.67,2.951,19.879,46.039
2025-03-26T14:00:00-04:00,2025-03-26T15:00:00-04:00,2025-03-26T18:00:00+00:00,2025-03-26T19:00:00+00:00,MOD-00811,60,26.645,15.43,3.249,3.718,11.873,750.12,2.647,18.927,48.306
2025-03-26T15:00:00-04:00,2025-03-26T16:00:00-04:00,2025-03-26T19:00:00+00:00,2025-03-26T20:00:00+00:00,MOD-00811,60,27.378,13.925,2.683,3.033,5.778,764.429,2.701,16.233,49.25
2025-03-26T16:00:00-04:00,2025-03-26T17:00:00-04:00,2025-03-26T20:00:00+00:00,2025-03-26T21:00:00+00:00,MOD-00811,60,25.202,13.593,2.057,2.331,5.113,752.625,2.674,8.106,50.919
2025-03-26T17:00:00-04:00,2025-03-26T18:00:00-04:00,2025-03-26T21:00:00+00:00,2025-03-26T22:00:00+00:00,MOD-00811,60,25.103,12.378,2.276,2.545,5.039,741.784,2.762,5.881,51.509
2025-03-26T18:00:00-04:00,2025-03-26T19:00:00-04:00,2025-03-26T22:00:00+00:00,2025-03-26T23:00:00+00:00,MOD-00811,60,28.61,11.262,3.224,3.484,5.166,750.472,2.458,6.819,50.235
2025-03-26T19:00:00-04:00,2025-03-26T20:00:00-04:00,2025-03-26T23:00:00+00:00,2025-03-27T00:00:00+00:00,MOD-00811,60,36.732,9.587,3.046,3.382,5.228,764.27,2.432,12.653,47.847
2025-03-26T20:00:00-04:00,2025-03-26T21:00:00-04:00,2025-03-27T00:00:00+00:00,2025-03-27T01:00:00+00:00,MOD-00811,60,38.847,8.752,3.474,3.798,5.765,757.433,2.059,16.229,47.731
2025-03-26T21:00:00-04:00,2025-03-26T22:00:00-04:00,2025-03-27T01:00:00+00:00,2025-03-27T02:00:00+00:00,MOD-00811,60,44.553,7.673,3.435,3.737,4.774,742.59,1.954,14.0,46.891
2025-03-26T22:00:00-04:00,2025-03-26T23:00:00-04:00,2025-03-27T02:00:00+00:00,2025-03-27T03:00:00+00:00,MOD-00811,60,48.918,6.972,3.092,3.359,6.678,732.527,1.82,11.115,46.96
2025-03-26T23:00:00-04:00,2025-03-27T00:00:00-04:00,2025-03-27T03:00:00+00:00,2025-03-27T04:00:00+00:00,MOD-00811,60,45.398,6.468,2.363,2.564,3.835,738.602,2.07,16.418,46.378
2025-03-27T00:00:00-04:00,2025-03-27T01:00:00-04:00,2025-03-27T04:00:00+00:00,2025-03-27T05:00:00+00:00,MOD-00811,60,44.055,5.982,1.951,2.106,3.621,724.554,2.107,12.842,44.417
2025-03-27T01:00:00-04:00,2025-03-27T02:00:00-04:00,2025-03-27T05:00:00+00:00,2025-03-27T06:00:00+00:00,MOD-00811,60,44.965,4.752,1.28,1.384,1.754,723.695,1.818,13.287,43.185
2025-03-27T02:00:00-04:00,2025-03-27T03:00:00-04:00,2025-03-27T06:00:00+00:00,2025-03-27T07:00:00+00:00,MOD-00811,60,45.822,3.588,1.617,1.699,2.53,722.193,1.77,15.283,42.827
2025-03-27T03:00:00-04:00,2025-03-27T04:00:00-04:00,2025-03-27T07:00:00+00:00,2025-03-27T08:00:00+00:00,MOD-00811,60,47.78,2.56,1.955,2.134,2.395,725.193,2.255,16.466,42.183
2025-03-27T04:00:00-04:00,2025-03-27T05:00:00-04:00,2025-03-27T08:00:00+00:00,2025-03-27T09:00:00+00:00,MOD-00811,60,50.63,1.82,2.148,2.374,3.321,734.091,2.536,18.007,40.926
2025-03-27T05:00:00-04:00,2025-03-27T06:00:00-04:00,2025-03-27T09:00:00+00:00,2025-03-27T10:00:00+00:00,MOD-00811,60,53.312,1.287,2.56,2.846,3.54,746.177,4.015,18.597,38.75
2025-03-27T06:00:00-04:00,2025-03-27T07:00:00-04:00,2025-03-27T10:00:00+00:00,2025-03-27T11:00:00+00:00,MOD-00811,60,55.703,1.033,2.6,2.922,5.219,786.398,1.99,20.197,36.848
2025-03-27T07:00:00-04:00,2025-03-27T08:00:00-04:00,2025-03-27T11:00:00+00:00,2025-03-27T12:00:00+00:00,MOD-00811,60,53.438,2.213,2.904,3.288,4.572,795.178,2.399,18.767,37.432
2025-03-27T08:00:00-04:00,2025-03-27T09:00:00-04:00,2025-03-27T12:00:00+00:00,2025-03-27T13:00:00+00:00,MOD-00811,60,47.203,4.138,3.028,3.361,5.633,765.717,2.038,16.296,41.054
2025-03-27T09:00:00-04:00,2025-03-27T10:00:00-04:00,2025-03-27T13:00:00+00:00,2025-03-27T14:00:00+00:00,MOD-00811,60,41.147,5.768,2.594,2.921,4.973,752.435,2.083,12.394,42.195
2025-03-27T10:00:00-04:00,2025-03-27T11:00:00-04:00,2025-03-27T14:00:00+00:00,2025-03-27T15:00:00+00:00,MOD-00811,60,34.802,7.802,1.874,2.097,3.793,739.733,2.402,11.177,43.336
2025-03-27T11:00:00-04:00,2025-03-27T12:00:00-04:00,2025-03-27T15:00:00+00:00,2025-03-27T16:00:00+00:00,MOD-00811,60,31.557,8.923,1.634,1.848,4.285,729.154,2.156,7.808,44.684
2025-03-27T12:00:00-04:00,2025-03-27T13:00:00-04:00,2025-03-27T16:00:00+00:00,2025-03-27T17:00:00+00:00,MOD-00811,60,29.747,9.998,1.923,2.113,4.2,717.301,2.192,8.318,45.645
2025-03-27T13:00:00-04:00,2025-03-27T14:00:00-04:00,2025-03-27T17:00:00+00:00,2025-03-27T18:00:00+00:00,MOD-00811,60,28.815,10.262,1.794,2.067,7.776,727.77,2.235,7.441,45.371
2025-03-27T14:00:00-04:00,2025-03-27T15:00:00-04:00,2025-03-27T18:00:00+00:00,2025-03-27T19:00:00+00:00,MOD-00811,60,26.238,11.297,1.72,1.997,6.222,734.186,2.745,5.818,46.34
2025-03-27T15:00:00-04:00,2025-03-27T16:00:00-04:00,2025-03-27T19:00:00+00:00,2025-03-27T20:00:00+00:00,MOD-00811,60,25.943,11.068,1.439,1.588,3.286,724.817,2.755,7.078,46.299
2025-03-27T16:00:00-04:00,2025-03-27T17:00:00-04:00,2025-03-27T20:00:00+00:00,2025-03-27T21:00:00+00:00,MOD-00811,60,23.435,12.002,1.476,1.595,2.734,730.582,2.651,9.661,47.494
2025-03-27T17:00:00-04:00,2025-03-27T18:00:00-04:00,2025-03-27T21:00:00+00:00,2025-03-27T22:00:00+00:00,MOD-00811,60,22.365,11.907,1.301,1.444,2.436,720.313,2.503,8.892,48.077
2025-03-27T18:00:00-04:00,2025-03-27T19:00:00-04:00,2025-03-27T22:00:00+00:00,2025-03-27T23:00:00+00:00,MOD-00811,60,22.953,11.078,1.535,1.708,3.453,735.832,2.287,9.058,48.345
2025-03-27T19:00:00-04:00,2025-03-27T20:00:00-04:00,2025-03-27T23:00:00+00:00,2025-03-28T00:00:00+00:00,MOD-00811,60,24.89,9.082,1.791,2.035,4.27,758.019,2.174,11.601,47.001
2025-03-27T20:00:00-04:00,2025-03-27T21:00:00-04:00,2025-03-28T00:00:00+00:00,2025-03-28T01:00:00+00:00,MOD-00811,60,26.087,7.773,1.391,1.63,3.98,774.942,2.083,10.392,46.61
2025-03-27T21:00:00-04:00,2025-03-27T22:00:00-04:00,2025-03-28T01:00:00+00:00,2025-03-28T02:00:00+00:00,MOD-00811,60,27.87,6.7,1.699,1.97,3.885,859.708,2.259,12.851,44.358
2025-03-27T22:00:00-04:00,2025-03-27T23:00:00-04:00,2025-03-28T02:00:00+00:00,2025-03-28T03:00:00+00:00,MOD-00811,60,31.945,5.237,2.145,2.401,4.98,881.206,2.318,22.369,41.294
2025-03-27T23:00:00-04:00,2025-03-28T00:00:00-04:00,2025-03-28T03:00:00+00:00,2025-03-28T04:00:00+00:00,MOD-00811,60,35.85,4.237,3.051,3.34,5.845,871.224,2.421,22.728,37.86
2025-03-28T00:00:00-04:00,2025-03-28T01:00:00-04:00,2025-03-28T04:00:00+00:00,2025-03-28T05:00:00+00:00,MOD-00811,60,40.19,3.32,2.039,2.325,5.851,897.208,2.095,25.264,35.394
2025-03-28T01:00:00-04:00,2025-03-28T02:00:00-04:00,2025-03-28T05:00:00+00:00,2025-03-28T06:00:00+00:00,MOD-00811,60,41.102,3.438,2.024,2.304,4.094,849.487,2.197,23.967,37.757
2025-03-28T02:00:00-04:00,2025-03-28T03:00:00-04:00,2025-03-28T06:00:00+00:00,2025-03-28T07:00:00+00:00,MOD-00811,60,41.628,3.702,2.409,2.711,5.615,812.554,2.132,23.077,38.507
2025-03-28T03:00:00-04:00,2025-03-28T04:00:00-04:00,2025-03-28T07:00:00+00:00,2025-03-28T08:00:00+00:00,MOD-00811,60,41.962,3.698,2.497,2.796,5.155,802.4,2.032,23.453,36.995
2025-03-28T04:00:00-04:00,2025-03-28T05:00:00-04:00,2025-03-28T08:00:00+00:00,2025-03-28T09:00:00+00:00,MOD-00811,60,41.085,4.55,2.25,2.6,6.956,816.667,2.099,23.954,36.757
2025-03-28T05:00:00-04:00,2025-03-28T06:00:00-04:00,2025-03-28T09:00:00+00:00,2025-03-28T10:00:00+00:00,MOD-00811,60,43.542,5.663,2.177,2.604,7.818,829.042,2.124,23.349,38.561
2025-03-28T06:00:00-04:00,2025-03-28T07:00:00-04:00,2025-03-28T10:00:00+00:00,2025-03-28T11:00:00+00:00,MOD-00811,60,44.055,6.13,2.97,3.458,8.018,837.72,2.266,24.179,37.233
2025-03-28T07:00:00-04:00,2025-03-28T08:00:00-04:00,2025-03-28T11:00:00+00:00,2025-03-28T12:00:00+00:00,MOD-00811,60,42.96,7.188,3.296,3.866,7.973,813.785,2.209,22.185,39.817
2025-03-28T08:00:00-04:00,2025-03-28T09:00:00-04:00,2025-03-28T12:00:00+00:00,2025-03-28T13:00:00+00:00,MOD-00811,60,36.882,9.297,4.189,4.779,10.641,818.106,2.288,16.501,42.236
2025-03-28T09:00:00-04:00,2025-03-28T10:00:00-04:00,2025-03-28T13:00:00+00:00,2025-03-28T14:00:00+00:00,MOD-00811,60,27.962,12.125,4.046,4.478,7.346,765.041,2.61,8.776,47.846
2025-03-28T10:00:00-04:00,2025-03-28T11:00:00-04:00,2025-03-28T14:00:00+00:00,2025-03-28T15:00:00+00:00,MOD-00811,60,19.782,12.898,2.682,3.059,7.367,707.153,2.12,7.251,52.688
2025-03-28T11:00:00-04:00,2025-03-28T12:00:00-04:00,2025-03-28T15:00:00+00:00,2025-03-28T16:00:00+00:00,MOD-00811,60,19.613,13.705,2.142,2.445,5.802,724.044,2.024,7.782,51.576
2025-03-28T12:00:00-04:00,2025-03-28T13:00:00-04:00,2025-03-28T16:00:00+00:00,2025-03-28T17:00:00+00:00,MOD-00811,60,17.697,16.065,2.088,2.382,4.402,696.74,2.635,6.918,53.935
2025-03-28T13:00:00-04:00,2025-03-28T14:00:00-04:00,2025-03-28T17:00:00+00:00,2025-03-28T18:00:00+00:00,MOD-00811,60,15.125,17.465,1.5,1.695,4.417,678.861,3.394,7.376,54.866
2025-03-28T14:00:00-04:00,2025-03-28T15:00:00-04:00,2025-03-28T18:00:00+00:00,2025-03-28T19:00:00+00:00,MOD-00811,60,14.233,18.073,1.47,1.703,3.981,681.725,3.229,6.826,56.055
2025-03-28T15:00:00-04:00,2025-03-28T16:00:00-04:00,2025-03-28T19:00:00+00:00,2025-03-28T20:00:00+00:00,MOD-00811,60,12.038,18.057,1.243,1.439,4.197,693.7,2.803,6.66,56.167
2025-03-28T16:00:00-04:00,2025-03-28T17:00:00-04:00,2025-03-28T20:00:00+00:00,2025-03-28T21:00:00+00:00,MOD-00811,60,12.132,18.572,0.949,1.135,3.166,716.069,3.412,6.692,56.228
2025-03-28T17:00:00-04:00,2025-03-28T18:00:00-04:00,2025-03-28T21:00:00+00:00,2025-03-28T22:00:00+00:00,MOD-00811,60,14.235,17.585,1.409,1.6,3.882,731.272,2.746,6.946,55.62
2025-03-28T18:00:00-04:00,2025-03-28T19:00:00-04:00,2025-03-28T22:00:00+00:00,2025-03-28T23:00:00+00:00,MOD-00811,60,16.337,16.34,1.38,1.6,3.954,748.584,2.63,7.634,55.085
2025-03-28T19:00:00-04:00,2025-03-28T20:00:00-04:00,2025-03-28T23:00:00+00:00,2025-03-29T00:00:00+00:00,MOD-00811,60,20.392,14.982,2.625,2.884,6.981,836.117,2.046,22.337,51.217
2025-03-28T20:00:00-04:00,2025-03-28T21:00:00-04:00,2025-03-29T00:00:00+00:00,2025-03-29T01:00:00+00:00,MOD-00811,60,29.538,14.23,5.159,5.497,10.975,841.714,2.467,23.265,50.154
2025-03-28T21:00:00-04:00,2025-03-28T22:00:00-04:00,2025-03-29T01:00:00+00:00,2025-03-29T02:00:00+00:00,MOD-00811,60,32.215,13.828,5.335,5.647,9.034,834.816,2.181,18.502,50.543
2025-03-28T22:00:00-04:00,2025-03-28T23:00:00-04:00,2025-03-29T02:00:00+00:00,2025-03-29T03:00:00+00:00,MOD-00811,60,39.003,13.453,7.194,7.767,13.766,845.47,2.441,16.177,47.917
2025-03-28T23:00:00-04:00,2025-03-29T00:00:00-04:00,2025-03-29T03:00:00+00:00,2025-03-29T04:00:00+00:00,MOD-00811,60,44.572,12.815,8.126,8.915,14.061,826.699,2.24,22.702,48.213
2025-03-29T00:00:00-04:00,2025-03-29T01:00:00-04:00,2025-03-29T04:00:00+00:00,2025-03-29T05:00:00+00:00,MOD-00811,60,50.498,12.17,7.508,8.415,14.245,1011.688,1.865,23.98,47.349
2025-03-29T01:00:00-04:00,2025-03-29T02:00:00-04:00,2025-03-29T05:00:00+00:00,2025-03-29T06:00:00+00:00,MOD-00811,60,65.06,10.478,6.189,7.46,15.953,1092.987,1.912,23.916,48.253
2025-03-29T02:00:00-04:00,2025-03-29T03:00:00-04:00,2025-03-29T06:00:00+00:00,2025-03-29T07:00:00+00:00,MOD-00811,60,76.01,9.532,6.515,8.172,19.906,1005.207,1.773,26.014,41.069
2025-03-29T03:00:00-04:00,2025-03-29T04:00:00-04:00,2025-03-29T07:00:00+00:00,2025-03-29T08:00:00+00:00,MOD-00811,60,80.488,9.225,6.881,10.085,26.305,982.121,2.1,23.681,42.326
2025-03-29T04:00:00-04:00,2025-03-29T05:00:00-04:00,2025-03-29T08:00:00+00:00,2025-03-29T09:00:00+00:00,MOD-00811,60,83.937,8.768,6.733,10.837,37.977,883.155,2.281,14.238,45.353
2025-03-29T05:00:00-04:00,2025-03-29T06:00:00-04:00,2025-03-29T09:00:00+00:00,2025-03-29T10:00:00+00:00,MOD-00811,60,85.005,8.795,7.385,10.843,32.1,738.562,2.304,8.972,42.23
2025-03-29T06:00:00-04:00,2025-03-29T07:00:00-04:00,2025-03-29T10:00:00+00:00,2025-03-29T11:00:00+00:00,MOD-00811,60,86.15,8.675,9.214,12.816,35.633,748.662,2.311,8.517,39.298
2025-03-29T07:00:00-04:00,2025-03-29T08:00:00-04:00,2025-03-29T11:00:00+00:00,2025-03-29T12:00:00+00:00,MOD-00811,60,82.695,8.793,9.743,12.028,23.268,750.409,2.189,10.849,39.392
2025-03-29T08:00:00-04:00,2025-03-29T09:00:00-04:00,2025-03-29T12:00:00+00:00,2025-03-29T13:00:00+00:00,MOD-00811,60,75.795,7.633,4.433,8.251,26.47,726.067,1.765,16.791,44.285
2025-03-29T09:00:00-04:00,2025-03-29T10:00:00-04:00,2025-03-29T13:00:00+00:00,2025-03-29T14:00:00+00:00,MOD-00811,60,66.287,8.933,3.836,7.94,26.666,703.667,1.985,14.272,45.971
2025-03-29T10:00:00-04:00,2025-03-29T11:00:00-04:00,2025-03-29T14:00:00+00:00,2025-03-29T15:00:00+00:00,MOD-00811,60,61.753,10.01,4.49,10.275,33.816,682.392,2.765,13.977,46.945
2025-03-29T11:00:00-04:00,2025-03-29T12:00:00-04:00,2025-03-29T15:00:00+00:00,2025-03-29T16:00:00+00:00,MOD-00811,60,67.668,7.797,5.169,10.868,35.018,679.346,1.841,15.633,47.231
2025-03-29T12:00:00-04:00,2025-03-29T13:00:00-04:00,2025-03-29T16:00:00+00:00,2025-03-29T17:00:00+00:00,MOD-00811,60,73.407,6.012,4.227,7.53,20.059,679.816,1.658,11.612,47.94
2025-03-29T13:00:00-04:00,2025-03-29T14:00:00-04:00,2025-03-29T17:00:00+00:00,2025-03-29T18:00:00+00:00,MOD-00811,60,74.563,5.535,2.259,3.171,5.926,673.999,1.575,15.525,48.53
2025-03-29T14:00:00-04:00,2025-03-29T15:00:00-04:00,2025-03-29T18:00:00+00:00,2025-03-29T19:00:00+00:00,MOD-00811,60,74.68,5.16,1.265,1.58,2.507,675.475,1.552,14.242,47.487
2025-03-29T15:00:00-04:00,2025-03-29T16:00:00-04:00,2025-03-29T19:00:00+00:00,2025-03-29T20:00:00+00:00,MOD-00811,60,73.703,4.987,1.321,1.687,3.153,674.483,1.592,14.6,46.99
2025-03-29T16:00:00-04:00,2025-03-29T17:00:00-04:00,2025-03-29T20:00:00+00:00,2025-03-29T21:00:00+00:00,MOD-00811,60,74.738,4.472,1.199,1.664,3.608,670.702,1.492,16.598,47.114
2025-03-29T17:00:00-04:00,2025-03-29T18:00:00-04:00,2025-03-29T21:00:00+00:00,2025-03-29T22:00:00+00:00,MOD-00811,60,74.208,4.345,1.092,1.482,2.799,668.636,1.522,15.16,47.067
2025-03-29T18:00:00-04:00,2025-03-29T19:00:00-04:00,2025-03-29T22:00:00+00:00,2025-03-29T23:00:00+00:00,MOD-00811,60,75.015,4.193,0.989,1.423,3.009,667.735,1.469,16.25,46.596
2025-03-29T19:00:00-04:00,2025-03-29T20:00:00-04:00,2025-03-29T23:00:00+00:00,2025-03-30T00:00:00+00:00,MOD-00811,60,77.377,3.943,0.856,1.202,3.198,666.458,1.633,16.052,45.842
2025-03-29T20:00:00-04:00,2025-03-29T21:00:00-04:00,2025-03-30T00:00:00+00:00,2025-03-30T01:00:00+00:00,MOD-00811,60,83.688,3.405,1.592,2.517,8.033,669.502,3.365,7.961,44.941
2025-03-29T21:00:00-04:00,2025-03-29T22:00:00-04:00,2025-03-30T01:00:00+00:00,2025-03-30T02:00:00+00:00,MOD-00811,60,85.718,3.335,1.335,2.127,7.283,672.651,3.696,7.294,44.016
2025-03-29T22:00:00-04:00,2025-03-29T23:00:00-04:00,2025-03-30T02:00:00+00:00,2025-03-30T03:00:00+00:00,MOD-00811,60,85.818,3.438,1.163,1.808,6.071,671.296,3.698,7.293,43.856
2025-03-29T23:00:00-04:00,2025-03-30T00:00:00-04:00,2025-03-30T03:00:00+00:00,2025-03-30T04:00:00+00:00,MOD-00811,60,85.862,3.543,1.398,2.039,7.499,672.302,3.697,7.293,43.509
2025-03-30T00:00:00-04:00,2025-03-30T01:00:00-04:00,2025-03-30T04:00:00+00:00,2025-03-30T05:00:00+00:00,MOD-00811,60,86.117,3.66,1.592,2.92,16.282,665.816,3.705,7.292,43.617
2025-03-30T01:00:00-04:00,2025-03-30T02:00:00-04:00,2025-03-30T05:00:00+00:00,2025-03-30T06:00:00+00:00,MOD-00811,60,86.092,3.613,1.703,3.8,22.223,659.359,3.7,7.292,44.814
2025-03-30T02:00:00-04:00,2025-03-30T03:00:00-04:00,2025-03-30T06:00:00+00:00,2025-03-30T07:00:00+00:00,MOD-00811,60,85.915,3.55,1.896,4.415,26.347,657.035,3.699,7.292,45.621
2025-03-30T03:00:00-04:00,2025-03-30T04:00:00-04:00,2025-03-30T07:00:00+00:00,2025-03-30T08:00:00+00:00,MOD-00811,60,86.11,3.562,2.161,4.841,31.865,658.045,3.701,7.292,45.164
2025-03-30T04:00:00-04:00,2025-03-30T05:00:00-04:00,2025-03-30T08:00:00+00:00,2025-03-30T09:00:00+00:00,MOD-00811,60,86.747,3.642,2.492,6.148,38.504,657.529,3.736,7.29,44.008
2025-03-30T05:00:00-04:00,2025-03-30T06:00:00-04:00,2025-03-30T09:00:00+00:00,2025-03-30T10:00:00+00:00,MOD-00811,60,86.952,3.66,3.061,7.551,52.294,657.868,3.752,7.29,44.075
2025-03-30T06:00:00-04:00,2025-03-30T07:00:00-04:00,2025-03-30T10:00:00+00:00,2025-03-30T11:00:00+00:00,MOD-00811,60,86.252,3.732,2.346,6.253,62.619,655.247,3.705,7.291,43.833
2025-03-30T07:00:00-04:00,2025-03-30T08:00:00-04:00,2025-03-30T11:00:00+00:00,2025-03-30T12:00:00+00:00,MOD-00811,60,85.53,3.868,2.171,4.755,44.359,660.307,3.691,7.294,43.275
2025-03-30T08:00:00-04:00,2025-03-30T09:00:00-04:00,2025-03-30T12:00:00+00:00,2025-03-30T13:00:00+00:00,MOD-00811,60,83.562,4.375,1.982,4.338,37.263,662.094,3.243,7.365,43.242
2025-03-30T09:00:00-04:00,2025-03-30T10:00:00-04:00,2025-03-30T13:00:00+00:00,2025-03-30T14:00:00+00:00,MOD-00811,60,79.317,5.212,2.071,4.264,25.549,663.008,2.019,12.828,43.972
2025-03-30T10:00:00-04:00,2025-03-30T11:00:00-04:00,2025-03-30T14:00:00+00:00,2025-03-30T15:00:00+00:00,MOD-00811,60,75.207,6.227,2.661,4.958,22.759,660.249,1.668,17.077,44.529
2025-03-30T11:00:00-04:00,2025-03-30T12:00:00-04:00,2025-03-30T15:00:00+00:00,2025-03-30T16:00:00+00:00,MOD-00811,60,71.597,7.332,2.94,5.434,27.425,659.682,1.592,16.486,45.016
2025-03-30T12:00:00-04:00,2025-03-30T13:00:00-04:00,2025-03-30T16:00:00+00:00,2025-03-30T17:00:00+00:00,MOD-00811,60,69.788,8.12,3.252,5.94,28.197,661.386,1.519,16.735,45.46
2025-03-30T13:00:00-04:00,2025-03-30T14:00:00-04:00,2025-03-30T17:00:00+00:00,2025-03-30T18:00:00+00:00,MOD-00811,60,66.062,9.375,3.804,6.861,34.216,668.425,1.814,14.557,45.298
2025-03-30T14:00:00-04:00,2025-03-30T15:00:00-04:00,2025-03-30T18:00:00+00:00,2025-03-30T19:00:00+00:00,MOD-00811,60,64.923,9.928,4.112,7.292,36.136,667.737,1.97,15.296,45.293
2025-03-30T15:00:00-04:00,2025-03-30T16:00:00-04:00,2025-03-30T19:00:00+00:00,2025-03-30T20:00:00+00:00,MOD-00811,60,66.148,10.378,4.084,6.485,25.31,690.766,1.803,15.95,45.049
2025-03-30T16:00:00-04:00,2025-03-30T17:00:00-04:00,2025-03-30T20:00:00+00:00,2025-03-30T21:00:00+00:00,MOD-00811,60,66.667,10.922,4.644,6.856,20.915,696.389,1.903,17.347,44.598
2025-03-30T17:00:00-04:00,2025-03-30T18:00:00-04:00,2025-03-30T21:00:00+00:00,2025-03-30T22:00:00+00:00,MOD-00811,60,72.322,9.822,5.096,7.654,22.312,720.961,1.543,19.382,42.751
2025-03-30T18:00:00-04:00,2025-03-30T19:00:00-04:00,2025-03-30T22:00:00+00:00,2025-03-30T23:00:00+00:00,MOD-00811,60,75.712,9.165,4.938,7.931,27.039,717.503,1.763,19.414,42.284
2025-03-30T19:00:00-04:00,2025-03-30T20:00:00-04:00,2025-03-30T23:00:00+00:00,2025-03-31T00:00:00+00:00,MOD-00811,60,77.932,8.688,5.388,9.293,36.456,692.15,1.918,18.506,43.1
2025-03-30T20:00:00-04:00,2025-03-30T21:00:00-04:00,2025-03-31T00:00:00+00:00,2025-03-31T01:00:00+00:00,MOD-00811,60,80.548,8.26,5.231,9.354,32.721,678.841,2.078,8.703,43.044
2025-03-30T21:00:00-04:00,2025-03-30T22:00:00-04:00,2025-03-31T01:00:00+00:00,2025-03-31T02:00:00+00:00,MOD-00811,60,82.148,8.148,5.706,10.926,73.204,709.624,2.229,18.631,35.599
2025-03-30T22:00:00-04:00,2025-03-30T23:00:00-04:00,2025-03-31T02:00:00+00:00,2025-03-31T03:00:00+00:00,MOD-00811,60,83.992,7.89,6.124,12.433,77.944,692.937,2.321,10.632,39.268
2025-03-30T23:00:00-04:00,2025-03-31T00:00:00-04:00,2025-03-31T03:00:00+00:00,2025-03-31T04:00:00+00:00,MOD-00811,60,85.082,7.7,6.229,10.859,72.712,691.875,2.33,9.681,38.245
2025-03-31T00:00:00-04:00,2025-03-31T01:00:00-04:00,2025-03-31T04:00:00+00:00,2025-03-31T05:00:00+00:00,MOD-00811,60,86.162,7.677,5.791,11.033,81.321,707.141,2.481,8.246,38.21
2025-03-31T01:00:00-04:00,2025-03-31T02:00:00-04:00,2025-03-31T05:00:00+00:00,2025-03-31T06:00:00+00:00,MOD-00811,60,87.68,7.55,4.496,8.392,77.114,687.323,2.519,8.119,38.765
2025-03-31T02:00:00-04:00,2025-03-31T03:00:00-04:00,2025-03-31T06:00:00+00:00,2025-03-31T07:00:00+00:00,MOD-00811,60,89.137,7.475,2.813,4.071,75.464,682.664,2.752,7.888,37.98
2025-03-31T03:00:00-04:00,2025-03-31T04:00:00-04:00,2025-03-31T07:00:00+00:00,2025-03-31T08:00:00+00:00,MOD-00811,60,89.915,7.462,2.651,3.658,203.741,695.445,2.914,7.565,37.488
2025-03-31T04:00:00-04:00,2025-03-31T05:00:00-04:00,2025-03-31T08:00:00+00:00,2025-03-31T09:00:00+00:00,MOD-00811,60,90.227,7.713,3.24,4.964,357.128,696.912,3.03,7.368,35.207
2025-03-31T05:00:00-04:00,2025-03-31T06:00:00-04:00,2025-03-31T09:00:00+00:00,2025-03-31T10:00:00+00:00,MOD-00811,60,91.353,8.125,4.066,9.272,904.636,731.422,3.318,7.504,34.67
2025-03-31T06:00:00-04:00,2025-03-31T07:00:00-04:00,2025-03-31T10:00:00+00:00,2025-03-31T11:00:00+00:00,MOD-00811,60,92.488,9.387,4.032,8.357,108.846,720.572,3.743,10.608,34.777
2025-03-31T07:00:00-04:00,2025-03-31T08:00:00-04:00,2025-03-31T11:00:00+00:00,2025-03-31T12:00:00+00:00,MOD-00811,60,91.315,11.522,3.943,15.899,163.26,792.744,3.752,14.369,32.834
2025-03-31T08:00:00-04:00,2025-03-31T09:00:00-04:00,2025-03-31T12:00:00+00:00,2025-03-31T13:00:00+00:00,MOD-00811,60,86.152,13.215,4.576,17.804,112.365,746.843,3.161,19.879,33.905
2025-03-31T09:00:00-04:00,2025-03-31T10:00:00-04:00,2025-03-31T13:00:00+00:00,2025-03-31T14:00:00+00:00,MOD-00811,60,84.13,14.438,4.82,19.514,105.478,714.624,2.635,18.886,35.455
2025-03-31T10:00:00-04:00,2025-03-31T11:00:00-04:00,2025-03-31T14:00:00+00:00,2025-03-31T15:00:00+00:00,MOD-00811,60,81.865,15.542,4.64,16.401,68.973,705.088,2.275,10.71,35.356
2025-03-31T11:00:00-04:00,2025-03-31T12:00:00-04:00,2025-03-31T15:00:00+00:00,2025-03-31T16:00:00+00:00,MOD-00811,60,78.493,16.49,4.512,9.178,20.74,685.483,1.808,13.699,35.02
2025-03-31T12:00:00-04:00,2025-03-31T13:00:00-04:00,2025-03-31T16:00:00+00:00,2025-03-31T17:00:00+00:00,MOD-00811,60,76.602,16.572,4.192,6.198,11.624,680.292,1.796,10.809,35.982
2025-03-31T13:00:00-04:00,2025-03-31T14:00:00-04:00,2025-03-31T17:00:00+00:00,2025-03-31T18:00:00+00:00,MOD-00811,60,79.898,15.572,3.755,5.181,10.749,694.092,1.922,12.846,35.621
2025-03-31T14:00:00-04:00,2025-03-31T15:00:00-04:00,2025-03-31T18:00:00+00:00,2025-03-31T19:00:00+00:00,MOD-00811,60,80.227,15.665,3.971,5.333,12.585,709.552,1.905,13.743,35.439
2025-03-31T15:00:00-04:00,2025-03-31T16:00:00-04:00,2025-03-31T19:00:00+00:00,2025-03-31T20:00:00+00:00,MOD-00811,60,78.18,16.22,3.556,4.852,12.114,705.974,1.736,12.035,36.82
2025-03-31T16:00:00-04:00,2025-03-31T17:00:00-04:00,2025-03-31T20:00:00+00:00,2025-03-31T21:00:00+00:00,MOD-00811,60,78.057,16.592,3.787,5.172,12.215,710.753,1.755,12.738,34.694
2025-03-31T17:00:00-04:00,2025-03-31T18:00:00-04:00,2025-03-31T21:00:00+00:00,2025-03-31T22:00:00+00:00,MOD-00811,60,78.4,16.883,4.035,5.569,11.145,686.152,1.76,12.727,35.261
2025-03-31T18:00:00-04:00,2025-03-31T19:00:00-04:00,2025-03-31T22:00:00+00:00,2025-03-31T23:00:00+00:00,MOD-00811,60,81.06,16.358,3.803,5.161,9.424,683.046,1.849,12.773,34.705
2025-03-31T19:00:00-04:00,2025-03-31T20:00:00-04:00,2025-03-31T23:00:00+00:00,2025-04-01T00:00:00+00:00,MOD-00811,60,82.538,15.378,3.787,4.975,9.522,674.165,2.378,9.896,33.667
2025-03-31T20:00:00-04:00,2025-03-31T21:00:00-04:00,2025-04-01T00:00:00+00:00,2025-04-01T01:00:00+00:00,MOD-00811,60,83.547,14.0,3.413,4.489,8.021,651.504,2.606,14.57,34.032
2025-03-31T21:00:00-04:00,2025-03-31T22:00:00-04:00,2025-04-01T01:00:00+00:00,2025-04-01T02:00:00+00:00,MOD-00811,60,86.513,12.28,2.056,2.981,21.572,625.791,2.951,15.029,36.214
2025-03-31T22:00:00-04:00,2025-03-31T23:00:00-04:00,2025-04-01T02:00:00+00:00,2025-04-01T03:00:00+00:00,MOD-00811,60,89.563,13.863,1.415,2.587,8.352,658.366,3.154,11.946,32.968
2025-03-31T23:00:00-04:00,2025-04-01T00:00:00-04:00,2025-04-01T03:00:00+00:00,2025-04-01T04:00:00+00:00,MOD-00811,60,84.645,12.622,1.203,2.406,262.4,611.962,2.772,13.121,36.925
2025-04-01T00:00:00-04:00,2025-04-01T01:00:00-04:00,2025-04-01T04:00:00+00:00,2025-04-01T05:00:00+00:00,MOD-00811,60,91.612,12.17,0.62,1.403,98.334,649.029,3.562,11.262,35.146
2025-04-01T01:00:00-04:00,2025-04-01T02:00:00-04:00,2025-04-01T05:00:00+00:00,2025-04-01T06:00:00+00:00,MOD-00811,60,89.528,13.798,0.243,0.554,7.88,677.806,3.318,11.051,33.351
2025-04-01T02:00:00-04:00,2025-04-01T03:00:00-04:00,2025-04-01T06:00:00+00:00,2025-04-01T07:00:00+00:00,MOD-00811,60,87.945,13.48,1.567,2.26,8.059,680.968,3.359,14.894,26.68
2025-04-01T03:00:00-04:00,2025-04-01T04:00:00-04:00,2025-04-01T07:00:00+00:00,2025-04-01T08:00:00+00:00,MOD-00811,60,86.803,12.413,1.203,2.223,49.341,630.443,3.208,13.111,31.496
2025-04-01T04:00:00-04:00,2025-04-01T05:00:00-04:00,2025-04-01T08:00:00+00:00,2025-04-01T09:00:00+00:00,MOD-00811,60,88.678,11.74,1.716,3.045,17.307,728.473,3.398,14.503,28.711
2025-04-01T05:00:00-04:00,2025-04-01T06:00:00-04:00,2025-04-01T09:00:00+00:00,2025-04-01T10:00:00+00:00,MOD-00811,60,77.16,11.967,1.636,2.051,4.651,703.53,2.002,11.782,32.406
2025-04-01T06:00:00-04:00,2025-04-01T07:00:00-04:00,2025-04-01T10:00:00+00:00,2025-04-01T11:00:00+00:00,MOD-00811,60,71.732,10.812,1.911,2.143,3.079,724.057,1.562,12.418,32.524
2025-04-01T07:00:00-04:00,2025-04-01T08:00:00-04:00,2025-04-01T11:00:00+00:00,2025-04-01T12:00:00+00:00,MOD-00811,60,67.193,9.893,1.475,1.622,2.422,737.488,1.685,13.039,33.868
2025-04-01T08:00:00-04:00,2025-04-01T09:00:00-04:00,2025-04-01T12:00:00+00:00,2025-04-01T13:00:00+00:00,MOD-00811,60,68.37,8.842,1.483,1.698,2.855,761.53,1.581,16.218,33.925
2025-04-01T09:00:00-04:00,2025-04-01T10:00:00-04:00,2025-04-01T13:00:00+00:00,2025-04-01T14:00:00+00:00,MOD-00811,60,61.287,9.733,1.602,1.766,3.559,752.505,1.912,15.244,36.024
2025-04-01T10:00:00-04:00,2025-04-01T11:00:00-04:00,2025-04-01T14:00:00+00:00,2025-04-01T15:00:00+00:00,MOD-00811,60,51.442,11.055,1.41,1.587,4.252,715.849,1.566,13.397,38.785
2025-04-01T11:00:00-04:00,2025-04-01T12:00:00-04:00,2025-04-01T15:00:00+00:00,2025-04-01T16:00:00+00:00,MOD-00811,60,41.365,12.73,2.263,2.512,6.377,706.997,2.738,12.363,42.342
2025-04-01T12:00:00-04:00,2025-04-01T13:00:00-04:00,2025-04-01T16:00:00+00:00,2025-04-01T17:00:00+00:00,MOD-00811,60,35.787,13.297,2.353,2.565,5.867,699.659,2.785,9.46,44.692
2025-04-01T13:00:00-04:00,2025-04-01T14:00:00-04:00,2025-04-01T17:00:00+00:00,2025-04-01T18:00:00+00:00,MOD-00811,60,33.105,14.167,2.29,2.512,6.483,698.096,2.464,7.458,45.702
2025-04-01T14:00:00-04:00,2025-04-01T15:00:00-04:00,2025-04-01T18:00:00+00:00,2025-04-01T19:00:00+00:00,MOD-00811,60,30.743,14.708,2.101,2.359,7.03,711.291,2.462,8.569,47.369
2025-04-01T15:00:00-04:00,2025-04-01T16:00:00-04:00,2025-04-01T19:00:00+00:00,2025-04-01T20:00:00+00:00,MOD-00811,60,28.185,14.637,1.828,1.95,5.256,726.947,2.74,12.397,49.177
2025-04-01T16:00:00-04:00,2025-04-01T17:00:00-04:00,2025-04-01T20:00:00+00:00,2025-04-01T21:00:00+00:00,MOD-00811,60,25.662,14.7,1.691,1.863,3.381,728.684,2.65,16.541,50.805
2025-04-01T17:00:00-04:00,2025-04-01T18:00:00-04:00,2025-04-01T21:00:00+00:00,2025-04-01T22:00:00+00:00,MOD-00811,60,24.923,14.668,1.352,1.469,3.159,714.471,2.666,15.049,51.625
2025-04-01T18:00:00-04:00,2025-04-01T19:00:00-04:00,2025-04-01T22:00:00+00:00,2025-04-01T23:00:00+00:00,MOD-00811,60,26.488,13.572,1.188,1.335,3.646,737.504,2.626,11.01,50.717
2025-04-01T19:00:00-04:00,2025-04-01T20:00:00-04:00,2025-04-01T23:00:00+00:00,2025-04-02T00:00:00+00:00,MOD-00811,60,26.887,11.353,1.298,1.45,2.152,755.38,2.575,4.88,50.877
2025-04-01T20:00:00-04:00,2025-04-01T21:00:00-04:00,2025-04-02T00:00:00+00:00,2025-04-02T01:00:00+00:00,MOD-00811,60,27.1,9.717,1.212,1.385,2.69,743.725,2.043,8.626,51.099
2025-04-01T21:00:00-04:00,2025-04-01T22:00:00-04:00,2025-04-02T01:00:00+00:00,2025-04-02T02:00:00+00:00,MOD-00811,60,26.89,8.723,1.323,1.483,3.223,746.832,2.071,10.011,50.714
2025-04-01T22:00:00-04:00,2025-04-01T23:00:00-04:00,2025-04-02T02:00:00+00:00,2025-04-02T03:00:00+00:00,MOD-00811,60,26.248,7.788,1.58,1.738,2.483,757.561,2.057,10.231,50.141
2025-04-01T23:00:00-04:00,2025-04-02T00:00:00-04:00,2025-04-02T03:00:00+00:00,2025-04-02T04:00:00+00:00,MOD-00811,60,29.41,6.773,1.892,2.574,15.976,769.422,2.2,13.619,47.795
2025-04-02T00:00:00-04:00,2025-04-02T01:00:00-04:00,2025-04-02T04:00:00+00:00,2025-04-02T05:00:00+00:00,MOD-00811,60,35.055,5.502,2.102,2.352,4.214,728.703,2.134,17.071,48.759
2025-04-02T01:00:00-04:00,2025-04-02T02:00:00-04:00,2025-04-02T05:00:00+00:00,2025-04-02T06:00:00+00:00,MOD-00811,60,37.423,4.248,2.066,2.276,4.022,716.274,1.955,13.988,49.221
2025-04-02T02:00:00-04:00,2025-04-02T03:00:00-04:00,2025-04-02T06:00:00+00:00,2025-04-02T07:00:00+00:00,MOD-00811,60,39.473,3.092,2.385,2.707,6.874,711.668,2.002,14.261,49.037
2025-04-02T03:00:00-04:00,2025-04-02T04:00:00-04:00,2025-04-02T07:00:00+00:00,2025-04-02T08:00:00+00:00,MOD-00811,60,40.643,2.317,2.651,3.181,10.942,712.627,1.981,13.945,47.684
2025-04-02T04:00:00-04:00,2025-04-02T05:00:00-04:00,2025-04-02T08:00:00+00:00,2025-04-02T09:00:00+00:00,MOD-00811,60,40.765,1.628,2.588,3.188,10.701,709.957,1.722,15.653,47.078
2025-04-02T05:00:00-04:00,2025-04-02T06:00:00-04:00,2025-04-02T09:00:00+00:00,2025-04-02T10:00:00+00:00,MOD-00811,60,41.115,1.058,2.208,3.013,16.095,713.602,1.649,19.24,46.222
2025-04-02T06:00:00-04:00,2025-04-02T07:00:00-04:00,2025-04-02T10:00:00+00:00,2025-04-02T11:00:00+00:00,MOD-00811,60,41.585,0.695,2.671,3.358,13.23,728.476,1.762,22.428,41.769
2025-04-02T07:00:00-04:00,2025-04-02T08:00:00-04:00,2025-04-02T11:00:00+00:00,2025-04-02T12:00:00+00:00,MOD-00811,60,37.08,2.14,2.525,3.159,11.762,735.075,2.046,19.699,42.93
2025-04-02T08:00:00-04:00,2025-04-02T09:00:00-04:00,2025-04-02T12:00:00+00:00,2025-04-02T13:00:00+00:00,MOD-00811,60,33.845,3.812,2.546,3.288,18.21,724.419,2.499,18.964,44.469
2025-04-02T09:00:00-04:00,2025-04-02T10:00:00-04:00,2025-04-02T13:00:00+00:00,2025-04-02T14:00:00+00:00,MOD-00811,60,29.702,5.797,2.563,3.102,10.162,720.884,2.52,15.383,45.642
2025-04-02T10:00:00-04:00,2025-04-02T11:00:00-04:00,2025-04-02T14:00:00+00:00,2025-04-02T15:00:00+00:00,MOD-00811,60,24.84,9.068,2.583,3.275,16.116,736.208,2.383,10.564,45.933
2025-04-02T11:00:00-04:00,2025-04-02T12:00:00-04:00,2025-04-02T15:00:00+00:00,2025-04-02T16:00:00+00:00,MOD-00811,60,21.018,12.462,2.494,3.046,10.487,720.698,2.162,6.975,49.771
2025-04-02T12:00:00-04:00,2025-04-02T13:00:00-04:00,2025-04-02T16:00:00+00:00,2025-04-02T17:00:00+00:00,MOD-00811,60,21.505,13.258,2.525,3.01,8.58,739.987,2.321,9.328,49.553
2025-04-02T13:00:00-04:00,2025-04-02T14:00:00-04:00,2025-04-02T17:00:00+00:00,2025-04-02T18:00:00+00:00,MOD-00811,60,20.375,14.825,2.579,3.003,7.022,710.577,1.973,12.359,52.686
2025-04-02T14:00:00-04:00,2025-04-02T15:00:00-04:00,2025-04-02T18:00:00+00:00,2025-04-02T19:00:00+00:00,MOD-00811,60,23.69,14.4,2.8,3.314,6.831,700.327,2.44,11.543,53.83
2025-04-02T15:00:00-04:00,2025-04-02T16:00:00-04:00,2025-04-02T19:00:00+00:00,2025-04-02T20:00:00+00:00,MOD-00811,60,30.492,13.2,2.343,3.116,9.348,734.082,2.412,13.616,53.787
2025-04-02T16:00:00-04:00,2025-04-02T17:00:00-04:00,2025-04-02T20:00:00+00:00,2025-04-02T21:00:00+00:00,MOD-00811,60,40.218,10.158,2.274,3.482,11.973,753.106,2.16,15.275,52.303
2025-04-02T17:00:00-04:00,2025-04-02T18:00:00-04:00,2025-04-02T21:00:00+00:00,2025-04-02T22:00:00+00:00,MOD-00811,60,50.103,7.673,2.579,4.309,20.768,740.311,1.853,20.296,51.156
2025-04-02T18:00:00-04:00,2025-04-02T19:00:00-04:00,2025-04-02T22:00:00+00:00,2025-04-02T23:00:00+00:00,MOD-00811,60,55.628,6.167,2.307,4.197,23.672,728.166,2.256,20.687,50.587
2025-04-02T19:00:00-04:00,2025-04-02T20:00:00-04:00,2025-04-02T23:00:00+00:00,2025-04-03T00:00:00+00:00,MOD-00811,60,59.552,5.607,2.104,4.349,28.47,720.574,2.508,20.261,49.87
2025-04-02T20:00:00-04:00,2025-04-02T21:00:00-04:00,2025-04-03T00:00:00+00:00,2025-04-03T01:00:00+00:00,MOD-00811,60,60.387,5.36,1.933,4.226,31.4,711.32,2.525,19.604,49.733
2025-04-02T21:00:00-04:00,2025-04-02T22:00:00-04:00,2025-04-03T01:00:00+00:00,2025-04-03T02:00:00+00:00,MOD-00811,60,60.31,5.432,1.438,3.715,26.791,697.501,2.538,18.911,50.895
2025-04-02T22:00:00-04:00,2025-04-02T23:00:00-04:00,2025-04-03T02:00:00+00:00,2025-04-03T03:00:00+00:00,MOD-00811,60,64.73,5.438,1.482,4.272,32.798,687.788,2.041,16.724,49.085
2025-04-02T23:00:00-04:00,2025-04-03T00:00:00-04:00,2025-04-03T03:00:00+00:00,2025-04-03T04:00:00+00:00,MOD-00811,60,74.065,4.78,1.67,4.913,37.652,682.104,1.581,19.367,48.165
2025-04-03T00:00:00-04:00,2025-04-03T01:00:00-04:00,2025-04-03T04:00:00+00:00,2025-04-03T05:00:00+00:00,MOD-00811,60,79.482,4.435,1.682,5.198,30.375,682.708,1.922,19.783,45.899
2025-04-03T01:00:00-04:00,2025-04-03T02:00:00-04:00,2025-04-03T05:00:00+00:00,2025-04-03T06:00:00+00:00,MOD-00811,60,82.078,4.488,1.584,5.216,30.011,684.384,2.738,16.203,44.828
2025-04-03T02:00:00-04:00,2025-04-03T03:00:00-04:00,2025-04-03T06:00:00+00:00,2025-04-03T07:00:00+00:00,MOD-00811,60,84.648,4.475,1.609,5.857,30.147,678.466,3.308,7.363,46.054
2025-04-03T03:00:00-04:00,2025-04-03T04:00:00-04:00,2025-04-03T07:00:00+00:00,2025-04-03T08:00:00+00:00,MOD-00811,60,83.327,5.007,1.578,6.549,53.305,678.645,2.898,13.965,45.845
2025-04-03T04:00:00-04:00,2025-04-03T05:00:00-04:00,2025-04-03T08:00:00+00:00,2025-04-03T09:00:00+00:00,MOD-00811,60,79.192,5.842,1.895,7.276,56.359,673.239,1.904,17.763,48.31
2025-04-03T05:00:00-04:00,2025-04-03T06:00:00-04:00,2025-04-03T09:00:00+00:00,2025-04-03T10:00:00+00:00,MOD-00811,60,80.178,6.283,1.97,8.448,66.257,676.991,2.014,15.058,47.711
2025-04-03T06:00:00-04:00,2025-04-03T07:00:00-04:00,2025-04-03T10:00:00+00:00,2025-04-03T11:00:00+00:00,MOD-00811,60,86.328,6.4,2.182,10.416,76.461,724.186,2.651,13.42,46.054
2025-04-03T07:00:00-04:00,2025-04-03T08:00:00-04:00,2025-04-03T11:00:00+00:00,2025-04-03T12:00:00+00:00,MOD-00811,60,87.842,7.208,2.286,11.973,77.175,751.857,2.7,9.335,43.903
2025-04-03T08:00:00-04:00,2025-04-03T09:00:00-04:00,2025-04-03T12:00:00+00:00,2025-04-03T13:00:00+00:00,MOD-00811,60,88.165,8.023,2.757,14.995,90.226,728.759,2.58,7.578,43.975
2025-04-03T09:00:00-04:00,2025-04-03T10:00:00-04:00,2025-04-03T13:00:00+00:00,2025-04-03T14:00:00+00:00,MOD-00811,60,88.638,8.832,2.649,12.902,52.475,714.764,2.731,7.919,45.081
2025-04-03T10:00:00-04:00,2025-04-03T11:00:00-04:00,2025-04-03T14:00:00+00:00,2025-04-03T15:00:00+00:00,MOD-00811,60,89.828,9.7,2.769,12.51,42.114,777.445,3.513,13.298,40.558
2025-04-03T11:00:00-04:00,2025-04-03T12:00:00-04:00,2025-04-03T15:00:00+00:00,2025-04-03T16:00:00+00:00,MOD-00811,60,89.39,11.698,1.727,5.598,22.403,757.513,3.577,16.132,38.806
2025-04-03T12:00:00-04:00,2025-04-03T13:00:00-04:00,2025-04-03T16:00:00+00:00,2025-04-03T17:00:00+00:00,MOD-00811,60,87.643,13.462,2.745,8.468,34.107,739.79,3.305,16.905,38.722
2025-04-03T13:00:00-04:00,2025-04-03T14:00:00-04:00,2025-04-03T17:00:00+00:00,2025-04-03T18:00:00+00:00,MOD-00811,60,83.18,15.825,3.051,6.633,15.693,718.431,2.43,8.527,37.5
2025-04-03T14:00:00-04:00,2025-04-03T15:00:00-04:00,2025-04-03T18:00:00+00:00,2025-04-03T19:00:00+00:00,MOD-00811,60,81.612,16.485,4.73,9.463,20.235,724.875,1.991,12.623,35.277
2025-04-03T15:00:00-04:00,2025-04-03T16:00:00-04:00,2025-04-03T19:00:00+00:00,2025-04-03T20:00:00+00:00,MOD-00811,60,81.173,17.268,5.297,7.921,12.449,749.144,1.813,17.935,33.46
2025-04-03T16:00:00-04:00,2025-04-03T17:00:00-04:00,2025-04-03T20:00:00+00:00,2025-04-03T21:00:00+00:00,MOD-00811,60,78.618,18.293,6.231,7.959,11.883,729.192,1.601,14.927,32.861
2025-04-03T17:00:00-04:00,2025-04-03T18:00:00-04:00,2025-04-03T21:00:00+00:00,2025-04-03T22:00:00+00:00,MOD-00811,60,79.342,18.138,6.517,7.848,10.712,715.752,1.644,17.006,32.752
2025-04-03T18:00:00-04:00,2025-04-03T19:00:00-04:00,2025-04-03T22:00:00+00:00,2025-04-03T23:00:00+00:00,MOD-00811,60,81.823,17.822,7.151,8.676,12.21,709.07,1.698,19.639,30.631
2025-04-03T19:00:00-04:00,2025-04-03T20:00:00-04:00,2025-04-03T23:00:00+00:00,2025-04-04T00:00:00+00:00,MOD-00811,60,83.172,17.07,7.382,9.235,14.651,725.884,2.093,13.662,29.871
2025-04-03T20:00:00-04:00,2025-04-03T21:00:00-04:00,2025-04-04T00:00:00+00:00,2025-04-04T01:00:00+00:00,MOD-00811,60,82.305,16.59,7.906,10.063,16.34,699.667,2.165,11.773,28.535
2025-04-03T21:00:00-04:00,2025-04-03T22:00:00-04:00,2025-04-04T01:00:00+00:00,2025-04-04T02:00:00+00:00,MOD-00811,60,85.358,15.61,7.623,10.203,17.816,717.008,2.748,10.262,27.622
2025-04-03T22:00:00-04:00,2025-04-03T23:00:00-04:00,2025-04-04T02:00:00+00:00,2025-04-04T03:00:00+00:00,MOD-00811,60,86.76,15.067,7.255,10.404,22.656,683.18,2.94,11.311,26.995
2025-04-03T23:00:00-04:00,2025-04-04T00:00:00-04:00,2025-04-04T03:00:00+00:00,2025-04-04T04:00:00+00:00,MOD-00811,60,88.15,14.46,7.31,10.942,27.91,675.333,3.151,11.44,24.209
2025-04-04T00:00:00-04:00,2025-04-04T01:00:00-04:00,2025-04-04T04:00:00+00:00,2025-04-04T05:00:00+00:00,MOD-00811,60,87.647,14.273,7.144,10.772,24.205,675.222,3.099,11.497,23.121
2025-04-04T01:00:00-04:00,2025-04-04T02:00:00-04:00,2025-04-04T05:00:00+00:00,2025-04-04T06:00:00+00:00,MOD-00811,60,86.85,14.212,7.435,10.505,22.387,702.773,3.089,11.925,21.851
2025-04-04T02:00:00-04:00,2025-04-04T03:00:00-04:00,2025-04-04T06:00:00+00:00,2025-04-04T07:00:00+00:00,MOD-00811,60,87.783,14.178,7.41,10.962,24.533,709.813,3.175,12.77,18.848
2025-04-04T03:00:00-04:00,2025-04-04T04:00:00-04:00,2025-04-04T07:00:00+00:00,2025-04-04T08:00:00+00:00,MOD-00811,60,85.927,13.702,7.183,10.31,18.447,678.672,3.045,15.415,23.563
2025-04-04T04:00:00-04:00,2025-04-04T05:00:00-04:00,2025-04-04T08:00:00+00:00,2025-04-04T09:00:00+00:00,MOD-00811,60,84.778,13.39,7.425,9.626,16.217,696.967,2.766,19.103,20.416
2025-04-04T05:00:00-04:00,2025-04-04T06:00:00-04:00,2025-04-04T09:00:00+00:00,2025-04-04T10:00:00+00:00,MOD-00811,60,73.702,15.043,5.144,6.865,13.616,864.52,3.718,18.452,20.073
2025-04-04T06:00:00-04:00,2025-04-04T07:00:00-04:00,2025-04-04T10:00:00+00:00,2025-04-04T11:00:00+00:00,MOD-00811,60,48.693,17.493,1.676,2.446,11.814,765.248,2.576,8.643,35.59
2025-04-04T07:00:00-04:00,2025-04-04T08:00:00-04:00,2025-04-04T11:00:00+00:00,2025-04-04T12:00:00+00:00,MOD-00811,60,43.62,18.02,1.997,2.76,8.531,767.592,2.091,13.063,35.806
2025-04-04T08:00:00-04:00,2025-04-04T09:00:00-04:00,2025-04-04T12:00:00+00:00,2025-04-04T13:00:00+00:00,MOD-00811,60,42.943,18.035,2.373,3.021,9.641,753.947,2.583,12.721,38.964
2025-04-04T09:00:00-04:00,2025-04-04T10:00:00-04:00,2025-04-04T13:00:00+00:00,2025-04-04T14:00:00+00:00,MOD-00811,60,43.203,18.04,2.831,3.381,8.417,739.099,2.017,13.495,40.672
2025-04-04T10:00:00-04:00,2025-04-04T11:00:00-04:00,2025-04-04T14:00:00+00:00,2025-04-04T15:00:00+00:00,MOD-00811,60,40.757,18.777,2.242,2.672,8.341,725.841,2.087,7.125,43.349
2025-04-04T11:00:00-04:00,2025-04-04T12:00:00-04:00,2025-04-04T15:00:00+00:00,2025-04-04T16:00:00+00:00,MOD-00811,60,35.883,19.663,1.891,2.178,5.385,713.77,2.681,7.358,45.411
2025-04-04T12:00:00-04:00,2025-04-04T13:00:00-04:00,2025-04-04T16:00:00+00:00,2025-04-04T17:00:00+00:00,MOD-00811,60,31.748,21.212,1.635,1.838,3.528,704.304,2.337,7.314,46.8
2025-04-04T13:00:00-04:00,2025-04-04T14:00:00-04:00,2025-04-04T17:00:00+00:00,2025-04-04T18:00:00+00:00,MOD-00811,60,27.625,22.172,1.451,1.651,5.167,701.598,1.994,8.216,47.994
2025-04-04T14:00:00-04:00,2025-04-04T15:00:00-04:00,2025-04-04T18:00:00+00:00,2025-04-04T19:00:00+00:00,MOD-00811,60,23.142,22.867,1.23,1.371,3.591,699.285,2.154,7.116,49.805
2025-04-04T15:00:00-04:00,2025-04-04T16:00:00-04:00,2025-04-04T19:00:00+00:00,2025-04-04T20:00:00+00:00,MOD-00811,60,20.605,22.397,1.057,1.279,3.726,708.181,2.177,7.831,51.681
2025-04-04T16:00:00-04:00,2025-04-04T17:00:00-04:00,2025-04-04T20:00:00+00:00,2025-04-04T21:00:00+00:00,MOD-00811,60,21.578,22.137,1.267,1.506,3.568,727.803,2.083,8.813,52.091
2025-04-04T17:00:00-04:00,2025-04-04T18:00:00-04:00,2025-04-04T21:00:00+00:00,2025-04-04T22:00:00+00:00,MOD-00811,60,23.052,21.578,1.116,1.372,5.245,735.938,1.882,11.858,51.959
2025-04-04T18:00:00-04:00,2025-04-04T19:00:00-04:00,2025-04-04T22:00:00+00:00,2025-04-04T23:00:00+00:00,MOD-00811,60,24.753,20.322,1.186,1.445,4.951,787.546,1.789,16.342,50.978
2025-04-04T19:00:00-04:00,2025-04-04T20:00:00-04:00,2025-04-04T23:00:00+00:00,2025-04-05T00:00:00+00:00,MOD-00811,60,26.908,18.915,1.401,1.668,5.152,859.299,2.408,21.85,49.134
2025-04-04T20:00:00-04:00,2025-04-04T21:00:00-04:00,2025-04-05T00:00:00+00:00,2025-04-05T01:00:00+00:00,MOD-00811,60,26.39,17.748,1.861,2.06,3.131,764.23,2.55,20.82,51.476
2025-04-04T21:00:00-04:00,2025-04-04T22:00:00-04:00,2025-04-05T01:00:00+00:00,2025-04-05T02:00:00+00:00,MOD-00811,60,43.213,16.093,4.338,4.641,6.935,769.188,2.162,15.21,47.027
2025-04-04T22:00:00-04:00,2025-04-04T23:00:00-04:00,2025-04-05T02:00:00+00:00,2025-04-05T03:00:00+00:00,MOD-00811,60,57.15,13.85,6.232,6.571,8.536,813.704,1.622,16.524,43.373
2025-04-04T23:00:00-04:00,2025-04-05T00:00:00-04:00,2025-04-05T03:00:00+00:00,2025-04-05T04:00:00+00:00,MOD-00811,60,50.083,12.452,4.466,4.73,7.502,783.976,1.803,20.028,43.961
2025-04-05T00:00:00-04:00,2025-04-05T01:00:00-04:00,2025-04-05T04:00:00+00:00,2025-04-05T05:00:00+00:00,MOD-00811,60,60.03,10.88,7.168,7.585,12.397,798.539,1.872,20.698,39.796
2025-04-05T01:00:00-04:00,2025-04-05T02:00:00-04:00,2025-04-05T05:00:00+00:00,2025-04-05T06:00:00+00:00,MOD-00811,60,44.057,10.455,2.018,2.161,3.932,736.901,1.959,11.781,46.551
2025-04-05T02:00:00-04:00,2025-04-05T03:00:00-04:00,2025-04-05T06:00:00+00:00,2025-04-05T07:00:00+00:00,MOD-00811,60,50.063,9.232,2.211,2.419,4.866,743.677,1.814,15.079,43.907
2025-04-05T03:00:00-04:00,2025-04-05T04:00:00-04:00,2025-04-05T07:00:00+00:00,2025-04-05T08:00:00+00:00,MOD-00811,60,61.313,8.053,4.165,4.618,14.15,750.536,2.776,20.59,38.731
2025-04-05T04:00:00-04:00,2025-04-05T05:00:00-04:00,2025-04-05T08:00:00+00:00,2025-04-05T09:00:00+00:00,MOD-00811,60,59.862,8.253,3.991,4.312,7.275,744.222,2.668,16.72,41.631
2025-04-05T05:00:00-04:00,2025-04-05T06:00:00-04:00,2025-04-05T09:00:00+00:00,2025-04-05T10:00:00+00:00,MOD-00811,60,54.533,8.798,2.336,2.908,9.194,720.817,1.684,12.944,44.641
2025-04-05T06:00:00-04:00,2025-04-05T07:00:00-04:00,2025-04-05T10:00:00+00:00,2025-04-05T11:00:00+00:00,MOD-00811,60,55.813,8.735,2.25,2.82,6.627,726.626,2.03,13.681,42.74
2025-04-05T07:00:00-04:00,2025-04-05T08:00:00-04:00,2025-04-05T11:00:00+00:00,2025-04-05T12:00:00+00:00,MOD-00811,60,55.502,8.845,2.368,3.393,17.554,711.128,1.871,12.856,41.34
2025-04-05T08:00:00-04:00,2025-04-05T09:00:00-04:00,2025-04-05T12:00:00+00:00,2025-04-05T13:00:00+00:00,MOD-00811,60,52.007,9.312,1.883,2.623,13.124,700.957,1.578,13.877,45.073
2025-04-05T09:00:00-04:00,2025-04-05T10:00:00-04:00,2025-04-05T13:00:00+00:00,2025-04-05T14:00:00+00:00,MOD-00811,60,50.5,9.637,1.482,2.093,11.028,692.806,1.588,15.404,46.471
2025-04-05T10:00:00-04:00,2025-04-05T11:00:00-04:00,2025-04-05T14:00:00+00:00,2025-04-05T15:00:00+00:00,MOD-00811,60,48.793,10.43,1.316,1.79,5.657,702.893,1.511,13.98,47.203
2025-04-05T11:00:00-04:00,2025-04-05T12:00:00-04:00,2025-04-05T15:00:00+00:00,2025-04-05T16:00:00+00:00,MOD-00811,60,49.297,10.275,1.36,1.94,6.053,710.298,1.521,15.377,47.204
2025-04-05T12:00:00-04:00,2025-04-05T13:00:00-04:00,2025-04-05T16:00:00+00:00,2025-04-05T17:00:00+00:00,MOD-00811,60,51.287,10.092,1.468,2.576,9.074,749.395,1.57,14.146,48.484
2025-04-05T13:00:00-04:00,2025-04-05T14:00:00-04:00,2025-04-05T17:00:00+00:00,2025-04-05T18:00:00+00:00,MOD-00811,60,56.972,8.705,1.503,2.755,10.35,692.103,2.236,15.644,48.144
2025-04-05T14:00:00-04:00,2025-04-05T15:00:00-04:00,2025-04-05T18:00:00+00:00,2025-04-05T19:00:00+00:00,MOD-00811,60,69.275,7.95,1.876,4.488,23.51,698.595,1.815,18.281,46.985
2025-04-05T15:00:00-04:00,2025-04-05T16:00:00-04:00,2025-04-05T19:00:00+00:00,2025-04-05T20:00:00+00:00,MOD-00811,60,75.9,7.245,1.632,4.986,24.645,699.745,1.763,19.1,46.475
2025-04-05T16:00:00-04:00,2025-04-05T17:00:00-04:00,2025-04-05T20:00:00+00:00,2025-04-05T21:00:00+00:00,MOD-00811,60,74.755,7.18,1.899,5.538,19.994,690.643,1.655,17.801,46.432
2025-04-05T17:00:00-04:00,2025-04-05T18:00:00-04:00,2025-04-05T21:00:00+00:00,2025-04-05T22:00:00+00:00,MOD-00811,60,77.992,6.688,2.027,6.09,21.987,692.616,1.853,16.438,45.754
2025-04-05T18:00:00-04:00,2025-04-05T19:00:00-04:00,2025-04-05T22:00:00+00:00,2025-04-05T23:00:00+00:00,MOD-00811,60,79.575,6.293,2.362,6.513,22.685,686.105,1.953,15.133,43.944
2025-04-05T19:00:00-04:00,2025-04-05T20:00:00-04:00,2025-04-05T23:00:00+00:00,2025-04-06T00:00:00+00:00,MOD-00811,60,84.625,5.798,2.528,7.083,17.491,691.016,2.625,7.361,40.812
2025-04-05T20:00:00-04:00,2025-04-05T21:00:00-04:00,2025-04-06T00:00:00+00:00,2025-04-06T01:00:00+00:00,MOD-00811,60,86.487,5.6,2.608,5.493,8.106,690.875,3.196,7.504,35.395
2025-04-05T21:00:00-04:00,2025-04-05T22:00:00-04:00,2025-04-06T01:00:00+00:00,2025-04-06T02:00:00+00:00,MOD-00811,60,86.638,5.497,2.337,3.941,5.257,687.044,3.062,7.399,42.111
2025-04-05T22:00:00-04:00,2025-04-05T23:00:00-04:00,2025-04-06T02:00:00+00:00,2025-04-06T03:00:00+00:00,MOD-00811,60,87.517,5.5,2.203,3.165,4.159,690.084,3.067,7.875,40.658
2025-04-05T23:00:00-04:00,2025-04-06T00:00:00-04:00,2025-04-06T03:00:00+00:00,2025-04-06T04:00:00+00:00,MOD-00811,60,88.15,5.432,1.91,2.634,4.455,685.982,3.337,7.674,40.912
2025-04-06T00:00:00-04:00,2025-04-06T01:00:00-04:00,2025-04-06T04:00:00+00:00,2025-04-06T05:00:00+00:00,MOD-00811,60,88.838,5.565,1.87,2.545,5.225,683.735,3.488,7.795,39.775
2025-04-06T01:00:00-04:00,2025-04-06T02:00:00-04:00,2025-04-06T05:00:00+00:00,2025-04-06T06:00:00+00:00,MOD-00811,60,89.158,5.792,2.222,2.992,6.759,714.247,3.253,7.798,39.096
2025-04-06T02:00:00-04:00,2025-04-06T03:00:00-04:00,2025-04-06T06:00:00+00:00,2025-04-06T07:00:00+00:00,MOD-00811,60,88.957,5.902,3.09,3.734,6.041,718.059,3.167,7.94,37.033
2025-04-06T03:00:00-04:00,2025-04-06T04:00:00-04:00,2025-04-06T07:00:00+00:00,2025-04-06T08:00:00+00:00,MOD-00811,60,88.797,5.992,2.522,2.935,5.671,716.094,3.076,9.0,35.759
2025-04-06T04:00:00-04:00,2025-04-06T05:00:00-04:00,2025-04-06T08:00:00+00:00,2025-04-06T09:00:00+00:00,MOD-00811,60,87.387,6.338,1.974,2.241,5.031,733.35,2.796,10.181,32.638
2025-04-06T05:00:00-04:00,2025-04-06T06:00:00-04:00,2025-04-06T09:00:00+00:00,2025-04-06T10:00:00+00:00,MOD-00811,60,87.57,6.497,2.206,2.469,5.397,761.839,2.78,8.257,32.036
2025-04-06T06:00:00-04:00,2025-04-06T07:00:00-04:00,2025-04-06T10:00:00+00:00,2025-04-06T11:00:00+00:00,MOD-00811,60,86.325,6.682,2.885,3.085,4.278,766.049,2.565,9.182,33.482
2025-04-06T07:00:00-04:00,2025-04-06T08:00:00-04:00,2025-04-06T11:00:00+00:00,2025-04-06T12:00:00+00:00,MOD-00811,60,87.778,6.713,1.678,1.925,3.954,730.049,2.743,8.23,34.313
2025-04-06T08:00:00-04:00,2025-04-06T09:00:00-04:00,2025-04-06T12:00:00+00:00,2025-04-06T13:00:00+00:00,MOD-00811,60,88.018,7.067,1.219,1.595,6.134,736.924,2.702,8.137,33.563
2025-04-06T09:00:00-04:00,2025-04-06T10:00:00-04:00,2025-04-06T13:00:00+00:00,2025-04-06T14:00:00+00:00,MOD-00811,60,86.89,7.628,1.877,2.351,6.702,755.395,2.485,8.286,32.391
2025-04-06T10:00:00-04:00,2025-04-06T11:00:00-04:00,2025-04-06T14:00:00+00:00,2025-04-06T15:00:00+00:00,MOD-00811,60,83.755,8.493,2.954,3.313,6.3,751.302,2.281,12.884,29.336
2025-04-06T11:00:00-04:00,2025-04-06T12:00:00-04:00,2025-04-06T15:00:00+00:00,2025-04-06T16:00:00+00:00,MOD-00811,60,77.095,10.397,2.306,2.561,4.631,798.289,1.947,18.472,30.659
2025-04-06T12:00:00-04:00,2025-04-06T13:00:00-04:00,2025-04-06T16:00:00+00:00,2025-04-06T17:00:00+00:00,MOD-00811,60,77.688,10.743,2.29,2.474,4.277,836.187,2.011,19.246,31.214
2025-04-06T13:00:00-04:00,2025-04-06T14:00:00-04:00,2025-04-06T17:00:00+00:00,2025-04-06T18:00:00+00:00,MOD-00811,60,74.153,12.085,1.786,1.932,3.28,813.654,1.752,17.582,34.196
2025-04-06T14:00:00-04:00,2025-04-06T15:00:00-04:00,2025-04-06T18:00:00+00:00,2025-04-06T19:00:00+00:00,MOD-00811,60,70.345,12.697,1.047,1.207,2.299,770.659,1.797,11.56,38.493
2025-04-06T15:00:00-04:00,2025-04-06T16:00:00-04:00,2025-04-06T19:00:00+00:00,2025-04-06T20:00:00+00:00,MOD-00811,60,62.352,13.708,1.171,1.381,2.96,735.726,2.156,11.957,41.35
2025-04-06T16:00:00-04:00,2025-04-06T17:00:00-04:00,2025-04-06T20:00:00+00:00,2025-04-06T21:00:00+00:00,MOD-00811,60,59.907,14.168,1.243,1.464,3.302,740.497,2.11,11.931,41.795
2025-04-06T17:00:00-04:00,2025-04-06T18:00:00-04:00,2025-04-06T21:00:00+00:00,2025-04-06T22:00:00+00:00,MOD-00811,60,53.008,14.553,0.997,1.199,2.802,715.366,1.464,7.484,44.572
2025-04-06T18:00:00-04:00,2025-04-06T19:00:00-04:00,2025-04-06T22:00:00+00:00,2025-04-06T23:00:00+00:00,MOD-00811,60,56.51,13.887,1.275,1.502,3.405,748.578,1.576,11.002,42.993
2025-04-06T19:00:00-04:00,2025-04-06T20:00:00-04:00,2025-04-06T23:00:00+00:00,2025-04-07T00:00:00+00:00,MOD-00811,60,61.457,13.207,1.476,1.735,3.937,790.117,2.156,14.351,40.165
2025-04-06T20:00:00-04:00,2025-04-06T21:00:00-04:00,2025-04-07T00:00:00+00:00,2025-04-07T01:00:00+00:00,MOD-00811,60,64.49,12.418,1.943,2.224,4.623,810.579,2.147,20.647,38.4
2025-04-06T21:00:00-04:00,2025-04-06T22:00:00-04:00,2025-04-07T01:00:00+00:00,2025-04-07T02:00:00+00:00,MOD-00811,60,51.985,12.203,1.551,1.851,4.77,728.403,1.531,13.754,43.991
2025-04-06T22:00:00-04:00,2025-04-06T23:00:00-04:00,2025-04-07T02:00:00+00:00,2025-04-07T03:00:00+00:00,MOD-00811,60,48.95,11.833,1.815,2.113,4.842,726.176,1.462,17.895,44.839
2025-04-06T23:00:00-04:00,2025-04-07T00:00:00-04:00,2025-04-07T03:00:00+00:00,2025-04-07T04:00:00+00:00,MOD-00811,60,51.043,11.383,1.756,2.083,3.766,717.985,1.43,18.248,44.335
2025-04-07T00:00:00-04:00,2025-04-07T01:00:00-04:00,2025-04-07T04:00:00+00:00,2025-04-07T05:00:00+00:00,MOD-00811,60,53.315,10.975,2.14,2.461,4.663,719.345,1.466,16.641,44.134
2025-04-07T01:00:00-04:00,2025-04-07T02:00:00-04:00,2025-04-07T05:00:00+00:00,2025-04-07T06:00:00+00:00,MOD-00811,60,55.24,10.647,2.474,2.793,4.821,761.397,1.612,17.903,42.946
2025-04-07T02:00:00-04:00,2025-04-07T03:00:00-04:00,2025-04-07T06:00:00+00:00,2025-04-07T07:00:00+00:00,MOD-00811,60,56.952,10.303,2.956,3.191,4.671,713.656,1.827,18.466,43.389
2025-04-07T03:00:00-04:00,2025-04-07T04:00:00-04:00,2025-04-07T07:00:00+00:00,2025-04-07T08:00:00+00:00,MOD-00811,60,56.653,9.57,2.598,2.733,3.793,684.738,1.867,14.732,44.618
2025-04-07T04:00:00-04:00,2025-04-07T05:00:00-04:00,2025-04-07T08:00:00+00:00,2025-04-07T09:00:00+00:00,MOD-00811,60,58.725,8.782,2.483,2.648,3.993,681.061,2.304,15.302,44.2
2025-04-07T05:00:00-04:00,2025-04-07T06:00:00-04:00,2025-04-07T09:00:00+00:00,2025-04-07T10:00:00+00:00,MOD-00811,60,65.758,7.617,2.226,2.415,3.748,690.018,1.751,19.521,41.201
2025-04-07T06:00:00-04:00,2025-04-07T07:00:00-04:00,2025-04-07T10:00:00+00:00,2025-04-07T11:00:00+00:00,MOD-00811,60,69.873,6.62,2.302,2.531,4.177,708.488,1.631,21.033,40.171
2025-04-07T07:00:00-04:00,2025-04-07T08:00:00-04:00,2025-04-07T11:00:00+00:00,2025-04-07T12:00:00+00:00,MOD-00811,60,73.385,5.728,2.245,2.468,4.322,703.281,1.761,22.66,39.472
2025-04-07T08:00:00-04:00,2025-04-07T09:00:00-04:00,2025-04-07T12:00:00+00:00,2025-04-07T13:00:00+00:00,MOD-00811,60,78.322,5.613,2.593,2.857,4.785,703.564,1.858,20.008,40.228
2025-04-07T09:00:00-04:00,2025-04-07T10:00:00-04:00,2025-04-07T13:00:00+00:00,2025-04-07T14:00:00+00:00,MOD-00811,60,79.823,5.338,2.752,3.034,5.078,694.285,2.095,19.218,42.316
2025-04-07T10:00:00-04:00,2025-04-07T11:00:00-04:00,2025-04-07T14:00:00+00:00,2025-04-07T15:00:00+00:00,MOD-00811,60,78.412,5.547,2.661,2.936,4.327,684.169,1.909,18.822,41.903
2025-04-07T11:00:00-04:00,2025-04-07T12:00:00-04:00,2025-04-07T15:00:00+00:00,2025-04-07T16:00:00+00:00,MOD-00811,60,76.75,5.738,2.641,2.887,4.042,680.828,1.73,20.009,42.209
2025-04-07T12:00:00-04:00,2025-04-07T13:00:00-04:00,2025-04-07T16:00:00+00:00,2025-04-07T17:00:00+00:00,MOD-00811,60,81.073,5.445,2.47,2.839,4.986,683.352,2.232,19.13,41.276
2025-04-07T13:00:00-04:00,2025-04-07T14:00:00-04:00,2025-04-07T17:00:00+00:00,2025-04-07T18:00:00+00:00,MOD-00811,60,82.545,5.335,1.678,1.987,3.993,684.036,2.8,18.348,42.11
2025-04-07T14:00:00-04:00,2025-04-07T15:00:00-04:00,2025-04-07T18:00:00+00:00,2025-04-07T19:00:00+00:00,MOD-00811,60,80.842,5.503,1.088,1.306,3.376,678.093,2.073,14.352,44.411
2025-04-07T15:00:00-04:00,2025-04-07T16:00:00-04:00,2025-04-07T19:00:00+00:00,2025-04-07T20:00:00+00:00,MOD-00811,60,82.303,5.468,1.202,1.513,3.373,686.199,2.417,11.81,44.998
2025-04-07T16:00:00-04:00,2025-04-07T17:00:00-04:00,2025-04-07T20:00:00+00:00,2025-04-07T21:00:00+00:00,MOD-00811,60,82.275,5.347,1.438,1.762,3.384,673.574,2.462,11.21,45.081
2025-04-07T17:00:00-04:00,2025-04-07T18:00:00-04:00,2025-04-07T21:00:00+00:00,2025-04-07T22:00:00+00:00,MOD-00811,60,81.827,5.135,1.546,1.848,3.093,671.467,2.429,10.976,46.078
2025-04-07T18:00:00-04:00,2025-04-07T19:00:00-04:00,2025-04-07T22:00:00+00:00,2025-04-07T23:00:00+00:00,MOD-00811,60,84.045,4.855,1.851,2.289,4.764,671.485,3.234,7.302,45.568
2025-04-07T19:00:00-04:00,2025-04-07T20:00:00-04:00,2025-04-07T23:00:00+00:00,2025-04-08T00:00:00+00:00,MOD-00811,60,84.778,4.748,2.101,2.778,8.329,680.441,3.345,7.289,45.697
2025-04-07T20:00:00-04:00,2025-04-07T21:00:00-04:00,2025-04-08T00:00:00+00:00,2025-04-08T01:00:00+00:00,MOD-00811,60,86.48,4.73,2.321,3.182,9.708,674.273,3.377,7.277,45.063
2025-04-07T21:00:00-04:00,2025-04-07T22:00:00-04:00,2025-04-08T01:00:00+00:00,2025-04-08T02:00:00+00:00,MOD-00811,60,87.835,4.712,2.601,3.105,5.516,682.767,3.678,7.28,43.902
2025-04-07T22:00:00-04:00,2025-04-07T23:00:00-04:00,2025-04-08T02:00:00+00:00,2025-04-08T03:00:00+00:00,MOD-00811,60,87.127,4.637,1.625,1.932,3.242,673.631,3.609,7.263,44.324
2025-04-07T23:00:00-04:00,2025-04-08T00:00:00-04:00,2025-04-08T03:00:00+00:00,2025-04-08T04:00:00+00:00,MOD-00811,60,85.223,4.672,1.707,2.102,3.734,664.984,3.372,7.265,45.889
2025-04-08T00:00:00-04:00,2025-04-08T01:00:00-04:00,2025-04-08T04:00:00+00:00,2025-04-08T05:00:00+00:00,MOD-00811,60,85.013,4.683,1.963,2.503,4.85,667.896,3.363,7.288,45.986
2025-04-08T01:00:00-04:00,2025-04-08T02:00:00-04:00,2025-04-08T05:00:00+00:00,2025-04-08T06:00:00+00:00,MOD-00811,60,85.255,4.582,2.271,3.103,7.958,658.015,3.357,7.292,47.566
2025-04-08T02:00:00-04:00,2025-04-08T03:00:00-04:00,2025-04-08T06:00:00+00:00,2025-04-08T07:00:00+00:00,MOD-00811,60,86.437,4.442,1.92,2.895,11.157,655.534,3.598,7.555,47.176
2025-04-08T03:00:00-04:00,2025-04-08T04:00:00-04:00,2025-04-08T07:00:00+00:00,2025-04-08T08:00:00+00:00,MOD-00811,60,86.87,4.412,1.902,2.713,7.333,671.463,3.707,7.291,45.529
2025-04-08T04:00:00-04:00,2025-04-08T05:00:00-04:00,2025-04-08T08:00:00+00:00,2025-04-08T09:00:00+00:00,MOD-00811,60,87.287,4.5,1.934,2.571,6.596,675.204,3.811,16.237,35.752
2025-04-08T05:00:00-04:00,2025-04-08T06:00:00-04:00,2025-04-08T09:00:00+00:00,2025-04-08T10:00:00+00:00,MOD-00811,60,87.02,4.4,1.504,1.956,4.125,673.417,3.863,10.561,40.548
2025-04-08T06:00:00-04:00,2025-04-08T07:00:00-04:00,2025-04-08T10:00:00+00:00,2025-04-08T11:00:00+00:00,MOD-00811,60,85.847,4.385,1.677,1.971,3.864,680.748,3.629,11.202,40.249
2025-04-08T07:00:00-04:00,2025-04-08T08:00:00-04:00,2025-04-08T11:00:00+00:00,2025-04-08T12:00:00+00:00,MOD-00811,60,84.258,4.722,2.833,3.662,7.829,703.914,3.339,17.055,38.113
2025-04-08T08:00:00-04:00,2025-04-08T09:00:00-04:00,2025-04-08T12:00:00+00:00,2025-04-08T13:00:00+00:00,MOD-00811,60,80.06,5.667,3.764,5.08,10.542,714.463,2.171,21.458,35.316
2025-04-08T09:00:00-04:00,2025-04-08T10:00:00-04:00,2025-04-08T13:00:00+00:00,2025-04-08T14:00:00+00:00,MOD-00811,60,75.87,6.818,2.35,2.519,3.14,747.452,1.759,18.256,41.398
2025-04-08T10:00:00-04:00,2025-04-08T11:00:00-04:00,2025-04-08T14:00:00+00:00,2025-04-08T15:00:00+00:00,MOD-00811,60,74.685,7.377,2.208,2.356,3.336,739.249,1.657,19.466,39.354
2025-04-08T11:00:00-04:00,2025-04-08T12:00:00-04:00,2025-04-08T15:00:00+00:00,2025-04-08T16:00:00+00:00,MOD-00811,60,66.475,9.045,1.744,1.893,3.745,730.727,1.98,15.49,39.882
2025-04-08T12:00:00-04:00,2025-04-08T13:00:00-04:00,2025-04-08T16:00:00+00:00,2025-04-08T17:00:00+00:00,MOD-00811,60,62.018,7.733,4.488,4.663,6.17,718.402,2.082,14.894,44.595
2025-04-08T13:00:00-04:00,2025-04-08T14:00:00-04:00,2025-04-08T17:00:00+00:00,2025-04-08T18:00:00+00:00,MOD-00811,60,45.41,8.75,4.841,5.047,6.58,701.881,1.92,11.201,48.532
2025-04-08T14:00:00-04:00,2025-04-08T15:00:00-04:00,2025-04-08T18:00:00+00:00,2025-04-08T19:00:00+00:00,MOD-00811,60,37.285,8.305,4.535,4.762,7.506,703.401,2.548,9.892,48.487
2025-04-08T15:00:00-04:00,2025-04-08T16:00:00-04:00,2025-04-08T19:00:00+00:00,2025-04-08T20:00:00+00:00,MOD-00811,60,33.828,7.363,3.779,3.99,4.513,709.197,2.415,10.113,48.708
2025-04-08T16:00:00-04:00,2025-04-08T17:00:00-04:00,2025-04-08T20:00:00+00:00,2025-04-08T21:00:00+00:00,MOD-00811,60,31.807,6.635,2.365,2.557,4.4,713.993,2.307,11.711,47.74
2025-04-08T17:00:00-04:00,2025-04-08T18:00:00-04:00,2025-04-08T21:00:00+00:00,2025-04-08T22:00:00+00:00,MOD-00811,60,32.755,5.74,2.218,2.376,5.899,715.213,2.29,13.289,48.046
2025-04-08T18:00:00-04:00,2025-04-08T19:00:00-04:00,2025-04-08T22:00:00+00:00,2025-04-08T23:00:00+00:00,MOD-00811,60,34.372,4.625,2.144,2.31,5.286,719.231,2.331,12.862,47.768
2025-04-08T19:00:00-04:00,2025-04-08T20:00:00-04:00,2025-04-08T23:00:00+00:00,2025-04-09T00:00:00+00:00,MOD-00811,60,36.335,3.478,1.902,2.064,6.024,722.722,1.982,13.328,46.957
2025-04-08T20:00:00-04:00,2025-04-08T21:00:00-04:00,2025-04-09T00:00:00+00:00,2025-04-09T01:00:00+00:00,MOD-00811,60,40.397,2.377,2.049,2.183,2.954,722.501,1.973,10.11,46.646
2025-04-08T21:00:00-04:00,2025-04-08T22:00:00-04:00,2025-04-09T01:00:00+00:00,2025-04-09T02:00:00+00:00,MOD-00811,60,44.35,1.385,2.184,2.367,3.074,723.337,1.938,11.702,45.952
2025-04-08T22:00:00-04:00,2025-04-08T23:00:00-04:00,2025-04-09T02:00:00+00:00,2025-04-09T03:00:00+00:00,MOD-00811,60,46.847,0.772,2.601,2.762,2.997,727.695,2.6,11.403,45.575
2025-04-08T23:00:00-04:00,2025-04-09T00:00:00-04:00,2025-04-09T03:00:00+00:00,2025-04-09T04:00:00+00:00,MOD-00811,60,46.283,0.465,3.048,3.22,3.629,726.772,2.382,10.044,45.554
2025-04-09T00:00:00-04:00,2025-04-09T01:00:00-04:00,2025-04-09T04:00:00+00:00,2025-04-09T05:00:00+00:00,MOD-00811,60,47.832,0.288,2.536,2.704,3.979,724.011,2.787,14.612,45.623
2025-04-09T01:00:00-04:00,2025-04-09T02:00:00-04:00,2025-04-09T05:00:00+00:00,2025-04-09T06:00:00+00:00,MOD-00811,60,49.447,0.218,2.457,2.602,3.588,722.474,2.76,18.307,45.441
2025-04-09T02:00:00-04:00,2025-04-09T03:00:00-04:00,2025-04-09T06:00:00+00:00,2025-04-09T07:00:00+00:00,MOD-00811,60,49.617,0.093,2.993,3.139,3.547,721.637,2.755,18.393,45.443
2025-04-09T03:00:00-04:00,2025-04-09T04:00:00-04:00,2025-04-09T07:00:00+00:00,2025-04-09T08:00:00+00:00,MOD-00811,60,48.95,-0.102,3.263,3.454,3.916,719.998,2.662,18.097,45.568
2025-04-09T04:00:00-04:00,2025-04-09T05:00:00-04:00,2025-04-09T08:00:00+00:00,2025-04-09T09:00:00+00:00,MOD-00811,60,49.443,-0.32,3.266,3.455,4.107,727.027,2.786,18.579,44.565
2025-04-09T05:00:00-04:00,2025-04-09T06:00:00-04:00,2025-04-09T09:00:00+00:00,2025-04-09T10:00:00+00:00,MOD-00811,60,49.112,-0.56,2.612,2.818,2.962,736.007,2.711,18.137,43.826
2025-04-09T06:00:00-04:00,2025-04-09T07:00:00-04:00,2025-04-09T10:00:00+00:00,2025-04-09T11:00:00+00:00,MOD-00811,60,50.308,-0.558,2.244,2.518,3.139,765.81,3.088,19.911,41.251
2025-04-09T07:00:00-04:00,2025-04-09T08:00:00-04:00,2025-04-09T11:00:00+00:00,2025-04-09T12:00:00+00:00,MOD-00811,60,46.413,1.022,2.146,2.398,3.929,776.761,2.336,16.131,41.915
2025-04-09T08:00:00-04:00,2025-04-09T09:00:00-04:00,2025-04-09T12:00:00+00:00,2025-04-09T13:00:00+00:00,MOD-00811,60,42.425,2.298,2.418,2.609,7.042,753.871,1.917,11.226,44.827
2025-04-09T09:00:00-04:00,2025-04-09T10:00:00-04:00,2025-04-09T13:00:00+00:00,2025-04-09T14:00:00+00:00,MOD-00811,60,38.932,3.573,2.36,2.593,4.427,745.057,1.97,14.465,44.57
2025-04-09T10:00:00-04:00,2025-04-09T11:00:00-04:00,2025-04-09T14:00:00+00:00,2025-04-09T15:00:00+00:00,MOD-00811,60,34.725,4.988,1.975,2.171,3.983,734.068,2.31,14.324,46.197
2025-04-09T11:00:00-04:00,2025-04-09T12:00:00-04:00,2025-04-09T15:00:00+00:00,2025-04-09T16:00:00+00:00,MOD-00811,60,29.66,6.383,1.694,1.939,4.754,728.621,2.393,16.525,47.463
2025-04-09T12:00:00-04:00,2025-04-09T13:00:00-04:00,2025-04-09T16:00:00+00:00,2025-04-09T17:00:00+00:00,MOD-00811,60,25.795,7.683,1.606,1.835,4.947,723.218,2.445,7.088,48.303
2025-04-09T13:00:00-04:00,2025-04-09T14:00:00-04:00,2025-04-09T17:00:00+00:00,2025-04-09T18:00:00+00:00,MOD-00811,60,22.068,9.837,1.183,1.367,3.583,716.941,2.35,6.746,49.408
2025-04-09T14:00:00-04:00,2025-04-09T15:00:00-04:00,2025-04-09T18:00:00+00:00,2025-04-09T19:00:00+00:00,MOD-00811,60,19.545,11.462,1.206,1.679,13.163,717.272,2.384,6.213,49.814
2025-04-09T15:00:00-04:00,2025-04-09T16:00:00-04:00,2025-04-09T19:00:00+00:00,2025-04-09T20:00:00+00:00,MOD-00811,60,17.612,12.473,1.061,1.385,8.249,751.613,2.388,6.718,50.51
2025-04-09T16:00:00-04:00,2025-04-09T17:00:00-04:00,2025-04-09T20:00:00+00:00,2025-04-09T21:00:00+00:00,MOD-00811,60,17.032,13.288,1.132,1.312,4.529,725.995,2.304,5.736,51.289
2025-04-09T17:00:00-04:00,2025-04-09T18:00:00-04:00,2025-04-09T21:00:00+00:00,2025-04-09T22:00:00+00:00,MOD-00811,60,26.088,12.368,1.311,1.55,4.235,698.271,2.502,7.169,52.877
2025-04-09T18:00:00-04:00,2025-04-09T19:00:00-04:00,2025-04-09T22:00:00+00:00,2025-04-09T23:00:00+00:00,MOD-00811,60,31.513,10.14,1.515,1.817,3.989,718.99,2.329,11.91,51.529
2025-04-09T19:00:00-04:00,2025-04-09T20:00:00-04:00,2025-04-09T23:00:00+00:00,2025-04-10T00:00:00+00:00,MOD-00811,60,31.007,7.912,1.489,1.733,3.942,751.865,2.287,10.281,50.264
2025-04-09T20:00:00-04:00,2025-04-09T21:00:00-04:00,2025-04-10T00:00:00+00:00,2025-04-10T01:00:00+00:00,MOD-00811,60,37.87,6.032,1.473,1.784,4.962,771.932,2.228,19.022,48.679
2025-04-09T21:00:00-04:00,2025-04-09T22:00:00-04:00,2025-04-10T01:00:00+00:00,2025-04-10T02:00:00+00:00,MOD-00811,60,50.018,4.868,1.79,2.473,9.496,776.65,1.845,22.274,47.131
2025-04-09T22:00:00-04:00,2025-04-09T23:00:00-04:00,2025-04-10T02:00:00+00:00,2025-04-10T03:00:00+00:00,MOD-00811,60,53.24,4.333,1.783,2.54,9.831,762.071,2.117,21.594,45.788
2025-04-09T23:00:00-04:00,2025-04-10T00:00:00-04:00,2025-04-10T03:00:00+00:00,2025-04-10T04:00:00+00:00,MOD-00811,60,57.863,3.588,1.87,2.697,13.827,765.688,2.426,21.699,43.601
2025-04-10T00:00:00-04:00,2025-04-10T01:00:00-04:00,2025-04-10T04:00:00+00:00,2025-04-10T05:00:00+00:00,MOD-00811,60,60.238,3.157,2.488,3.317,13.053,767.024,2.737,21.805,42.092
2025-04-10T01:00:00-04:00,2025-04-10T02:00:00-04:00,2025-04-10T05:00:00+00:00,2025-04-10T06:00:00+00:00,MOD-00811,60,59.463,3.295,3.135,3.939,11.556,787.175,2.611,21.591,41.049
2025-04-10T02:00:00-04:00,2025-04-10T03:00:00-04:00,2025-04-10T06:00:00+00:00,2025-04-10T07:00:00+00:00,MOD-00811,60,61.593,2.755,2.294,3.171,13.864,802.307,2.904,22.244,38.855
2025-04-10T03:00:00-04:00,2025-04-10T04:00:00-04:00,2025-04-10T07:00:00+00:00,2025-04-10T08:00:00+00:00,MOD-00811,60,63.775,2.223,2.634,3.557,12.385,841.905,2.332,22.742,36.96
2025-04-10T04:00:00-04:00,2025-04-10T05:00:00-04:00,2025-04-10T08:00:00+00:00,2025-04-10T09:00:00+00:00,MOD-00811,60,66.11,1.513,3.667,4.555,17.074,920.939,2.131,25.596,30.325
2025-04-10T05:00:00-04:00,2025-04-10T06:00:00-04:00,2025-04-10T09:00:00+00:00,2025-04-10T10:00:00+00:00,MOD-00811,60,71.513,0.652,4.503,5.734,22.304,896.331,2.137,27.447,24.792
2025-04-10T06:00:00-04:00,2025-04-10T07:00:00-04:00,2025-04-10T10:00:00+00:00,2025-04-10T11:00:00+00:00,MOD-00811,60,73.018,0.575,5.713,7.417,39.52,1237.016,11.629,34.507,13.016
2025-04-10T07:00:00-04:00,2025-04-10T08:00:00-04:00,2025-04-10T11:00:00+00:00,2025-04-10T12:00:00+00:00,MOD-00811,60,54.973,5.268,7.293,8.941,31.72,980.356,12.165,32.96,20.365
2025-04-10T08:00:00-04:00,2025-04-10T09:00:00-04:00,2025-04-10T12:00:00+00:00,2025-04-10T13:00:00+00:00,MOD-00811,60,35.94,8.303,5.731,6.636,18.563,872.389,6.472,18.448,35.601
2025-04-10T09:00:00-04:00,2025-04-10T10:00:00-04:00,2025-04-10T13:00:00+00:00,2025-04-10T14:00:00+00:00,MOD-00811,60,26.655,10.392,3.5,4.032,9.993,711.505,2.635,8.607,46.235
2025-04-10T10:00:00-04:00,2025-04-10T11:00:00-04:00,2025-04-10T14:00:00+00:00,2025-04-10T15:00:00+00:00,MOD-00811,60,22.238,13.462,2.986,3.246,5.254,716.676,2.364,8.558,49.01
2025-04-10T11:00:00-04:00,2025-04-10T12:00:00-04:00,2025-04-10T15:00:00+00:00,2025-04-10T16:00:00+00:00,MOD-00811,60,21.445,14.5,3.581,3.853,6.378,688.291,2.083,9.864,52.24
2025-04-10T12:00:00-04:00,2025-04-10T13:00:00-04:00,2025-04-10T16:00:00+00:00,2025-04-10T17:00:00+00:00,MOD-00811,60,27.838,14.825,7.427,7.973,11.627,701.432,2.585,13.062,54.28
2025-04-10T13:00:00-04:00,2025-04-10T14:00:00-04:00,2025-04-10T17:00:00+00:00,2025-04-10T18:00:00+00:00,MOD-00811,60,38.922,13.393,4.363,5.376,11.125,697.749,2.495,14.097,56.39
2025-04-10T14:00:00-04:00,2025-04-10T15:00:00-04:00,2025-04-10T18:00:00+00:00,2025-04-10T19:00:00+00:00,MOD-00811,60,32.012,14.255,4.312,5.055,10.332,713.876,2.474,10.578,56.421
2025-04-10T15:00:00-04:00,2025-04-10T16:00:00-04:00,2025-04-10T19:00:00+00:00,2025-04-10T20:00:00+00:00,MOD-00811,60,41.578,13.477,3.534,4.587,11.298,711.688,2.559,16.449,56.549
2025-04-10T16:00:00-04:00,2025-04-10T17:00:00-04:00,2025-04-10T20:00:00+00:00,2025-04-10T21:00:00+00:00,MOD-00811,60,38.52,12.697,3.548,4.288,9.616,709.166,2.456,11.608,56.693
2025-04-10T17:00:00-04:00,2025-04-10T18:00:00-04:00,2025-04-10T21:00:00+00:00,2025-04-10T22:00:00+00:00,MOD-00811,60,37.807,11.563,3.145,3.721,7.53,701.266,2.482,10.728,56.067
2025-04-10T18:00:00-04:00,2025-04-10T19:00:00-04:00,2025-04-10T22:00:00+00:00,2025-04-10T23:00:00+00:00,MOD-00811,60,39.582,9.195,2.461,2.876,6.132,700.534,2.078,12.52,54.503
2025-04-10T19:00:00-04:00,2025-04-10T20:00:00-04:00,2025-04-10T23:00:00+00:00,2025-04-11T00:00:00+00:00,MOD-00811,60,46.602,7.658,2.824,3.325,7.181,731.883,1.813,19.696,52.326
2025-04-10T20:00:00-04:00,2025-04-10T21:00:00-04:00,2025-04-11T00:00:00+00:00,2025-04-11T01:00:00+00:00,MOD-00811,60,54.527,7.165,2.822,3.398,8.041,736.696,2.14,19.489,52.461
2025-04-10T21:00:00-04:00,2025-04-10T22:00:00-04:00,2025-04-11T01:00:00+00:00,2025-04-11T02:00:00+00:00,MOD-00811,60,55.467,7.005,2.707,3.253,7.792,718.499,2.232,16.344,52.629
2025-04-10T22:00:00-04:00,2025-04-10T23:00:00-04:00,2025-04-11T02:00:00+00:00,2025-04-11T03:00:00+00:00,MOD-00811,60,54.162,6.973,1.993,2.474,6.146,709.826,2.178,18.684,52.274
2025-04-10T23:00:00-04:00,2025-04-11T00:00:00-04:00,2025-04-11T03:00:00+00:00,2025-04-11T04:00:00+00:00,MOD-00811,60,56.95,6.545,1.955,2.37,5.162,693.084,2.267,16.787,53.257
2025-04-11T00:00:00-04:00,2025-04-11T01:00:00-04:00,2025-04-11T04:00:00+00:00,2025-04-11T05:00:00+00:00,MOD-00811,60,71.753,5.038,2.14,2.562,5.706,674.788,1.621,20.384,53.373
2025-04-11T01:00:00-04:00,2025-04-11T02:00:00-04:00,2025-04-11T05:00:00+00:00,2025-04-11T06:00:00+00:00,MOD-00811,60,78.55,4.11,2.305,2.685,5.151,672.626,1.714,20.289,51.57
2025-04-11T02:00:00-04:00,2025-04-11T03:00:00-04:00,2025-04-11T06:00:00+00:00,2025-04-11T07:00:00+00:00,MOD-00811,60,81.772,3.323,2.398,2.814,4.723,671.07,2.785,14.697,51.675
2025-04-11T03:00:00-04:00,2025-04-11T04:00:00-04:00,2025-04-11T07:00:00+00:00,2025-04-11T08:00:00+00:00,MOD-00811,60,86.493,2.258,2.512,2.876,3.918,676.563,3.651,7.293,49.113
2025-04-11T04:00:00-04:00,2025-04-11T05:00:00-04:00,2025-04-11T08:00:00+00:00,2025-04-11T09:00:00+00:00,MOD-00811,60,87.032,2.377,2.538,2.779,4.066,675.85,3.713,7.34,46.661
2025-04-11T05:00:00-04:00,2025-04-11T06:00:00-04:00,2025-04-11T09:00:00+00:00,2025-04-11T10:00:00+00:00,MOD-00811,60,83.69,2.688,2.225,2.447,4.162,676.144,3.376,11.133,45.769
2025-04-11T06:00:00-04:00,2025-04-11T07:00:00-04:00,2025-04-11T10:00:00+00:00,2025-04-11T11:00:00+00:00,MOD-00811,60,82.297,2.837,2.607,2.901,4.87,683.896,3.208,19.086,43.084
2025-04-11T07:00:00-04:00,2025-04-11T08:00:00-04:00,2025-04-11T11:00:00+00:00,2025-04-11T12:00:00+00:00,MOD-00811,60,81.118,3.552,2.682,3.018,4.703,694.467,3.073,22.964,38.88
2025-04-11T08:00:00-04:00,2025-04-11T09:00:00-04:00,2025-04-11T12:00:00+00:00,2025-04-11T13:00:00+00:00,MOD-00811,60,78.487,4.615,3.475,3.846,5.789,702.814,2.612,24.474,35.665
2025-04-11T09:00:00-04:00,2025-04-11T10:00:00-04:00,2025-04-11T13:00:00+00:00,2025-04-11T14:00:00+00:00,MOD-00811,60,77.337,5.287,4.174,4.601,7.521,700.695,2.01,23.791,37.722
2025-04-11T10:00:00-04:00,2025-04-11T11:00:00-04:00,2025-04-11T14:00:00+00:00,2025-04-11T15:00:00+00:00,MOD-00811,60,70.515,7.348,4.313,4.828,10.285,711.378,3.535,22.473,39.925
2025-04-11T11:00:00-04:00,2025-04-11T12:00:00-04:00,2025-04-11T15:00:00+00:00,2025-04-11T16:00:00+00:00,MOD-00811,60,60.91,9.593,3.921,4.561,10.898,684.983,2.615,19.637,42.928
2025-04-11T12:00:00-04:00,2025-04-11T13:00:00-04:00,2025-04-11T16:00:00+00:00,2025-04-11T17:00:00+00:00,MOD-00811,60,56.682,10.842,3.18,3.871,9.667,673.139,1.779,17.456,46.946
2025-04-11T13:00:00-04:00,2025-04-11T14:00:00-04:00,2025-04-11T17:00:00+00:00,2025-04-11T18:00:00+00:00,MOD-00811,60,56.327,10.797,3.191,4.056,14.445,673.938,3.877,20.091,44.795
2025-04-11T14:00:00-04:00,2025-04-11T15:00:00-04:00,2025-04-11T18:00:00+00:00,2025-04-11T19:00:00+00:00,MOD-00811,60,50.612,12.582,3.502,4.588,21.777,665.562,1.534,14.296,50.305
2025-04-11T15:00:00-04:00,2025-04-11T16:00:00-04:00,2025-04-11T19:00:00+00:00,2025-04-11T20:00:00+00:00,MOD-00811,60,52.935,11.763,3.477,4.381,11.381,664.26,1.529,16.339,51.304
2025-04-11T16:00:00-04:00,2025-04-11T17:00:00-04:00,2025-04-11T20:00:00+00:00,2025-04-11T21:00:00+00:00,MOD-00811,60,49.895,11.635,3.17,4.179,13.98,664.878,1.478,15.703,52.365
2025-04-11T17:00:00-04:00,2025-04-11T18:00:00-04:00,2025-04-11T21:00:00+00:00,2025-04-11T22:00:00+00:00,MOD-00811,60,47.955,9.877,3.262,4.269,14.73,673.368,1.6,17.545,49.929
2025-04-11T18:00:00-04:00,2025-04-11T19:00:00-04:00,2025-04-11T22:00:00+00:00,2025-04-11T23:00:00+00:00,MOD-00811,60,48.36,8.653,3.023,3.982,8.452,675.304,1.78,16.017,52.681
2025-04-11T19:00:00-04:00,2025-04-11T20:00:00-04:00,2025-04-11T23:00:00+00:00,2025-04-12T00:00:00+00:00,MOD-00811,60,55.583,7.7,3.214,4.287,10.09,680.544,2.196,15.781,52.36
2025-04-11T20:00:00-04:00,2025-04-11T21:00:00-04:00,2025-04-12T00:00:00+00:00,2025-04-12T01:00:00+00:00,MOD-00811,60,70.948,6.338,3.155,4.619,11.616,680.204,1.647,20.014,52.212
2025-04-11T21:00:00-04:00,2025-04-11T22:00:00-04:00,2025-04-12T01:00:00+00:00,2025-04-12T02:00:00+00:00,MOD-00811,60,77.055,5.615,3.547,5.18,12.479,688.291,1.742,19.006,50.856
2025-04-11T22:00:00-04:00,2025-04-11T23:00:00-04:00,2025-04-12T02:00:00+00:00,2025-04-12T03:00:00+00:00,MOD-00811,60,82.34,5.018,3.374,5.361,14.641,686.556,2.59,19.332,50.552
2025-04-11T23:00:00-04:00,2025-04-12T00:00:00-04:00,2025-04-12T03:00:00+00:00,2025-04-12T04:00:00+00:00,MOD-00811,60,83.432,4.833,3.185,4.935,11.029,683.603,3.046,13.735,49.994
2025-04-12T00:00:00-04:00,2025-04-12T01:00:00-04:00,2025-04-12T04:00:00+00:00,2025-04-12T05:00:00+00:00,MOD-00811,60,82.495,4.468,2.58,4.187,9.323,673.933,2.875,11.073,50.253
2025-04-12T01:00:00-04:00,2025-04-12T02:00:00-04:00,2025-04-12T05:00:00+00:00,2025-04-12T06:00:00+00:00,MOD-00811,60,83.802,4.04,2.667,4.043,7.494,669.69,3.2,7.308,50.238
2025-04-12T02:00:00-04:00,2025-04-12T03:00:00-04:00,2025-04-12T06:00:00+00:00,2025-04-12T07:00:00+00:00,MOD-00811,60,84.598,3.755,2.641,3.94,7.782,663.391,3.53,7.299,51.138
2025-04-12T03:00:00-04:00,2025-04-12T04:00:00-04:00,2025-04-12T07:00:00+00:00,2025-04-12T08:00:00+00:00,MOD-00811,60,85.195,3.693,2.935,4.506,11.191,661.881,3.653,7.297,51.311
2025-04-12T04:00:00-04:00,2025-04-12T05:00:00-04:00,2025-04-12T08:00:00+00:00,2025-04-12T09:00:00+00:00,MOD-00811,60,84.008,3.798,3.014,4.52,10.461,661.305,3.358,7.307,52.759
2025-04-12T05:00:00-04:00,2025-04-12T06:00:00-04:00,2025-04-12T09:00:00+00:00,2025-04-12T10:00:00+00:00,MOD-00811,60,84.718,3.7,2.661,4.063,10.541,656.761,3.618,7.298,52.18
2025-04-12T06:00:00-04:00,2025-04-12T07:00:00-04:00,2025-04-12T10:00:00+00:00,2025-04-12T11:00:00+00:00,MOD-00811,60,85.573,3.508,2.53,3.62,5.941,659.217,3.689,7.295,52.169
2025-04-12T07:00:00-04:00,2025-04-12T08:00:00-04:00,2025-04-12T11:00:00+00:00,2025-04-12T12:00:00+00:00,MOD-00811,60,85.282,3.335,2.282,3.748,7.651,655.973,3.642,7.297,52.853
2025-04-12T08:00:00-04:00,2025-04-12T09:00:00-04:00,2025-04-12T12:00:00+00:00,2025-04-12T13:00:00+00:00,MOD-00811,60,85.307,3.667,2.622,5.442,15.622,661.021,3.662,7.296,51.629
2025-04-12T09:00:00-04:00,2025-04-12T10:00:00-04:00,2025-04-12T13:00:00+00:00,2025-04-12T14:00:00+00:00,MOD-00811,60,85.067,4.28,1.892,3.381,7.714,659.664,3.51,7.874,49.664
2025-04-12T10:00:00-04:00,2025-04-12T11:00:00-04:00,2025-04-12T14:00:00+00:00,2025-04-12T15:00:00+00:00,MOD-00811,60,83.425,4.653,1.421,2.015,3.063,660.316,3.151,8.049,51.975
2025-04-12T11:00:00-04:00,2025-04-12T12:00:00-04:00,2025-04-12T15:00:00+00:00,2025-04-12T16:00:00+00:00,MOD-00811,60,83.448,4.685,1.397,1.9,2.789,659.574,3.125,8.559,53.576
2025-04-12T12:00:00-04:00,2025-04-12T13:00:00-04:00,2025-04-12T16:00:00+00:00,2025-04-12T17:00:00+00:00,MOD-00811,60,82.072,4.72,1.63,2.472,5.978,659.119,2.688,10.811,52.891
2025-04-12T13:00:00-04:00,2025-04-12T14:00:00-04:00,2025-04-12T17:00:00+00:00,2025-04-12T18:00:00+00:00,MOD-00811,60,82.327,4.89,1.384,2.392,5.45,657.082,2.737,12.21,50.855
2025-04-12T14:00:00-04:00,2025-04-12T15:00:00-04:00,2025-04-12T18:00:00+00:00,2025-04-12T19:00:00+00:00,MOD-00811,60,81.923,4.987,1.192,1.923,3.571,659.943,2.519,12.939,50.529
2025-04-12T15:00:00-04:00,2025-04-12T16:00:00-04:00,2025-04-12T19:00:00+00:00,2025-04-12T20:00:00+00:00,MOD-00811,60,81.995,4.853,1.088,1.599,2.369,658.167,2.661,11.657,50.984
2025-04-12T16:00:00-04:00,2025-04-12T17:00:00-04:00,2025-04-12T20:00:00+00:00,2025-04-12T21:00:00+00:00,MOD-00811,60,80.52,4.895,1.154,1.763,3.333,660.683,2.093,12.84,50.483
2025-04-12T17:00:00-04:00,2025-04-12T18:00:00-04:00,2025-04-12T21:00:00+00:00,2025-04-12T22:00:00+00:00,MOD-00811,60,81.262,4.765,0.968,1.493,2.786,656.732,2.366,11.943,51.243
2025-04-12T18:00:00-04:00,2025-04-12T19:00:00-04:00,2025-04-12T22:00:00+00:00,2025-04-12T23:00:00+00:00,MOD-00811,60,81.513,4.613,0.886,1.38,2.565,659.249,2.52,12.052,50.656
2025-04-12T19:00:00-04:00,2025-04-12T20:00:00-04:00,2025-04-12T23:00:00+00:00,2025-04-13T00:00:00+00:00,MOD-00811,60,81.268,4.513,0.671,1.022,2.203,658.289,2.44,11.664,50.838
2025-04-12T20:00:00-04:00,2025-04-12T21:00:00-04:00,2025-04-13T00:00:00+00:00,2025-04-13T01:00:00+00:00,MOD-00811,60,82.388,4.462,0.607,0.948,2.189,658.362,2.957,9.463,50.822
2025-04-12T21:00:00-04:00,2025-04-12T22:00:00-04:00,2025-04-13T01:00:00+00:00,2025-04-13T02:00:00+00:00,MOD-00811,60,83.44,4.467,0.563,0.908,1.876,657.483,3.161,7.58,50.121
2025-04-12T22:00:00-04:00,2025-04-12T23:00:00-04:00,2025-04-13T02:00:00+00:00,2025-04-13T03:00:00+00:00,MOD-00811,60,85.267,4.452,0.466,0.845,2.094,658.414,3.362,7.295,49.097
2025-04-12T23:00:00-04:00,2025-04-13T00:00:00-04:00,2025-04-13T03:00:00+00:00,2025-04-13T04:00:00+00:00,MOD-00811,60,85.077,4.488,0.468,0.856,2.268,657.904,3.365,7.295,49.256
2025-04-13T00:00:00-04:00,2025-04-13T01:00:00-04:00,2025-04-13T04:00:00+00:00,2025-04-13T05:00:00+00:00,MOD-00811,60,85.243,4.457,0.484,0.893,1.858,655.316,3.373,7.295,49.297
2025-04-13T01:00:00-04:00,2025-04-13T02:00:00-04:00,2025-04-13T05:00:00+00:00,2025-04-13T06:00:00+00:00,MOD-00811,60,85.043,4.6,0.952,2.392,7.594,653.478,3.363,7.295,50.675
2025-04-13T02:00:00-04:00,2025-04-13T03:00:00-04:00,2025-04-13T06:00:00+00:00,2025-04-13T07:00:00+00:00,MOD-00811,60,86.322,4.522,1.138,3.556,16.061,649.086,3.429,7.292,51.248
2025-04-13T03:00:00-04:00,2025-04-13T04:00:00-04:00,2025-04-13T07:00:00+00:00,2025-04-13T08:00:00+00:00,MOD-00811,60,86.11,4.387,1.176,2.421,8.304,651.074,3.432,7.292,50.848
2025-04-13T04:00:00-04:00,2025-04-13T05:00:00-04:00,2025-04-13T08:00:00+00:00,2025-04-13T09:00:00+00:00,MOD-00811,60,86.187,4.215,1.028,1.722,8.336,655.494,3.524,7.292,49.658
2025-04-13T05:00:00-04:00,2025-04-13T06:00:00-04:00,2025-04-13T09:00:00+00:00,2025-04-13T10:00:00+00:00,MOD-00811,60,86.113,4.2,0.923,1.418,6.463,658.732,3.536,7.292,47.352
2025-04-13T06:00:00-04:00,2025-04-13T07:00:00-04:00,2025-04-13T10:00:00+00:00,2025-04-13T11:00:00+00:00,MOD-00811,60,85.452,4.193,1.466,1.652,2.371,661.972,3.634,7.294,45.9
2025-04-13T07:00:00-04:00,2025-04-13T08:00:00-04:00,2025-04-13T11:00:00+00:00,2025-04-13T12:00:00+00:00,MOD-00811,60,85.452,4.197,2.165,2.264,3.123,666.279,3.635,7.294,44.53
2025-04-13T08:00:00-04:00,2025-04-13T09:00:00-04:00,2025-04-13T12:00:00+00:00,2025-04-13T13:00:00+00:00,MOD-00811,60,85.137,4.358,2.539,2.7,3.064,676.66,3.448,7.295,43.473
2025-04-13T09:00:00-04:00,2025-04-13T10:00:00-04:00,2025-04-13T13:00:00+00:00,2025-04-13T14:00:00+00:00,MOD-00811,60,84.037,4.553,3.096,3.25,3.907,674.887,3.236,7.31,43.672
2025-04-13T10:00:00-04:00,2025-04-13T11:00:00-04:00,2025-04-13T14:00:00+00:00,2025-04-13T15:00:00+00:00,MOD-00811,60,82.797,4.942,3.03,3.21,3.627,677.377,2.897,13.539,42.643
2025-04-13T11:00:00-04:00,2025-04-13T12:00:00-04:00,2025-04-13T15:00:00+00:00,2025-04-13T16:00:00+00:00,MOD-00811,60,82.093,5.443,2.409,2.625,4.008,693.518,2.368,17.002,42.777
2025-04-13T12:00:00-04:00,2025-04-13T13:00:00-04:00,2025-04-13T16:00:00+00:00,2025-04-13T17:00:00+00:00,MOD-00811,60,80.182,6.01,2.643,2.809,3.58,715.657,2.037,17.036,41.865
2025-04-13T13:00:00-04:00,2025-04-13T14:00:00-04:00,2025-04-13T17:00:00+00:00,2025-04-13T18:00:00+00:00,MOD-00811,60,75.728,7.07,2.111,2.222,2.932,723.748,1.737,18.067,42.059
2025-04-13T14:00:00-04:00,2025-04-13T15:00:00-04:00,2025-04-13T18:00:00+00:00,2025-04-13T19:00:00+00:00,MOD-00811,60,72.155,8.095,1.877,1.95,2.363,737.955,1.606,19.312,41.947
2025-04-13T15:00:00-04:00,2025-04-13T16:00:00-04:00,2025-04-13T19:00:00+00:00,2025-04-13T20:00:00+00:00,MOD-00811,60,69.74,8.86,1.32,1.388,1.824,759.031,1.536,19.477,41.563
2025-04-13T16:00:00-04:00,2025-04-13T17:00:00-04:00,2025-04-13T20:00:00+00:00,2025-04-13T21:00:00+00:00,MOD-00811,60,68.045,9.578,1.711,1.793,2.4,752.546,1.584,19.792,40.819
2025-04-13T17:00:00-04:00,2025-04-13T18:00:00-04:00,2025-04-13T21:00:00+00:00,2025-04-13T22:00:00+00:00,MOD-00811,60,65.377,10.12,1.369,1.452,2.267,761.622,2.088,19.462,39.628
2025-04-13T18:00:00-04:00,2025-04-13T19:00:00-04:00,2025-04-13T22:00:00+00:00,2025-04-13T23:00:00+00:00,MOD-00811,60,62.962,10.438,1.675,1.791,2.953,797.096,2.742,20.465,37.625
2025-04-13T19:00:00-04:00,2025-04-13T20:00:00-04:00,2025-04-13T23:00:00+00:00,2025-04-14T00:00:00+00:00,MOD-00811,60,74.757,9.097,5.49,5.699,7.755,735.691,1.707,22.506,29.4
2025-04-13T20:00:00-04:00,2025-04-13T21:00:00-04:00,2025-04-14T00:00:00+00:00,2025-04-14T01:00:00+00:00,MOD-00811,60,80.94,7.682,6.073,6.368,8.554,733.186,2.071,22.633,30.701
2025-04-13T21:00:00-04:00,2025-04-13T22:00:00-04:00,2025-04-14T01:00:00+00:00,2025-04-14T02:00:00+00:00,MOD-00811,60,83.387,7.0,6.584,6.938,11.395,740.066,2.298,24.309,28.116
2025-04-13T22:00:00-04:00,2025-04-13T23:00:00-04:00,2025-04-14T02:00:00+00:00,2025-04-14T03:00:00+00:00,MOD-00811,60,87.515,6.145,6.153,6.531,9.267,898.841,2.985,25.242,24.344
2025-04-13T23:00:00-04:00,2025-04-14T00:00:00-04:00,2025-04-14T03:00:00+00:00,2025-04-14T04:00:00+00:00,MOD-00811,60,86.567,6.332,6.483,6.812,9.05,886.066,2.772,24.944,23.216
2025-04-14T00:00:00-04:00,2025-04-14T01:00:00-04:00,2025-04-14T04:00:00+00:00,2025-04-14T05:00:00+00:00,MOD-00811,60,77.07,6.643,2.809,2.952,3.829,811.75,1.82,19.057,33.168
2025-04-14T01:00:00-04:00,2025-04-14T02:00:00-04:00,2025-04-14T05:00:00+00:00,2025-04-14T06:00:00+00:00,MOD-00811,60,75.882,6.457,1.525,1.693,2.579,824.735,1.75,18.799,33.722
2025-04-14T02:00:00-04:00,2025-04-14T03:00:00-04:00,2025-04-14T06:00:00+00:00,2025-04-14T07:00:00+00:00,MOD-00811,60,76.265,5.968,1.663,1.857,2.764,813.31,1.721,20.583,33.699
2025-04-14T03:00:00-04:00,2025-04-14T04:00:00-04:00,2025-04-14T07:00:00+00:00,2025-04-14T08:00:00+00:00,MOD-00811,60,72.92,6.108,2.395,2.629,3.845,785.117,1.586,18.653,36.809
2025-04-14T04:00:00-04:00,2025-04-14T05:00:00-04:00,2025-04-14T08:00:00+00:00,2025-04-14T09:00:00+00:00,MOD-00811,60,62.357,7.707,2.842,3.13,4.548,740.923,2.515,14.134,43.239
2025-04-14T05:00:00-04:00,2025-04-14T06:00:00-04:00,2025-04-14T09:00:00+00:00,2025-04-14T10:00:00+00:00,MOD-00811,60,60.658,7.992,3.319,3.676,5.389,737.538,2.932,15.373,41.785
2025-04-14T06:00:00-04:00,2025-04-14T07:00:00-04:00,2025-04-14T10:00:00+00:00,2025-04-14T11:00:00+00:00,MOD-00811,60,57.995,8.035,3.886,4.216,5.165,754.425,2.414,11.494,41.69
2025-04-14T07:00:00-04:00,2025-04-14T08:00:00-04:00,2025-04-14T11:00:00+00:00,2025-04-14T12:00:00+00:00,MOD-00811,60,48.087,10.402,3.419,3.807,6.111,769.996,1.87,15.717,43.838
2025-04-14T08:00:00-04:00,2025-04-14T09:00:00-04:00,2025-04-14T12:00:00+00:00,2025-04-14T13:00:00+00:00,MOD-00811,60,43.067,12.728,3.721,4.133,7.215,753.775,2.711,14.047,45.033
2025-04-14T09:00:00-04:00,2025-04-14T10:00:00-04:00,2025-04-14T13:00:00+00:00,2025-04-14T14:00:00+00:00,MOD-00811,60,35.392,15.032,3.957,4.474,11.105,760.043,3.685,10.69,43.767
2025-04-14T10:00:00-04:00,2025-04-14T11:00:00-04:00,2025-04-14T14:00:00+00:00,2025-04-14T15:00:00+00:00,MOD-00811,60,32.347,17.088,4.544,5.114,11.382,730.579,2.583,11.244,45.265
2025-04-14T11:00:00-04:00,2025-04-14T12:00:00-04:00,2025-04-14T15:00:00+00:00,2025-04-14T16:00:00+00:00,MOD-00811,60,27.83,19.163,3.207,3.7,11.323,721.529,2.275,11.63,47.42
2025-04-14T12:00:00-04:00,2025-04-14T13:00:00-04:00,2025-04-14T16:00:00+00:00,2025-04-14T17:00:00+00:00,MOD-00811,60,23.97,21.197,2.998,3.378,7.915,698.817,1.988,12.858,49.113
2025-04-14T13:00:00-04:00,2025-04-14T14:00:00-04:00,2025-04-14T17:00:00+00:00,2025-04-14T18:00:00+00:00,MOD-00811,60,22.055,21.722,2.631,2.948,5.283,691.596,2.043,9.622,50.484
2025-04-14T14:00:00-04:00,2025-04-14T15:00:00-04:00,2025-04-14T18:00:00+00:00,2025-04-14T19:00:00+00:00,MOD-00811,60,22.033,22.167,2.565,2.876,5.524,705.57,2.042,8.948,51.149
2025-04-14T15:00:00-04:00,2025-04-14T16:00:00-04:00,2025-04-14T19:00:00+00:00,2025-04-14T20:00:00+00:00,MOD-00811,60,21.712,22.643,2.679,2.968,5.789,718.978,2.095,9.018,52.069
2025-04-14T16:00:00-04:00,2025-04-14T17:00:00-04:00,2025-04-14T20:00:00+00:00,2025-04-14T21:00:00+00:00,MOD-00811,60,20.115,23.76,2.377,2.66,5.402,717.807,2.286,8.232,53.713
2025-04-14T17:00:00-04:00,2025-04-14T18:00:00-04:00,2025-04-14T21:00:00+00:00,2025-04-14T22:00:00+00:00,MOD-00811,60,19.192,23.82,2.156,2.469,4.537,710.297,2.378,8.94,54.514
2025-04-14T18:00:00-04:00,2025-04-14T19:00:00-04:00,2025-04-14T22:00:00+00:00,2025-04-14T23:00:00+00:00,MOD-00811,60,21.355,22.168,2.234,2.527,5.714,747.385,2.044,12.035,55.776
2025-04-14T19:00:00-04:00,2025-04-14T20:00:00-04:00,2025-04-14T23:00:00+00:00,2025-04-15T00:00:00+00:00,MOD-00811,60,28.877,18.4,2.972,3.256,5.875,797.472,1.857,18.295,55.824
2025-04-14T20:00:00-04:00,2025-04-14T21:00:00-04:00,2025-04-15T00:00:00+00:00,2025-04-15T01:00:00+00:00,MOD-00811,60,30.947,16.433,2.594,2.89,5.272,804.121,1.998,13.197,54.884
2025-04-14T21:00:00-04:00,2025-04-14T22:00:00-04:00,2025-04-15T01:00:00+00:00,2025-04-15T02:00:00+00:00,MOD-00811,60,35.648,15.278,3.622,4.064,7.292,824.631,2.417,16.487,50.382
2025-04-14T22:00:00-04:00,2025-04-14T23:00:00-04:00,2025-04-15T02:00:00+00:00,2025-04-15T03:00:00+00:00,MOD-00811,60,40.795,14.44,3.6,4.005,6.769,799.608,2.483,23.496,50.81
2025-04-14T23:00:00-04:00,2025-04-15T00:00:00-04:00,2025-04-15T03:00:00+00:00,2025-04-15T04:00:00+00:00,MOD-00811,60,41.44,14.41,3.554,3.844,5.833,760.707,2.458,19.715,53.714
2025-04-15T00:00:00-04:00,2025-04-15T01:00:00-04:00,2025-04-15T04:00:00+00:00,2025-04-15T05:00:00+00:00,MOD-00811,60,43.683,13.797,4.877,5.115,7.238,752.137,2.392,21.361,52.175
2025-04-15T01:00:00-04:00,2025-04-15T02:00:00-04:00,2025-04-15T05:00:00+00:00,2025-04-15T06:00:00+00:00,MOD-00811,60,59.018,12.29,4.876,5.452,9.593,731.855,2.027,19.398,50.696
2025-04-15T02:00:00-04:00,2025-04-15T03:00:00-04:00,2025-04-15T06:00:00+00:00,2025-04-15T07:00:00+00:00,MOD-00811,60,65.98,11.152,4.774,5.729,12.113,729.446,2.019,21.774,48.598
2025-04-15T03:00:00-04:00,2025-04-15T04:00:00-04:00,2025-04-15T07:00:00+00:00,2025-04-15T08:00:00+00:00,MOD-00811,60,74.397,10.19,4.807,6.257,18.179,718.011,1.643,21.306,49.132
2025-04-15T04:00:00-04:00,2025-04-15T05:00:00-04:00,2025-04-15T08:00:00+00:00,2025-04-15T09:00:00+00:00,MOD-00811,60,79.947,9.445,4.928,6.573,20.085,714.175,2.096,20.095,48.246
2025-04-15T05:00:00-04:00,2025-04-15T06:00:00-04:00,2025-04-15T09:00:00+00:00,2025-04-15T10:00:00+00:00,MOD-00811,60,85.113,9.03,5.657,8.994,53.887,711.946,2.293,9.361,46.22
2025-04-15T06:00:00-04:00,2025-04-15T07:00:00-04:00,2025-04-15T10:00:00+00:00,2025-04-15T11:00:00+00:00,MOD-00811,60,86.7,9.037,6.228,10.165,53.043,733.747,2.452,9.507,43.979
2025-04-15T07:00:00-04:00,2025-04-15T08:00:00-04:00,2025-04-15T11:00:00+00:00,2025-04-15T12:00:00+00:00,MOD-00811,60,85.195,9.493,6.318,9.518,34.857,760.869,2.398,9.933,44.313
2025-04-15T08:00:00-04:00,2025-04-15T09:00:00-04:00,2025-04-15T12:00:00+00:00,2025-04-15T13:00:00+00:00,MOD-00811,60,81.15,10.492,7.079,10.047,25.592,712.507,2.217,20.355,42.257
2025-04-15T09:00:00-04:00,2025-04-15T10:00:00-04:00,2025-04-15T13:00:00+00:00,2025-04-15T14:00:00+00:00,MOD-00811,60,75.573,11.745,7.477,10.409,24.848,719.278,1.849,19.3,45.145
2025-04-15T10:00:00-04:00,2025-04-15T11:00:00-04:00,2025-04-15T14:00:00+00:00,2025-04-15T15:00:00+00:00,MOD-00811,60,73.32,12.478,8.246,11.131,25.45,711.291,1.746,16.879,45.458
2025-04-15T11:00:00-04:00,2025-04-15T12:00:00-04:00,2025-04-15T15:00:00+00:00,2025-04-15T16:00:00+00:00,MOD-00811,60,68.885,14.117,8.385,11.937,24.613,717.707,2.308,17.304,43.891
2025-04-15T12:00:00-04:00,2025-04-15T13:00:00-04:00,2025-04-15T16:00:00+00:00,2025-04-15T17:00:00+00:00,MOD-00811,60,65.917,15.235,9.04,13.622,30.478,739.256,2.356,13.272,45.95
2025-04-15T13:00:00-04:00,2025-04-15T14:00:00-04:00,2025-04-15T17:00:00+00:00,2025-04-15T18:00:00+00:00,MOD-00811,60,77.39,12.853,9.189,15.068,40.265,826.279,1.913,21.501,44.381
2025-04-15T14:00:00-04:00,2025-04-15T15:00:00-04:00,2025-04-15T18:00:00+00:00,2025-04-15T19:00:00+00:00,MOD-00811,60,79.985,12.65,9.144,14.556,34.456,728.363,2.149,19.165,42.974
2025-04-15T15:00:00-04:00,2025-04-15T16:00:00-04:00,2025-04-15T19:00:00+00:00,2025-04-15T20:00:00+00:00,MOD-00811,60,65.635,16.17,11.166,14.759,23.007,737.879,2.654,12.602,43.58
2025-04-15T16:00:00-04:00,2025-04-15T17:00:00-04:00,2025-04-15T20:00:00+00:00,2025-04-15T21:00:00+00:00,MOD-00811,60,59.345,17.668,10.988,13.82,20.937,731.99,2.405,11.308,43.546
2025-04-15T17:00:00-04:00,2025-04-15T18:00:00-04:00,2025-04-15T21:00:00+00:00,2025-04-15T22:00:00+00:00,MOD-00811,60,49.352,20.033,8.274,9.352,14.142,757.916,2.842,13.965,45.941
2025-04-15T18:00:00-04:00,2025-04-15T19:00:00-04:00,2025-04-15T22:00:00+00:00,2025-04-15T23:00:00+00:00,MOD-00811,60,64.737,13.788,3.003,3.845,10.265,683.626,1.826,16.226,46.4
2025-04-15T19:00:00-04:00,2025-04-15T20:00:00-04:00,2025-04-15T23:00:00+00:00,2025-04-16T00:00:00+00:00,MOD-00811,60,69.393,11.598,1.892,2.506,8.507,718.562,1.809,18.66,44.759
2025-04-15T20:00:00-04:00,2025-04-15T21:00:00-04:00,2025-04-16T00:00:00+00:00,2025-04-16T01:00:00+00:00,MOD-00811,60,61.605,11.137,1.48,1.794,4.135,717.731,2.403,15.543,45.447
2025-04-15T21:00:00-04:00,2025-04-15T22:00:00-04:00,2025-04-16T01:00:00+00:00,2025-04-16T02:00:00+00:00,MOD-00811,60,59.245,10.395,1.287,1.538,2.852,721.897,2.257,17.198,45.922
2025-04-15T22:00:00-04:00,2025-04-15T23:00:00-04:00,2025-04-16T02:00:00+00:00,2025-04-16T03:00:00+00:00,MOD-00811,60,56.023,10.523,1.665,1.928,3.234,695.909,1.729,17.627,45.983
2025-04-15T23:00:00-04:00,2025-04-16T00:00:00-04:00,2025-04-16T03:00:00+00:00,2025-04-16T04:00:00+00:00,MOD-00811,60,55.118,10.335,1.398,1.667,3.402,698.976,1.653,16.575,45.923
2025-04-16T00:00:00-04:00,2025-04-16T01:00:00-04:00,2025-04-16T04:00:00+00:00,2025-04-16T05:00:00+00:00,MOD-00811,60,54.99,10.133,1.463,1.66,3.024,693.793,1.712,15.047,45.008
2025-04-16T01:00:00-04:00,2025-04-16T02:00:00-04:00,2025-04-16T05:00:00+00:00,2025-04-16T06:00:00+00:00,MOD-00811,60,55.395,9.37,0.876,0.965,1.25,692.059,1.724,13.531,43.421
2025-04-16T02:00:00-04:00,2025-04-16T03:00:00-04:00,2025-04-16T06:00:00+00:00,2025-04-16T07:00:00+00:00,MOD-00811,60,54.473,9.148,0.904,0.956,1.813,692.125,1.635,12.515,42.876
2025-04-16T03:00:00-04:00,2025-04-16T04:00:00-04:00,2025-04-16T07:00:00+00:00,2025-04-16T08:00:00+00:00,MOD-00811,60,53.6,8.608,0.701,0.771,1.186,693.025,1.679,12.686,43.549
2025-04-16T04:00:00-04:00,2025-04-16T05:00:00-04:00,2025-04-16T08:00:00+00:00,2025-04-16T09:00:00+00:00,MOD-00811,60,50.108,7.6,0.409,0.444,0.685,692.733,1.802,12.345,45.74
2025-04-16T05:00:00-04:00,2025-04-16T06:00:00-04:00,2025-04-16T09:00:00+00:00,2025-04-16T10:00:00+00:00,MOD-00811,60,49.632,7.332,0.325,0.397,2.144,709.154,1.813,12.547,44.895
2025-04-16T06:00:00-04:00,2025-04-16T07:00:00-04:00,2025-04-16T10:00:00+00:00,2025-04-16T11:00:00+00:00,MOD-00811,60,50.127,7.715,0.459,0.527,1.932,731.124,1.756,19.629,43.301
2025-04-16T07:00:00-04:00,2025-04-16T08:00:00-04:00,2025-04-16T11:00:00+00:00,2025-04-16T12:00:00+00:00,MOD-00811,60,49.167,8.643,0.72,0.854,2.43,757.151,1.816,15.831,41.519
2025-04-16T08:00:00-04:00,2025-04-16T09:00:00-04:00,2025-04-16T12:00:00+00:00,2025-04-16T13:00:00+00:00,MOD-00811,60,46.9,9.017,0.687,0.769,1.438,734.512,1.815,12.867,44.316
2025-04-16T09:00:00-04:00,2025-04-16T10:00:00-04:00,2025-04-16T13:00:00+00:00,2025-04-16T14:00:00+00:00,MOD-00811,60,45.782,8.69,0.504,0.585,0.877,712.417,1.892,11.355,45.318
2025-04-16T10:00:00-04:00,2025-04-16T11:00:00-04:00,2025-04-16T14:00:00+00:00,2025-04-16T15:00:00+00:00,MOD-00811,60,43.978,9.465,0.609,0.689,1.819,705.866,1.909,13.719,46.062
2025-04-16T11:00:00-04:00,2025-04-16T12:00:00-04:00,2025-04-16T15:00:00+00:00,2025-04-16T16:00:00+00:00,MOD-00811,60,40.675,10.245,0.595,0.717,2.328,713.323,2.216,12.006,46.21
2025-04-16T12:00:00-04:00,2025-04-16T13:00:00-04:00,2025-04-16T16:00:00+00:00,2025-04-16T17:00:00+00:00,MOD-00811,60,39.782,10.977,0.743,0.981,3.881,717.094,2.633,12.012,45.678
2025-04-16T13:00:00-04:00,2025-04-16T14:00:00-04:00,2025-04-16T17:00:00+00:00,2025-04-16T18:00:00+00:00,MOD-00811,60,37.89,11.357,0.664,0.774,2.138,706.71,2.605,10.333,47.339
2025-04-16T14:00:00-04:00,2025-04-16T15:00:00-04:00,2025-04-16T18:00:00+00:00,2025-04-16T19:00:00+00:00,MOD-00811,60,35.278,12.097,0.743,0.908,2.59,710.007,2.634,11.445,48.28
2025-04-16T15:00:00-04:00,2025-04-16T16:00:00-04:00,2025-04-16T19:00:00+00:00,2025-04-16T20:00:00+00:00,MOD-00811,60,34.065,12.633,0.708,0.835,3.604,702.95,2.667,10.37,48.613
2025-04-16T16:00:00-04:00,2025-04-16T17:00:00-04:00,2025-04-16T20:00:00+00:00,2025-04-16T21:00:00+00:00,MOD-00811,60,34.26,12.487,0.555,0.677,1.764,706.738,2.647,10.996,48.723
2025-04-16T17:00:00-04:00,2025-04-16T18:00:00-04:00,2025-04-16T21:00:00+00:00,2025-04-16T22:00:00+00:00,MOD-00811,60,35.437,12.178,0.674,0.775,1.772,717.276,2.538,11.722,48.105
2025-04-16T18:00:00-04:00,2025-04-16T19:00:00-04:00,2025-04-16T22:00:00+00:00,2025-04-16T23:00:00+00:00,MOD-00811,60,38.612,11.092,0.826,0.915,2.595,718.658,2.419,11.722,47.811
2025-04-16T19:00:00-04:00,2025-04-16T20:00:00-04:00,2025-04-16T23:00:00+00:00,2025-04-17T00:00:00+00:00,MOD-00811,60,43.45,9.415,1.198,1.296,4.197,722.347,1.826,13.636,46.811
2025-04-16T20:00:00-04:00,2025-04-16T21:00:00-04:00,2025-04-17T00:00:00+00:00,2025-04-17T01:00:00+00:00,MOD-00811,60,47.113,7.903,1.042,1.128,1.964,719.386,1.884,13.072,46.981
2025-04-16T21:00:00-04:00,2025-04-16T22:00:00-04:00,2025-04-17T01:00:00+00:00,2025-04-17T02:00:00+00:00,MOD-00811,60,49.593,7.195,1.21,1.297,1.667,716.491,1.778,13.557,46.849
2025-04-16T22:00:00-04:00,2025-04-16T23:00:00-04:00,2025-04-17T02:00:00+00:00,2025-04-17T03:00:00+00:00,MOD-00811,60,51.407,6.577,1.37,1.433,1.969,719.332,1.783,14.009,46.323
2025-04-16T23:00:00-04:00,2025-04-17T00:00:00-04:00,2025-04-17T03:00:00+00:00,2025-04-17T04:00:00+00:00,MOD-00811,60,54.045,6.055,1.265,1.347,2.017,710.615,2.201,19.056,45.81
2025-04-17T00:00:00-04:00,2025-04-17T01:00:00-04:00,2025-04-17T04:00:00+00:00,2025-04-17T05:00:00+00:00,MOD-00811,60,56.02,5.805,1.265,1.362,2.274,708.477,2.302,19.179,45.685
2025-04-17T01:00:00-04:00,2025-04-17T02:00:00-04:00,2025-04-17T05:00:00+00:00,2025-04-17T06:00:00+00:00,MOD-00811,60,57.513,5.747,1.429,1.517,1.817,707.552,2.235,18.775,45.73
2025-04-17T02:00:00-04:00,2025-04-17T03:00:00-04:00,2025-04-17T06:00:00+00:00,2025-04-17T07:00:00+00:00,MOD-00811,60,58.535,5.668,1.531,1.67,2.299,708.603,2.281,18.871,45.747
2025-04-17T03:00:00-04:00,2025-04-17T04:00:00-04:00,2025-04-17T07:00:00+00:00,2025-04-17T08:00:00+00:00,MOD-00811,60,59.947,5.363,1.341,1.491,2.465,711.841,2.394,19.033,44.977
2025-04-17T04:00:00-04:00,2025-04-17T05:00:00-04:00,2025-04-17T08:00:00+00:00,2025-04-17T09:00:00+00:00,MOD-00811,60,59.227,5.537,1.869,2.019,3.254,714.236,2.316,18.946,44.499
2025-04-17T05:00:00-04:00,2025-04-17T06:00:00-04:00,2025-04-17T09:00:00+00:00,2025-04-17T10:00:00+00:00,MOD-00811,60,59.493,5.415,1.512,1.668,2.827,728.762,2.333,19.554,43.333
2025-04-17T06:00:00-04:00,2025-04-17T07:00:00-04:00,2025-04-17T10:00:00+00:00,2025-04-17T11:00:00+00:00,MOD-00811,60,57.867,5.925,1.798,1.958,3.882,752.848,2.324,19.78,42.095
2025-04-17T07:00:00-04:00,2025-04-17T08:00:00-04:00,2025-04-17T11:00:00+00:00,2025-04-17T12:00:00+00:00,MOD-00811,60,51.567,7.857,1.903,2.055,4.284,737.287,1.877,17.341,44.124
2025-04-17T08:00:00-04:00,2025-04-17T09:00:00-04:00,2025-04-17T12:00:00+00:00,2025-04-17T13:00:00+00:00,MOD-00811,60,46.238,9.605,1.837,2.022,4.216,729.624,1.818,14.378,45.555
2025-04-17T09:00:00-04:00,2025-04-17T10:00:00-04:00,2025-04-17T13:00:00+00:00,2025-04-17T14:00:00+00:00,MOD-00811,60,41.482,11.528,1.724,1.873,3.659,718.103,2.522,15.087,46.74
2025-04-17T10:00:00-04:00,2025-04-17T11:00:00-04:00,2025-04-17T14:00:00+00:00,2025-04-17T15:00:00+00:00,MOD-00811,60,36.267,13.453,1.386,1.592,6.408,713.328,2.627,7.165,47.954
2025-04-17T11:00:00-04:00,2025-04-17T12:00:00-04:00,2025-04-17T15:00:00+00:00,2025-04-17T16:00:00+00:00,MOD-00811,60,33.017,14.722,1.396,1.632,7.46,724.36,2.478,6.759,48.893
2025-04-17T12:00:00-04:00,2025-04-17T13:00:00-04:00,2025-04-17T16:00:00+00:00,2025-04-17T17:00:00+00:00,MOD-00811,60,29.083,15.495,1.272,1.439,3.429,690.926,2.541,11.503,50.732
2025-04-17T13:00:00-04:00,2025-04-17T14:00:00-04:00,2025-04-17T17:00:00+00:00,2025-04-17T18:00:00+00:00,MOD-00811,60,25.72,16.917,1.355,1.555,3.863,738.568,2.597,16.929,50.937
2025-04-17T14:00:00-04:00,2025-04-17T15:00:00-04:00,2025-04-17T18:00:00+00:00,2025-04-17T19:00:00+00:00,MOD-00811,60,21.015,17.502,1.493,1.855,5.692,709.646,2.04,9.524,52.854
2025-04-17T15:00:00-04:00,2025-04-17T16:00:00-04:00,2025-04-17T19:00:00+00:00,2025-04-17T20:00:00+00:00,MOD-00811,60,17.89,17.902,1.917,2.349,5.921,688.884,2.175,7.506,54.57
2025-04-17T16:00:00-04:00,2025-04-17T17:00:00-04:00,2025-04-17T20:00:00+00:00,2025-04-17T21:00:00+00:00,MOD-00811,60,18.067,18.002,2.256,2.71,5.4,700.956,2.071,7.656,55.251
2025-04-17T17:00:00-04:00,2025-04-17T18:00:00-04:00,2025-04-17T21:00:00+00:00,2025-04-17T22:00:00+00:00,MOD-00811,60,18.192,17.637,2.401,2.76,5.793,705.646,2.025,8.137,55.966
2025-04-17T18:00:00-04:00,2025-04-17T19:00:00-04:00,2025-04-17T22:00:00+00:00,2025-04-17T23:00:00+00:00,MOD-00811,60,19.277,16.568,2.472,2.81,4.021,717.631,1.985,12.901,55.395
2025-04-17T19:00:00-04:00,2025-04-17T20:00:00-04:00,2025-04-17T23:00:00+00:00,2025-04-18T00:00:00+00:00,MOD-00811,60,22.088,14.623,2.248,2.565,4.571,750.269,2.242,21.592,53.416
2025-04-17T20:00:00-04:00,2025-04-17T21:00:00-04:00,2025-04-18T00:00:00+00:00,2025-04-18T01:00:00+00:00,MOD-00811,60,25.678,13.038,1.77,2.086,6.142,793.956,2.66,15.357,50.808
2025-04-17T21:00:00-04:00,2025-04-17T22:00:00-04:00,2025-04-18T01:00:00+00:00,2025-04-18T02:00:00+00:00,MOD-00811,60,27.638,12.11,1.625,1.952,4.856,811.362,2.681,7.09,49.507
2025-04-17T22:00:00-04:00,2025-04-17T23:00:00-04:00,2025-04-18T02:00:00+00:00,2025-04-18T03:00:00+00:00,MOD-00811,60,27.447,11.503,1.506,1.763,4.598,761.171,2.628,4.729,50.521
2025-04-17T23:00:00-04:00,2025-04-18T00:00:00-04:00,2025-04-18T03:00:00+00:00,2025-04-18T04:00:00+00:00,MOD-00811,60,27.347,10.887,1.499,1.786,2.907,760.974,2.564,4.782,50.453
2025-04-18T00:00:00-04:00,2025-04-18T01:00:00-04:00,2025-04-18T04:00:00+00:00,2025-04-18T05:00:00+00:00,MOD-00811,60,28.662,9.987,1.146,1.398,3.701,758.172,2.116,7.141,49.533
2025-04-18T01:00:00-04:00,2025-04-18T02:00:00-04:00,2025-04-18T05:00:00+00:00,2025-04-18T06:00:00+00:00,MOD-00811,60,30.117,9.19,1.011,1.267,3.16,770.414,2.215,7.568,48.682
2025-04-18T02:00:00-04:00,2025-04-18T03:00:00-04:00,2025-04-18T06:00:00+00:00,2025-04-18T07:00:00+00:00,MOD-00811,60,32.068,8.313,1.078,1.324,2.837,773.247,2.15,7.762,47.783
2025-04-18T03:00:00-04:00,2025-04-18T04:00:00-04:00,2025-04-18T07:00:00+00:00,2025-04-18T08:00:00+00:00,MOD-00811,60,35.007,7.032,1.471,1.727,4.05,782.188,2.832,15.219,44.76
2025-04-18T04:00:00-04:00,2025-04-18T05:00:00-04:00,2025-04-18T08:00:00+00:00,2025-04-18T09:00:00+00:00,MOD-00811,60,37.44,6.417,1.633,1.879,3.631,928.763,2.331,24.686,39.585
2025-04-18T05:00:00-04:00,2025-04-18T06:00:00-04:00,2025-04-18T09:00:00+00:00,2025-04-18T10:00:00+00:00,MOD-00811,60,46.377,4.81,2.103,2.399,5.566,1026.477,2.137,32.405,24.845
2025-04-18T06:00:00-04:00,2025-04-18T07:00:00-04:00,2025-04-18T10:00:00+00:00,2025-04-18T11:00:00+00:00,MOD-00811,60,47.72,4.892,2.529,3.068,10.178,1147.73,5.436,34.786,20.779
2025-04-18T07:00:00-04:00,2025-04-18T08:00:00-04:00,2025-04-18T11:00:00+00:00,2025-04-18T12:00:00+00:00,MOD-00811,60,31.452,10.11,2.605,3.052,9.585,1061.831,7.029,23.805,33.467
2025-04-18T08:00:00-04:00,2025-04-18T09:00:00-04:00,2025-04-18T12:00:00+00:00,2025-04-18T13:00:00+00:00,MOD-00811,60,24.397,15.017,3.868,4.51,14.946,1018.094,2.655,27.538,36.72
2025-04-18T09:00:00-04:00,2025-04-18T10:00:00-04:00,2025-04-18T13:00:00+00:00,2025-04-18T14:00:00+00:00,MOD-00811,60,23.155,17.878,2.792,3.196,8.576,789.026,2.334,17.712,44.596
2025-04-18T10:00:00-04:00,2025-04-18T11:00:00-04:00,2025-04-18T14:00:00+00:00,2025-04-18T15:00:00+00:00,MOD-00811,60,19.368,18.467,1.688,1.919,3.536,675.41,2.043,7.755,53.072
2025-04-18T11:00:00-04:00,2025-04-18T12:00:00-04:00,2025-04-18T15:00:00+00:00,2025-04-18T16:00:00+00:00,MOD-00811,60,21.877,18.222,1.55,1.793,4.667,665.031,1.969,10.638,54.893
2025-04-18T12:00:00-04:00,2025-04-18T13:00:00-04:00,2025-04-18T16:00:00+00:00,2025-04-18T17:00:00+00:00,MOD-00811,60,23.36,18.983,1.584,1.916,5.38,675.48,1.889,12.069,55.54
2025-04-18T13:00:00-04:00,2025-04-18T14:00:00-04:00,2025-04-18T17:00:00+00:00,2025-04-18T18:00:00+00:00,MOD-00811,60,19.865,20.38,2.325,2.745,9.568,678.752,2.095,9.988,56.337
2025-04-18T14:00:00-04:00,2025-04-18T15:00:00-04:00,2025-04-18T18:00:00+00:00,2025-04-18T19:00:00+00:00,MOD-00811,60,15.928,21.842,2.476,2.899,8.899,694.195,2.316,9.382,58.537
2025-04-18T15:00:00-04:00,2025-04-18T16:00:00-04:00,2025-04-18T19:00:00+00:00,2025-04-18T20:00:00+00:00,MOD-00811,60,16.77,21.648,4.795,5.228,11.266,693.012,2.315,8.672,59.484
2025-04-18T16:00:00-04:00,2025-04-18T17:00:00-04:00,2025-04-18T20:00:00+00:00,2025-04-18T21:00:00+00:00,MOD-00811,60,20.022,20.803,5.993,6.54,15.041,718.739,2.058,8.614,60.881
2025-04-18T17:00:00-04:00,2025-04-18T18:00:00-04:00,2025-04-18T21:00:00+00:00,2025-04-18T22:00:00+00:00,MOD-00811,60,23.242,18.29,3.859,4.407,10.612,731.199,2.082,14.124,60.498
2025-04-18T18:00:00-04:00,2025-04-18T19:00:00-04:00,2025-04-18T22:00:00+00:00,2025-04-18T23:00:00+00:00,MOD-00811,60,26.638,16.147,4.284,4.826,9.971,744.864,2.552,21.171,60.584
2025-04-18T19:00:00-04:00,2025-04-18T20:00:00-04:00,2025-04-18T23:00:00+00:00,2025-04-19T00:00:00+00:00,MOD-00811,60,30.873,14.572,3.302,3.947,8.185,759.717,2.216,12.744,58.679
2025-04-18T20:00:00-04:00,2025-04-18T21:00:00-04:00,2025-04-19T00:00:00+00:00,2025-04-19T01:00:00+00:00,MOD-00811,60,38.96,13.69,2.925,3.921,8.652,761.924,2.365,16.14,57.532
2025-04-18T21:00:00-04:00,2025-04-18T22:00:00-04:00,2025-04-19T01:00:00+00:00,2025-04-19T02:00:00+00:00,MOD-00811,60,49.592,13.663,2.887,4.389,12.433,748.837,1.682,16.459,57.193
2025-04-18T22:00:00-04:00,2025-04-18T23:00:00-04:00,2025-04-19T02:00:00+00:00,2025-04-19T03:00:00+00:00,MOD-00811,60,55.655,13.66,3.426,5.405,18.98,754.455,1.501,10.359,54.71
2025-04-18T23:00:00-04:00,2025-04-19T00:00:00-04:00,2025-04-19T03:00:00+00:00,2025-04-19T04:00:00+00:00,MOD-00811,60,62.267,13.987,3.73,6.093,24.393,739.508,2.117,19.223,54.543
2025-04-19T00:00:00-04:00,2025-04-19T01:00:00-04:00,2025-04-19T04:00:00+00:00,2025-04-19T05:00:00+00:00,MOD-00811,60,65.333,14.123,4.133,7.049,26.538,724.376,2.113,21.447,53.787
2025-04-19T01:00:00-04:00,2025-04-19T02:00:00-04:00,2025-04-19T05:00:00+00:00,2025-04-19T06:00:00+00:00,MOD-00811,60,70.447,13.255,4.132,8.622,37.757,699.836,1.829,19.964,52.127
2025-04-19T02:00:00-04:00,2025-04-19T03:00:00-04:00,2025-04-19T06:00:00+00:00,2025-04-19T07:00:00+00:00,MOD-00811,60,71.798,13.223,5.191,9.541,36.157,709.987,1.888,20.634,51.544
2025-04-19T03:00:00-04:00,2025-04-19T04:00:00-04:00,2025-04-19T07:00:00+00:00,2025-04-19T08:00:00+00:00,MOD-00811,60,69.668,13.767,5.824,10.694,35.928,688.133,1.983,18.295,49.888
2025-04-19T04:00:00-04:00,2025-04-19T05:00:00-04:00,2025-04-19T08:00:00+00:00,2025-04-19T09:00:00+00:00,MOD-00811,60,76.787,11.863,5.559,13.291,53.716,675.174,1.96,19.6,50.909
2025-04-19T05:00:00-04:00,2025-04-19T06:00:00-04:00,2025-04-19T09:00:00+00:00,2025-04-19T10:00:00+00:00,MOD-00811,60,78.42,11.837,6.736,14.06,59.204,701.729,2.05,18.541,49.102
2025-04-19T06:00:00-04:00,2025-04-19T07:00:00-04:00,2025-04-19T10:00:00+00:00,2025-04-19T11:00:00+00:00,MOD-00811,60,72.31,13.562,8.148,14.921,46.667,695.368,1.808,18.212,49.755
2025-04-19T07:00:00-04:00,2025-04-19T08:00:00-04:00,2025-04-19T11:00:00+00:00,2025-04-19T12:00:00+00:00,MOD-00811,60,67.782,15.053,8.77,15.301,42.342,717.134,2.177,12.987,48.293
2025-04-19T08:00:00-04:00,2025-04-19T09:00:00-04:00,2025-04-19T12:00:00+00:00,2025-04-19T13:00:00+00:00,MOD-00811,60,63.603,16.395,9.167,15.854,40.938,713.6,2.455,11.915,47.044
2025-04-19T09:00:00-04:00,2025-04-19T10:00:00-04:00,2025-04-19T13:00:00+00:00,2025-04-19T14:00:00+00:00,MOD-00811,60,52.998,20.707,9.389,13.899,28.967,723.377,2.688,14.452,46.756
2025-04-19T10:00:00-04:00,2025-04-19T11:00:00-04:00,2025-04-19T14:00:00+00:00,2025-04-19T15:00:00+00:00,MOD-00811,60,43.602,24.328,10.239,13.691,24.693,705.224,5.07,10.377,45.824
2025-04-19T11:00:00-04:00,2025-04-19T12:00:00-04:00,2025-04-19T15:00:00+00:00,2025-04-19T16:00:00+00:00,MOD-00811,60,41.008,25.155,9.665,13.085,22.232,685.503,4.752,7.966,46.863
2025-04-19T12:00:00-04:00,2025-04-19T13:00:00-04:00,2025-04-19T16:00:00+00:00,2025-04-19T17:00:00+00:00,MOD-00811,60,38.648,26.337,10.175,13.319,23.396,709.924,3.952,7.713,46.898
2025-04-19T13:00:00-04:00,2025-04-19T14:00:00-04:00,2025-04-19T17:00:00+00:00,2025-04-19T18:00:00+00:00,MOD-00811,60,44.983,23.183,8.988,15.388,31.45,691.773,4.015,14.958,48.208
2025-04-19T14:00:00-04:00,2025-04-19T15:00:00-04:00,2025-04-19T18:00:00+00:00,2025-04-19T19:00:00+00:00,MOD-00811,60,49.815,21.94,10.039,16.461,35.318,756.259,3.086,13.625,51.061
2025-04-19T15:00:00-04:00,2025-04-19T16:00:00-04:00,2025-04-19T19:00:00+00:00,2025-04-19T20:00:00+00:00,MOD-00811,60,38.188,27.822,11.883,14.674,24.731,766.63,3.516,8.899,52.859
2025-04-19T16:00:00-04:00,2025-04-19T17:00:00-04:00,2025-04-19T20:00:00+00:00,2025-04-19T21:00:00+00:00,MOD-00811,60,42.577,24.232,10.434,16.808,32.551,694.901,3.756,11.424,50.33
2025-04-19T17:00:00-04:00,2025-04-19T18:00:00-04:00,2025-04-19T21:00:00+00:00,2025-04-19T22:00:00+00:00,MOD-00811,60,54.042,19.965,9.851,18.159,42.751,738.365,2.415,17.434,50.94
2025-04-19T18:00:00-04:00,2025-04-19T19:00:00-04:00,2025-04-19T22:00:00+00:00,2025-04-19T23:00:00+00:00,MOD-00811,60,57.332,19.32,11.663,18.419,39.549,748.777,2.36,19.216,50.682
2025-04-19T19:00:00-04:00,2025-04-19T20:00:00-04:00,2025-04-19T23:00:00+00:00,2025-04-20T00:00:00+00:00,MOD-00811,60,64.778,16.898,11.654,19.175,44.73,735.415,2.344,14.816,49.838
2025-04-19T20:00:00-04:00,2025-04-19T21:00:00-04:00,2025-04-20T00:00:00+00:00,2025-04-20T01:00:00+00:00,MOD-00811,60,68.272,16.13,12.374,19.524,45.347,745.637,2.105,12.123,48.712
2025-04-19T21:00:00-04:00,2025-04-19T22:00:00-04:00,2025-04-20T01:00:00+00:00,2025-04-20T02:00:00+00:00,MOD-00811,60,59.792,19.902,11.67,14.669,29.881,812.012,2.345,8.631,48.542
2025-04-19T22:00:00-04:00,2025-04-19T23:00:00-04:00,2025-04-20T02:00:00+00:00,2025-04-20T03:00:00+00:00,MOD-00811,60,52.1,22.698,11.576,13.561,24.977,826.698,2.533,6.989,45.159
2025-04-19T23:00:00-04:00,2025-04-20T00:00:00-04:00,2025-04-20T03:00:00+00:00,2025-04-20T04:00:00+00:00,MOD-00811,60,51.835,23.083,12.89,14.493,26.283,854.669,2.626,8.563,42.789
2025-04-20T00:00:00-04:00,2025-04-20T01:00:00-04:00,2025-04-20T04:00:00+00:00,2025-04-20T05:00:00+00:00,MOD-00811,60,55.597,22.03,16.89,18.402,29.182,1147.556,2.365,6.469,37.039
2025-04-20T01:00:00-04:00,2025-04-20T02:00:00-04:00,2025-04-20T05:00:00+00:00,2025-04-20T06:00:00+00:00,MOD-00811,60,59.518,21.995,9.356,10.284,14.336,869.816,2.376,8.488,38.746
2025-04-20T02:00:00-04:00,2025-04-20T03:00:00-04:00,2025-04-20T06:00:00+00:00,2025-04-20T07:00:00+00:00,MOD-00811,60,55.683,22.79,3.344,4.188,6.76,698.015,2.388,12.571,40.171
2025-04-20T03:00:00-04:00,2025-04-20T04:00:00-04:00,2025-04-20T07:00:00+00:00,2025-04-20T08:00:00+00:00,MOD-00811,60,53.845,21.448,4.779,5.599,8.996,687.78,2.436,6.606,40.909
2025-04-20T04:00:00-04:00,2025-04-20T05:00:00-04:00,2025-04-20T08:00:00+00:00,2025-04-20T09:00:00+00:00,MOD-00811,60,48.858,19.937,4.034,4.54,13.394,682.724,2.282,9.063,45.877
2025-04-20T05:00:00-04:00,2025-04-20T06:00:00-04:00,2025-04-20T09:00:00+00:00,2025-04-20T10:00:00+00:00,MOD-00811,60,39.933,18.183,3.846,4.81,26.288,657.47,2.251,6.035,51.65
2025-04-20T06:00:00-04:00,2025-04-20T07:00:00-04:00,2025-04-20T10:00:00+00:00,2025-04-20T11:00:00+00:00,MOD-00811,60,34.008,16.203,2.978,3.463,20.901,657.802,2.431,6.203,53.215
2025-04-20T07:00:00-04:00,2025-04-20T08:00:00-04:00,2025-04-20T11:00:00+00:00,2025-04-20T12:00:00+00:00,MOD-00811,60,33.885,15.188,2.345,2.558,4.256,673.837,2.489,5.732,51.81
2025-04-20T08:00:00-04:00,2025-04-20T09:00:00-04:00,2025-04-20T12:00:00+00:00,2025-04-20T13:00:00+00:00,MOD-00811,60,37.617,15.317,2.386,2.583,4.422,693.041,2.535,8.411,49.394
2025-04-20T09:00:00-04:00,2025-04-20T10:00:00-04:00,2025-04-20T13:00:00+00:00,2025-04-20T14:00:00+00:00,MOD-00811,60,36.187,15.965,2.024,2.322,8.56,707.688,2.54,7.997,48.133
2025-04-20T10:00:00-04:00,2025-04-20T11:00:00-04:00,2025-04-20T14:00:00+00:00,2025-04-20T15:00:00+00:00,MOD-00811,60,31.542,16.915,1.724,2.08,8.036,695.865,2.257,7.038,48.982
2025-04-20T11:00:00-04:00,2025-04-20T12:00:00-04:00,2025-04-20T15:00:00+00:00,2025-04-20T16:00:00+00:00,MOD-00811,60,27.433,17.892,1.368,1.554,6.552,689.574,2.599,11.507,49.64
2025-04-20T12:00:00-04:00,2025-04-20T13:00:00-04:00,2025-04-20T16:00:00+00:00,2025-04-20T17:00:00+00:00,MOD-00811,60,24.853,18.15,1.546,1.685,3.719,681.546,2.482,12.1,50.79
2025-04-20T13:00:00-04:00,2025-04-20T14:00:00-04:00,2025-04-20T17:00:00+00:00,2025-04-20T18:00:00+00:00,MOD-00811,60,21.928,19.04,1.227,1.383,4.358,677.297,1.962,9.778,52.098
2025-04-20T14:00:00-04:00,2025-04-20T15:00:00-04:00,2025-04-20T18:00:00+00:00,2025-04-20T19:00:00+00:00,MOD-00811,60,19.025,19.748,1.541,1.686,4.309,670.456,2.119,6.594,53.779
2025-04-20T15:00:00-04:00,2025-04-20T16:00:00-04:00,2025-04-20T19:00:00+00:00,2025-04-20T20:00:00+00:00,MOD-00811,60,16.908,20.253,1.55,1.75,4.356,681.289,2.241,6.087,54.123
2025-04-20T16:00:00-04:00,2025-04-20T17:00:00-04:00,2025-04-20T20:00:00+00:00,2025-04-20T21:00:00+00:00,MOD-00811,60,15.685,20.23,1.869,2.089,3.352,685.855,2.266,6.636,54.612
2025-04-20T17:00:00-04:00,2025-04-20T18:00:00-04:00,2025-04-20T21:00:00+00:00,2025-04-20T22:00:00+00:00,MOD-00811,60,16.218,18.753,1.923,2.148,3.8,709.368,2.26,7.294,54.492
2025-04-20T18:00:00-04:00,2025-04-20T19:00:00-04:00,2025-04-20T22:00:00+00:00,2025-04-20T23:00:00+00:00,MOD-00811,60,16.653,17.733,2.239,2.452,3.326,727.06,2.171,7.419,54.424
2025-04-20T19:00:00-04:00,2025-04-20T20:00:00-04:00,2025-04-20T23:00:00+00:00,2025-04-21T00:00:00+00:00,MOD-00811,60,18.208,16.56,2.25,2.487,4.244,749.894,2.004,10.414,53.27
2025-04-20T20:00:00-04:00,2025-04-20T21:00:00-04:00,2025-04-21T00:00:00+00:00,2025-04-21T01:00:00+00:00,MOD-00811,60,19.428,15.262,1.832,2.071,3.204,783.416,1.951,14.301,52.035
2025-04-20T21:00:00-04:00,2025-04-20T22:00:00-04:00,2025-04-21T01:00:00+00:00,2025-04-21T02:00:00+00:00,MOD-00811,60,21.725,13.977,1.833,2.055,3.728,825.109,2.305,21.075,49.493
2025-04-20T22:00:00-04:00,2025-04-20T23:00:00-04:00,2025-04-21T02:00:00+00:00,2025-04-21T03:00:00+00:00,MOD-00811,60,23.997,12.932,1.961,2.197,4.641,838.959,2.788,14.707,47.663
2025-04-20T23:00:00-04:00,2025-04-21T00:00:00-04:00,2025-04-21T03:00:00+00:00,2025-04-21T04:00:00+00:00,MOD-00811,60,26.732,12.282,3.104,3.311,4.613,777.058,2.704,6.611,48.894
2025-04-21T00:00:00-04:00,2025-04-21T01:00:00-04:00,2025-04-21T04:00:00+00:00,2025-04-21T05:00:00+00:00,MOD-00811,60,28.487,11.472,3.28,3.474,5.031,746.017,2.297,6.895,49.505
2025-04-21T01:00:00-04:00,2025-04-21T02:00:00-04:00,2025-04-21T05:00:00+00:00,2025-04-21T06:00:00+00:00,MOD-00811,60,31.988,10.185,3.127,3.366,4.803,736.661,2.262,12.558,48.053
2025-04-21T02:00:00-04:00,2025-04-21T03:00:00-04:00,2025-04-21T06:00:00+00:00,2025-04-21T07:00:00+00:00,MOD-00811,60,32.893,9.087,2.629,2.919,4.352,719.234,2.217,10.229,48.187
2025-04-21T03:00:00-04:00,2025-04-21T04:00:00-04:00,2025-04-21T07:00:00+00:00,2025-04-21T08:00:00+00:00,MOD-00811,60,34.443,8.233,2.261,2.575,4.261,716.48,2.375,10.026,47.737
2025-04-21T04:00:00-04:00,2025-04-21T05:00:00-04:00,2025-04-21T08:00:00+00:00,2025-04-21T09:00:00+00:00,MOD-00811,60,34.552,7.695,1.755,2.105,4.95,747.978,2.46,11.975,44.919
2025-04-21T05:00:00-04:00,2025-04-21T06:00:00-04:00,2025-04-21T09:00:00+00:00,2025-04-21T10:00:00+00:00,MOD-00811,60,38.405,6.588,1.456,1.903,5.709,860.734,2.234,24.539,37.416
2025-04-21T06:00:00-04:00,2025-04-21T07:00:00-04:00,2025-04-21T10:00:00+00:00,2025-04-21T11:00:00+00:00,MOD-00811,60,38.855,7.222,2.566,3.127,10.756,934.702,3.83,27.592,31.934
2025-04-21T07:00:00-04:00,2025-04-21T08:00:00-04:00,2025-04-21T11:00:00+00:00,2025-04-21T12:00:00+00:00,MOD-00811,60,33.743,9.942,3.908,4.63,14.257,835.953,5.292,23.065,31.836
2025-04-21T08:00:00-04:00,2025-04-21T09:00:00-04:00,2025-04-21T12:00:00+00:00,2025-04-21T13:00:00+00:00,MOD-00811,60,27.87,12.185,2.73,3.431,17.649,745.836,3.165,12.214,42.558
2025-04-21T09:00:00-04:00,2025-04-21T10:00:00-04:00,2025-04-21T13:00:00+00:00,2025-04-21T14:00:00+00:00,MOD-00811,60,22.367,16.038,2.048,2.552,9.12,714.913,2.353,11.53,49.024
2025-04-21T10:00:00-04:00,2025-04-21T11:00:00-04:00,2025-04-21T14:00:00+00:00,2025-04-21T15:00:00+00:00,MOD-00811,60,20.445,17.307,1.819,2.202,6.291,685.326,1.977,9.641,51.731
2025-04-21T11:00:00-04:00,2025-04-21T12:00:00-04:00,2025-04-21T15:00:00+00:00,2025-04-21T16:00:00+00:00,MOD-00811,60,22.67,17.73,1.773,2.162,6.477,679.071,1.928,10.015,52.588
2025-04-21T12:00:00-04:00,2025-04-21T13:00:00-04:00,2025-04-21T16:00:00+00:00,2025-04-21T17:00:00+00:00,MOD-00811,60,22.997,17.873,1.654,2.058,6.805,686.459,2.114,11.754,53.206
2025-04-21T13:00:00-04:00,2025-04-21T14:00:00-04:00,2025-04-21T17:00:00+00:00,2025-04-21T18:00:00+00:00,MOD-00811,60,26.058,17.22,1.475,1.899,5.982,689.566,2.566,17.627,52.774
2025-04-21T14:00:00-04:00,2025-04-21T15:00:00-04:00,2025-04-21T18:00:00+00:00,2025-04-21T19:00:00+00:00,MOD-00811,60,28.862,16.237,1.476,1.898,4.972,711.979,2.496,13.99,52.035
2025-04-21T15:00:00-04:00,2025-04-21T16:00:00-04:00,2025-04-21T19:00:00+00:00,2025-04-21T20:00:00+00:00,MOD-00811,60,36.182,13.562,1.544,2.045,6.519,751.792,2.417,9.567,50.158
2025-04-21T16:00:00-04:00,2025-04-21T17:00:00-04:00,2025-04-21T20:00:00+00:00,2025-04-21T21:00:00+00:00,MOD-00811,60,38.623,13.463,1.67,2.252,5.79,714.682,2.478,13.643,50.647
2025-04-21T17:00:00-04:00,2025-04-21T18:00:00-04:00,2025-04-21T21:00:00+00:00,2025-04-21T22:00:00+00:00,MOD-00811,60,38.423,12.605,1.474,2.148,5.793,726.761,2.459,11.01,49.459
2025-04-21T18:00:00-04:00,2025-04-21T19:00:00-04:00,2025-04-21T22:00:00+00:00,2025-04-21T23:00:00+00:00,MOD-00811,60,45.778,11.105,1.692,2.724,9.345,728.888,1.993,19.345,48.711
2025-04-21T19:00:00-04:00,2025-04-21T20:00:00-04:00,2025-04-21T23:00:00+00:00,2025-04-22T00:00:00+00:00,MOD-00811,60,52.492,10.217,1.722,3.132,12.16,730.256,1.557,14.205,48.105
2025-04-21T20:00:00-04:00,2025-04-21T21:00:00-04:00,2025-04-22T00:00:00+00:00,2025-04-22T01:00:00+00:00,MOD-00811,60,57.838,9.872,2.236,4.25,16.965,723.391,2.025,12.248,46.563
2025-04-21T21:00:00-04:00,2025-04-21T22:00:00-04:00,2025-04-22T01:00:00+00:00,2025-04-22T02:00:00+00:00,MOD-00811,60,62.447,9.768,2.127,4.87,24.085,711.516,2.343,15.273,47.555
2025-04-21T22:00:00-04:00,2025-04-21T23:00:00-04:00,2025-04-22T02:00:00+00:00,2025-04-22T03:00:00+00:00,MOD-00811,60,68.71,9.485,2.063,5.452,34.585,709.753,1.513,20.529,45.866
2025-04-21T23:00:00-04:00,2025-04-22T00:00:00-04:00,2025-04-22T03:00:00+00:00,2025-04-22T04:00:00+00:00,MOD-00811,60,70.155,9.915,2.163,5.917,37.226,697.607,1.483,20.014,45.066
2025-04-22T00:00:00-04:00,2025-04-22T01:00:00-04:00,2025-04-22T04:00:00+00:00,2025-04-22T05:00:00+00:00,MOD-00811,60,70.025,10.298,2.163,6.142,36.957,686.489,1.529,18.569,45.904
2025-04-22T01:00:00-04:00,2025-04-22T02:00:00-04:00,2025-04-22T05:00:00+00:00,2025-04-22T06:00:00+00:00,MOD-00811,60,66.922,10.733,2.216,6.069,34.761,682.198,1.785,17.398,46.721
2025-04-22T02:00:00-04:00,2025-04-22T03:00:00-04:00,2025-04-22T06:00:00+00:00,2025-04-22T07:00:00+00:00,MOD-00811,60,70.79,10.597,2.267,6.57,36.659,674.637,1.599,18.297,46.884
2025-04-22T03:00:00-04:00,2025-04-22T04:00:00-04:00,2025-04-22T07:00:00+00:00,2025-04-22T08:00:00+00:00,MOD-00811,60,80.578,9.885,2.205,7.768,39.146,676.373,2.156,17.823,45.352
2025-04-22T04:00:00-04:00,2025-04-22T05:00:00-04:00,2025-04-22T08:00:00+00:00,2025-04-22T09:00:00+00:00,MOD-00811,60,83.823,9.897,2.286,8.953,50.459,677.837,2.299,12.323,44.156
2025-04-22T05:00:00-04:00,2025-04-22T06:00:00-04:00,2025-04-22T09:00:00+00:00,2025-04-22T10:00:00+00:00,MOD-00811,60,86.552,10.153,2.508,10.649,63.171,693.138,2.585,11.923,41.462
2025-04-22T06:00:00-04:00,2025-04-22T07:00:00-04:00,2025-04-22T10:00:00+00:00,2025-04-22T11:00:00+00:00,MOD-00811,60,87.847,10.657,3.026,12.28,112.797,743.883,3.004,17.28,38.268
2025-04-22T07:00:00-04:00,2025-04-22T08:00:00-04:00,2025-04-22T11:00:00+00:00,2025-04-22T12:00:00+00:00,MOD-00811,60,85.967,12.435,3.9,13.979,104.352,794.928,3.374,21.968,33.367
2025-04-22T08:00:00-04:00,2025-04-22T09:00:00-04:00,2025-04-22T12:00:00+00:00,2025-04-22T13:00:00+00:00,MOD-00811,60,80.397,15.098,5.34,14.3,43.094,750.541,2.134,20.813,35.207
2025-04-22T09:00:00-04:00,2025-04-22T10:00:00-04:00,2025-04-22T13:00:00+00:00,2025-04-22T14:00:00+00:00,MOD-00811,60,74.945,16.52,5.701,14.097,38.585,702.547,1.857,14.528,38.9
2025-04-22T10:00:00-04:00,2025-04-22T11:00:00-04:00,2025-04-22T14:00:00+00:00,2025-04-22T15:00:00+00:00,MOD-00811,60,68.548,18.008,5.987,15.594,37.578,686.529,2.336,9.56,40.53
2025-04-22T11:00:00-04:00,2025-04-22T12:00:00-04:00,2025-04-22T15:00:00+00:00,2025-04-22T16:00:00+00:00,MOD-00811,60,59.075,21.127,6.067,10.837,18.398,686.319,2.474,6.056,40.543
2025-04-22T12:00:00-04:00,2025-04-22T13:00:00-04:00,2025-04-22T16:00:00+00:00,2025-04-22T17:00:00+00:00,MOD-00811,60,56.278,22.593,6.236,9.245,14.58,661.275,2.364,7.897,41.405
2025-04-22T13:00:00-04:00,2025-04-22T14:00:00-04:00,2025-04-22T17:00:00+00:00,2025-04-22T18:00:00+00:00,MOD-00811,60,56.0,22.993,6.47,8.728,12.896,663.78,2.391,10.832,42.271
2025-04-22T14:00:00-04:00,2025-04-22T15:00:00-04:00,2025-04-22T18:00:00+00:00,2025-04-22T19:00:00+00:00,MOD-00811,60,54.163,23.49,6.412,8.594,12.093,670.512,2.431,13.441,43.282
2025-04-22T15:00:00-04:00,2025-04-22T16:00:00-04:00,2025-04-22T19:00:00+00:00,2025-04-22T20:00:00+00:00,MOD-00811,60,52.467,23.633,6.483,9.41,14.882,681.936,2.484,9.63,43.366
2025-04-22T16:00:00-04:00,2025-04-22T17:00:00-04:00,2025-04-22T20:00:00+00:00,2025-04-22T21:00:00+00:00,MOD-00811,60,57.325,21.698,6.061,7.466,13.33,694.924,2.375,8.714,47.583
2025-04-22T17:00:00-04:00,2025-04-22T18:00:00-04:00,2025-04-22T21:00:00+00:00,2025-04-22T22:00:00+00:00,MOD-00811,60,61.268,20.002,5.848,7.44,15.417,722.75,2.422,7.168,47.372
2025-04-22T18:00:00-04:00,2025-04-22T19:00:00-04:00,2025-04-22T22:00:00+00:00,2025-04-22T23:00:00+00:00,MOD-00811,60,55.585,21.565,5.696,7.131,13.545,733.831,2.391,6.753,49.05
2025-04-22T19:00:00-04:00,2025-04-22T20:00:00-04:00,2025-04-22T23:00:00+00:00,2025-04-23T00:00:00+00:00,MOD-00811,60,54.528,21.998,5.541,7.313,15.68,772.727,2.395,7.37,51.412
2025-04-22T20:00:00-04:00,2025-04-22T21:00:00-04:00,2025-04-23T00:00:00+00:00,2025-04-23T01:00:00+00:00,MOD-00811,60,61.507,20.497,8.226,10.54,21.657,822.445,2.476,6.958,49.458
2025-04-22T21:00:00-04:00,2025-04-22T22:00:00-04:00,2025-04-23T01:00:00+00:00,2025-04-23T02:00:00+00:00,MOD-00811,60,67.752,18.523,9.247,11.557,24.255,846.941,2.012,10.228,44.258
2025-04-22T22:00:00-04:00,2025-04-22T23:00:00-04:00,2025-04-23T02:00:00+00:00,2025-04-23T03:00:00+00:00,MOD-00811,60,70.588,17.527,10.185,12.443,24.856,928.97,1.942,12.296,38.59
2025-04-22T23:00:00-04:00,2025-04-23T00:00:00-04:00,2025-04-23T03:00:00+00:00,2025-04-23T04:00:00+00:00,MOD-00811,60,59.027,17.71,4.72,5.886,13.957,850.768,2.366,11.648,40.811
2025-04-23T00:00:00-04:00,2025-04-23T01:00:00-04:00,2025-04-23T04:00:00+00:00,2025-04-23T05:00:00+00:00,MOD-00811,60,43.208,18.363,2.819,3.097,5.936,684.477,2.273,6.463,46.867
2025-04-23T01:00:00-04:00,2025-04-23T02:00:00-04:00,2025-04-23T05:00:00+00:00,2025-04-23T06:00:00+00:00,MOD-00811,60,39.662,17.212,1.681,1.873,4.659,663.25,2.437,6.729,51.407
2025-04-23T02:00:00-04:00,2025-04-23T03:00:00-04:00,2025-04-23T06:00:00+00:00,2025-04-23T07:00:00+00:00,MOD-00811,60,40.008,15.927,2.013,2.228,6.14,673.939,2.684,7.435,53.02
2025-04-23T03:00:00-04:00,2025-04-23T04:00:00-04:00,2025-04-23T07:00:00+00:00,2025-04-23T08:00:00+00:00,MOD-00811,60,39.852,14.7,1.816,2.024,4.58,675.695,2.742,8.843,54.374
2025-04-23T04:00:00-04:00,2025-04-23T05:00:00-04:00,2025-04-23T08:00:00+00:00,2025-04-23T09:00:00+00:00,MOD-00811,60,41.873,13.92,1.941,2.187,6.416,699.177,2.66,18.345,52.996
2025-04-23T05:00:00-04:00,2025-04-23T06:00:00-04:00,2025-04-23T09:00:00+00:00,2025-04-23T10:00:00+00:00,MOD-00811,60,44.528,13.123,1.489,1.697,5.172,723.279,2.412,20.922,51.185
2025-04-23T06:00:00-04:00,2025-04-23T07:00:00-04:00,2025-04-23T10:00:00+00:00,2025-04-23T11:00:00+00:00,MOD-00811,60,45.422,13.023,1.69,1.988,6.103,812.677,2.256,22.984,47.406
2025-04-23T07:00:00-04:00,2025-04-23T08:00:00-04:00,2025-04-23T11:00:00+00:00,2025-04-23T12:00:00+00:00,MOD-00811,60,40.263,14.72,2.083,2.448,10.119,809.284,2.807,20.468,46.732
2025-04-23T08:00:00-04:00,2025-04-23T09:00:00-04:00,2025-04-23T12:00:00+00:00,2025-04-23T13:00:00+00:00,MOD-00811,60,34.6,16.868,2.675,3.153,12.048,742.753,2.673,13.448,49.251
2025-04-23T09:00:00-04:00,2025-04-23T10:00:00-04:00,2025-04-23T13:00:00+00:00,2025-04-23T14:00:00+00:00,MOD-00811,60,31.13,18.475,2.302,2.766,14.014,714.734,2.358,13.107,50.517
2025-04-23T10:00:00-04:00,2025-04-23T11:00:00-04:00,2025-04-23T14:00:00+00:00,2025-04-23T15:00:00+00:00,MOD-00811,60,27.008,20.803,2.124,2.431,7.478,694.216,2.035,9.716,52.69
2025-04-23T11:00:00-04:00,2025-04-23T12:00:00-04:00,2025-04-23T15:00:00+00:00,2025-04-23T16:00:00+00:00,MOD-00811,60,24.19,22.435,1.827,2.156,7.048,681.039,2.212,9.16,53.699
2025-04-23T12:00:00-04:00,2025-04-23T13:00:00-04:00,2025-04-23T16:00:00+00:00,2025-04-23T17:00:00+00:00,MOD-00811,60,21.067,24.163,1.821,2.119,6.482,666.198,2.37,7.297,54.168
2025-04-23T13:00:00-04:00,2025-04-23T14:00:00-04:00,2025-04-23T17:00:00+00:00,2025-04-23T18:00:00+00:00,MOD-00811,60,18.86,25.227,1.653,1.899,6.288,673.593,2.447,8.789,55.325
2025-04-23T14:00:00-04:00,2025-04-23T15:00:00-04:00,2025-04-23T18:00:00+00:00,2025-04-23T19:00:00+00:00,MOD-00811,60,23.793,26.265,2.18,2.488,6.914,669.466,2.23,7.19,57.42
2025-04-23T15:00:00-04:00,2025-04-23T16:00:00-04:00,2025-04-23T19:00:00+00:00,2025-04-23T20:00:00+00:00,MOD-00811,60,28.782,24.157,2.019,2.376,6.245,714.345,2.262,11.323,57.565
2025-04-23T16:00:00-04:00,2025-04-23T17:00:00-04:00,2025-04-23T20:00:00+00:00,2025-04-23T21:00:00+00:00,MOD-00811,60,35.018,21.258,2.023,2.473,7.614,737.712,2.455,15.607,58.645
2025-04-23T17:00:00-04:00,2025-04-23T18:00:00-04:00,2025-04-23T21:00:00+00:00,2025-04-23T22:00:00+00:00,MOD-00811,60,37.68,19.967,2.017,2.593,7.641,735.468,2.573,12.256,58.122
2025-04-23T18:00:00-04:00,2025-04-23T19:00:00-04:00,2025-04-23T22:00:00+00:00,2025-04-23T23:00:00+00:00,MOD-00811,60,42.748,18.358,2.455,3.358,11.533,739.383,1.898,13.589,56.884
2025-04-23T19:00:00-04:00,2025-04-23T20:00:00-04:00,2025-04-23T23:00:00+00:00,2025-04-24T00:00:00+00:00,MOD-00811,60,46.372,16.852,3.976,4.894,12.348,790.027,2.429,16.493,50.915
2025-04-23T20:00:00-04:00,2025-04-23T21:00:00-04:00,2025-04-24T00:00:00+00:00,2025-04-24T01:00:00+00:00,MOD-00811,60,47.402,16.093,3.961,4.665,9.993,825.443,2.311,14.151,47.393
2025-04-23T21:00:00-04:00,2025-04-23T22:00:00-04:00,2025-04-24T01:00:00+00:00,2025-04-24T02:00:00+00:00,MOD-00811,60,57.74,14.618,4.795,5.736,15.281,941.229,1.647,22.094,33.134
2025-04-23T22:00:00-04:00,2025-04-23T23:00:00-04:00,2025-04-24T02:00:00+00:00,2025-04-24T03:00:00+00:00,MOD-00811,60,62.257,13.52,6.831,7.785,17.524,1024.958,2.183,26.089,23.046
2025-04-23T23:00:00-04:00,2025-04-24T00:00:00-04:00,2025-04-24T03:00:00+00:00,2025-04-24T04:00:00+00:00,MOD-00811,60,66.438,12.512,6.328,7.113,16.25,1072.596,2.079,28.045,24.732
2025-04-24T00:00:00-04:00,2025-04-24T01:00:00-04:00,2025-04-24T04:00:00+00:00,2025-04-24T05:00:00+00:00,MOD-00811,60,73.58,11.665,6.915,7.719,16.666,1177.585,1.645,27.12,20.355
2025-04-24T01:00:00-04:00,2025-04-24T02:00:00-04:00,2025-04-24T05:00:00+00:00,2025-04-24T06:00:00+00:00,MOD-00811,60,74.245,11.203,7.841,8.489,16.056,1168.295,1.791,28.322,17.179
2025-04-24T02:00:00-04:00,2025-04-24T03:00:00-04:00,2025-04-24T06:00:00+00:00,2025-04-24T07:00:00+00:00,MOD-00811,60,70.88,11.147,7.831,8.502,17.084,1181.009,1.857,28.924,17.175
2025-04-24T03:00:00-04:00,2025-04-24T04:00:00-04:00,2025-04-24T07:00:00+00:00,2025-04-24T08:00:00+00:00,MOD-00811,60,66.907,11.223,6.874,7.385,13.591,993.951,2.01,25.527,23.456
2025-04-24T04:00:00-04:00,2025-04-24T05:00:00-04:00,2025-04-24T08:00:00+00:00,2025-04-24T09:00:00+00:00,MOD-00811,60,59.152,11.362,3.784,4.175,7.649,728.22,2.078,10.162,43.416
2025-04-24T05:00:00-04:00,2025-04-24T06:00:00-04:00,2025-04-24T09:00:00+00:00,2025-04-24T10:00:00+00:00,MOD-00811,60,61.282,10.413,3.064,3.608,8.475,689.367,2.715,14.63,43.616
2025-04-24T06:00:00-04:00,2025-04-24T07:00:00-04:00,2025-04-24T10:00:00+00:00,2025-04-24T11:00:00+00:00,MOD-00811,60,59.497,10.6,3.008,3.719,10.729,703.658,2.345,18.587,41.441
2025-04-24T07:00:00-04:00,2025-04-24T08:00:00-04:00,2025-04-24T11:00:00+00:00,2025-04-24T12:00:00+00:00,MOD-00811,60,45.573,14.715,3.553,4.265,14.387,725.138,2.373,17.875,38.759
2025-04-24T08:00:00-04:00,2025-04-24T09:00:00-04:00,2025-04-24T12:00:00+00:00,2025-04-24T13:00:00+00:00,MOD-00811,60,36.028,18.088,3.211,3.842,13.856,681.5,3.159,12.787,40.452
2025-04-24T09:00:00-04:00,2025-04-24T10:00:00-04:00,2025-04-24T13:00:00+00:00,2025-04-24T14:00:00+00:00,MOD-00811,60,30.687,20.92,2.845,3.475,18.845,669.043,2.24,11.294,42.182
2025-04-24T10:00:00-04:00,2025-04-24T11:00:00-04:00,2025-04-24T14:00:00+00:00,2025-04-24T15:00:00+00:00,MOD-00811,60,25.458,24.533,2.196,2.66,10.358,667.262,2.239,5.875,46.585
2025-04-24T11:00:00-04:00,2025-04-24T12:00:00-04:00,2025-04-24T15:00:00+00:00,2025-04-24T16:00:00+00:00,MOD-00811,60,22.707,26.783,2.361,2.719,8.495,622.275,2.624,4.63,48.905
2025-04-24T12:00:00-04:00,2025-04-24T13:00:00-04:00,2025-04-24T16:00:00+00:00,2025-04-24T17:00:00+00:00,MOD-00811,60,22.753,26.125,2.251,2.531,6.38,631.513,2.307,4.661,52.031
2025-04-24T13:00:00-04:00,2025-04-24T14:00:00-04:00,2025-04-24T17:00:00+00:00,2025-04-24T18:00:00+00:00,MOD-00811,60,28.397,23.973,2.434,2.78,8.236,705.362,2.248,10.16,53.414
2025-04-24T14:00:00-04:00,2025-04-24T15:00:00-04:00,2025-04-24T18:00:00+00:00,2025-04-24T19:00:00+00:00,MOD-00811,60,26.472,24.597,2.141,2.47,9.437,716.652,2.137,7.256,51.853
2025-04-24T15:00:00-04:00,2025-04-24T16:00:00-04:00,2025-04-24T19:00:00+00:00,2025-04-24T20:00:00+00:00,MOD-00811,60,29.845,23.788,2.349,2.777,10.486,723.14,2.3,9.865,53.679
2025-04-24T16:00:00-04:00,2025-04-24T17:00:00-04:00,2025-04-24T20:00:00+00:00,2025-04-24T21:00:00+00:00,MOD-00811,60,28.298,22.575,2.479,2.792,6.276,718.701,2.069,9.816,55.772
2025-04-24T17:00:00-04:00,2025-04-24T18:00:00-04:00,2025-04-24T21:00:00+00:00,2025-04-24T22:00:00+00:00,MOD-00811,60,34.967,20.615,2.902,3.436,8.438,724.363,2.221,12.457,58.537
2025-04-24T18:00:00-04:00,2025-04-24T19:00:00-04:00,2025-04-24T22:00:00+00:00,2025-04-24T23:00:00+00:00,MOD-00811,60,54.607,16.63,4.142,5.257,12.678,762.798,1.907,22.852,57.483
2025-04-24T19:00:00-04:00,2025-04-24T20:00:00-04:00,2025-04-24T23:00:00+00:00,2025-04-25T00:00:00+00:00,MOD-00811,60,63.928,14.962,4.713,5.874,15.123,768.431,2.028,22.519,55.386
2025-04-24T20:00:00-04:00,2025-04-24T21:00:00-04:00,2025-04-25T00:00:00+00:00,2025-04-25T01:00:00+00:00,MOD-00811,60,68.205,13.648,8.56,9.605,18.729,763.141,1.989,21.545,54.985
2025-04-24T21:00:00-04:00,2025-04-24T22:00:00-04:00,2025-04-25T01:00:00+00:00,2025-04-25T02:00:00+00:00,MOD-00811,60,69.602,13.448,9.041,9.918,17.226,746.615,1.971,20.505,53.941
2025-04-24T22:00:00-04:00,2025-04-24T23:00:00-04:00,2025-04-25T02:00:00+00:00,2025-04-25T03:00:00+00:00,MOD-00811,60,72.653,13.147,8.316,9.104,18.605,733.935,1.706,19.857,53.247
2025-04-24T23:00:00-04:00,2025-04-25T00:00:00-04:00,2025-04-25T03:00:00+00:00,2025-04-25T04:00:00+00:00,MOD-00811,60,75.057,12.652,8.781,9.509,18.297,736.243,1.864,19.768,49.358
2025-04-25T00:00:00-04:00,2025-04-25T01:00:00-04:00,2025-04-25T04:00:00+00:00,2025-04-25T05:00:00+00:00,MOD-00811,60,76.12,12.397,8.506,9.399,18.647,715.351,1.91,18.503,47.891
2025-04-25T01:00:00-04:00,2025-04-25T02:00:00-04:00,2025-04-25T05:00:00+00:00,2025-04-25T06:00:00+00:00,MOD-00811,60,74.46,12.387,8.569,9.692,19.401,721.336,1.815,19.225,44.069
2025-04-25T02:00:00-04:00,2025-04-25T03:00:00-04:00,2025-04-25T06:00:00+00:00,2025-04-25T07:00:00+00:00,MOD-00811,60,68.573,12.795,8.76,9.65,18.888,718.862,1.908,14.831,47.977
2025-04-25T03:00:00-04:00,2025-04-25T04:00:00-04:00,2025-04-25T07:00:00+00:00,2025-04-25T08:00:00+00:00,MOD-00811,60,64.47,13.183,9.112,10.094,17.084,735.544,2.204,17.293,47.142
2025-04-25T04:00:00-04:00,2025-04-25T05:00:00-04:00,2025-04-25T08:00:00+00:00,2025-04-25T09:00:00+00:00,MOD-00811,60,52.418,15.057,7.944,8.837,16.579,724.88,2.079,10.884,50.516
2025-04-25T05:00:00-04:00,2025-04-25T06:00:00-04:00,2025-04-25T09:00:00+00:00,2025-04-25T10:00:00+00:00,MOD-00811,60,44.045,17.228,7.238,8.015,16.277,699.407,2.203,12.459,51.601
2025-04-25T06:00:00-04:00,2025-04-25T07:00:00-04:00,2025-04-25T10:00:00+00:00,2025-04-25T11:00:00+00:00,MOD-00811,60,42.427,17.68,7.853,8.504,14.422,742.272,2.127,14.976,49.216
2025-04-25T07:00:00-04:00,2025-04-25T08:00:00-04:00,2025-04-25T11:00:00+00:00,2025-04-25T12:00:00+00:00,MOD-00811,60,37.362,19.548,8.104,8.772,15.932,744.595,2.643,13.253,50.024
2025-04-25T08:00:00-04:00,2025-04-25T09:00:00-04:00,2025-04-25T12:00:00+00:00,2025-04-25T13:00:00+00:00,MOD-00811,60,33.395,21.665,4.837,5.628,13.155,784.823,2.609,12.929,49.349
2025-04-25T09:00:00-04:00,2025-04-25T10:00:00-04:00,2025-04-25T13:00:00+00:00,2025-04-25T14:00:00+00:00,MOD-00811,60,29.505,23.765,5.553,6.191,14.199,749.636,2.251,10.805,51.088
2025-04-25T10:00:00-04:00,2025-04-25T11:00:00-04:00,2025-04-25T14:00:00+00:00,2025-04-25T15:00:00+00:00,MOD-00811,60,25.167,26.997,6.44,7.096,14.582,675.185,2.369,6.908,52.808
2025-04-25T11:00:00-04:00,2025-04-25T12:00:00-04:00,2025-04-25T15:00:00+00:00,2025-04-25T16:00:00+00:00,MOD-00811,60,20.593,30.497,5.746,6.353,12.363,639.422,2.833,4.016,53.683
2025-04-25T12:00:00-04:00,2025-04-25T13:00:00-04:00,2025-04-25T16:00:00+00:00,2025-04-25T17:00:00+00:00,MOD-00811,60,23.19,30.997,5.396,6.107,14.136,680.352,2.537,7.03,54.733
2025-04-25T13:00:00-04:00,2025-04-25T14:00:00-04:00,2025-04-25T17:00:00+00:00,2025-04-25T18:00:00+00:00,MOD-00811,60,28.665,29.673,5.063,6.031,12.595,727.17,2.118,8.507,54.896
2025-04-25T14:00:00-04:00,2025-04-25T15:00:00-04:00,2025-04-25T18:00:00+00:00,2025-04-25T19:00:00+00:00,MOD-00811,60,30.817,28.24,4.987,6.013,15.149,773.89,2.255,8.411,57.178
2025-04-25T15:00:00-04:00,2025-04-25T16:00:00-04:00,2025-04-25T19:00:00+00:00,2025-04-25T20:00:00+00:00,MOD-00811,60,30.073,28.238,4.924,5.91,13.982,774.368,2.179,9.541,55.999
2025-04-25T16:00:00-04:00,2025-04-25T17:00:00-04:00,2025-04-25T20:00:00+00:00,2025-04-25T21:00:00+00:00,MOD-00811,60,32.332,27.147,4.741,5.736,15.168,770.813,2.43,9.327,54.764
2025-04-25T17:00:00-04:00,2025-04-25T18:00:00-04:00,2025-04-25T21:00:00+00:00,2025-04-25T22:00:00+00:00,MOD-00811,60,36.202,24.733,4.492,5.554,12.789,775.25,2.829,15.439,53.846
2025-04-25T18:00:00-04:00,2025-04-25T19:00:00-04:00,2025-04-25T22:00:00+00:00,2025-04-25T23:00:00+00:00,MOD-00811,60,44.487,22.735,4.713,6.029,15.968,788.713,2.874,13.873,50.036
2025-04-25T19:00:00-04:00,2025-04-25T20:00:00-04:00,2025-04-25T23:00:00+00:00,2025-04-26T00:00:00+00:00,MOD-00811,60,63.058,19.293,4.385,6.345,25.605,815.2,2.25,9.123,47.704
2025-04-25T20:00:00-04:00,2025-04-25T21:00:00-04:00,2025-04-26T00:00:00+00:00,2025-04-26T01:00:00+00:00,MOD-00811,60,71.342,16.372,4.163,6.224,30.088,757.525,1.922,11.404,48.244
2025-04-25T21:00:00-04:00,2025-04-25T22:00:00-04:00,2025-04-26T01:00:00+00:00,2025-04-26T02:00:00+00:00,MOD-00811,60,75.322,15.463,4.383,6.37,30.785,749.989,1.836,21.237,46.682
2025-04-25T22:00:00-04:00,2025-04-25T23:00:00-04:00,2025-04-26T02:00:00+00:00,2025-04-26T03:00:00+00:00,MOD-00811,60,78.7,15.048,4.2,6.415,30.356,725.953,1.869,18.418,45.717
2025-04-25T23:00:00-04:00,2025-04-26T00:00:00-04:00,2025-04-26T03:00:00+00:00,2025-04-26T04:00:00+00:00,MOD-00811,60,79.8,14.415,3.808,6.123,33.056,696.43,1.883,10.589,46.022
2025-04-26T00:00:00-04:00,2025-04-26T01:00:00-04:00,2025-04-26T04:00:00+00:00,2025-04-26T05:00:00+00:00,MOD-00811,60,80.073,14.27,3.63,5.975,31.33,688.759,2.031,8.608,45.401
2025-04-26T01:00:00-04:00,2025-04-26T02:00:00-04:00,2025-04-26T05:00:00+00:00,2025-04-26T06:00:00+00:00,MOD-00811,60,78.65,14.627,3.25,5.922,32.245,670.696,1.839,14.234,45.598
2025-04-26T02:00:00-04:00,2025-04-26T03:00:00-04:00,2025-04-26T06:00:00+00:00,2025-04-26T07:00:00+00:00,MOD-00811,60,81.193,14.232,3.231,6.907,41.175,661.567,2.174,11.193,44.79
2025-04-26T03:00:00-04:00,2025-04-26T04:00:00-04:00,2025-04-26T07:00:00+00:00,2025-04-26T08:00:00+00:00,MOD-00811,60,83.313,14.538,3.336,8.065,48.957,666.14,2.535,16.117,43.962
2025-04-26T04:00:00-04:00,2025-04-26T05:00:00-04:00,2025-04-26T08:00:00+00:00,2025-04-26T09:00:00+00:00,MOD-00811,60,82.515,14.93,3.305,8.828,53.746,653.193,2.463,12.05,43.658
2025-04-26T05:00:00-04:00,2025-04-26T06:00:00-04:00,2025-04-26T09:00:00+00:00,2025-04-26T10:00:00+00:00,MOD-00811,60,85.298,14.62,3.56,10.453,61.717,653.612,2.844,12.812,41.889
2025-04-26T06:00:00-04:00,2025-04-26T07:00:00-04:00,2025-04-26T10:00:00+00:00,2025-04-26T11:00:00+00:00,MOD-00811,60,86.34,14.607,3.778,12.129,69.697,650.579,3.02,11.365,40.507
2025-04-26T07:00:00-04:00,2025-04-26T08:00:00-04:00,2025-04-26T11:00:00+00:00,2025-04-26T12:00:00+00:00,MOD-00811,60,88.802,15.162,3.836,11.291,71.23,665.926,2.879,10.977,38.123
2025-04-26T08:00:00-04:00,2025-04-26T09:00:00-04:00,2025-04-26T12:00:00+00:00,2025-04-26T13:00:00+00:00,MOD-00811,60,87.912,16.133,3.468,9.442,39.647,671.452,2.887,10.596,37.657
2025-04-26T09:00:00-04:00,2025-04-26T10:00:00-04:00,2025-04-26T13:00:00+00:00,2025-04-26T14:00:00+00:00,MOD-00811,60,86.58,16.343,2.853,6.566,20.499,663.531,2.909,10.448,39.478
2025-04-26T10:00:00-04:00,2025-04-26T11:00:00-04:00,2025-04-26T14:00:00+00:00,2025-04-26T15:00:00+00:00,MOD-00811,60,86.31,16.54,2.467,4.637,13.577,662.458,2.848,10.29,41.042
2025-04-26T11:00:00-04:00,2025-04-26T12:00:00-04:00,2025-04-26T15:00:00+00:00,2025-04-26T16:00:00+00:00,MOD-00811,60,87.427,16.143,1.583,2.931,17.961,662.475,2.956,10.666,39.98
2025-04-26T12:00:00-04:00,2025-04-26T13:00:00-04:00,2025-04-26T16:00:00+00:00,2025-04-26T17:00:00+00:00,MOD-00811,60,86.478,16.325,3.233,5.105,10.156,664.028,2.946,10.285,39.678
2025-04-26T13:00:00-04:00,2025-04-26T14:00:00-04:00,2025-04-26T17:00:00+00:00,2025-04-26T18:00:00+00:00,MOD-00811,60,85.753,16.6,5.118,6.979,13.3,674.583,2.796,10.052,38.461
2025-04-26T14:00:00-04:00,2025-04-26T15:00:00-04:00,2025-04-26T18:00:00+00:00,2025-04-26T19:00:00+00:00,MOD-00811,60,83.063,17.118,6.527,7.859,11.206,671.921,2.007,11.301,37.558
2025-04-26T15:00:00-04:00,2025-04-26T16:00:00-04:00,2025-04-26T19:00:00+00:00,2025-04-26T20:00:00+00:00,MOD-00811,60,82.382,17.13,6.959,7.969,10.624,670.755,1.82,12.442,36.476
2025-04-26T16:00:00-04:00,2025-04-26T17:00:00-04:00,2025-04-26T20:00:00+00:00,2025-04-26T21:00:00+00:00,MOD-00811,60,84.535,16.785,6.264,6.912,9.186,688.285,2.483,10.139,34.541
2025-04-26T17:00:00-04:00,2025-04-26T18:00:00-04:00,2025-04-26T21:00:00+00:00,2025-04-26T22:00:00+00:00,MOD-00811,60,84.548,16.755,6.61,7.428,10.73,694.729,2.507,9.927,35.069
2025-04-26T18:00:00-04:00,2025-04-26T19:00:00-04:00,2025-04-26T22:00:00+00:00,2025-04-26T23:00:00+00:00,MOD-00811,60,85.04,16.487,7.628,8.603,12.878,687.481,2.736,10.078,32.783
2025-04-26T19:00:00-04:00,2025-04-26T20:00:00-04:00,2025-04-26T23:00:00+00:00,2025-04-27T00:00:00+00:00,MOD-00811,60,86.107,15.692,6.542,7.936,13.47,663.958,2.721,7.737,34.466
2025-04-26T20:00:00-04:00,2025-04-26T21:00:00-04:00,2025-04-27T00:00:00+00:00,2025-04-27T01:00:00+00:00,MOD-00811,60,88.037,16.025,5.821,7.03,10.218,705.694,2.912,10.856,33.129
2025-04-26T21:00:00-04:00,2025-04-26T22:00:00-04:00,2025-04-27T01:00:00+00:00,2025-04-27T02:00:00+00:00,MOD-00811,60,86.23,16.362,5.459,7.034,14.789,680.158,2.866,9.326,34.329
2025-04-26T22:00:00-04:00,2025-04-26T23:00:00-04:00,2025-04-27T02:00:00+00:00,2025-04-27T03:00:00+00:00,MOD-00811,60,79.727,16.132,2.959,3.578,7.871,689.79,2.28,8.216,36.728
2025-04-26T23:00:00-04:00,2025-04-27T00:00:00-04:00,2025-04-27T03:00:00+00:00,2025-04-27T04:00:00+00:00,MOD-00811,60,73.442,14.13,1.834,2.084,4.123,663.931,1.914,11.09,38.274
2025-04-27T00:00:00-04:00,2025-04-27T01:00:00-04:00,2025-04-27T04:00:00+00:00,2025-04-27T05:00:00+00:00,MOD-00811,60,66.012,12.973,2.19,2.375,3.695,661.494,2.306,7.597,40.558
2025-04-27T01:00:00-04:00,2025-04-27T02:00:00-04:00,2025-04-27T05:00:00+00:00,2025-04-27T06:00:00+00:00,MOD-00811,60,62.895,12.168,2.527,2.719,3.68,660.368,2.607,12.32,41.65
2025-04-27T02:00:00-04:00,2025-04-27T03:00:00-04:00,2025-04-27T06:00:00+00:00,2025-04-27T07:00:00+00:00,MOD-00811,60,62.43,11.135,2.283,2.423,3.518,672.644,2.612,12.039,42.281
2025-04-27T03:00:00-04:00,2025-04-27T04:00:00-04:00,2025-04-27T07:00:00+00:00,2025-04-27T08:00:00+00:00,MOD-00811,60,60.538,10.663,1.455,1.568,2.503,665.507,2.481,9.609,43.069
2025-04-27T04:00:00-04:00,2025-04-27T05:00:00-04:00,2025-04-27T08:00:00+00:00,2025-04-27T09:00:00+00:00,MOD-00811,60,57.762,10.26,0.764,0.838,1.875,665.607,1.974,12.027,43.693
2025-04-27T05:00:00-04:00,2025-04-27T06:00:00-04:00,2025-04-27T09:00:00+00:00,2025-04-27T10:00:00+00:00,MOD-00811,60,56.98,9.357,0.362,0.432,0.746,667.486,2.016,12.845,42.657
2025-04-27T06:00:00-04:00,2025-04-27T07:00:00-04:00,2025-04-27T10:00:00+00:00,2025-04-27T11:00:00+00:00,MOD-00811,60,55.268,9.622,0.253,0.31,0.718,674.625,1.803,13.184,42.197
2025-04-27T07:00:00-04:00,2025-04-27T08:00:00-04:00,2025-04-27T11:00:00+00:00,2025-04-27T12:00:00+00:00,MOD-00811,60,52.375,10.94,0.211,0.302,1.208,681.216,1.498,14.459,42.512
2025-04-27T08:00:00-04:00,2025-04-27T09:00:00-04:00,2025-04-27T12:00:00+00:00,2025-04-27T13:00:00+00:00,MOD-00811,60,49.568,11.757,0.188,0.221,0.514,673.835,1.484,12.419,42.952
2025-04-27T09:00:00-04:00,2025-04-27T10:00:00-04:00,2025-04-27T13:00:00+00:00,2025-04-27T14:00:00+00:00,MOD-00811,60,47.342,12.355,0.213,0.244,0.532,682.131,1.907,14.031,42.179
2025-04-27T10:00:00-04:00,2025-04-27T11:00:00-04:00,2025-04-27T14:00:00+00:00,2025-04-27T15:00:00+00:00,MOD-00811,60,43.173,14.017,0.194,0.236,0.737,685.263,2.648,12.044,42.224
2025-04-27T11:00:00-04:00,2025-04-27T12:00:00-04:00,2025-04-27T15:00:00+00:00,2025-04-27T16:00:00+00:00,MOD-00811,60,42.03,14.645,0.271,0.316,2.19,687.821,2.728,10.312,42.192
2025-04-27T12:00:00-04:00,2025-04-27T13:00:00-04:00,2025-04-27T16:00:00+00:00,2025-04-27T17:00:00+00:00,MOD-00811,60,40.577,15.283,0.341,0.375,0.592,685.608,2.751,8.282,42.084
2025-04-27T13:00:00-04:00,2025-04-27T14:00:00-04:00,2025-04-27T17:00:00+00:00,2025-04-27T18:00:00+00:00,MOD-00811,60,40.567,15.272,0.525,0.582,0.843,694.462,2.734,7.948,40.821
2025-04-27T14:00:00-04:00,2025-04-27T15:00:00-04:00,2025-04-27T18:00:00+00:00,2025-04-27T19:00:00+00:00,MOD-00811,60,38.412,15.577,0.889,0.922,2.303,697.718,2.587,7.341,40.325
2025-04-27T15:00:00-04:00,2025-04-27T16:00:00-04:00,2025-04-27T19:00:00+00:00,2025-04-27T20:00:00+00:00,MOD-00811,60,38.448,15.132,0.855,0.9,2.569,704.826,2.583,7.928,40.14
2025-04-27T16:00:00-04:00,2025-04-27T17:00:00-04:00,2025-04-27T20:00:00+00:00,2025-04-27T21:00:00+00:00,MOD-00811,60,39.733,15.033,0.748,0.847,2.319,708.097,2.697,8.155,40.698
2025-04-27T17:00:00-04:00,2025-04-27T18:00:00-04:00,2025-04-27T21:00:00+00:00,2025-04-27T22:00:00+00:00,MOD-00811,60,42.133,13.705,0.911,1.046,3.92,707.579,2.611,12.346,44.074
2025-04-27T18:00:00-04:00,2025-04-27T19:00:00-04:00,2025-04-27T22:00:00+00:00,2025-04-27T23:00:00+00:00,MOD-00811,60,45.863,12.008,0.298,0.38,1.43,719.574,2.081,16.488,44.919
2025-04-27T19:00:00-04:00,2025-04-27T20:00:00-04:00,2025-04-27T23:00:00+00:00,2025-04-28T00:00:00+00:00,MOD-00811,60,50.6,11.592,0.283,0.345,2.039,727.549,1.457,19.688,45.382
2025-04-27T20:00:00-04:00,2025-04-27T21:00:00-04:00,2025-04-28T00:00:00+00:00,2025-04-28T01:00:00+00:00,MOD-00811,60,56.273,11.167,0.423,0.475,1.217,732.373,1.676,20.191,48.38
2025-04-27T21:00:00-04:00,2025-04-27T22:00:00-04:00,2025-04-28T01:00:00+00:00,2025-04-28T02:00:00+00:00,MOD-00811,60,55.123,11.418,0.968,1.061,2.174,720.948,1.542,19.278,52.709
2025-04-27T22:00:00-04:00,2025-04-27T23:00:00-04:00,2025-04-28T02:00:00+00:00,2025-04-28T03:00:00+00:00,MOD-00811,60,48.072,12.315,1.404,1.519,2.555,707.253,1.791,18.429,53.08
2025-04-27T23:00:00-04:00,2025-04-28T00:00:00-04:00,2025-04-28T03:00:00+00:00,2025-04-28T04:00:00+00:00,MOD-00811,60,45.453,12.475,1.33,1.473,2.549,706.063,2.348,13.269,50.342
2025-04-28T00:00:00-04:00,2025-04-28T01:00:00-04:00,2025-04-28T04:00:00+00:00,2025-04-28T05:00:00+00:00,MOD-00811,60,46.997,11.813,1.085,1.218,2.157,713.92,1.706,18.618,47.885
2025-04-28T01:00:00-04:00,2025-04-28T02:00:00-04:00,2025-04-28T05:00:00+00:00,2025-04-28T06:00:00+00:00,MOD-00811,60,50.202,10.997,0.903,1.024,2.635,739.019,1.456,17.095,44.61
2025-04-28T02:00:00-04:00,2025-04-28T03:00:00-04:00,2025-04-28T06:00:00+00:00,2025-04-28T07:00:00+00:00,MOD-00811,60,54.56,10.215,0.879,1.015,1.855,744.96,1.612,18.734,42.438
2025-04-28T03:00:00-04:00,2025-04-28T04:00:00-04:00,2025-04-28T07:00:00+00:00,2025-04-28T08:00:00+00:00,MOD-00811,60,58.7,9.587,1.016,1.165,2.706,771.042,2.197,15.742,38.1
2025-04-28T04:00:00-04:00,2025-04-28T05:00:00-04:00,2025-04-28T08:00:00+00:00,2025-04-28T09:00:00+00:00,MOD-00811,60,62.645,8.797,0.942,1.113,3.319,787.372,2.488,21.695,36.462
2025-04-28T05:00:00-04:00,2025-04-28T06:00:00-04:00,2025-04-28T09:00:00+00:00,2025-04-28T10:00:00+00:00,MOD-00811,60,55.613,9.967,1.632,1.829,4.537,789.093,1.885,13.646,40.327
2025-04-28T06:00:00-04:00,2025-04-28T07:00:00-04:00,2025-04-28T10:00:00+00:00,2025-04-28T11:00:00+00:00,MOD-00811,60,46.96,12.23,1.68,1.944,5.031,793.644,2.02,19.982,41.429
2025-04-28T07:00:00-04:00,2025-04-28T08:00:00-04:00,2025-04-28T11:00:00+00:00,2025-04-28T12:00:00+00:00,MOD-00811,60,37.563,15.42,2.328,2.692,7.438,815.659,2.728,12.354,42.953
2025-04-28T08:00:00-04:00,2025-04-28T09:00:00-04:00,2025-04-28T12:00:00+00:00,2025-04-28T13:00:00+00:00,MOD-00811,60,31.027,18.293,2.943,3.518,11.966,776.714,2.444,11.493,43.245
2025-04-28T09:00:00-04:00,2025-04-28T10:00:00-04:00,2025-04-28T13:00:00+00:00,2025-04-28T14:00:00+00:00,MOD-00811,60,26.345,20.67,3.716,4.339,13.401,721.015,2.212,11.744,45.13
2025-04-28T10:00:00-04:00,2025-04-28T11:00:00-04:00,2025-04-28T14:00:00+00:00,2025-04-28T15:00:00+00:00,MOD-00811,60,21.427,23.058,3.172,3.661,10.217,664.421,2.412,9.372,50.173
2025-04-28T11:00:00-04:00,2025-04-28T12:00:00-04:00,2025-04-28T15:00:00+00:00,2025-04-28T16:00:00+00:00,MOD-00811,60,17.502,24.622,2.842,3.269,8.76,637.793,2.455,9.567,54.037
2025-04-28T12:00:00-04:00,2025-04-28T13:00:00-04:00,2025-04-28T16:00:00+00:00,2025-04-28T17:00:00+00:00,MOD-00811,60,16.143,25.565,3.157,3.556,9.624,642.363,2.455,9.883,55.586
2025-04-28T13:00:00-04:00,2025-04-28T14:00:00-04:00,2025-04-28T17:00:00+00:00,2025-04-28T18:00:00+00:00,MOD-00811,60,14.742,26.625,3.257,3.795,11.796,662.571,2.395,9.372,54.75
2025-04-28T14:00:00-04:00,2025-04-28T15:00:00-04:00,2025-04-28T18:00:00+00:00,2025-04-28T19:00:00+00:00,MOD-00811,60,13.423,28.06,2.926,3.306,9.036,651.749,2.457,6.524,57.303
2025-04-28T15:00:00-04:00,2025-04-28T16:00:00-04:00,2025-04-28T19:00:00+00:00,2025-04-28T20:00:00+00:00,MOD-00811,60,13.328,28.452,3.071,3.43,7.552,640.068,2.49,5.302,58.683
2025-04-28T16:00:00-04:00,2025-04-28T17:00:00-04:00,2025-04-28T20:00:00+00:00,2025-04-28T21:00:00+00:00,MOD-00811,60,12.867,28.575,2.67,2.935,5.648,667.424,2.499,5.6,57.743
2025-04-28T17:00:00-04:00,2025-04-28T18:00:00-04:00,2025-04-28T21:00:00+00:00,2025-04-28T22:00:00+00:00,MOD-00811,60,17.018,28.008,2.768,3.056,6.225,688.419,2.391,4.913,57.691
2025-04-28T18:00:00-04:00,2025-04-28T19:00:00-04:00,2025-04-28T22:00:00+00:00,2025-04-28T23:00:00+00:00,MOD-00811,60,29.632,22.753,2.83,3.223,8.099,794.978,2.243,17.988,57.899
2025-04-28T19:00:00-04:00,2025-04-28T20:00:00-04:00,2025-04-28T23:00:00+00:00,2025-04-29T00:00:00+00:00,MOD-00811,60,39.95,19.362,3.22,3.664,8.649,810.878,2.289,19.528,56.218
2025-04-28T20:00:00-04:00,2025-04-28T21:00:00-04:00,2025-04-29T00:00:00+00:00,2025-04-29T01:00:00+00:00,MOD-00811,60,55.295,16.155,3.806,4.326,9.914,813.042,1.992,19.776,54.983
2025-04-28T21:00:00-04:00,2025-04-28T22:00:00-04:00,2025-04-29T01:00:00+00:00,2025-04-29T02:00:00+00:00,MOD-00811,60,59.947,14.893,3.843,4.3,8.184,789.103,1.728,15.481,53.928
2025-04-28T22:00:00-04:00,2025-04-28T23:00:00-04:00,2025-04-29T02:00:00+00:00,2025-04-29T03:00:00+00:00,MOD-00811,60,66.127,14.158,3.993,4.462,9.919,774.021,2.072,22.033,53.43
2025-04-28T23:00:00-04:00,2025-04-29T00:00:00-04:00,2025-04-29T03:00:00+00:00,2025-04-29T04:00:00+00:00,MOD-00811,60,62.108,13.552,4.468,4.887,9.506,779.401,2.073,18.064,48.46
2025-04-29T00:00:00-04:00,2025-04-29T01:00:00-04:00,2025-04-29T04:00:00+00:00,2025-04-29T05:00:00+00:00,MOD-00811,60,48.438,13.397,5.287,5.679,9.343,782.757,1.86,17.014,45.929
2025-04-29T01:00:00-04:00,2025-04-29T02:00:00-04:00,2025-04-29T05:00:00+00:00,2025-04-29T06:00:00+00:00,MOD-00811,60,40.562,14.37,3.071,3.432,7.006,748.966,2.659,9.999,51.595
2025-04-29T02:00:00-04:00,2025-04-29T03:00:00-04:00,2025-04-29T06:00:00+00:00,2025-04-29T07:00:00+00:00,MOD-00811,60,38.073,14.572,3.248,3.576,7.158,706.924,2.561,8.303,51.573
2025-04-29T03:00:00-04:00,2025-04-29T04:00:00-04:00,2025-04-29T07:00:00+00:00,2025-04-29T08:00:00+00:00,MOD-00811,60,40.115,13.755,3.294,3.587,6.384,713.767,2.568,12.618,49.378
2025-04-29T04:00:00-04:00,2025-04-29T05:00:00-04:00,2025-04-29T08:00:00+00:00,2025-04-29T09:00:00+00:00,MOD-00811,60,42.66,12.988,3.176,3.493,6.71,740.223,2.672,17.568,46.882
2025-04-29T05:00:00-04:00,2025-04-29T06:00:00-04:00,2025-04-29T09:00:00+00:00,2025-04-29T10:00:00+00:00,MOD-00811,60,45.31,12.35,3.399,3.766,7.529,774.523,2.384,22.537,42.777
2025-04-29T06:00:00-04:00,2025-04-29T07:00:00-04:00,2025-04-29T10:00:00+00:00,2025-04-29T11:00:00+00:00,MOD-00811,60,45.015,13.233,3.413,3.774,7.495,834.827,2.287,22.394,41.724
2025-04-29T07:00:00-04:00,2025-04-29T08:00:00-04:00,2025-04-29T11:00:00+00:00,2025-04-29T12:00:00+00:00,MOD-00811,60,37.477,17.1,3.809,4.299,9.773,894.621,2.652,16.522,41.083
2025-04-29T08:00:00-04:00,2025-04-29T09:00:00-04:00,2025-04-29T12:00:00+00:00,2025-04-29T13:00:00+00:00,MOD-00811,60,28.313,21.433,2.497,2.909,9.187,775.969,2.04,11.247,47.571
2025-04-29T09:00:00-04:00,2025-04-29T10:00:00-04:00,2025-04-29T13:00:00+00:00,2025-04-29T14:00:00+00:00,MOD-00811,60,23.038,24.075,2.315,2.733,9.288,682.587,2.25,5.817,51.647
2025-04-29T10:00:00-04:00,2025-04-29T11:00:00-04:00,2025-04-29T14:00:00+00:00,2025-04-29T15:00:00+00:00,MOD-00811,60,21.883,25.325,2.611,3.136,10.539,662.972,2.362,4.86,53.237
2025-04-29T11:00:00-04:00,2025-04-29T12:00:00-04:00,2025-04-29T15:00:00+00:00,2025-04-29T16:00:00+00:00,MOD-00811,60,21.617,26.378,2.86,3.257,12.754,679.146,2.418,4.048,54.906
2025-04-29T12:00:00-04:00,2025-04-29T13:00:00-04:00,2025-04-29T16:00:00+00:00,2025-04-29T17:00:00+00:00,MOD-00811,60,21.075,26.898,4.046,4.462,10.454,684.375,2.462,3.743,55.536
2025-04-29T13:00:00-04:00,2025-04-29T14:00:00-04:00,2025-04-29T17:00:00+00:00,2025-04-29T18:00:00+00:00,MOD-00811,60,21.483,27.692,3.46,3.929,11.596,698.091,2.407,3.786,55.058
2025-04-29T14:00:00-04:00,2025-04-29T15:00:00-04:00,2025-04-29T18:00:00+00:00,2025-04-29T19:00:00+00:00,MOD-00811,60,21.507,27.44,3.438,4.007,13.474,702.223,2.377,3.727,55.34
2025-04-29T15:00:00-04:00,2025-04-29T16:00:00-04:00,2025-04-29T19:00:00+00:00,2025-04-29T20:00:00+00:00,MOD-00811,60,23.672,26.66,3.074,3.704,15.863,739.69,2.215,5.694,55.337
2025-04-29T16:00:00-04:00,2025-04-29T17:00:00-04:00,2025-04-29T20:00:00+00:00,2025-04-29T21:00:00+00:00,MOD-00811,60,25.215,25.922,3.204,3.974,19.05,746.821,2.111,6.351,56.651
2025-04-29T17:00:00-04:00,2025-04-29T18:00:00-04:00,2025-04-29T21:00:00+00:00,2025-04-29T22:00:00+00:00,MOD-00811,60,29.237,23.865,3.116,3.998,13.445,767.094,2.311,11.598,56.592
2025-04-29T18:00:00-04:00,2025-04-29T19:00:00-04:00,2025-04-29T22:00:00+00:00,2025-04-29T23:00:00+00:00,MOD-00811,60,34.12,22.202,3.157,4.229,12.13,783.758,2.443,11.868,55.607
2025-04-29T19:00:00-04:00,2025-04-29T20:00:00-04:00,2025-04-29T23:00:00+00:00,2025-04-30T00:00:00+00:00,MOD-00811,60,43.278,19.52,3.233,5.046,14.571,785.553,2.065,12.606,53.757
2025-04-29T20:00:00-04:00,2025-04-29T21:00:00-04:00,2025-04-30T00:00:00+00:00,2025-04-30T01:00:00+00:00,MOD-00811,60,50.86,17.497,3.237,5.855,19.318,766.374,2.324,11.58,53.202
2025-04-29T21:00:00-04:00,2025-04-29T22:00:00-04:00,2025-04-30T01:00:00+00:00,2025-04-30T02:00:00+00:00,MOD-00811,60,54.603,17.113,3.784,6.737,23.259,755.961,2.122,20.902,54.079
2025-04-29T22:00:00-04:00,2025-04-29T23:00:00-04:00,2025-04-30T02:00:00+00:00,2025-04-30T03:00:00+00:00,MOD-00811,60,55.202,17.473,4.113,7.279,24.219,744.485,2.143,20.786,54.196
2025-04-29T23:00:00-04:00,2025-04-30T00:00:00-04:00,2025-04-30T03:00:00+00:00,2025-04-30T04:00:00+00:00,MOD-00811,60,56.165,17.917,3.888,7.319,23.003,727.887,2.131,20.529,52.804
2025-04-30T00:00:00-04:00,2025-04-30T01:00:00-04:00,2025-04-30T04:00:00+00:00,2025-04-30T05:00:00+00:00,MOD-00811,60,57.553,18.162,4.707,8.287,26.017,721.562,2.456,19.967,51.7
2025-04-30T01:00:00-04:00,2025-04-30T02:00:00-04:00,2025-04-30T05:00:00+00:00,2025-04-30T06:00:00+00:00,MOD-00811,60,60.362,17.787,5.298,9.094,26.287,709.953,2.337,16.836,50.264
2025-04-30T02:00:00-04:00,2025-04-30T03:00:00-04:00,2025-04-30T06:00:00+00:00,2025-04-30T07:00:00+00:00,MOD-00811,60,61.625,17.7,5.272,9.413,29.013,707.191,2.549,13.11,49.407
2025-04-30T03:00:00-04:00,2025-04-30T04:00:00-04:00,2025-04-30T07:00:00+00:00,2025-04-30T08:00:00+00:00,MOD-00811,60,62.523,17.743,5.9,9.649,29.112,709.227,2.643,18.396,48.458
2025-04-30T04:00:00-04:00,2025-04-30T05:00:00-04:00,2025-04-30T08:00:00+00:00,2025-04-30T09:00:00+00:00,MOD-00811,60,64.298,17.855,5.684,8.746,22.934,719.567,2.682,19.953,46.377
2025-04-30T05:00:00-04:00,2025-04-30T06:00:00-04:00,2025-04-30T09:00:00+00:00,2025-04-30T10:00:00+00:00,MOD-00811,60,65.657,17.888,5.509,8.094,21.277,735.784,2.746,19.488,43.691
2025-04-30T06:00:00-04:00,2025-04-30T07:00:00-04:00,2025-04-30T10:00:00+00:00,2025-04-30T11:00:00+00:00,MOD-00811,60,64.982,18.685,5.348,7.394,18.41,782.758,3.999,10.991,38.941
2025-04-30T07:00:00-04:00,2025-04-30T08:00:00-04:00,2025-04-30T11:00:00+00:00,2025-04-30T12:00:00+00:00,MOD-00811,60,56.402,19.703,5.715,6.977,10.612,746.834,2.429,8.779,39.826
2025-04-30T08:00:00-04:00,2025-04-30T09:00:00-04:00,2025-04-30T12:00:00+00:00,2025-04-30T13:00:00+00:00,MOD-00811,60,39.057,19.293,1.342,1.78,9.168,664.189,2.39,4.522,43.226
2025-04-30T09:00:00-04:00,2025-04-30T10:00:00-04:00,2025-04-30T13:00:00+00:00,2025-04-30T14:00:00+00:00,MOD-00811,60,40.808,18.22,0.854,1.264,6.295,686.123,2.194,10.0,40.836
2025-04-30T10:00:00-04:00,2025-04-30T11:00:00-04:00,2025-04-30T14:00:00+00:00,2025-04-30T15:00:00+00:00,MOD-00811,60,40.498,18.65,0.94,1.301,5.443,707.428,2.253,10.397,41.599
2025-04-30T11:00:00-04:00,2025-04-30T12:00:00-04:00,2025-04-30T15:00:00+00:00,2025-04-30T16:00:00+00:00,MOD-00811,60,32.415,21.882,1.076,1.447,10.619,687.237,2.465,6.439,44.728
2025-04-30T12:00:00-04:00,2025-04-30T13:00:00-04:00,2025-04-30T16:00:00+00:00,2025-04-30T17:00:00+00:00,MOD-00811,60,27.468,22.968,1.264,1.56,7.223,663.981,2.131,8.225,46.312
2025-04-30T13:00:00-04:00,2025-04-30T14:00:00-04:00,2025-04-30T17:00:00+00:00,2025-04-30T18:00:00+00:00,MOD-00811,60,25.738,23.918,1.567,1.868,6.722,661.138,2.166,6.85,47.008
2025-04-30T14:00:00-04:00,2025-04-30T15:00:00-04:00,2025-04-30T18:00:00+00:00,2025-04-30T19:00:00+00:00,MOD-00811,60,23.902,24.962,1.262,1.596,5.677,664.582,2.215,5.454,48.268
2025-04-30T15:00:00-04:00,2025-04-30T16:00:00-04:00,2025-04-30T19:00:00+00:00,2025-04-30T20:00:00+00:00,MOD-00811,60,22.685,25.937,1.313,1.596,7.078,671.13,2.269,4.822,49.33
2025-04-30T16:00:00-04:00,2025-04-30T17:00:00-04:00,2025-04-30T20:00:00+00:00,2025-04-30T21:00:00+00:00,MOD-00811,60,20.627,26.447,1.203,1.44,5.627,672.438,2.44,4.401,50.048
2025-04-30T17:00:00-04:00,2025-04-30T18:00:00-04:00,2025-04-30T21:00:00+00:00,2025-04-30T22:00:00+00:00,MOD-00811,60,18.815,26.437,0.862,1.092,5.017,690.339,2.43,6.668,51.725
2025-04-30T18:00:00-04:00,2025-04-30T19:00:00-04:00,2025-04-30T22:00:00+00:00,2025-04-30T23:00:00+00:00,MOD-00811,60,17.767,24.958,1.126,1.401,6.22,693.709,2.465,9.465,52.525
2025-04-30T19:00:00-04:00,2025-04-30T20:00:00-04:00,2025-04-30T23:00:00+00:00,2025-05-01T00:00:00+00:00,MOD-00811,60,17.408,22.792,1.391,1.694,5.415,738.546,2.308,9.203,53.409
2025-04-30T20:00:00-04:00,2025-04-30T21:00:00-04:00,2025-05-01T00:00:00+00:00,2025-05-01T01:00:00+00:00,MOD-00811,60,22.652,19.925,2.373,2.622,6.628,754.107,1.991,16.357,48.889
2025-04-30T21:00:00-04:00,2025-04-30T22:00:00-04:00,2025-05-01T01:00:00+00:00,2025-05-01T02:00:00+00:00,MOD-00811,60,24.945,17.622,2.418,2.636,4.957,755.294,2.36,22.005,49.271
2025-04-30T22:00:00-04:00,2025-04-30T23:00:00-04:00,2025-05-01T02:00:00+00:00,2025-05-01T03:00:00+00:00,MOD-00811,60,22.927,16.327,2.121,2.341,5.105,779.331,2.146,20.226,50.404
2025-04-30T23:00:00-04:00,2025-05-01T00:00:00-04:00,2025-05-01T03:00:00+00:00,2025-05-01T04:00:00+00:00,MOD-00811,60,24.588,15.377,2.136,2.352,4.435,754.807,2.598,20.969,50.055
2025-05-01T00:00:00-04:00,2025-05-01T01:00:00-04:00,2025-05-01T04:00:00+00:00,2025-05-01T05:00:00+00:00,MOD-00811,60,27.095,14.527,2.348,2.547,4.785,737.974,2.492,20.136,50.865
2025-05-01T01:00:00-04:00,2025-05-01T02:00:00-04:00,2025-05-01T05:00:00+00:00,2025-05-01T06:00:00+00:00,MOD-00811,60,30.498,13.102,2.513,2.838,6.831,734.327,2.258,21.699,45.031
2025-05-01T02:00:00-04:00,2025-05-01T03:00:00-04:00,2025-05-01T06:00:00+00:00,2025-05-01T07:00:00+00:00,MOD-00811,60,37.397,11.793,3.593,4.492,18.882,749.075,2.462,13.175,41.408
2025-05-01T03:00:00-04:00,2025-05-01T04:00:00-04:00,2025-05-01T07:00:00+00:00,2025-05-01T08:00:00+00:00,MOD-00811,60,38.717,11.062,3.05,3.525,13.57,740.273,2.442,14.913,42.769
2025-05-01T04:00:00-04:00,2025-05-01T05:00:00-04:00,2025-05-01T08:00:00+00:00,2025-05-01T09:00:00+00:00,MOD-00811,60,42.912,10.252,2.751,3.259,11.794,748.475,1.932,20.961,40.93
2025-05-01T05:00:00-04:00,2025-05-01T06:00:00-04:00,2025-05-01T09:00:00+00:00,2025-05-01T10:00:00+00:00,MOD-00811,60,39.687,9.867,2.91,3.28,8.042,742.858,2.666,20.601,36.219
2025-05-01T06:00:00-04:00,2025-05-01T07:00:00-04:00,2025-05-01T10:00:00+00:00,2025-05-01T11:00:00+00:00,MOD-00811,60,38.877,11.068,2.792,3.568,21.492,769.772,2.301,18.044,38.566
2025-05-01T07:00:00-04:00,2025-05-01T08:00:00-04:00,2025-05-01T11:00:00+00:00,2025-05-01T12:00:00+00:00,MOD-00811,60,30.143,14.1,2.896,3.52,15.658,754.848,2.83,16.097,42.943
2025-05-01T08:00:00-04:00,2025-05-01T09:00:00-04:00,2025-05-01T12:00:00+00:00,2025-05-01T13:00:00+00:00,MOD-00811,60,26.145,16.8,2.511,2.89,8.611,701.284,2.786,19.117,46.384
2025-05-01T09:00:00-04:00,2025-05-01T10:00:00-04:00,2025-05-01T13:00:00+00:00,2025-05-01T14:00:00+00:00,MOD-00811,60,21.96,19.972,2.279,2.576,6.321,692.251,2.139,11.132,48.735
2025-05-01T10:00:00-04:00,2025-05-01T11:00:00-04:00,2025-05-01T14:00:00+00:00,2025-05-01T15:00:00+00:00,MOD-00811,60,20.032,22.187,2.064,2.383,6.55,686.447,2.28,7.576,51.8
2025-05-01T11:00:00-04:00,2025-05-01T12:00:00-04:00,2025-05-01T15:00:00+00:00,2025-05-01T16:00:00+00:00,MOD-00811,60,20.268,22.717,2.282,2.585,5.113,670.431,2.275,7.622,53.595
2025-05-01T12:00:00-04:00,2025-05-01T13:00:00-04:00,2025-05-01T16:00:00+00:00,2025-05-01T17:00:00+00:00,MOD-00811,60,22.463,22.607,2.32,2.674,7.067,677.244,2.111,8.354,54.932
2025-05-01T13:00:00-04:00,2025-05-01T14:00:00-04:00,2025-05-01T17:00:00+00:00,2025-05-01T18:00:00+00:00,MOD-00811,60,25.47,21.542,2.118,2.5,8.668,699.759,1.817,10.931,54.988
2025-05-01T14:00:00-04:00,2025-05-01T15:00:00-04:00,2025-05-01T18:00:00+00:00,2025-05-01T19:00:00+00:00,MOD-00811,60,21.967,21.428,1.976,2.294,6.003,681.442,1.94,9.62,55.757
2025-05-01T15:00:00-04:00,2025-05-01T16:00:00-04:00,2025-05-01T19:00:00+00:00,2025-05-01T20:00:00+00:00,MOD-00811,60,26.668,21.37,2.038,2.449,6.19,710.169,1.955,10.89,54.344
2025-05-01T16:00:00-04:00,2025-05-01T17:00:00-04:00,2025-05-01T20:00:00+00:00,2025-05-01T21:00:00+00:00,MOD-00811,60,32.978,19.398,2.32,2.873,6.987,733.021,2.301,11.989,52.908
2025-05-01T17:00:00-04:00,2025-05-01T18:00:00-04:00,2025-05-01T21:00:00+00:00,2025-05-01T22:00:00+00:00,MOD-00811,60,37.38,17.408,2.508,3.205,7.564,743.469,2.406,12.807,50.42
2025-05-01T18:00:00-04:00,2025-05-01T19:00:00-04:00,2025-05-01T22:00:00+00:00,2025-05-01T23:00:00+00:00,MOD-00811,60,40.232,15.852,2.873,3.587,8.082,737.39,2.384,13.899,49.597
2025-05-01T19:00:00-04:00,2025-05-01T20:00:00-04:00,2025-05-01T23:00:00+00:00,2025-05-02T00:00:00+00:00,MOD-00811,60,45.63,13.688,2.526,3.301,7.675,736.557,2.035,19.902,48.61
2025-05-01T20:00:00-04:00,2025-05-01T21:00:00-04:00,2025-05-02T00:00:00+00:00,2025-05-02T01:00:00+00:00,MOD-00811,60,56.357,12.035,2.792,3.925,11.825,760.933,1.686,21.256,46.032
2025-05-01T21:00:00-04:00,2025-05-01T22:00:00-04:00,2025-05-02T01:00:00+00:00,2025-05-02T02:00:00+00:00,MOD-00811,60,63.918,11.36,2.853,4.177,16.013,744.394,2.226,17.131,44.482
2025-05-01T22:00:00-04:00,2025-05-01T23:00:00-04:00,2025-05-02T02:00:00+00:00,2025-05-02T03:00:00+00:00,MOD-00811,60,70.825,11.302,2.52,4.4,22.326,734.876,1.507,20.537,43.531
2025-05-01T23:00:00-04:00,2025-05-02T00:00:00-04:00,2025-05-02T03:00:00+00:00,2025-05-02T04:00:00+00:00,MOD-00811,60,74.59,11.458,3.073,5.174,27.611,725.345,1.641,17.608,41.696
2025-05-02T00:00:00-04:00,2025-05-02T01:00:00-04:00,2025-05-02T04:00:00+00:00,2025-05-02T05:00:00+00:00,MOD-00811,60,77.09,11.37,3.041,5.164,25.678,706.685,1.937,17.039,41.677
2025-05-02T01:00:00-04:00,2025-05-02T02:00:00-04:00,2025-05-02T05:00:00+00:00,2025-05-02T06:00:00+00:00,MOD-00811,60,78.102,11.617,2.949,5.037,24.438,705.843,2.028,19.398,40.264
2025-05-02T02:00:00-04:00,2025-05-02T03:00:00-04:00,2025-05-02T06:00:00+00:00,2025-05-02T07:00:00+00:00,MOD-00811,60,74.223,12.49,3.055,4.85,16.895,688.782,1.799,14.252,42.795
2025-05-02T03:00:00-04:00,2025-05-02T04:00:00-04:00,2025-05-02T07:00:00+00:00,2025-05-02T08:00:00+00:00,MOD-00811,60,69.033,13.243,2.656,4.278,14.608,674.773,1.93,14.802,44.123
2025-05-02T04:00:00-04:00,2025-05-02T05:00:00-04:00,2025-05-02T08:00:00+00:00,2025-05-02T09:00:00+00:00,MOD-00811,60,79.762,12.848,2.213,4.676,25.865,688.526,2.235,20.448,42.148
2025-05-02T05:00:00-04:00,2025-05-02T06:00:00-04:00,2025-05-02T09:00:00+00:00,2025-05-02T10:00:00+00:00,MOD-00811,60,85.68,12.517,2.178,10.572,85.446,689.035,2.591,20.154,44.828
2025-05-02T06:00:00-04:00,2025-05-02T07:00:00-04:00,2025-05-02T10:00:00+00:00,2025-05-02T11:00:00+00:00,MOD-00811,60,83.163,12.935,2.315,10.839,77.724,710.732,2.454,19.71,44.265
2025-05-02T07:00:00-04:00,2025-05-02T08:00:00-04:00,2025-05-02T11:00:00+00:00,2025-05-02T12:00:00+00:00,MOD-00811,60,80.522,13.665,2.455,10.377,77.718,716.482,2.153,18.646,44.119
2025-05-02T08:00:00-04:00,2025-05-02T09:00:00-04:00,2025-05-02T12:00:00+00:00,2025-05-02T13:00:00+00:00,MOD-00811,60,77.68,14.938,3.383,14.044,114.775,696.893,1.82,18.665,44.953
2025-05-02T09:00:00-04:00,2025-05-02T10:00:00-04:00,2025-05-02T13:00:00+00:00,2025-05-02T14:00:00+00:00,MOD-00811,60,75.195,16.313,4.847,17.268,121.311,682.627,1.885,14.507,43.03
2025-05-02T10:00:00-04:00,2025-05-02T11:00:00-04:00,2025-05-02T14:00:00+00:00,2025-05-02T15:00:00+00:00,MOD-00811,60,70.762,17.812,6.042,16.591,77.158,675.494,2.037,10.769,41.867
2025-05-02T11:00:00-04:00,2025-05-02T12:00:00-04:00,2025-05-02T15:00:00+00:00,2025-05-02T16:00:00+00:00,MOD-00811,60,63.942,19.717,6.703,15.042,44.465,659.228,3.126,10.011,40.703
2025-05-02T12:00:00-04:00,2025-05-02T13:00:00-04:00,2025-05-02T16:00:00+00:00,2025-05-02T17:00:00+00:00,MOD-00811,60,57.977,22.01,7.334,14.392,35.18,684.2,2.486,9.871,40.599
2025-05-02T13:00:00-04:00,2025-05-02T14:00:00-04:00,2025-05-02T17:00:00+00:00,2025-05-02T18:00:00+00:00,MOD-00811,60,51.798,24.677,7.234,13.663,29.46,646.365,2.628,8.007,40.039
2025-05-02T14:00:00-04:00,2025-05-02T15:00:00-04:00,2025-05-02T18:00:00+00:00,2025-05-02T19:00:00+00:00,MOD-00811,60,52.553,24.292,7.344,14.846,33.695,659.145,2.495,9.228,41.081
2025-05-02T15:00:00-04:00,2025-05-02T16:00:00-04:00,2025-05-02T19:00:00+00:00,2025-05-02T20:00:00+00:00,MOD-00811,60,55.153,23.695,7.699,14.35,31.62,688.763,2.381,11.295,43.469
2025-05-02T16:00:00-04:00,2025-05-02T17:00:00-04:00,2025-05-02T20:00:00+00:00,2025-05-02T21:00:00+00:00,MOD-00811,60,54.123,23.99,7.842,14.284,29.434,685.202,2.411,12.328,43.806
2025-05-02T17:00:00-04:00,2025-05-02T18:00:00-04:00,2025-05-02T21:00:00+00:00,2025-05-02T22:00:00+00:00,MOD-00811,60,55.72,23.507,8.263,14.822,32.876,698.365,2.372,11.177,43.953
2025-05-02T18:00:00-04:00,2025-05-02T19:00:00-04:00,2025-05-02T22:00:00+00:00,2025-05-02T23:00:00+00:00,MOD-00811,60,61.275,21.57,8.601,15.484,35.488,704.454,2.481,9.986,42.755
2025-05-02T19:00:00-04:00,2025-05-02T20:00:00-04:00,2025-05-02T23:00:00+00:00,2025-05-03T00:00:00+00:00,MOD-00811,60,70.89,18.655,9.832,17.691,46.566,716.598,2.005,15.572,42.19
2025-05-02T20:00:00-04:00,2025-05-02T21:00:00-04:00,2025-05-03T00:00:00+00:00,2025-05-03T01:00:00+00:00,MOD-00811,60,77.748,16.57,9.088,18.227,52.636,708.184,1.83,20.866,40.037
2025-05-02T21:00:00-04:00,2025-05-02T22:00:00-04:00,2025-05-03T01:00:00+00:00,2025-05-03T02:00:00+00:00,MOD-00811,60,80.342,15.52,8.028,19.138,63.119,689.801,1.926,17.724,39.104
2025-05-02T22:00:00-04:00,2025-05-02T23:00:00-04:00,2025-05-03T02:00:00+00:00,2025-05-03T03:00:00+00:00,MOD-00811,60,82.815,14.65,7.799,20.453,71.301,678.724,2.469,19.473,39.116
2025-05-02T23:00:00-04:00,2025-05-03T00:00:00-04:00,2025-05-03T03:00:00+00:00,2025-05-03T04:00:00+00:00,MOD-00811,60,84.477,14.635,7.628,19.725,69.472,678.869,2.665,17.959,39.829
2025-05-03T00:00:00-04:00,2025-05-03T01:00:00-04:00,2025-05-03T04:00:00+00:00,2025-05-03T05:00:00+00:00,MOD-00811,60,83.787,14.887,7.875,19.772,69.142,670.839,2.494,14.096,40.25
2025-05-03T01:00:00-04:00,2025-05-03T02:00:00-04:00,2025-05-03T05:00:00+00:00,2025-05-03T06:00:00+00:00,MOD-00811,60,85.082,14.515,8.139,20.301,76.422,659.762,2.811,12.858,40.756
2025-05-03T02:00:00-04:00,2025-05-03T03:00:00-04:00,2025-05-03T06:00:00+00:00,2025-05-03T07:00:00+00:00,MOD-00811,60,86.387,14.085,8.279,20.209,83.74,668.086,3.055,11.751,40.553
2025-05-03T03:00:00-04:00,2025-05-03T04:00:00-04:00,2025-05-03T07:00:00+00:00,2025-05-03T08:00:00+00:00,MOD-00811,60,87.305,13.728,8.364,20.68,92.968,665.4,3.119,11.279,39.431
2025-05-03T04:00:00-04:00,2025-05-03T05:00:00-04:00,2025-05-03T08:00:00+00:00,2025-05-03T09:00:00+00:00,MOD-00811,60,88.175,13.525,8.165,21.643,119.736,665.904,3.371,11.191,38.061
2025-05-03T05:00:00-04:00,2025-05-03T06:00:00-04:00,2025-05-03T09:00:00+00:00,2025-05-03T10:00:00+00:00,MOD-00811,60,88.15,13.643,8.179,17.511,173.478,684.392,3.346,11.257,35.978
2025-05-03T06:00:00-04:00,2025-05-03T07:00:00-04:00,2025-05-03T10:00:00+00:00,2025-05-03T11:00:00+00:00,MOD-00811,60,87.333,13.817,8.045,19.276,165.541,678.276,3.094,11.274,35.075
2025-05-03T07:00:00-04:00,2025-05-03T08:00:00-04:00,2025-05-03T11:00:00+00:00,2025-05-03T12:00:00+00:00,MOD-00811,60,82.028,15.477,9.266,21.336,80.541,699.141,2.492,10.255,33.408
2025-05-03T08:00:00-04:00,2025-05-03T09:00:00-04:00,2025-05-03T12:00:00+00:00,2025-05-03T13:00:00+00:00,MOD-00811,60,63.175,19.848,8.917,16.673,34.151,665.634,2.682,7.448,33.335
2025-05-03T09:00:00-04:00,2025-05-03T10:00:00-04:00,2025-05-03T13:00:00+00:00,2025-05-03T14:00:00+00:00,MOD-00811,60,58.117,21.393,7.728,15.503,31.853,641.235,2.344,3.98,38.232
2025-05-03T10:00:00-04:00,2025-05-03T11:00:00-04:00,2025-05-03T14:00:00+00:00,2025-05-03T15:00:00+00:00,MOD-00811,60,55.705,22.772,6.564,14.703,32.089,625.826,2.427,8.811,40.728
2025-05-03T11:00:00-04:00,2025-05-03T12:00:00-04:00,2025-05-03T15:00:00+00:00,2025-05-03T16:00:00+00:00,MOD-00811,60,55.597,23.298,6.33,14.021,31.838,636.125,2.402,10.685,42.7
2025-05-03T12:00:00-04:00,2025-05-03T13:00:00-04:00,2025-05-03T16:00:00+00:00,2025-05-03T17:00:00+00:00,MOD-00811,60,54.682,23.713,6.924,14.545,32.656,643.887,2.429,11.006,43.473
2025-05-03T13:00:00-04:00,2025-05-03T14:00:00-04:00,2025-05-03T17:00:00+00:00,2025-05-03T18:00:00+00:00,MOD-00811,60,52.712,24.167,6.897,14.123,27.307,624.244,2.702,10.345,43.705
2025-05-03T14:00:00-04:00,2025-05-03T15:00:00-04:00,2025-05-03T18:00:00+00:00,2025-05-03T19:00:00+00:00,MOD-00811,60,55.152,24.145,8.079,14.749,29.624,664.134,2.357,8.116,43.133
2025-05-03T15:00:00-04:00,2025-05-03T16:00:00-04:00,2025-05-03T19:00:00+00:00,2025-05-03T20:00:00+00:00,MOD-00811,60,55.098,24.802,8.591,13.883,29.359,680.056,2.44,10.622,42.361
2025-05-03T16:00:00-04:00,2025-05-03T17:00:00-04:00,2025-05-03T20:00:00+00:00,2025-05-03T21:00:00+00:00,MOD-00811,60,55.62,24.277,8.154,13.479,27.052,672.769,2.42,6.727,43.555
2025-05-03T17:00:00-04:00,2025-05-03T18:00:00-04:00,2025-05-03T21:00:00+00:00,2025-05-03T22:00:00+00:00,MOD-00811,60,48.935,26.777,7.121,9.463,16.235,684.341,3.533,7.224,45.068
2025-05-03T18:00:00-04:00,2025-05-03T19:00:00-04:00,2025-05-03T22:00:00+00:00,2025-05-03T23:00:00+00:00,MOD-00811,60,55.403,25.077,7.555,11.227,21.997,744.38,2.396,15.696,41.715
2025-05-03T19:00:00-04:00,2025-05-03T20:00:00-04:00,2025-05-03T23:00:00+00:00,2025-05-04T00:00:00+00:00,MOD-00811,60,64.513,21.848,8.909,15.182,34.204,702.523,1.98,7.679,40.451
2025-05-03T20:00:00-04:00,2025-05-03T21:00:00-04:00,2025-05-04T00:00:00+00:00,2025-05-04T01:00:00+00:00,MOD-00811,60,73.522,18.435,8.634,18.944,55.14,701.335,1.911,18.675,40.268
2025-05-03T21:00:00-04:00,2025-05-03T22:00:00-04:00,2025-05-04T01:00:00+00:00,2025-05-04T02:00:00+00:00,MOD-00811,60,77.915,17.105,7.981,19.672,68.033,692.736,1.792,19.158,40.321
2025-05-03T22:00:00-04:00,2025-05-03T23:00:00-04:00,2025-05-04T02:00:00+00:00,2025-05-04T03:00:00+00:00,MOD-00811,60,79.597,16.592,7.344,19.419,72.434,690.269,1.768,17.368,40.505
2025-05-03T23:00:00-04:00,2025-05-04T00:00:00-04:00,2025-05-04T03:00:00+00:00,2025-05-04T04:00:00+00:00,MOD-00811,60,78.928,16.973,7.261,17.697,70.376,687.824,1.797,14.459,39.354
2025-05-04T00:00:00-04:00,2025-05-04T01:00:00-04:00,2025-05-04T04:00:00+00:00,2025-05-04T05:00:00+00:00,MOD-00811,60,79.552,16.76,6.104,18.109,87.124,652.613,1.793,12.516,40.23
2025-05-04T01:00:00-04:00,2025-05-04T02:00:00-04:00,2025-05-04T05:00:00+00:00,2025-05-04T06:00:00+00:00,MOD-00811,60,82.865,16.265,5.657,18.617,99.918,641.981,2.207,4.389,40.04
2025-05-04T02:00:00-04:00,2025-05-04T03:00:00-04:00,2025-05-04T06:00:00+00:00,2025-05-04T07:00:00+00:00,MOD-00811,60,82.728,16.52,5.218,14.796,78.393,649.558,2.148,10.688,37.006
2025-05-04T03:00:00-04:00,2025-05-04T04:00:00-04:00,2025-05-04T07:00:00+00:00,2025-05-04T08:00:00+00:00,MOD-00811,60,80.37,16.943,5.029,13.953,64.611,633.251,1.772,12.542,38.407
2025-05-04T04:00:00-04:00,2025-05-04T05:00:00-04:00,2025-05-04T08:00:00+00:00,2025-05-04T09:00:00+00:00,MOD-00811,60,83.947,15.415,5.056,16.424,92.51,621.138,2.551,8.28,39.219
2025-05-04T05:00:00-04:00,2025-05-04T06:00:00-04:00,2025-05-04T09:00:00+00:00,2025-05-04T10:00:00+00:00,MOD-00811,60,86.125,15.027,5.206,16.595,96.381,635.572,2.877,11.222,38.825
2025-05-04T06:00:00-04:00,2025-05-04T07:00:00-04:00,2025-05-04T10:00:00+00:00,2025-05-04T11:00:00+00:00,MOD-00811,60,84.653,15.605,5.038,14.931,78.463,641.757,2.611,7.617,37.257
2025-05-04T07:00:00-04:00,2025-05-04T08:00:00-04:00,2025-05-04T11:00:00+00:00,2025-05-04T12:00:00+00:00,MOD-00811,60,76.088,17.743,4.963,12.476,53.37,647.685,1.862,12.924,37.349
2025-05-04T08:00:00-04:00,2025-05-04T09:00:00-04:00,2025-05-04T12:00:00+00:00,2025-05-04T13:00:00+00:00,MOD-00811,60,62.705,22.08,4.128,8.988,35.989,641.085,2.094,7.532,38.85
2025-05-04T09:00:00-04:00,2025-05-04T10:00:00-04:00,2025-05-04T13:00:00+00:00,2025-05-04T14:00:00+00:00,MOD-00811,60,56.845,24.307,3.588,7.589,31.363,614.33,2.206,6.044,39.243
2025-05-04T10:00:00-04:00,2025-05-04T11:00:00-04:00,2025-05-04T14:00:00+00:00,2025-05-04T15:00:00+00:00,MOD-00811,60,54.208,25.452,3.728,7.319,29.511,611.233,2.38,7.643,40.179
2025-05-04T11:00:00-04:00,2025-05-04T12:00:00-04:00,2025-05-04T15:00:00+00:00,2025-05-04T16:00:00+00:00,MOD-00811,60,51.043,26.353,3.84,7.317,26.03,613.77,2.375,5.615,41.068
2025-05-04T12:00:00-04:00,2025-05-04T13:00:00-04:00,2025-05-04T16:00:00+00:00,2025-05-04T17:00:00+00:00,MOD-00811,60,48.205,27.338,3.351,6.255,22.003,623.014,3.604,9.007,41.499
2025-05-04T13:00:00-04:00,2025-05-04T14:00:00-04:00,2025-05-04T17:00:00+00:00,2025-05-04T18:00:00+00:00,MOD-00811,60,45.327,27.65,3.045,5.594,18.547,624.86,5.265,13.664,42.49
2025-05-04T14:00:00-04:00,2025-05-04T15:00:00-04:00,2025-05-04T18:00:00+00:00,2025-05-04T19:00:00+00:00,MOD-00811,60,46.262,27.323,3.137,5.673,17.807,670.197,5.166,15.445,42.695
2025-05-04T15:00:00-04:00,2025-05-04T16:00:00-04:00,2025-05-04T19:00:00+00:00,2025-05-04T20:00:00+00:00,MOD-00811,60,44.322,28.16,3.22,5.694,16.114,646.65,4.285,8.124,42.659
2025-05-04T16:00:00-04:00,2025-05-04T17:00:00-04:00,2025-05-04T20:00:00+00:00,2025-05-04T21:00:00+00:00,MOD-00811,60,56.57,23.852,5.007,9.584,29.479,666.826,2.509,11.017,41.575
2025-05-04T17:00:00-04:00,2025-05-04T18:00:00-04:00,2025-05-04T21:00:00+00:00,2025-05-04T22:00:00+00:00,MOD-00811,60,65.587,20.317,5.735,10.797,36.91,692.109,2.174,9.432,41.245
2025-05-04T18:00:00-04:00,2025-05-04T19:00:00-04:00,2025-05-04T22:00:00+00:00,2025-05-04T23:00:00+00:00,MOD-00811,60,71.968,18.207,5.844,11.25,38.317,695.904,1.953,13.28,40.923
2025-05-04T19:00:00-04:00,2025-05-04T20:00:00-04:00,2025-05-04T23:00:00+00:00,2025-05-05T00:00:00+00:00,MOD-00811,60,75.243,17.587,6.057,11.691,46.661,685.978,1.919,18.383,39.346
2025-05-04T20:00:00-04:00,2025-05-04T21:00:00-04:00,2025-05-05T00:00:00+00:00,2025-05-05T01:00:00+00:00,MOD-00811,60,77.577,17.38,6.334,11.899,49.384,687.191,1.8,20.631,38.341
2025-05-04T21:00:00-04:00,2025-05-04T22:00:00-04:00,2025-05-05T01:00:00+00:00,2025-05-05T02:00:00+00:00,MOD-00811,60,78.032,17.453,5.991,11.226,45.683,672.415,1.782,18.266,37.147
2025-05-04T22:00:00-04:00,2025-05-04T23:00:00-04:00,2025-05-05T02:00:00+00:00,2025-05-05T03:00:00+00:00,MOD-00811,60,78.12,17.452,5.74,10.817,44.267,664.229,1.77,15.214,36.11
2025-05-04T23:00:00-04:00,2025-05-05T00:00:00-04:00,2025-05-05T03:00:00+00:00,2025-05-05T04:00:00+00:00,MOD-00811,60,79.012,17.508,6.509,11.503,45.913,668.303,1.712,13.302,30.858
2025-05-05T00:00:00-04:00,2025-05-05T01:00:00-04:00,2025-05-05T04:00:00+00:00,2025-05-05T05:00:00+00:00,MOD-00811,60,81.4,17.5,6.794,11.251,32.668,676.525,1.888,17.226,26.56
2025-05-05T01:00:00-04:00,2025-05-05T02:00:00-04:00,2025-05-05T05:00:00+00:00,2025-05-05T06:00:00+00:00,MOD-00811,60,84.488,16.235,8.063,9.636,16.47,691.528,2.537,6.74,27.443
2025-05-05T02:00:00-04:00,2025-05-05T03:00:00-04:00,2025-05-05T06:00:00+00:00,2025-05-05T07:00:00+00:00,MOD-00811,60,85.91,15.103,7.164,9.38,34.162,669.504,2.861,9.52,28.369
2025-05-05T03:00:00-04:00,2025-05-05T04:00:00-04:00,2025-05-05T07:00:00+00:00,2025-05-05T08:00:00+00:00,MOD-00811,60,86.942,14.918,7.211,11.426,42.795,664.747,2.883,10.949,28.424
2025-05-05T04:00:00-04:00,2025-05-05T05:00:00-04:00,2025-05-05T08:00:00+00:00,2025-05-05T09:00:00+00:00,MOD-00811,60,87.115,14.702,6.928,9.767,23.506,659.204,2.982,11.033,27.934
2025-05-05T05:00:00-04:00,2025-05-05T06:00:00-04:00,2025-05-05T09:00:00+00:00,2025-05-05T10:00:00+00:00,MOD-00811,60,87.682,14.477,6.908,9.977,32.427,658.893,3.102,11.117,27.066
2025-05-05T06:00:00-04:00,2025-05-05T07:00:00-04:00,2025-05-05T10:00:00+00:00,2025-05-05T11:00:00+00:00,MOD-00811,60,87.185,14.4,6.156,8.398,20.14,670.521,3.108,11.328,26.747
2025-05-05T07:00:00-04:00,2025-05-05T08:00:00-04:00,2025-05-05T11:00:00+00:00,2025-05-05T12:00:00+00:00,MOD-00811,60,87.847,14.398,5.962,7.783,22.218,682.761,4.881,13.786,22.197
2025-05-05T08:00:00-04:00,2025-05-05T09:00:00-04:00,2025-05-05T12:00:00+00:00,2025-05-05T13:00:00+00:00,MOD-00811,60,88.532,14.845,5.994,8.248,28.889,689.031,3.047,11.069,23.934
2025-05-05T09:00:00-04:00,2025-05-05T10:00:00-04:00,2025-05-05T13:00:00+00:00,2025-05-05T14:00:00+00:00,MOD-00811,60,86.797,15.918,7.931,10.489,35.701,689.547,3.037,10.359,24.153
2025-05-05T10:00:00-04:00,2025-05-05T11:00:00-04:00,2025-05-05T14:00:00+00:00,2025-05-05T15:00:00+00:00,MOD-00811,60,84.315,15.437,5.962,7.207,23.964,663.963,2.739,6.687,28.057
2025-05-05T11:00:00-04:00,2025-05-05T12:00:00-04:00,2025-05-05T15:00:00+00:00,2025-05-05T16:00:00+00:00,MOD-00811,60,85.633,14.527,6.137,7.63,24.753,658.685,3.052,13.692,30.829
2025-05-05T12:00:00-04:00,2025-05-05T13:00:00-04:00,2025-05-05T16:00:00+00:00,2025-05-05T17:00:00+00:00,MOD-00811,60,86.212,14.418,6.472,8.058,21.589,667.264,3.193,14.405,29.54
2025-05-05T13:00:00-04:00,2025-05-05T14:00:00-04:00,2025-05-05T17:00:00+00:00,2025-05-05T18:00:00+00:00,MOD-00811,60,84.828,14.9,8.671,10.119,21.173,661.63,2.886,12.025,31.958
2025-05-05T14:00:00-04:00,2025-05-05T15:00:00-04:00,2025-05-05T18:00:00+00:00,2025-05-05T19:00:00+00:00,MOD-00811,60,83.467,14.762,8.959,10.494,22.399,655.175,2.582,10.601,34.51
2025-05-05T15:00:00-04:00,2025-05-05T16:00:00-04:00,2025-05-05T19:00:00+00:00,2025-05-05T20:00:00+00:00,MOD-00811,60,83.092,14.27,7.313,8.576,20.348,663.298,2.497,12.044,36.435
2025-05-05T16:00:00-04:00,2025-05-05T17:00:00-04:00,2025-05-05T20:00:00+00:00,2025-05-05T21:00:00+00:00,MOD-00811,60,83.448,13.792,6.178,7.003,12.769,653.976,2.496,13.881,37.242
2025-05-05T17:00:00-04:00,2025-05-05T18:00:00-04:00,2025-05-05T21:00:00+00:00,2025-05-05T22:00:00+00:00,MOD-00811,60,86.168,13.153,4.275,4.969,10.738,661.495,2.872,14.439,35.778
2025-05-05T18:00:00-04:00,2025-05-05T19:00:00-04:00,2025-05-05T22:00:00+00:00,2025-05-05T23:00:00+00:00,MOD-00811,60,87.175,12.795,4.183,4.929,11.148,663.171,3.308,12.536,35.388
2025-05-05T19:00:00-04:00,2025-05-05T20:00:00-04:00,2025-05-05T23:00:00+00:00,2025-05-06T00:00:00+00:00,MOD-00811,60,87.898,12.495,5.229,6.342,14.458,661.225,3.463,11.89,34.879
2025-05-05T20:00:00-04:00,2025-05-05T21:00:00-04:00,2025-05-06T00:00:00+00:00,2025-05-06T01:00:00+00:00,MOD-00811,60,88.39,12.407,5.674,7.059,18.635,658.551,3.466,11.685,34.69
2025-05-05T21:00:00-04:00,2025-05-05T22:00:00-04:00,2025-05-06T01:00:00+00:00,2025-05-06T02:00:00+00:00,MOD-00811,60,88.318,12.398,6.146,7.74,23.699,656.848,3.466,11.593,33.815
2025-05-05T22:00:00-04:00,2025-05-05T23:00:00-04:00,2025-05-06T02:00:00+00:00,2025-05-06T03:00:00+00:00,MOD-00811,60,88.963,12.432,6.441,8.152,23.117,654.551,3.47,11.433,33.541
2025-05-05T23:00:00-04:00,2025-05-06T00:00:00-04:00,2025-05-06T03:00:00+00:00,2025-05-06T04:00:00+00:00,MOD-00811,60,89.05,12.625,7.03,8.83,22.761,650.121,3.472,11.147,33.269
2025-05-06T00:00:00-04:00,2025-05-06T01:00:00-04:00,2025-05-06T04:00:00+00:00,2025-05-06T05:00:00+00:00,MOD-00811,60,88.992,12.94,6.754,8.632,25.4,647.259,3.453,10.51,32.888
2025-05-06T01:00:00-04:00,2025-05-06T02:00:00-04:00,2025-05-06T05:00:00+00:00,2025-05-06T06:00:00+00:00,MOD-00811,60,89.535,13.272,5.66,6.712,15.044,645.295,3.414,10.515,32.904
2025-05-06T02:00:00-04:00,2025-05-06T03:00:00-04:00,2025-05-06T06:00:00+00:00,2025-05-06T07:00:00+00:00,MOD-00811,60,89.68,13.693,4.534,5.203,10.841,645.093,3.41,10.834,31.501
2025-05-06T03:00:00-04:00,2025-05-06T04:00:00-04:00,2025-05-06T07:00:00+00:00,2025-05-06T08:00:00+00:00,MOD-00811,60,89.938,14.327,5.053,6.337,22.335,660.912,3.212,11.27,26.837
2025-05-06T04:00:00-04:00,2025-05-06T05:00:00-04:00,2025-05-06T08:00:00+00:00,2025-05-06T09:00:00+00:00,MOD-00811,60,90.053,15.18,5.049,7.4,37.136,653.665,3.134,11.658,27.011
2025-05-06T05:00:00-04:00,2025-05-06T06:00:00-04:00,2025-05-06T09:00:00+00:00,2025-05-06T10:00:00+00:00,MOD-00811,60,89.137,16.107,4.588,8.129,36.018,642.221,3.001,10.815,29.372
2025-05-06T06:00:00-04:00,2025-05-06T07:00:00-04:00,2025-05-06T10:00:00+00:00,2025-05-06T11:00:00+00:00,MOD-00811,60,87.173,17.065,4.444,8.568,45.582,707.458,3.081,11.339,26.773
2025-05-06T07:00:00-04:00,2025-05-06T08:00:00-04:00,2025-05-06T11:00:00+00:00,2025-05-06T12:00:00+00:00,MOD-00811,60,83.642,17.842,4.462,9.167,41.327,716.907,2.993,12.543,28.978
2025-05-06T08:00:00-04:00,2025-05-06T09:00:00-04:00,2025-05-06T12:00:00+00:00,2025-05-06T13:00:00+00:00,MOD-00811,60,82.452,18.692,4.754,9.363,39.11,785.336,1.72,12.918,27.25
2025-05-06T09:00:00-04:00,2025-05-06T10:00:00-04:00,2025-05-06T13:00:00+00:00,2025-05-06T14:00:00+00:00,MOD-00811,60,76.727,20.323,4.238,8.25,33.0,714.624,1.767,12.942,30.242
2025-05-06T10:00:00-04:00,2025-05-06T11:00:00-04:00,2025-05-06T14:00:00+00:00,2025-05-06T15:00:00+00:00,MOD-00811,60,77.107,20.012,3.702,7.294,29.599,640.023,1.822,14.351,32.636
2025-05-06T11:00:00-04:00,2025-05-06T12:00:00-04:00,2025-05-06T15:00:00+00:00,2025-05-06T16:00:00+00:00,MOD-00811,60,82.69,19.025,3.651,7.456,35.999,647.904,1.693,8.157,34.324
2025-05-06T12:00:00-04:00,2025-05-06T13:00:00-04:00,2025-05-06T16:00:00+00:00,2025-05-06T17:00:00+00:00,MOD-00811,60,83.747,18.74,3.669,7.929,49.833,668.055,1.862,9.995,33.902
2025-05-06T13:00:00-04:00,2025-05-06T14:00:00-04:00,2025-05-06T17:00:00+00:00,2025-05-06T18:00:00+00:00,MOD-00811,60,85.667,17.785,3.186,4.38,86.514,662.308,2.255,11.138,34.047
2025-05-06T14:00:00-04:00,2025-05-06T15:00:00-04:00,2025-05-06T18:00:00+00:00,2025-05-06T19:00:00+00:00,MOD-00811,60,81.517,18.46,3.276,4.333,18.328,655.66,1.664,15.683,34.82
2025-05-06T15:00:00-04:00,2025-05-06T16:00:00-04:00,2025-05-06T19:00:00+00:00,2025-05-06T20:00:00+00:00,MOD-00811,60,79.818,18.382,3.55,4.86,18.521,645.971,1.665,16.895,35.758
2025-05-06T16:00:00-04:00,2025-05-06T17:00:00-04:00,2025-05-06T20:00:00+00:00,2025-05-06T21:00:00+00:00,MOD-00811,60,83.647,17.248,2.772,3.972,16.213,665.244,2.151,11.632,35.753
2025-05-06T17:00:00-04:00,2025-05-06T18:00:00-04:00,2025-05-06T21:00:00+00:00,2025-05-06T22:00:00+00:00,MOD-00811,60,84.22,16.69,2.144,3.885,27.184,644.605,2.361,9.35,37.474
2025-05-06T18:00:00-04:00,2025-05-06T19:00:00-04:00,2025-05-06T22:00:00+00:00,2025-05-06T23:00:00+00:00,MOD-00811,60,84.598,16.728,2.219,3.565,17.354,639.944,2.401,9.505,37.05
2025-05-06T19:00:00-04:00,2025-05-06T20:00:00-04:00,2025-05-06T23:00:00+00:00,2025-05-07T00:00:00+00:00,MOD-00811,60,87.322,16.458,2.672,4.309,15.984,644.17,2.925,10.625,36.874
2025-05-06T20:00:00-04:00,2025-05-06T21:00:00-04:00,2025-05-07T00:00:00+00:00,2025-05-07T01:00:00+00:00,MOD-00811,60,87.157,15.923,4.051,9.338,42.271,633.31,2.873,10.514,37.586
2025-05-06T21:00:00-04:00,2025-05-06T22:00:00-04:00,2025-05-07T01:00:00+00:00,2025-05-07T02:00:00+00:00,MOD-00811,60,87.942,15.94,3.872,8.768,35.019,640.995,2.951,10.865,39.255
2025-05-06T22:00:00-04:00,2025-05-06T23:00:00-04:00,2025-05-07T02:00:00+00:00,2025-05-07T03:00:00+00:00,MOD-00811,60,87.53,15.867,2.324,5.79,26.203,625.937,2.938,10.824,43.182
2025-05-06T23:00:00-04:00,2025-05-07T00:00:00-04:00,2025-05-07T03:00:00+00:00,2025-05-07T04:00:00+00:00,MOD-00811,60,87.758,15.8,2.591,10.79,68.344,622.816,2.947,10.804,43.195
2025-05-07T00:00:00-04:00,2025-05-07T01:00:00-04:00,2025-05-07T04:00:00+00:00,2025-05-07T05:00:00+00:00,MOD-00811,60,87.877,15.862,3.199,15.19,104.307,618.036,2.947,10.806,43.377
2025-05-07T01:00:00-04:00,2025-05-07T02:00:00-04:00,2025-05-07T05:00:00+00:00,2025-05-07T06:00:00+00:00,MOD-00811,60,87.202,16.213,3.747,10.313,51.662,628.056,2.872,10.154,45.719
2025-05-07T02:00:00-04:00,2025-05-07T03:00:00-04:00,2025-05-07T06:00:00+00:00,2025-05-07T07:00:00+00:00,MOD-00811,60,86.468,15.635,3.957,7.109,22.303,623.964,2.792,9.4,44.779
2025-05-07T03:00:00-04:00,2025-05-07T04:00:00-04:00,2025-05-07T07:00:00+00:00,2025-05-07T08:00:00+00:00,MOD-00811,60,87.162,14.95,4.125,7.373,23.087,634.076,2.921,10.965,42.396
2025-05-07T04:00:00-04:00,2025-05-07T05:00:00-04:00,2025-05-07T08:00:00+00:00,2025-05-07T09:00:00+00:00,MOD-00811,60,86.363,14.405,4.556,6.681,15.528,651.891,3.121,12.1,40.759
2025-05-07T05:00:00-04:00,2025-05-07T06:00:00-04:00,2025-05-07T09:00:00+00:00,2025-05-07T10:00:00+00:00,MOD-00811,60,86.583,14.198,5.599,7.652,15.09,674.268,3.104,12.345,39.901
2025-05-07T06:00:00-04:00,2025-05-07T07:00:00-04:00,2025-05-07T10:00:00+00:00,2025-05-07T11:00:00+00:00,MOD-00811,60,85.63,14.372,6.118,7.913,14.869,700.617,2.945,16.18,38.976
2025-05-07T07:00:00-04:00,2025-05-07T08:00:00-04:00,2025-05-07T11:00:00+00:00,2025-05-07T12:00:00+00:00,MOD-00811,60,83.037,15.1,6.299,8.918,43.352,728.054,2.486,12.166,38.834
2025-05-07T08:00:00-04:00,2025-05-07T09:00:00-04:00,2025-05-07T12:00:00+00:00,2025-05-07T13:00:00+00:00,MOD-00811,60,81.072,15.238,6.148,8.482,32.329,674.262,2.224,12.525,40.67
2025-05-07T09:00:00-04:00,2025-05-07T10:00:00-04:00,2025-05-07T13:00:00+00:00,2025-05-07T14:00:00+00:00,MOD-00811,60,68.222,18.727,8.131,10.156,14.945,707.494,2.235,9.473,38.553
2025-05-07T10:00:00-04:00,2025-05-07T11:00:00-04:00,2025-05-07T14:00:00+00:00,2025-05-07T15:00:00+00:00,MOD-00811,60,56.442,22.832,7.378,9.595,15.78,675.771,2.391,6.578,38.033
2025-05-07T11:00:00-04:00,2025-05-07T12:00:00-04:00,2025-05-07T15:00:00+00:00,2025-05-07T16:00:00+00:00,MOD-00811,60,53.835,24.147,6.659,8.899,16.367,667.766,2.486,6.734,39.671
2025-05-07T12:00:00-04:00,2025-05-07T13:00:00-04:00,2025-05-07T16:00:00+00:00,2025-05-07T17:00:00+00:00,MOD-00811,60,44.257,24.992,3.591,4.787,12.358,670.192,3.905,7.259,44.15
2025-05-07T13:00:00-04:00,2025-05-07T14:00:00-04:00,2025-05-07T17:00:00+00:00,2025-05-07T18:00:00+00:00,MOD-00811,60,35.723,26.463,2.135,2.715,10.401,647.483,3.941,4.529,46.188
2025-05-07T14:00:00-04:00,2025-05-07T15:00:00-04:00,2025-05-07T18:00:00+00:00,2025-05-07T19:00:00+00:00,MOD-00811,60,43.303,25.745,4.004,5.537,13.653,698.42,4.316,12.059,48.041
2025-05-07T15:00:00-04:00,2025-05-07T16:00:00-04:00,2025-05-07T19:00:00+00:00,2025-05-07T20:00:00+00:00,MOD-00811,60,39.595,26.522,3.161,4.2,12.356,689.816,3.967,12.274,48.238
2025-05-07T16:00:00-04:00,2025-05-07T17:00:00-04:00,2025-05-07T20:00:00+00:00,2025-05-07T21:00:00+00:00,MOD-00811,60,47.938,24.393,4.01,5.439,16.548,720.53,3.613,13.856,47.202
2025-05-07T17:00:00-04:00,2025-05-07T18:00:00-04:00,2025-05-07T21:00:00+00:00,2025-05-07T22:00:00+00:00,MOD-00811,60,50.197,23.402,3.977,5.295,15.608,719.245,2.934,9.581,50.241
2025-05-07T18:00:00-04:00,2025-05-07T19:00:00-04:00,2025-05-07T22:00:00+00:00,2025-05-07T23:00:00+00:00,MOD-00811,60,55.183,20.927,3.826,4.952,15.33,773.972,2.406,11.465,50.257
2025-05-07T19:00:00-04:00,2025-05-07T20:00:00-04:00,2025-05-07T23:00:00+00:00,2025-05-08T00:00:00+00:00,MOD-00811,60,57.462,19.67,2.92,3.573,13.276,759.113,2.337,20.097,49.239
2025-05-07T20:00:00-04:00,2025-05-07T21:00:00-04:00,2025-05-08T00:00:00+00:00,2025-05-08T01:00:00+00:00,MOD-00811,60,62.46,17.935,3.151,3.727,10.975,800.201,2.588,21.652,48.033
2025-05-07T21:00:00-04:00,2025-05-07T22:00:00-04:00,2025-05-08T01:00:00+00:00,2025-05-08T02:00:00+00:00,MOD-00811,60,64.147,17.343,3.185,3.741,10.251,796.846,2.651,21.469,51.232
2025-05-07T22:00:00-04:00,2025-05-07T23:00:00-04:00,2025-05-08T02:00:00+00:00,2025-05-08T03:00:00+00:00,MOD-00811,60,66.035,16.952,3.374,3.89,10.006,800.028,2.494,15.471,48.498
2025-05-07T23:00:00-04:00,2025-05-08T00:00:00-04:00,2025-05-08T03:00:00+00:00,2025-05-08T04:00:00+00:00,MOD-00811,60,69.608,16.282,3.91,4.404,10.536,797.418,2.04,11.891,45.794
2025-05-08T00:00:00-04:00,2025-05-08T01:00:00-04:00,2025-05-08T04:00:00+00:00,2025-05-08T05:00:00+00:00,MOD-00811,60,74.51,15.312,4.069,4.609,10.218,782.107,1.856,15.916,42.702
2025-05-08T01:00:00-04:00,2025-05-08T02:00:00-04:00,2025-05-08T05:00:00+00:00,2025-05-08T06:00:00+00:00,MOD-00811,60,78.353,14.592,4.1,4.681,9.974,771.197,1.836,20.93,39.508
2025-05-08T02:00:00-04:00,2025-05-08T03:00:00-04:00,2025-05-08T06:00:00+00:00,2025-05-08T07:00:00+00:00,MOD-00811,60,81.577,13.705,4.176,4.716,10.275,788.196,2.331,20.727,36.216
2025-05-08T03:00:00-04:00,2025-05-08T04:00:00-04:00,2025-05-08T07:00:00+00:00,2025-05-08T08:00:00+00:00,MOD-00811,60,84.483,13.08,4.294,4.801,10.763,836.456,2.603,21.775,31.168
2025-05-08T04:00:00-04:00,2025-05-08T05:00:00-04:00,2025-05-08T08:00:00+00:00,2025-05-08T09:00:00+00:00,MOD-00811,60,85.657,12.858,4.679,5.201,10.041,929.157,2.785,24.011,23.377
2025-05-08T05:00:00-04:00,2025-05-08T06:00:00-04:00,2025-05-08T09:00:00+00:00,2025-05-08T10:00:00+00:00,MOD-00811,60,86.635,12.888,4.467,4.97,9.847,907.929,3.124,23.116,20.875
2025-05-08T06:00:00-04:00,2025-05-08T07:00:00-04:00,2025-05-08T10:00:00+00:00,2025-05-08T11:00:00+00:00,MOD-00811,60,79.89,14.862,4.819,5.257,8.723,955.462,2.863,21.3,22.892
2025-05-08T07:00:00-04:00,2025-05-08T08:00:00-04:00,2025-05-08T11:00:00+00:00,2025-05-08T12:00:00+00:00,MOD-00811,60,72.532,17.05,5.341,5.837,12.663,1003.485,2.556,13.497,22.194
2025-05-08T08:00:00-04:00,2025-05-08T09:00:00-04:00,2025-05-08T12:00:00+00:00,2025-05-08T13:00:00+00:00,MOD-00811,60,63.182,19.775,5.283,5.73,11.377,935.781,3.399,9.477,24.226
2025-05-08T09:00:00-04:00,2025-05-08T10:00:00-04:00,2025-05-08T13:00:00+00:00,2025-05-08T14:00:00+00:00,MOD-00811,60,48.113,25.235,5.577,6.085,12.706,836.708,5.023,8.619,27.532
2025-05-08T10:00:00-04:00,2025-05-08T11:00:00-04:00,2025-05-08T14:00:00+00:00,2025-05-08T15:00:00+00:00,MOD-00811,60,39.008,28.055,3.168,3.574,7.135,683.958,4.089,6.881,35.732
2025-05-08T11:00:00-04:00,2025-05-08T12:00:00-04:00,2025-05-08T15:00:00+00:00,2025-05-08T16:00:00+00:00,MOD-00811,60,37.35,28.633,2.102,2.331,4.77,652.735,3.033,7.151,42.416
2025-05-08T12:00:00-04:00,2025-05-08T13:00:00-04:00,2025-05-08T16:00:00+00:00,2025-05-08T17:00:00+00:00,MOD-00811,60,38.062,28.108,1.972,2.176,4.097,650.78,3.169,10.284,47.301
2025-05-08T13:00:00-04:00,2025-05-08T14:00:00-04:00,2025-05-08T17:00:00+00:00,2025-05-08T18:00:00+00:00,MOD-00811,60,44.033,26.005,2.422,2.736,5.867,695.178,4.732,17.197,49.776
2025-05-08T14:00:00-04:00,2025-05-08T15:00:00-04:00,2025-05-08T18:00:00+00:00,2025-05-08T19:00:00+00:00,MOD-00811,60,43.608,26.177,2.096,2.34,4.973,690.062,3.951,15.288,49.855
2025-05-08T15:00:00-04:00,2025-05-08T16:00:00-04:00,2025-05-08T19:00:00+00:00,2025-05-08T20:00:00+00:00,MOD-00811,60,42.665,26.927,1.809,2.009,3.524,693.752,3.66,13.095,47.584
2025-05-08T16:00:00-04:00,2025-05-08T17:00:00-04:00,2025-05-08T20:00:00+00:00,2025-05-08T21:00:00+00:00,MOD-00811,60,42.678,25.68,3.42,3.786,8.043,702.365,4.096,14.142,57.904
2025-05-08T17:00:00-04:00,2025-05-08T18:00:00-04:00,2025-05-08T21:00:00+00:00,2025-05-08T22:00:00+00:00,MOD-00811,60,49.223,23.498,4.243,4.682,11.162,724.535,3.389,13.08,58.173
2025-05-08T18:00:00-04:00,2025-05-08T19:00:00-04:00,2025-05-08T22:00:00+00:00,2025-05-08T23:00:00+00:00,MOD-00811,60,54.647,20.847,5.033,5.505,11.745,757.039,2.417,9.61,59.433
2025-05-08T19:00:00-04:00,2025-05-08T20:00:00-04:00,2025-05-08T23:00:00+00:00,2025-05-09T00:00:00+00:00,MOD-00811,60,62.253,19.358,7.026,7.674,17.04,747.129,2.302,11.161,58.991
2025-05-08T20:00:00-04:00,2025-05-08T21:00:00-04:00,2025-05-09T00:00:00+00:00,2025-05-09T01:00:00+00:00,MOD-00811,60,70.103,17.583,10.51,11.355,22.182,754.389,1.969,7.453,56.106
2025-05-08T21:00:00-04:00,2025-05-08T22:00:00-04:00,2025-05-09T01:00:00+00:00,2025-05-09T02:00:00+00:00,MOD-00811,60,73.712,16.788,12.837,13.699,23.695,754.869,1.932,14.314,53.765
2025-05-08T22:00:00-04:00,2025-05-08T23:00:00-04:00,2025-05-09T02:00:00+00:00,2025-05-09T03:00:00+00:00,MOD-00811,60,72.672,16.892,12.221,12.983,22.931,768.034,1.917,8.665,50.872
2025-05-08T23:00:00-04:00,2025-05-09T00:00:00-04:00,2025-05-09T03:00:00+00:00,2025-05-09T04:00:00+00:00,MOD-00811,60,77.295,15.945,13.237,14.11,25.639,745.126,1.897,19.754,47.234
2025-05-09T00:00:00-04:00,2025-05-09T01:00:00-04:00,2025-05-09T04:00:00+00:00,2025-05-09T05:00:00+00:00,MOD-00811,60,83.112,15.222,15.657,16.59,27.948,720.202,2.376,20.844,45.184
2025-05-09T01:00:00-04:00,2025-05-09T02:00:00-04:00,2025-05-09T05:00:00+00:00,2025-05-09T06:00:00+00:00,MOD-00811,60,81.78,15.39,16.079,16.974,28.229,723.752,2.16,18.073,41.382
2025-05-09T02:00:00-04:00,2025-05-09T03:00:00-04:00,2025-05-09T06:00:00+00:00,2025-05-09T07:00:00+00:00,MOD-00811,60,82.582,14.912,12.247,12.969,19.98,744.224,2.399,14.621,37.707
2025-05-09T03:00:00-04:00,2025-05-09T04:00:00-04:00,2025-05-09T07:00:00+00:00,2025-05-09T08:00:00+00:00,MOD-00811,60,87.018,14.478,11.069,12.1,31.852,759.264,3.066,12.075,31.071
2025-05-09T04:00:00-04:00,2025-05-09T05:00:00-04:00,2025-05-09T08:00:00+00:00,2025-05-09T09:00:00+00:00,MOD-00811,60,85.462,14.648,11.932,13.303,20.745,725.379,2.901,12.208,33.511
2025-05-09T05:00:00-04:00,2025-05-09T06:00:00-04:00,2025-05-09T09:00:00+00:00,2025-05-09T10:00:00+00:00,MOD-00811,60,83.917,14.338,12.211,13.747,22.672,696.557,2.596,14.119,36.74
2025-05-09T06:00:00-04:00,2025-05-09T07:00:00-04:00,2025-05-09T10:00:00+00:00,2025-05-09T11:00:00+00:00,MOD-00811,60,82.267,14.237,13.011,14.559,23.541,699.453,2.4,13.949,38.629
2025-05-09T07:00:00-04:00,2025-05-09T08:00:00-04:00,2025-05-09T11:00:00+00:00,2025-05-09T12:00:00+00:00,MOD-00811,60,80.763,14.24,15.212,16.333,21.82,700.565,3.413,10.37,36.333
2025-05-09T08:00:00-04:00,2025-05-09T09:00:00-04:00,2025-05-09T12:00:00+00:00,2025-05-09T13:00:00+00:00,MOD-00811,60,77.748,14.58,14.17,15.481,22.054,701.746,1.853,16.35,36.712
2025-05-09T09:00:00-04:00,2025-05-09T10:00:00-04:00,2025-05-09T13:00:00+00:00,2025-05-09T14:00:00+00:00,MOD-00811,60,70.43,16.457,17.126,18.109,30.119,724.308,2.72,14.545,38.526
2025-05-09T10:00:00-04:00,2025-05-09T11:00:00-04:00,2025-05-09T14:00:00+00:00,2025-05-09T15:00:00+00:00,MOD-00811,60,64.195,18.355,17.389,18.099,24.074,685.335,13.577,16.596,38.5
2025-05-09T11:00:00-04:00,2025-05-09T12:00:00-04:00,2025-05-09T15:00:00+00:00,2025-05-09T16:00:00+00:00,MOD-00811,60,64.312,18.438,16.374,17.63,29.089,684.918,3.982,12.731,39.78
2025-05-09T12:00:00-04:00,2025-05-09T13:00:00-04:00,2025-05-09T16:00:00+00:00,2025-05-09T17:00:00+00:00,MOD-00811,60,69.328,16.46,14.836,16.492,35.414,677.427,2.438,15.166,41.79
2025-05-09T13:00:00-04:00,2025-05-09T14:00:00-04:00,2025-05-09T17:00:00+00:00,2025-05-09T18:00:00+00:00,MOD-00811,60,79.757,13.593,11.041,11.906,23.259,661.987,2.203,21.061,42.115
2025-05-09T14:00:00-04:00,2025-05-09T15:00:00-04:00,2025-05-09T18:00:00+00:00,2025-05-09T19:00:00+00:00,MOD-00811,60,83.133,12.32,4.804,5.072,15.465,665.919,2.486,17.949,41.499
2025-05-09T15:00:00-04:00,2025-05-09T16:00:00-04:00,2025-05-09T19:00:00+00:00,2025-05-09T20:00:00+00:00,MOD-00811,60,85.017,11.732,2.831,3.278,14.004,667.579,2.586,17.489,43.1
2025-05-09T16:00:00-04:00,2025-05-09T17:00:00-04:00,2025-05-09T20:00:00+00:00,2025-05-09T21:00:00+00:00,MOD-00811,60,86.607,11.415,1.197,2.132,19.735,677.472,2.789,14.072,41.64
2025-05-09T17:00:00-04:00,2025-05-09T18:00:00-04:00,2025-05-09T21:00:00+00:00,2025-05-09T22:00:00+00:00,MOD-00811,60,87.338,11.348,0.717,1.235,18.81,662.472,3.143,16.639,35.799
2025-05-09T18:00:00-04:00,2025-05-09T19:00:00-04:00,2025-05-09T22:00:00+00:00,2025-05-09T23:00:00+00:00,MOD-00811,60,87.558,11.598,0.428,0.609,12.564,650.667,3.181,15.959,40.743
2025-05-09T19:00:00-04:00,2025-05-09T20:00:00-04:00,2025-05-09T23:00:00+00:00,2025-05-10T00:00:00+00:00,MOD-00811,60,87.572,12.282,0.495,0.632,10.039,645.703,3.296,15.075,44.349
2025-05-09T20:00:00-04:00,2025-05-09T21:00:00-04:00,2025-05-10T00:00:00+00:00,2025-05-10T01:00:00+00:00,MOD-00811,60,86.728,12.675,0.753,0.927,12.762,636.847,3.075,18.178,42.36
2025-05-09T21:00:00-04:00,2025-05-09T22:00:00-04:00,2025-05-10T01:00:00+00:00,2025-05-10T02:00:00+00:00,MOD-00811,60,86.783,12.778,1.392,1.648,8.671,633.3,3.119,16.751,41.241
2025-05-09T22:00:00-04:00,2025-05-09T23:00:00-04:00,2025-05-10T02:00:00+00:00,2025-05-10T03:00:00+00:00,MOD-00811,60,86.737,12.717,1.442,1.866,7.172,633.15,3.056,15.358,38.432
2025-05-09T23:00:00-04:00,2025-05-10T00:00:00-04:00,2025-05-10T03:00:00+00:00,2025-05-10T04:00:00+00:00,MOD-00811,60,87.857,12.472,1.212,1.694,6.793,638.166,3.463,12.067,36.185
2025-05-10T00:00:00-04:00,2025-05-10T01:00:00-04:00,2025-05-10T04:00:00+00:00,2025-05-10T05:00:00+00:00,MOD-00811,60,88.627,12.283,0.624,0.905,3.504,643.704,3.466,10.753,35.384
2025-05-10T01:00:00-04:00,2025-05-10T02:00:00-04:00,2025-05-10T05:00:00+00:00,2025-05-10T06:00:00+00:00,MOD-00811,60,88.35,12.05,0.526,0.764,2.325,647.883,3.457,11.821,34.053
2025-05-10T02:00:00-04:00,2025-05-10T03:00:00-04:00,2025-05-10T06:00:00+00:00,2025-05-10T07:00:00+00:00,MOD-00811,60,88.188,11.895,0.563,0.859,2.586,646.161,3.338,11.436,34.237
2025-05-10T03:00:00-04:00,2025-05-10T04:00:00-04:00,2025-05-10T07:00:00+00:00,2025-05-10T08:00:00+00:00,MOD-00811,60,87.72,11.718,0.739,0.993,3.567,647.726,3.147,11.409,34.34
2025-05-10T04:00:00-04:00,2025-05-10T05:00:00-04:00,2025-05-10T08:00:00+00:00,2025-05-10T09:00:00+00:00,MOD-00811,60,87.44,11.572,0.995,1.312,4.918,660.718,3.115,11.656,33.048
2025-05-10T05:00:00-04:00,2025-05-10T06:00:00-04:00,2025-05-10T09:00:00+00:00,2025-05-10T10:00:00+00:00,MOD-00811,60,86.627,11.172,0.315,0.554,2.142,690.989,2.864,9.992,32.977
2025-05-10T06:00:00-04:00,2025-05-10T07:00:00-04:00,2025-05-10T10:00:00+00:00,2025-05-10T11:00:00+00:00,MOD-00811,60,84.77,10.82,0.186,0.423,3.658,700.432,2.475,7.864,32.726
2025-05-10T07:00:00-04:00,2025-05-10T08:00:00-04:00,2025-05-10T11:00:00+00:00,2025-05-10T12:00:00+00:00,MOD-00811,60,79.95,11.375,0.227,0.411,2.461,717.878,2.128,15.747,33.203
2025-05-10T08:00:00-04:00,2025-05-10T09:00:00-04:00,2025-05-10T12:00:00+00:00,2025-05-10T13:00:00+00:00,MOD-00811,60,74.64,12.238,0.304,0.43,2.041,708.507,1.843,12.663,34.994
2025-05-10T09:00:00-04:00,2025-05-10T10:00:00-04:00,2025-05-10T13:00:00+00:00,2025-05-10T14:00:00+00:00,MOD-00811,60,73.743,12.458,0.279,0.395,1.842,700.288,1.793,12.055,35.482
2025-05-10T10:00:00-04:00,2025-05-10T11:00:00-04:00,2025-05-10T14:00:00+00:00,2025-05-10T15:00:00+00:00,MOD-00811,60,79.673,12.318,0.26,0.393,1.974,713.462,2.104,14.509,33.13
2025-05-10T11:00:00-04:00,2025-05-10T12:00:00-04:00,2025-05-10T15:00:00+00:00,2025-05-10T16:00:00+00:00,MOD-00811,60,74.935,14.222,0.3,0.405,3.142,708.112,1.85,11.07,33.843
2025-05-10T12:00:00-04:00,2025-05-10T13:00:00-04:00,2025-05-10T16:00:00+00:00,2025-05-10T17:00:00+00:00,MOD-00811,60,69.398,15.507,0.403,0.578,1.925,714.663,2.387,9.62,32.828
2025-05-10T13:00:00-04:00,2025-05-10T14:00:00-04:00,2025-05-10T17:00:00+00:00,2025-05-10T18:00:00+00:00,MOD-00811,60,64.733,16.107,0.523,0.705,3.854,703.516,2.687,11.367,30.829
2025-05-10T14:00:00-04:00,2025-05-10T15:00:00-04:00,2025-05-10T18:00:00+00:00,2025-05-10T19:00:00+00:00,MOD-00811,60,56.945,18.183,0.663,0.855,2.518,700.472,2.371,7.289,33.5
2025-05-10T15:00:00-04:00,2025-05-10T16:00:00-04:00,2025-05-10T19:00:00+00:00,2025-05-10T20:00:00+00:00,MOD-00811,60,51.652,19.917,0.515,0.756,4.918,692.337,2.466,12.235,37.422
2025-05-10T16:00:00-04:00,2025-05-10T17:00:00-04:00,2025-05-10T20:00:00+00:00,2025-05-10T21:00:00+00:00,MOD-00811,60,48.305,21.018,0.56,0.84,6.752,687.179,3.077,15.521,39.356
2025-05-10T17:00:00-04:00,2025-05-10T18:00:00-04:00,2025-05-10T21:00:00+00:00,2025-05-10T22:00:00+00:00,MOD-00811,60,49.472,20.282,0.917,1.136,5.056,686.671,2.751,15.625,39.562
2025-05-10T18:00:00-04:00,2025-05-10T19:00:00-04:00,2025-05-10T22:00:00+00:00,2025-05-10T23:00:00+00:00,MOD-00811,60,50.243,19.84,0.638,0.886,6.295,705.747,2.45,13.354,40.554
2025-05-10T19:00:00-04:00,2025-05-10T20:00:00-04:00,2025-05-10T23:00:00+00:00,2025-05-11T00:00:00+00:00,MOD-00811,60,52.705,19.197,0.673,0.926,4.95,728.393,2.367,13.522,39.603
2025-05-10T20:00:00-04:00,2025-05-10T21:00:00-04:00,2025-05-11T00:00:00+00:00,2025-05-11T01:00:00+00:00,MOD-00811,60,58.798,17.548,1.014,1.319,5.533,819.345,2.357,19.513,36.573
2025-05-10T21:00:00-04:00,2025-05-10T22:00:00-04:00,2025-05-11T01:00:00+00:00,2025-05-11T02:00:00+00:00,MOD-00811,60,63.092,16.495,1.147,1.517,7.637,911.868,2.624,18.976,32.717
2025-05-10T22:00:00-04:00,2025-05-10T23:00:00-04:00,2025-05-11T02:00:00+00:00,2025-05-11T03:00:00+00:00,MOD-00811,60,67.848,15.458,2.303,2.672,8.5,960.272,2.327,24.118,28.944
2025-05-10T23:00:00-04:00,2025-05-11T00:00:00-04:00,2025-05-11T03:00:00+00:00,2025-05-11T04:00:00+00:00,MOD-00811,60,73.98,13.693,3.967,4.398,9.324,1036.77,1.879,25.349,24.12
2025-05-11T00:00:00-04:00,2025-05-11T01:00:00-04:00,2025-05-11T04:00:00+00:00,2025-05-11T05:00:00+00:00,MOD-00811,60,80.27,12.342,4.542,5.005,10.356,1076.438,2.154,25.363,20.695
2025-05-11T01:00:00-04:00,2025-05-11T02:00:00-04:00,2025-05-11T05:00:00+00:00,2025-05-11T06:00:00+00:00,MOD-00811,60,84.702,11.422,4.49,4.93,10.072,1027.71,2.595,24.196,19.605
2025-05-11T02:00:00-04:00,2025-05-11T03:00:00-04:00,2025-05-11T06:00:00+00:00,2025-05-11T07:00:00+00:00,MOD-00811,60,86.648,10.675,4.055,4.509,9.204,1064.342,2.913,20.488,20.323
2025-05-11T03:00:00-04:00,2025-05-11T04:00:00-04:00,2025-05-11T07:00:00+00:00,2025-05-11T08:00:00+00:00,MOD-00811,60,83.135,10.063,3.539,3.984,8.782,874.209,2.301,17.654,25.35
2025-05-11T04:00:00-04:00,2025-05-11T05:00:00-04:00,2025-05-11T08:00:00+00:00,2025-05-11T09:00:00+00:00,MOD-00811,60,82.462,9.142,3.472,3.852,7.529,853.071,2.272,17.458,25.96
2025-05-11T05:00:00-04:00,2025-05-11T06:00:00-04:00,2025-05-11T09:00:00+00:00,2025-05-11T10:00:00+00:00,MOD-00811,60,81.772,8.968,3.553,3.941,8.369,969.945,2.287,21.732,24.031
2025-05-11T06:00:00-04:00,2025-05-11T07:00:00-04:00,2025-05-11T10:00:00+00:00,2025-05-11T11:00:00+00:00,MOD-00811,60,65.825,12.147,4.409,4.898,11.535,1123.616,2.109,18.069,32.614
2025-05-11T07:00:00-04:00,2025-05-11T08:00:00-04:00,2025-05-11T11:00:00+00:00,2025-05-11T12:00:00+00:00,MOD-00811,60,47.053,17.015,2.722,3.164,8.36,811.421,2.264,6.665,46.693
2025-05-11T08:00:00-04:00,2025-05-11T09:00:00-04:00,2025-05-11T12:00:00+00:00,2025-05-11T13:00:00+00:00,MOD-00811,60,38.353,19.74,3.136,3.585,9.91,729.73,2.455,2.809,50.261
2025-05-11T09:00:00-04:00,2025-05-11T10:00:00-04:00,2025-05-11T13:00:00+00:00,2025-05-11T14:00:00+00:00,MOD-00811,60,34.845,21.588,3.179,3.581,8.069,700.295,2.629,3.853,49.383
2025-05-11T10:00:00-04:00,2025-05-11T11:00:00-04:00,2025-05-11T14:00:00+00:00,2025-05-11T15:00:00+00:00,MOD-00811,60,32.523,23.078,4.441,4.906,10.958,689.403,2.559,4.036,50.552
2025-05-11T11:00:00-04:00,2025-05-11T12:00:00-04:00,2025-05-11T15:00:00+00:00,2025-05-11T16:00:00+00:00,MOD-00811,60,25.848,23.832,3.623,4.01,7.306,664.162,2.114,5.699,53.376
2025-05-11T12:00:00-04:00,2025-05-11T13:00:00-04:00,2025-05-11T16:00:00+00:00,2025-05-11T17:00:00+00:00,MOD-00811,60,24.058,23.477,3.09,3.491,6.307,654.814,2.082,6.306,54.135
2025-05-11T13:00:00-04:00,2025-05-11T14:00:00-04:00,2025-05-11T17:00:00+00:00,2025-05-11T18:00:00+00:00,MOD-00811,60,21.442,23.818,2.867,3.267,6.274,663.986,2.204,7.128,55.657
2025-05-11T14:00:00-04:00,2025-05-11T15:00:00-04:00,2025-05-11T18:00:00+00:00,2025-05-11T19:00:00+00:00,MOD-00811,60,16.695,24.87,3.178,3.699,7.508,647.501,2.483,10.023,58.441
2025-05-11T15:00:00-04:00,2025-05-11T16:00:00-04:00,2025-05-11T19:00:00+00:00,2025-05-11T20:00:00+00:00,MOD-00811,60,16.61,25.01,3.424,3.921,7.175,654.397,2.493,9.951,58.738
2025-05-11T16:00:00-04:00,2025-05-11T17:00:00-04:00,2025-05-11T20:00:00+00:00,2025-05-11T21:00:00+00:00,MOD-00811,60,13.152,24.63,4.456,5.119,8.697,674.663,2.376,9.711,61.423
2025-05-11T17:00:00-04:00,2025-05-11T18:00:00-04:00,2025-05-11T21:00:00+00:00,2025-05-11T22:00:00+00:00,MOD-00811,60,11.888,24.04,4.433,5.033,8.309,683.879,2.36,9.685,63.451
2025-05-11T18:00:00-04:00,2025-05-11T19:00:00-04:00,2025-05-11T22:00:00+00:00,2025-05-11T23:00:00+00:00,MOD-00811,60,12.03,22.49,3.898,4.407,8.978,710.341,2.35,9.118,63.243
2025-05-11T19:00:00-04:00,2025-05-11T20:00:00-04:00,2025-05-11T23:00:00+00:00,2025-05-12T00:00:00+00:00,MOD-00811,60,16.038,20.35,3.431,3.777,7.322,723.261,2.201,7.796,61.085
2025-05-11T20:00:00-04:00,2025-05-11T21:00:00-04:00,2025-05-12T00:00:00+00:00,2025-05-12T01:00:00+00:00,MOD-00811,60,20.735,17.997,2.841,3.26,7.472,802.052,1.939,20.014,56.027
2025-05-11T21:00:00-04:00,2025-05-11T22:00:00-04:00,2025-05-12T01:00:00+00:00,2025-05-12T02:00:00+00:00,MOD-00811,60,24.003,16.695,3.084,3.532,6.605,884.923,2.268,24.447,51.71
2025-05-11T22:00:00-04:00,2025-05-11T23:00:00-04:00,2025-05-12T02:00:00+00:00,2025-05-12T03:00:00+00:00,MOD-00811,60,28.528,15.218,2.745,3.127,6.889,890.378,2.328,24.481,48.929
2025-05-11T23:00:00-04:00,2025-05-12T00:00:00-04:00,2025-05-12T03:00:00+00:00,2025-05-12T04:00:00+00:00,MOD-00811,60,32.922,13.928,2.435,2.809,6.559,896.642,2.135,18.418,46.553
2025-05-12T00:00:00-04:00,2025-05-12T01:00:00-04:00,2025-05-12T04:00:00+00:00,2025-05-12T05:00:00+00:00,MOD-00811,60,38.368,12.317,2.563,2.911,6.048,913.584,2.324,10.856,44.474
2025-05-12T01:00:00-04:00,2025-05-12T02:00:00-04:00,2025-05-12T05:00:00+00:00,2025-05-12T06:00:00+00:00,MOD-00811,60,41.392,11.095,2.776,3.061,4.987,858.867,2.106,15.892,45.323
2025-05-12T02:00:00-04:00,2025-05-12T03:00:00-04:00,2025-05-12T06:00:00+00:00,2025-05-12T07:00:00+00:00,MOD-00811,60,59.712,9.313,3.653,3.993,7.629,899.592,2.137,24.295,36.98
2025-05-12T03:00:00-04:00,2025-05-12T04:00:00-04:00,2025-05-12T07:00:00+00:00,2025-05-12T08:00:00+00:00,MOD-00811,60,63.31,8.35,4.099,4.463,7.939,989.544,2.477,27.251,29.398
2025-05-12T04:00:00-04:00,2025-05-12T05:00:00-04:00,2025-05-12T08:00:00+00:00,2025-05-12T09:00:00+00:00,MOD-00811,60,64.003,7.702,4.116,4.462,8.975,1121.063,2.185,29.389,22.493
2025-05-12T05:00:00-04:00,2025-05-12T06:00:00-04:00,2025-05-12T09:00:00+00:00,2025-05-12T10:00:00+00:00,MOD-00811,60,66.355,7.36,3.646,4.026,7.341,1152.576,1.625,28.129,22.334
2025-05-12T06:00:00-04:00,2025-05-12T07:00:00-04:00,2025-05-12T10:00:00+00:00,2025-05-12T11:00:00+00:00,MOD-00811,60,54.372,10.458,3.874,4.302,9.271,1201.684,3.102,27.519,26.098
2025-05-12T07:00:00-04:00,2025-05-12T08:00:00-04:00,2025-05-12T11:00:00+00:00,2025-05-12T12:00:00+00:00,MOD-00811,60,36.118,15.978,4.137,4.548,8.891,1105.239,4.399,17.023,34.823
2025-05-12T08:00:00-04:00,2025-05-12T09:00:00-04:00,2025-05-12T12:00:00+00:00,2025-05-12T13:00:00+00:00,MOD-00811,60,31.965,19.297,3.339,3.666,7.644,841.266,2.356,11.867,41.616
2025-05-12T09:00:00-04:00,2025-05-12T10:00:00-04:00,2025-05-12T13:00:00+00:00,2025-05-12T14:00:00+00:00,MOD-00811,60,27.932,20.818,2.257,2.519,5.523,689.602,2.017,8.306,50.444
2025-05-12T10:00:00-04:00,2025-05-12T11:00:00-04:00,2025-05-12T14:00:00+00:00,2025-05-12T15:00:00+00:00,MOD-00811,60,20.592,21.607,1.703,1.963,5.765,640.274,2.144,7.546,54.169
2025-05-12T11:00:00-04:00,2025-05-12T12:00:00-04:00,2025-05-12T15:00:00+00:00,2025-05-12T16:00:00+00:00,MOD-00811,60,23.738,22.15,1.741,2.034,5.655,647.151,1.992,8.106,55.007
2025-05-12T12:00:00-04:00,2025-05-12T13:00:00-04:00,2025-05-12T16:00:00+00:00,2025-05-12T17:00:00+00:00,MOD-00811,60,24.745,22.138,1.735,2.064,5.266,655.947,1.949,8.838,55.375
2025-05-12T13:00:00-04:00,2025-05-12T14:00:00-04:00,2025-05-12T17:00:00+00:00,2025-05-12T18:00:00+00:00,MOD-00811,60,23.978,23.807,2.159,3.495,26.804,662.521,2.153,7.337,56.227
2025-05-12T14:00:00-04:00,2025-05-12T15:00:00-04:00,2025-05-12T18:00:00+00:00,2025-05-12T19:00:00+00:00,MOD-00811,60,19.848,24.965,2.332,3.35,17.224,666.834,2.448,9.327,57.732
2025-05-12T15:00:00-04:00,2025-05-12T16:00:00-04:00,2025-05-12T19:00:00+00:00,2025-05-12T20:00:00+00:00,MOD-00811,60,20.043,25.84,2.719,3.255,11.698,691.21,2.354,6.631,58.668
2025-05-12T16:00:00-04:00,2025-05-12T17:00:00-04:00,2025-05-12T20:00:00+00:00,2025-05-12T21:00:00+00:00,MOD-00811,59,23.303,25.556,3.201,3.743,10.805,708.164,2.097,5.244,59.662
2025-05-12T17:00:00-04:00,2025-05-12T18:00:00-04:00,2025-05-12T21:00:00+00:00,2025-05-12T22:00:00+00:00,MOD-00811,60,25.575,25.548,3.429,4.003,11.665,724.077,2.074,6.472,59.521
2025-05-12T18:00:00-04:00,2025-05-12T19:00:00-04:00,2025-05-12T22:00:00+00:00,2025-05-12T23:00:00+00:00,MOD-00811,60,28.492,23.633,3.258,3.835,11.306,742.852,2.209,12.46,59.546
2025-05-12T19:00:00-04:00,2025-05-12T20:00:00-04:00,2025-05-12T23:00:00+00:00,2025-05-13T00:00:00+00:00,MOD-00811,60,33.983,21.132,3.705,4.273,11.272,769.694,2.433,22.45,58.865
2025-05-12T20:00:00-04:00,2025-05-12T21:00:00-04:00,2025-05-13T00:00:00+00:00,2025-05-13T01:00:00+00:00,MOD-00811,60,39.557,18.89,3.898,4.469,10.193,796.335,2.298,13.933,56.656
2025-05-12T21:00:00-04:00,2025-05-12T22:00:00-04:00,2025-05-13T01:00:00+00:00,2025-05-13T02:00:00+00:00,MOD-00811,60,45.325,17.6,4.645,5.224,10.659,806.48,2.246,16.602,55.821
2025-05-12T22:00:00-04:00,2025-05-12T23:00:00-04:00,2025-05-13T02:00:00+00:00,2025-05-13T03:00:00+00:00,MOD-00811,60,52.905,16.727,5.316,5.893,10.818,790.137,2.213,17.161,56.176
2025-05-12T23:00:00-04:00,2025-05-13T00:00:00-04:00,2025-05-13T03:00:00+00:00,2025-05-13T04:00:00+00:00,MOD-00811,60,61.483,15.953,6.234,6.834,13.344,787.795,2.286,23.388,54.108
2025-05-13T00:00:00-04:00,2025-05-13T01:00:00-04:00,2025-05-13T04:00:00+00:00,2025-05-13T05:00:00+00:00,MOD-00811,60,66.192,15.742,6.826,7.429,14.021,787.664,2.17,23.054,51.82
2025-05-13T01:00:00-04:00,2025-05-13T02:00:00-04:00,2025-05-13T05:00:00+00:00,2025-05-13T06:00:00+00:00,MOD-00811,60,68.292,15.473,7.453,8.043,13.967,789.003,2.108,21.954,48.909
2025-05-13T02:00:00-04:00,2025-05-13T03:00:00-04:00,2025-05-13T06:00:00+00:00,2025-05-13T07:00:00+00:00,MOD-00811,60,69.913,15.067,8.238,8.848,15.753,769.535,2.037,17.157,45.624
2025-05-13T03:00:00-04:00,2025-05-13T04:00:00-04:00,2025-05-13T07:00:00+00:00,2025-05-13T08:00:00+00:00,MOD-00811,60,70.333,14.537,7.554,8.171,14.726,777.347,1.995,20.648,42.971
2025-05-13T04:00:00-04:00,2025-05-13T05:00:00-04:00,2025-05-13T08:00:00+00:00,2025-05-13T09:00:00+00:00,MOD-00811,60,74.57,14.087,9.341,10.047,18.905,782.268,1.84,22.077,33.905
2025-05-13T05:00:00-04:00,2025-05-13T06:00:00-04:00,2025-05-13T09:00:00+00:00,2025-05-13T10:00:00+00:00,MOD-00811,60,77.642,13.388,9.981,10.916,25.517,873.024,1.941,25.387,25.346
2025-05-13T06:00:00-04:00,2025-05-13T07:00:00-04:00,2025-05-13T10:00:00+00:00,2025-05-13T11:00:00+00:00,MOD-00811,60,72.285,14.45,9.864,10.626,22.421,869.689,2.244,23.665,29.163
2025-05-13T07:00:00-04:00,2025-05-13T08:00:00-04:00,2025-05-13T11:00:00+00:00,2025-05-13T12:00:00+00:00,MOD-00811,60,51.932,18.568,8.223,8.979,20.194,803.77,4.735,14.209,36.771
2025-05-13T08:00:00-04:00,2025-05-13T09:00:00-04:00,2025-05-13T12:00:00+00:00,2025-05-13T13:00:00+00:00,MOD-00811,60,35.303,21.677,4.927,5.403,10.129,666.465,2.744,5.386,46.013
2025-05-13T09:00:00-04:00,2025-05-13T10:00:00-04:00,2025-05-13T13:00:00+00:00,2025-05-13T14:00:00+00:00,MOD-00811,60,26.733,24.345,3.935,4.514,14.163,630.439,2.199,4.101,49.827
2025-05-13T10:00:00-04:00,2025-05-13T11:00:00-04:00,2025-05-13T14:00:00+00:00,2025-05-13T15:00:00+00:00,MOD-00811,60,22.555,27.395,3.45,3.977,10.039,593.958,2.649,3.894,53.417
2025-05-13T11:00:00-04:00,2025-05-13T12:00:00-04:00,2025-05-13T15:00:00+00:00,2025-05-13T16:00:00+00:00,MOD-00811,60,21.08,28.323,2.798,3.261,10.148,612.798,2.58,3.163,55.256
2025-05-13T12:00:00-04:00,2025-05-13T13:00:00-04:00,2025-05-13T16:00:00+00:00,2025-05-13T17:00:00+00:00,MOD-00811,60,18.867,29.015,2.833,3.253,7.868,614.213,2.692,3.587,55.907
2025-05-13T13:00:00-04:00,2025-05-13T14:00:00-04:00,2025-05-13T17:00:00+00:00,2025-05-13T18:00:00+00:00,MOD-00811,60,19.373,28.027,2.602,2.984,7.588,649.089,2.482,3.931,55.887
2025-05-13T14:00:00-04:00,2025-05-13T15:00:00-04:00,2025-05-13T18:00:00+00:00,2025-05-13T19:00:00+00:00,MOD-00811,60,18.657,27.227,2.632,3.08,8.664,659.928,2.442,5.086,56.872
2025-05-13T15:00:00-04:00,2025-05-13T16:00:00-04:00,2025-05-13T19:00:00+00:00,2025-05-13T20:00:00+00:00,MOD-00811,60,23.025,26.865,3.154,3.685,8.942,713.126,2.233,6.059,56.359
2025-05-13T16:00:00-04:00,2025-05-13T17:00:00-04:00,2025-05-13T20:00:00+00:00,2025-05-13T21:00:00+00:00,MOD-00811,60,22.373,26.315,2.889,3.403,8.619,711.271,2.222,4.591,55.74
2025-05-13T17:00:00-04:00,2025-05-13T18:00:00-04:00,2025-05-13T21:00:00+00:00,2025-05-13T22:00:00+00:00,MOD-00811,60,24.787,24.05,2.672,3.145,7.255,735.451,1.988,6.437,54.746
2025-05-13T18:00:00-04:00,2025-05-13T19:00:00-04:00,2025-05-13T22:00:00+00:00,2025-05-13T23:00:00+00:00,MOD-00811,60,28.57,21.625,2.928,3.394,8.057,768.461,1.96,10.782,53.146
2025-05-13T19:00:00-04:00,2025-05-13T20:00:00-04:00,2025-05-13T23:00:00+00:00,2025-05-14T00:00:00+00:00,MOD-00811,60,34.467,18.908,3.278,3.774,8.336,768.654,2.385,17.402,52.644
2025-05-13T20:00:00-04:00,2025-05-13T21:00:00-04:00,2025-05-14T00:00:00+00:00,2025-05-14T01:00:00+00:00,MOD-00811,60,39.732,16.973,3.075,3.511,6.877,745.284,2.242,12.083,52.466
2025-05-13T21:00:00-04:00,2025-05-13T22:00:00-04:00,2025-05-14T01:00:00+00:00,2025-05-14T02:00:00+00:00,MOD-00811,60,44.25,16.18,3.858,4.471,9.342,736.533,2.18,12.877,51.547
2025-05-13T22:00:00-04:00,2025-05-13T23:00:00-04:00,2025-05-14T02:00:00+00:00,2025-05-14T03:00:00+00:00,MOD-00811,60,50.957,15.41,4.569,5.392,10.451,743.192,2.198,10.973,48.715
2025-05-13T23:00:00-04:00,2025-05-14T00:00:00-04:00,2025-05-14T03:00:00+00:00,2025-05-14T04:00:00+00:00,MOD-00811,60,58.012,14.58,5.893,6.879,14.869,764.482,1.644,10.865,40.702
2025-05-14T00:00:00-04:00,2025-05-14T01:00:00-04:00,2025-05-14T04:00:00+00:00,2025-05-14T05:00:00+00:00,MOD-00811,60,63.082,13.775,5.76,6.796,13.23,758.07,2.232,21.953,38.74
2025-05-14T01:00:00-04:00,2025-05-14T02:00:00-04:00,2025-05-14T05:00:00+00:00,2025-05-14T06:00:00+00:00,MOD-00811,60,68.403,12.975,5.718,6.961,17.321,743.561,1.936,20.615,39.727
2025-05-14T02:00:00-04:00,2025-05-14T03:00:00-04:00,2025-05-14T06:00:00+00:00,2025-05-14T07:00:00+00:00,MOD-00811,60,72.377,12.408,5.721,7.086,17.507,768.33,1.571,19.558,36.347
2025-05-14T03:00:00-04:00,2025-05-14T04:00:00-04:00,2025-05-14T07:00:00+00:00,2025-05-14T08:00:00+00:00,MOD-00811,60,74.315,12.473,6.007,7.526,19.077,759.826,1.808,18.612,33.723
2025-05-14T04:00:00-04:00,2025-05-14T05:00:00-04:00,2025-05-14T08:00:00+00:00,2025-05-14T09:00:00+00:00,MOD-00811,60,74.937,12.592,6.238,7.975,20.66,761.551,1.907,17.654,25.71
2025-05-14T05:00:00-04:00,2025-05-14T06:00:00-04:00,2025-05-14T09:00:00+00:00,2025-05-14T10:00:00+00:00,MOD-00811,60,74.112,13.16,5.735,7.669,22.227,751.776,1.83,20.403,31.239
2025-05-14T06:00:00-04:00,2025-05-14T07:00:00-04:00,2025-05-14T10:00:00+00:00,2025-05-14T11:00:00+00:00,MOD-00811,60,72.407,13.802,5.524,7.529,23.107,765.53,1.925,21.222,29.902
2025-05-14T07:00:00-04:00,2025-05-14T08:00:00-04:00,2025-05-14T11:00:00+00:00,2025-05-14T12:00:00+00:00,MOD-00811,60,62.405,16.597,5.729,7.686,22.256,776.997,5.557,15.284,33.664
2025-05-14T08:00:00-04:00,2025-05-14T09:00:00-04:00,2025-05-14T12:00:00+00:00,2025-05-14T13:00:00+00:00,MOD-00811,60,53.665,20.213,5.266,7.227,22.881,722.631,11.055,13.454,34.812
2025-05-14T09:00:00-04:00,2025-05-14T10:00:00-04:00,2025-05-14T13:00:00+00:00,2025-05-14T14:00:00+00:00,MOD-00811,60,49.99,22.227,4.801,6.496,18.641,701.723,3.196,13.483,38.104
2025-05-14T10:00:00-04:00,2025-05-14T11:00:00-04:00,2025-05-14T14:00:00+00:00,2025-05-14T15:00:00+00:00,MOD-00811,60,44.555,24.755,4.733,6.178,16.43,696.093,5.52,11.735,41.861
2025-05-14T11:00:00-04:00,2025-05-14T12:00:00-04:00,2025-05-14T15:00:00+00:00,2025-05-14T16:00:00+00:00,MOD-00811,60,38.45,28.247,4.616,6.096,15.706,700.756,3.408,9.792,44.096
2025-05-14T12:00:00-04:00,2025-05-14T13:00:00-04:00,2025-05-14T16:00:00+00:00,2025-05-14T17:00:00+00:00,MOD-00811,60,35.945,29.842,4.877,6.099,14.068,675.891,2.752,8.7,47.055
2025-05-14T13:00:00-04:00,2025-05-14T14:00:00-04:00,2025-05-14T17:00:00+00:00,2025-05-14T18:00:00+00:00,MOD-00811,60,35.47,30.09,4.311,5.359,14.035,676.722,2.603,10.29,49.188
2025-05-14T14:00:00-04:00,2025-05-14T15:00:00-04:00,2025-05-14T18:00:00+00:00,2025-05-14T19:00:00+00:00,MOD-00811,60,35.095,30.458,4.664,5.649,12.432,683.249,2.539,9.605,50.414
2025-05-14T15:00:00-04:00,2025-05-14T16:00:00-04:00,2025-05-14T19:00:00+00:00,2025-05-14T20:00:00+00:00,MOD-00811,60,32.823,30.463,4.521,5.235,11.835,668.769,2.047,7.905,51.853
2025-05-14T16:00:00-04:00,2025-05-14T17:00:00-04:00,2025-05-14T20:00:00+00:00,2025-05-14T21:00:00+00:00,MOD-00811,60,36.39,28.903,3.862,4.673,12.972,689.046,2.443,10.659,52.312
2025-05-14T17:00:00-04:00,2025-05-14T18:00:00-04:00,2025-05-14T21:00:00+00:00,2025-05-14T22:00:00+00:00,MOD-00811,60,46.902,25.658,4.252,5.132,14.539,752.216,3.41,21.736,52.237
2025-05-14T18:00:00-04:00,2025-05-14T19:00:00-04:00,2025-05-14T22:00:00+00:00,2025-05-14T23:00:00+00:00,MOD-00811,60,55.855,23.228,4.37,5.28,16.091,779.126,2.365,9.259,50.874
2025-05-14T19:00:00-04:00,2025-05-14T20:00:00-04:00,2025-05-14T23:00:00+00:00,2025-05-15T00:00:00+00:00,MOD-00811,60,58.723,22.322,4.596,5.582,18.031,776.74,2.311,7.535,49.686
2025-05-14T20:00:00-04:00,2025-05-14T21:00:00-04:00,2025-05-15T00:00:00+00:00,2025-05-15T01:00:00+00:00,MOD-00811,60,64.568,21.125,4.779,6.102,21.129,745.593,2.286,7.726,48.037
2025-05-14T21:00:00-04:00,2025-05-14T22:00:00-04:00,2025-05-15T01:00:00+00:00,2025-05-15T02:00:00+00:00,MOD-00811,60,69.057,20.132,4.887,6.472,24.32,736.489,1.727,7.442,45.761
2025-05-14T22:00:00-04:00,2025-05-14T23:00:00-04:00,2025-05-15T02:00:00+00:00,2025-05-15T03:00:00+00:00,MOD-00811,60,70.808,19.187,4.915,7.019,24.329,714.596,1.854,12.873,45.24
2025-05-14T23:00:00-04:00,2025-05-15T00:00:00-04:00,2025-05-15T03:00:00+00:00,2025-05-15T04:00:00+00:00,MOD-00811,60,73.645,18.542,4.909,7.477,30.55,698.079,2.083,18.317,43.559
2025-05-15T00:00:00-04:00,2025-05-15T01:00:00-04:00,2025-05-15T04:00:00+00:00,2025-05-15T05:00:00+00:00,MOD-00811,60,75.14,18.098,5.33,8.206,35.745,689.361,1.966,16.631,41.514
2025-05-15T01:00:00-04:00,2025-05-15T02:00:00-04:00,2025-05-15T05:00:00+00:00,2025-05-15T06:00:00+00:00,MOD-00811,60,80.61,17.545,5.467,8.819,30.271,684.832,1.826,18.752,40.92
2025-05-15T02:00:00-04:00,2025-05-15T03:00:00-04:00,2025-05-15T06:00:00+00:00,2025-05-15T07:00:00+00:00,MOD-00811,60,83.623,17.058,5.541,9.298,34.217,685.991,2.059,16.061,36.843
2025-05-15T03:00:00-04:00,2025-05-15T04:00:00-04:00,2025-05-15T07:00:00+00:00,2025-05-15T08:00:00+00:00,MOD-00811,60,83.26,17.21,5.27,9.199,42.453,677.799,1.913,14.374,37.129
2025-05-15T04:00:00-04:00,2025-05-15T05:00:00-04:00,2025-05-15T08:00:00+00:00,2025-05-15T09:00:00+00:00,MOD-00811,60,85.232,17.227,5.268,9.275,31.771,677.08,2.424,11.401,36.718
2025-05-15T05:00:00-04:00,2025-05-15T06:00:00-04:00,2025-05-15T09:00:00+00:00,2025-05-15T10:00:00+00:00,MOD-00811,60,87.295,17.232,5.426,8.563,22.407,713.538,2.692,11.634,30.427
2025-05-15T06:00:00-04:00,2025-05-15T07:00:00-04:00,2025-05-15T10:00:00+00:00,2025-05-15T11:00:00+00:00,MOD-00811,60,87.888,17.285,5.724,8.415,28.045,734.938,4.988,10.271,18.116
2025-05-15T07:00:00-04:00,2025-05-15T08:00:00-04:00,2025-05-15T11:00:00+00:00,2025-05-15T12:00:00+00:00,MOD-00811,60,88.098,17.537,4.816,5.718,10.138,806.297,2.769,11.464,20.799
2025-05-15T08:00:00-04:00,2025-05-15T09:00:00-04:00,2025-05-15T12:00:00+00:00,2025-05-15T13:00:00+00:00,MOD-00811,60,87.848,17.938,2.622,3.218,8.149,706.58,2.549,10.664,32.06
2025-05-15T09:00:00-04:00,2025-05-15T10:00:00-04:00,2025-05-15T13:00:00+00:00,2025-05-15T14:00:00+00:00,MOD-00811,60,87.937,18.292,3.695,8.308,80.676,700.816,3.053,10.437,38.787
2025-05-15T10:00:00-04:00,2025-05-15T11:00:00-04:00,2025-05-15T14:00:00+00:00,2025-05-15T15:00:00+00:00,MOD-00811,60,81.378,19.903,5.282,10.585,58.948,688.152,1.774,11.235,39.438
2025-05-15T11:00:00-04:00,2025-05-15T12:00:00-04:00,2025-05-15T15:00:00+00:00,2025-05-15T16:00:00+00:00,MOD-00811,60,76.472,20.573,5.887,10.883,40.271,659.28,1.858,15.115,40.593
2025-05-15T12:00:00-04:00,2025-05-15T13:00:00-04:00,2025-05-15T16:00:00+00:00,2025-05-15T17:00:00+00:00,MOD-00811,60,72.907,21.637,5.265,9.159,26.959,663.753,1.801,13.893,41.798
2025-05-15T13:00:00-04:00,2025-05-15T14:00:00-04:00,2025-05-15T17:00:00+00:00,2025-05-15T18:00:00+00:00,MOD-00811,60,67.23,22.612,4.805,7.079,15.781,633.335,1.846,8.891,41.816
2025-05-15T14:00:00-04:00,2025-05-15T15:00:00-04:00,2025-05-15T18:00:00+00:00,2025-05-15T19:00:00+00:00,MOD-00811,60,72.87,20.823,5.466,7.961,15.974,654.711,1.844,18.115,42.434
2025-05-15T15:00:00-04:00,2025-05-15T16:00:00-04:00,2025-05-15T19:00:00+00:00,2025-05-15T20:00:00+00:00,MOD-00811,60,71.383,20.928,5.511,7.566,14.218,660.595,1.804,14.967,44.241
2025-05-15T16:00:00-04:00,2025-05-15T17:00:00-04:00,2025-05-15T20:00:00+00:00,2025-05-15T21:00:00+00:00,MOD-00811,60,67.082,21.987,5.027,6.333,14.88,633.662,1.73,10.51,43.439
2025-05-15T17:00:00-04:00,2025-05-15T18:00:00-04:00,2025-05-15T21:00:00+00:00,2025-05-15T22:00:00+00:00,MOD-00811,60,66.165,22.298,3.579,4.134,8.25,631.228,1.849,8.409,43.374
2025-05-15T18:00:00-04:00,2025-05-15T19:00:00-04:00,2025-05-15T22:00:00+00:00,2025-05-15T23:00:00+00:00,MOD-00811,60,73.245,20.43,4.033,4.583,9.603,650.757,1.885,14.484,41.365
2025-05-15T19:00:00-04:00,2025-05-15T20:00:00-04:00,2025-05-15T23:00:00+00:00,2025-05-16T00:00:00+00:00,MOD-00811,60,77.657,19.405,3.757,4.449,10.298,656.035,1.804,15.744,38.731
2025-05-15T20:00:00-04:00,2025-05-15T21:00:00-04:00,2025-05-16T00:00:00+00:00,2025-05-16T01:00:00+00:00,MOD-00811,60,81.915,18.418,3.435,4.21,11.112,668.414,1.766,18.586,36.744
2025-05-15T21:00:00-04:00,2025-05-15T22:00:00-04:00,2025-05-16T01:00:00+00:00,2025-05-16T02:00:00+00:00,MOD-00811,60,84.227,18.08,3.758,4.758,12.573,687.678,1.886,12.492,32.245
2025-05-15T22:00:00-04:00,2025-05-15T23:00:00-04:00,2025-05-16T02:00:00+00:00,2025-05-16T03:00:00+00:00,MOD-00811,60,83.158,18.557,3.633,4.674,12.859,691.401,1.817,11.722,31.248
2025-05-15T23:00:00-04:00,2025-05-16T00:00:00-04:00,2025-05-16T03:00:00+00:00,2025-05-16T04:00:00+00:00,MOD-00811,60,82.328,18.895,3.876,5.231,14.264,681.969,1.703,8.764,32.331
2025-05-16T00:00:00-04:00,2025-05-16T01:00:00-04:00,2025-05-16T04:00:00+00:00,2025-05-16T05:00:00+00:00,MOD-00811,60,82.623,18.485,4.038,5.557,14.545,655.113,1.694,10.915,33.378
2025-05-16T01:00:00-04:00,2025-05-16T02:00:00-04:00,2025-05-16T05:00:00+00:00,2025-05-16T06:00:00+00:00,MOD-00811,60,84.447,17.852,3.423,4.043,5.913,649.262,1.918,12.399,34.54
2025-05-16T02:00:00-04:00,2025-05-16T03:00:00-04:00,2025-05-16T06:00:00+00:00,2025-05-16T07:00:00+00:00,MOD-00811,60,83.602,17.8,2.629,2.948,5.532,648.712,1.882,11.713,33.187
2025-05-16T03:00:00-04:00,2025-05-16T04:00:00-04:00,2025-05-16T07:00:00+00:00,2025-05-16T08:00:00+00:00,MOD-00811,60,83.543,17.805,2.766,3.565,8.347,654.02,1.865,11.636,31.332
2025-05-16T04:00:00-04:00,2025-05-16T05:00:00-04:00,2025-05-16T08:00:00+00:00,2025-05-16T09:00:00+00:00,MOD-00811,60,83.192,17.807,3.365,5.126,11.817,656.577,1.866,11.681,28.457
2025-05-16T05:00:00-04:00,2025-05-16T06:00:00-04:00,2025-05-16T09:00:00+00:00,2025-05-16T10:00:00+00:00,MOD-00811,60,83.458,17.755,3.715,5.798,13.834,683.952,1.879,11.782,23.742
2025-05-16T06:00:00-04:00,2025-05-16T07:00:00-04:00,2025-05-16T10:00:00+00:00,2025-05-16T11:00:00+00:00,MOD-00811,60,83.072,18.055,3.558,5.213,11.087,718.965,1.799,11.963,23.591
2025-05-16T07:00:00-04:00,2025-05-16T08:00:00-04:00,2025-05-16T11:00:00+00:00,2025-05-16T12:00:00+00:00,MOD-00811,60,80.682,18.893,4.0,5.443,12.18,771.752,1.819,16.797,25.912
2025-05-16T08:00:00-04:00,2025-05-16T09:00:00-04:00,2025-05-16T12:00:00+00:00,2025-05-16T13:00:00+00:00,MOD-00811,60,73.028,21.057,4.281,5.372,11.663,813.711,2.133,15.194,24.79
2025-05-16T09:00:00-04:00,2025-05-16T10:00:00-04:00,2025-05-16T13:00:00+00:00,2025-05-16T14:00:00+00:00,MOD-00811,60,64.595,23.36,4.655,5.623,12.628,756.792,1.853,8.017,29.226
2025-05-16T10:00:00-04:00,2025-05-16T11:00:00-04:00,2025-05-16T14:00:00+00:00,2025-05-16T15:00:00+00:00,MOD-00811,60,60.263,24.565,4.773,5.69,10.642,939.569,1.678,6.567,29.366
2025-05-16T11:00:00-04:00,2025-05-16T12:00:00-04:00,2025-05-16T15:00:00+00:00,2025-05-16T16:00:00+00:00,MOD-00811,60,57.213,25.383,4.602,5.306,9.91,750.576,1.983,9.572,37.448
2025-05-16T12:00:00-04:00,2025-05-16T13:00:00-04:00,2025-05-16T16:00:00+00:00,2025-05-16T17:00:00+00:00,MOD-00811,60,56.82,25.965,3.816,4.532,9.069,659.071,2.001,13.179,44.162
2025-05-16T13:00:00-04:00,2025-05-16T14:00:00-04:00,2025-05-16T17:00:00+00:00,2025-05-16T18:00:00+00:00,MOD-00811,60,54.12,27.313,3.502,4.174,9.171,651.38,2.167,14.364,44.704
2025-05-16T14:00:00-04:00,2025-05-16T15:00:00-04:00,2025-05-16T18:00:00+00:00,2025-05-16T19:00:00+00:00,MOD-00811,60,54.412,27.037,3.064,3.742,8.415,646.263,2.375,15.313,45.192
2025-05-16T15:00:00-04:00,2025-05-16T16:00:00-04:00,2025-05-16T19:00:00+00:00,2025-05-16T20:00:00+00:00,MOD-00811,60,56.962,26.308,2.533,3.182,8.613,661.735,2.048,13.916,45.719
2025-05-16T16:00:00-04:00,2025-05-16T17:00:00-04:00,2025-05-16T20:00:00+00:00,2025-05-16T21:00:00+00:00,MOD-00811,60,58.843,25.777,2.464,3.021,11.646,667.556,1.742,11.847,45.697
2025-05-16T17:00:00-04:00,2025-05-16T18:00:00-04:00,2025-05-16T21:00:00+00:00,2025-05-16T22:00:00+00:00,MOD-00811,60,64.343,23.77,3.535,4.167,15.748,698.971,1.71,5.143,45.955
2025-05-16T18:00:00-04:00,2025-05-16T19:00:00-04:00,2025-05-16T22:00:00+00:00,2025-05-16T23:00:00+00:00,MOD-00811,60,65.83,23.383,4.084,5.048,16.461,733.636,1.732,4.378,44.657
2025-05-16T19:00:00-04:00,2025-05-16T20:00:00-04:00,2025-05-16T23:00:00+00:00,2025-05-17T00:00:00+00:00,MOD-00811,60,72.438,21.045,5.749,6.742,19.02,715.089,1.819,14.174,44.186
2025-05-16T20:00:00-04:00,2025-05-16T21:00:00-04:00,2025-05-17T00:00:00+00:00,2025-05-17T01:00:00+00:00,MOD-00811,60,80.473,19.247,7.529,8.385,30.341,758.434,1.714,17.304,42.704
2025-05-16T21:00:00-04:00,2025-05-16T22:00:00-04:00,2025-05-17T01:00:00+00:00,2025-05-17T02:00:00+00:00,MOD-00811,60,79.863,19.313,8.53,9.201,17.495,801.002,1.701,11.506,45.646
2025-05-16T22:00:00-04:00,2025-05-16T23:00:00-04:00,2025-05-17T02:00:00+00:00,2025-05-17T03:00:00+00:00,MOD-00811,60,77.973,19.895,7.846,8.411,13.568,757.645,1.775,15.561,45.167
2025-05-16T23:00:00-04:00,2025-05-17T00:00:00-04:00,2025-05-17T03:00:00+00:00,2025-05-17T04:00:00+00:00,MOD-00811,60,78.562,19.67,7.754,8.324,11.955,731.656,1.728,13.306,43.446
2025-05-17T00:00:00-04:00,2025-05-17T01:00:00-04:00,2025-05-17T04:00:00+00:00,2025-05-17T05:00:00+00:00,MOD-00811,60,81.385,18.712,6.863,7.774,14.411,695.605,1.718,17.271,38.861
2025-05-17T01:00:00-04:00,2025-05-17T02:00:00-04:00,2025-05-17T05:00:00+00:00,2025-05-17T06:00:00+00:00,MOD-00811,60,85.092,17.463,6.316,7.888,123.976,679.146,2.258,13.563,37.413
2025-05-17T02:00:00-04:00,2025-05-17T03:00:00-04:00,2025-05-17T06:00:00+00:00,2025-05-17T07:00:00+00:00,MOD-00811,60,86.38,16.81,4.812,5.796,275.385,671.101,2.723,10.014,40.165
2025-05-17T03:00:00-04:00,2025-05-17T04:00:00-04:00,2025-05-17T07:00:00+00:00,2025-05-17T08:00:00+00:00,MOD-00811,60,85.94,16.402,4.541,4.796,51.895,668.722,2.781,9.725,40.597
2025-05-17T04:00:00-04:00,2025-05-17T05:00:00-04:00,2025-05-17T08:00:00+00:00,2025-05-17T09:00:00+00:00,MOD-00811,60,86.802,16.44,4.452,4.84,89.495,663.116,2.833,10.427,42.209
2025-05-17T05:00:00-04:00,2025-05-17T06:00:00-04:00,2025-05-17T09:00:00+00:00,2025-05-17T10:00:00+00:00,MOD-00811,60,87.852,16.365,4.277,4.929,161.426,670.137,2.943,10.702,44.119
2025-05-17T06:00:00-04:00,2025-05-17T07:00:00-04:00,2025-05-17T10:00:00+00:00,2025-05-17T11:00:00+00:00,MOD-00811,60,87.457,16.457,5.436,6.586,95.737,670.01,2.916,10.654,42.809
2025-05-17T07:00:00-04:00,2025-05-17T08:00:00-04:00,2025-05-17T11:00:00+00:00,2025-05-17T12:00:00+00:00,MOD-00811,60,84.523,17.295,5.871,6.44,13.484,682.44,2.254,11.829,42.528
2025-05-17T08:00:00-04:00,2025-05-17T09:00:00-04:00,2025-05-17T12:00:00+00:00,2025-05-17T13:00:00+00:00,MOD-00811,60,80.797,18.272,6.371,6.963,12.854,668.475,1.689,16.335,42.512
2025-05-17T09:00:00-04:00,2025-05-17T10:00:00-04:00,2025-05-17T13:00:00+00:00,2025-05-17T14:00:00+00:00,MOD-00811,60,83.188,18.155,5.08,5.98,12.761,712.121,1.806,12.893,43.195
2025-05-17T10:00:00-04:00,2025-05-17T11:00:00-04:00,2025-05-17T14:00:00+00:00,2025-05-17T15:00:00+00:00,MOD-00811,60,78.642,19.355,6.793,7.483,12.678,703.824,1.739,15.04,42.491
2025-05-17T11:00:00-04:00,2025-05-17T12:00:00-04:00,2025-05-17T15:00:00+00:00,2025-05-17T16:00:00+00:00,MOD-00811,60,75.152,20.443,7.817,8.314,10.39,709.187,1.897,16.028,39.988
2025-05-17T12:00:00-04:00,2025-05-17T13:00:00-04:00,2025-05-17T16:00:00+00:00,2025-05-17T17:00:00+00:00,MOD-00811,60,65.277,23.517,9.222,10.2,14.383,712.197,1.779,11.016,40.495
2025-05-17T13:00:00-04:00,2025-05-17T14:00:00-04:00,2025-05-17T17:00:00+00:00,2025-05-17T18:00:00+00:00,MOD-00811,60,64.938,23.352,10.809,12.828,21.479,670.285,1.796,9.658,43.479
2025-05-17T14:00:00-04:00,2025-05-17T15:00:00-04:00,2025-05-17T18:00:00+00:00,2025-05-17T19:00:00+00:00,MOD-00811,60,70.375,22.253,9.456,12.234,25.819,704.599,1.838,11.464,43.268
2025-05-17T15:00:00-04:00,2025-05-17T16:00:00-04:00,2025-05-17T19:00:00+00:00,2025-05-17T20:00:00+00:00,MOD-00811,60,57.747,25.45,8.999,11.613,24.144,678.115,1.794,7.503,46.554
2025-05-17T16:00:00-04:00,2025-05-17T17:00:00-04:00,2025-05-17T20:00:00+00:00,2025-05-17T21:00:00+00:00,MOD-00811,60,58.157,25.725,8.839,11.594,22.596,660.455,1.671,7.483,47.713
2025-05-17T17:00:00-04:00,2025-05-17T18:00:00-04:00,2025-05-17T21:00:00+00:00,2025-05-17T22:00:00+00:00,MOD-00811,60,61.233,24.277,7.616,11.081,25.47,667.647,1.719,6.77,49.04
2025-05-17T18:00:00-04:00,2025-05-17T19:00:00-04:00,2025-05-17T22:00:00+00:00,2025-05-17T23:00:00+00:00,MOD-00811,60,66.008,22.368,7.208,11.285,28.865,672.274,1.813,7.967,49.371
2025-05-17T19:00:00-04:00,2025-05-17T20:00:00-04:00,2025-05-17T23:00:00+00:00,2025-05-18T00:00:00+00:00,MOD-00811,60,72.563,20.505,8.269,12.91,34.782,696.04,1.853,14.621,49.068
2025-05-17T20:00:00-04:00,2025-05-17T21:00:00-04:00,2025-05-18T00:00:00+00:00,2025-05-18T01:00:00+00:00,MOD-00811,60,79.41,18.76,8.973,14.838,48.807,697.388,1.742,16.284,49.633
2025-05-17T21:00:00-04:00,2025-05-17T22:00:00-04:00,2025-05-18T01:00:00+00:00,2025-05-18T02:00:00+00:00,MOD-00811,60,80.808,18.235,9.006,15.369,50.124,696.902,1.724,20.885,47.842
2025-05-17T22:00:00-04:00,2025-05-17T23:00:00-04:00,2025-05-18T02:00:00+00:00,2025-05-18T03:00:00+00:00,MOD-00811,60,77.103,19.03,8.283,11.538,34.699,828.703,1.809,16.164,42.331
2025-05-17T23:00:00-04:00,2025-05-18T00:00:00-04:00,2025-05-18T03:00:00+00:00,2025-05-18T04:00:00+00:00,MOD-00811,60,67.375,20.097,2.561,3.129,38.211,693.845,2.246,10.592,50.954
2025-05-18T00:00:00-04:00,2025-05-18T01:00:00-04:00,2025-05-18T04:00:00+00:00,2025-05-18T05:00:00+00:00,MOD-00811,60,78.457,18.458,2.18,2.884,49.668,741.541,1.813,18.268,48.069
2025-05-18T01:00:00-04:00,2025-05-18T02:00:00-04:00,2025-05-18T05:00:00+00:00,2025-05-18T06:00:00+00:00,MOD-00811,60,82.655,17.712,2.609,3.282,43.544,719.554,1.864,16.909,43.341
2025-05-18T02:00:00-04:00,2025-05-18T03:00:00-04:00,2025-05-18T06:00:00+00:00,2025-05-18T07:00:00+00:00,MOD-00811,60,79.08,17.617,2.114,2.641,36.231,729.55,1.878,13.662,40.352
2025-05-18T03:00:00-04:00,2025-05-18T04:00:00-04:00,2025-05-18T07:00:00+00:00,2025-05-18T08:00:00+00:00,MOD-00811,60,72.088,17.772,2.198,2.752,28.128,687.96,2.037,11.452,40.203
2025-05-18T04:00:00-04:00,2025-05-18T05:00:00-04:00,2025-05-18T08:00:00+00:00,2025-05-18T09:00:00+00:00,MOD-00811,60,75.42,17.127,2.215,2.878,24.341,688.387,1.937,8.548,38.872
2025-05-18T05:00:00-04:00,2025-05-18T06:00:00-04:00,2025-05-18T09:00:00+00:00,2025-05-18T10:00:00+00:00,MOD-00811,60,77.56,16.243,2.201,3.072,24.094,693.611,1.828,10.532,36.253
2025-05-18T06:00:00-04:00,2025-05-18T07:00:00-04:00,2025-05-18T10:00:00+00:00,2025-05-18T11:00:00+00:00,MOD-00811,60,66.435,17.778,2.82,3.756,21.759,692.393,2.495,9.819,37.037
2025-05-18T07:00:00-04:00,2025-05-18T08:00:00-04:00,2025-05-18T11:00:00+00:00,2025-05-18T12:00:00+00:00,MOD-00811,60,59.792,19.413,3.284,4.231,23.869,693.853,2.456,9.567,36.391
2025-05-18T08:00:00-04:00,2025-05-18T09:00:00-04:00,2025-05-18T12:00:00+00:00,2025-05-18T13:00:00+00:00,MOD-00811,60,53.793,20.498,2.99,3.53,9.318,677.671,2.438,9.206,35.772
2025-05-18T09:00:00-04:00,2025-05-18T10:00:00-04:00,2025-05-18T13:00:00+00:00,2025-05-18T14:00:00+00:00,MOD-00811,60,48.418,21.938,2.447,2.961,9.508,667.252,3.574,13.53,36.859
2025-05-18T10:00:00-04:00,2025-05-18T11:00:00-04:00,2025-05-18T14:00:00+00:00,2025-05-18T15:00:00+00:00,MOD-00811,60,43.828,23.353,2.201,2.619,10.317,659.135,5.061,10.496,38.39
2025-05-18T11:00:00-04:00,2025-05-18T12:00:00-04:00,2025-05-18T15:00:00+00:00,2025-05-18T16:00:00+00:00,MOD-00811,60,41.012,24.208,2.011,2.352,9.357,660.984,4.343,7.222,41.147
2025-05-18T12:00:00-04:00,2025-05-18T13:00:00-04:00,2025-05-18T16:00:00+00:00,2025-05-18T17:00:00+00:00,MOD-00811,60,40.978,23.922,1.545,1.798,7.385,670.831,4.076,7.729,41.968
2025-05-18T13:00:00-04:00,2025-05-18T14:00:00-04:00,2025-05-18T17:00:00+00:00,2025-05-18T18:00:00+00:00,MOD-00811,60,41.523,23.515,1.751,2.047,8.06,683.921,4.08,11.044,43.598
2025-05-18T14:00:00-04:00,2025-05-18T15:00:00-04:00,2025-05-18T18:00:00+00:00,2025-05-18T19:00:00+00:00,MOD-00811,60,44.108,22.89,2.226,2.491,9.349,704.434,4.572,19.41,43.306
2025-05-18T15:00:00-04:00,2025-05-18T16:00:00-04:00,2025-05-18T19:00:00+00:00,2025-05-18T20:00:00+00:00,MOD-00811,60,45.523,22.567,2.179,2.449,7.867,720.868,3.951,16.556,43.113
2025-05-18T16:00:00-04:00,2025-05-18T17:00:00-04:00,2025-05-18T20:00:00+00:00,2025-05-18T21:00:00+00:00,MOD-00811,60,49.387,21.61,2.331,2.587,9.014,730.413,2.767,13.632,42.601
2025-05-18T17:00:00-04:00,2025-05-18T18:00:00-04:00,2025-05-18T21:00:00+00:00,2025-05-18T22:00:00+00:00,MOD-00811,60,52.853,21.037,2.23,2.57,7.851,725.109,2.407,11.644,42.838
2025-05-18T18:00:00-04:00,2025-05-18T19:00:00-04:00,2025-05-18T22:00:00+00:00,2025-05-18T23:00:00+00:00,MOD-00811,60,56.78,20.062,1.804,2.058,10.241,742.074,2.333,20.585,41.208
2025-05-18T19:00:00-04:00,2025-05-18T20:00:00-04:00,2025-05-18T23:00:00+00:00,2025-05-19T00:00:00+00:00,MOD-00811,60,61.105,19.437,1.834,2.125,8.2,744.054,2.409,11.785,40.107
2025-05-18T20:00:00-04:00,2025-05-18T21:00:00-04:00,2025-05-19T00:00:00+00:00,2025-05-19T01:00:00+00:00,MOD-00811,60,63.457,18.987,1.525,1.77,9.97,759.66,2.727,17.166,38.285
2025-05-18T21:00:00-04:00,2025-05-18T22:00:00-04:00,2025-05-19T01:00:00+00:00,2025-05-19T02:00:00+00:00,MOD-00811,60,64.658,18.692,1.515,1.7,5.738,743.251,2.699,10.992,37.613
2025-05-18T22:00:00-04:00,2025-05-18T23:00:00-04:00,2025-05-19T02:00:00+00:00,2025-05-19T03:00:00+00:00,MOD-00811,60,61.94,18.508,1.912,2.073,7.428,717.343,2.534,16.028,38.358
2025-05-18T23:00:00-04:00,2025-05-19T00:00:00-04:00,2025-05-19T03:00:00+00:00,2025-05-19T04:00:00+00:00,MOD-00811,60,60.047,17.903,1.392,1.569,6.532,694.977,2.29,11.236,35.535
2025-05-19T00:00:00-04:00,2025-05-19T01:00:00-04:00,2025-05-19T04:00:00+00:00,2025-05-19T05:00:00+00:00,MOD-00811,60,61.752,17.045,0.725,0.909,4.893,697.178,2.601,11.693,33.096
2025-05-19T01:00:00-04:00,2025-05-19T02:00:00-04:00,2025-05-19T05:00:00+00:00,2025-05-19T06:00:00+00:00,MOD-00811,60,64.778,15.743,0.566,0.645,2.464,694.513,2.584,13.752,30.104
2025-05-19T02:00:00-04:00,2025-05-19T03:00:00-04:00,2025-05-19T06:00:00+00:00,2025-05-19T07:00:00+00:00,MOD-00811,60,65.328,15.163,1.766,1.887,3.818,699.448,2.279,12.036,28.958
2025-05-19T03:00:00-04:00,2025-05-19T04:00:00-04:00,2025-05-19T07:00:00+00:00,2025-05-19T08:00:00+00:00,MOD-00811,60,62.697,14.552,0.704,0.811,2.951,681.91,2.421,11.145,28.359
2025-05-19T04:00:00-04:00,2025-05-19T05:00:00-04:00,2025-05-19T08:00:00+00:00,2025-05-19T09:00:00+00:00,MOD-00811,60,64.313,13.693,0.603,0.704,2.298,687.328,2.123,14.383,28.109
2025-05-19T05:00:00-04:00,2025-05-19T06:00:00-04:00,2025-05-19T09:00:00+00:00,2025-05-19T10:00:00+00:00,MOD-00811,60,65.153,13.013,0.518,0.634,4.641,703.532,2.222,14.985,28.282
2025-05-19T06:00:00-04:00,2025-05-19T07:00:00-04:00,2025-05-19T10:00:00+00:00,2025-05-19T11:00:00+00:00,MOD-00811,60,58.822,12.865,0.61,0.755,3.781,707.041,1.919,12.834,30.922
2025-05-19T07:00:00-04:00,2025-05-19T08:00:00-04:00,2025-05-19T11:00:00+00:00,2025-05-19T12:00:00+00:00,MOD-00811,60,54.808,13.943,0.934,1.085,6.768,718.362,1.481,11.255,31.825
2025-05-19T08:00:00-04:00,2025-05-19T09:00:00-04:00,2025-05-19T12:00:00+00:00,2025-05-19T13:00:00+00:00,MOD-00811,60,49.818,15.98,1.063,1.34,9.184,717.912,2.562,10.684,32.606
2025-05-19T09:00:00-04:00,2025-05-19T10:00:00-04:00,2025-05-19T13:00:00+00:00,2025-05-19T14:00:00+00:00,MOD-00811,60,45.567,17.653,2.104,2.453,10.014,716.765,9.76,12.147,32.407
2025-05-19T10:00:00-04:00,2025-05-19T11:00:00-04:00,2025-05-19T14:00:00+00:00,2025-05-19T15:00:00+00:00,MOD-00811,60,43.478,18.743,1.431,1.698,5.621,696.183,2.023,6.177,35.935
2025-05-19T11:00:00-04:00,2025-05-19T12:00:00-04:00,2025-05-19T15:00:00+00:00,2025-05-19T16:00:00+00:00,MOD-00811,60,41.595,19.602,1.368,1.657,7.93,714.416,2.029,7.099,37.519
2025-05-19T12:00:00-04:00,2025-05-19T13:00:00-04:00,2025-05-19T16:00:00+00:00,2025-05-19T17:00:00+00:00,MOD-00811,60,39.862,20.667,1.684,2.008,9.561,702.183,2.727,6.724,38.114
2025-05-19T13:00:00-04:00,2025-05-19T14:00:00-04:00,2025-05-19T17:00:00+00:00,2025-05-19T18:00:00+00:00,MOD-00811,60,39.615,21.065,1.207,1.448,7.572,684.896,2.561,6.249,39.151
2025-05-19T14:00:00-04:00,2025-05-19T15:00:00-04:00,2025-05-19T18:00:00+00:00,2025-05-19T19:00:00+00:00,MOD-00811,60,39.902,21.072,1.569,1.827,7.919,697.118,2.453,5.763,40.286
2025-05-19T15:00:00-04:00,2025-05-19T16:00:00-04:00,2025-05-19T19:00:00+00:00,2025-05-19T20:00:00+00:00,MOD-00811,60,42.623,19.748,1.937,2.181,6.801,713.755,1.84,5.015,39.835
2025-05-19T16:00:00-04:00,2025-05-19T17:00:00-04:00,2025-05-19T20:00:00+00:00,2025-05-19T21:00:00+00:00,MOD-00811,60,43.233,19.225,1.702,1.96,6.537,720.256,1.814,5.154,39.969
2025-05-19T17:00:00-04:00,2025-05-19T18:00:00-04:00,2025-05-19T21:00:00+00:00,2025-05-19T22:00:00+00:00,MOD-00811,60,45.427,18.382,1.197,1.456,5.838,720.812,2.217,15.232,39.307
2025-05-19T18:00:00-04:00,2025-05-19T19:00:00-04:00,2025-05-19T22:00:00+00:00,2025-05-19T23:00:00+00:00,MOD-00811,60,47.61,16.905,1.32,1.55,6.719,715.539,2.737,19.308,37.497
2025-05-19T19:00:00-04:00,2025-05-19T20:00:00-04:00,2025-05-19T23:00:00+00:00,2025-05-20T00:00:00+00:00,MOD-00811,60,48.132,15.047,1.77,2.068,9.71,720.86,2.129,12.011,36.736
2025-05-19T20:00:00-04:00,2025-05-19T21:00:00-04:00,2025-05-20T00:00:00+00:00,2025-05-20T01:00:00+00:00,MOD-00811,60,50.847,13.443,1.81,2.014,5.764,706.897,1.559,14.653,36.136
2025-05-19T21:00:00-04:00,2025-05-19T22:00:00-04:00,2025-05-20T01:00:00+00:00,2025-05-20T02:00:00+00:00,MOD-00811,60,52.07,12.72,1.911,2.104,4.902,709.681,1.454,17.681,35.412
2025-05-19T22:00:00-04:00,2025-05-19T23:00:00-04:00,2025-05-20T02:00:00+00:00,2025-05-20T03:00:00+00:00,MOD-00811,60,53.605,12.085,2.246,2.435,5.735,706.387,1.499,18.287,35.184
2025-05-19T23:00:00-04:00,2025-05-20T00:00:00-04:00,2025-05-20T03:00:00+00:00,2025-05-20T04:00:00+00:00,MOD-00811,60,54.52,11.857,2.069,2.245,5.48,711.272,1.54,16.794,34.98
2025-05-20T00:00:00-04:00,2025-05-20T01:00:00-04:00,2025-05-20T04:00:00+00:00,2025-05-20T05:00:00+00:00,MOD-00811,60,56.183,11.347,1.877,2.022,4.345,697.095,1.522,14.351,34.968
2025-05-20T01:00:00-04:00,2025-05-20T02:00:00-04:00,2025-05-20T05:00:00+00:00,2025-05-20T06:00:00+00:00,MOD-00811,60,57.142,11.202,1.05,1.17,3.012,695.04,1.639,12.504,34.618
2025-05-20T02:00:00-04:00,2025-05-20T03:00:00-04:00,2025-05-20T06:00:00+00:00,2025-05-20T07:00:00+00:00,MOD-00811,60,57.203,11.282,0.514,0.613,2.656,703.211,1.635,12.111,34.479
2025-05-20T03:00:00-04:00,2025-05-20T04:00:00-04:00,2025-05-20T07:00:00+00:00,2025-05-20T08:00:00+00:00,MOD-00811,60,57.627,11.235,0.452,0.555,2.36,712.664,1.82,14.28,33.949
2025-05-20T04:00:00-04:00,2025-05-20T05:00:00-04:00,2025-05-20T08:00:00+00:00,2025-05-20T09:00:00+00:00,MOD-00811,60,58.472,11.098,1.269,1.37,3.062,723.192,1.932,15.289,33.307
2025-05-20T05:00:00-04:00,2025-05-20T06:00:00-04:00,2025-05-20T09:00:00+00:00,2025-05-20T10:00:00+00:00,MOD-00811,60,59.343,10.928,0.653,0.778,3.203,741.368,2.244,18.537,31.441
2025-05-20T06:00:00-04:00,2025-05-20T07:00:00-04:00,2025-05-20T10:00:00+00:00,2025-05-20T11:00:00+00:00,MOD-00811,60,59.133,11.14,0.94,1.214,6.553,760.903,2.317,18.979,30.128
2025-05-20T07:00:00-04:00,2025-05-20T08:00:00-04:00,2025-05-20T11:00:00+00:00,2025-05-20T12:00:00+00:00,MOD-00811,60,56.998,11.865,1.677,2.058,7.847,750.25,1.753,17.335,31.639
2025-05-20T08:00:00-04:00,2025-05-20T09:00:00-04:00,2025-05-20T12:00:00+00:00,2025-05-20T13:00:00+00:00,MOD-00811,60,54.078,13.025,1.321,1.569,7.129,742.944,1.538,16.798,32.208
2025-05-20T09:00:00-04:00,2025-05-20T10:00:00-04:00,2025-05-20T13:00:00+00:00,2025-05-20T14:00:00+00:00,MOD-00811,60,49.418,15.088,1.095,1.303,4.956,701.833,2.084,10.589,34.529
2025-05-20T10:00:00-04:00,2025-05-20T11:00:00-04:00,2025-05-20T14:00:00+00:00,2025-05-20T15:00:00+00:00,MOD-00811,60,46.267,16.655,0.7,1.031,9.614,672.593,2.453,12.036,36.358
2025-05-20T11:00:00-04:00,2025-05-20T12:00:00-04:00,2025-05-20T15:00:00+00:00,2025-05-20T16:00:00+00:00,MOD-00811,60,45.32,17.208,0.558,0.779,5.652,665.694,2.353,10.184,38.574
2025-05-20T12:00:00-04:00,2025-05-20T13:00:00-04:00,2025-05-20T16:00:00+00:00,2025-05-20T17:00:00+00:00,MOD-00811,60,43.287,18.28,0.692,0.865,5.466,682.095,1.843,8.079,39.075
2025-05-20T13:00:00-04:00,2025-05-20T14:00:00-04:00,2025-05-20T17:00:00+00:00,2025-05-20T18:00:00+00:00,MOD-00811,60,43.062,18.64,0.855,1.127,8.482,677.587,2.043,9.729,39.321
2025-05-20T14:00:00-04:00,2025-05-20T15:00:00-04:00,2025-05-20T18:00:00+00:00,2025-05-20T19:00:00+00:00,MOD-00811,60,46.677,17.422,0.862,1.229,11.235,676.311,2.606,18.449,39.163
2025-05-20T15:00:00-04:00,2025-05-20T16:00:00-04:00,2025-05-20T19:00:00+00:00,2025-05-20T20:00:00+00:00,MOD-00811,60,50.098,16.732,0.97,1.16,5.443,704.499,2.423,12.929,37.487
2025-05-20T16:00:00-04:00,2025-05-20T17:00:00-04:00,2025-05-20T20:00:00+00:00,2025-05-20T21:00:00+00:00,MOD-00811,60,53.283,16.032,0.958,1.17,4.989,700.134,2.138,12.979,36.808
2025-05-20T17:00:00-04:00,2025-05-20T18:00:00-04:00,2025-05-20T21:00:00+00:00,2025-05-20T22:00:00+00:00,MOD-00811,60,56.313,15.33,1.092,1.387,5.186,679.026,1.815,13.481,38.965
2025-05-20T18:00:00-04:00,2025-05-20T19:00:00-04:00,2025-05-20T22:00:00+00:00,2025-05-20T23:00:00+00:00,MOD-00811,60,63.488,13.61,1.231,1.629,6.102,682.336,2.214,19.074,40.082
2025-05-20T19:00:00-04:00,2025-05-20T20:00:00-04:00,2025-05-20T23:00:00+00:00,2025-05-21T00:00:00+00:00,MOD-00811,60,66.45,12.765,1.425,1.949,7.105,680.272,2.049,18.373,40.624
2025-05-20T20:00:00-04:00,2025-05-20T21:00:00-04:00,2025-05-21T00:00:00+00:00,2025-05-21T01:00:00+00:00,MOD-00811,60,68.782,12.095,1.498,2.13,7.756,671.537,1.774,18.464,40.907
2025-05-20T21:00:00-04:00,2025-05-20T22:00:00-04:00,2025-05-21T01:00:00+00:00,2025-05-21T02:00:00+00:00,MOD-00811,60,71.592,11.503,1.487,2.224,9.193,681.909,1.496,18.725,39.331
2025-05-20T22:00:00-04:00,2025-05-20T23:00:00-04:00,2025-05-21T02:00:00+00:00,2025-05-21T03:00:00+00:00,MOD-00811,60,71.997,11.243,1.474,2.09,8.012,667.288,1.488,18.109,40.123
2025-05-20T23:00:00-04:00,2025-05-21T00:00:00-04:00,2025-05-21T03:00:00+00:00,2025-05-21T04:00:00+00:00,MOD-00811,60,69.01,11.12,1.57,2.146,5.577,657.631,1.604,17.441,42.261
2025-05-21T00:00:00-04:00,2025-05-21T01:00:00-04:00,2025-05-21T04:00:00+00:00,2025-05-21T05:00:00+00:00,MOD-00811,60,70.043,10.895,1.637,2.287,5.798,652.836,1.494,17.094,41.464
2025-05-21T01:00:00-04:00,2025-05-21T02:00:00-04:00,2025-05-21T05:00:00+00:00,2025-05-21T06:00:00+00:00,MOD-00811,60,72.497,10.44,1.535,2.191,6.258,652.04,1.459,17.575,40.595
2025-05-21T02:00:00-04:00,2025-05-21T03:00:00-04:00,2025-05-21T06:00:00+00:00,2025-05-21T07:00:00+00:00,MOD-00811,60,71.6,10.583,1.619,2.362,6.268,650.573,1.48,17.461,40.568
2025-05-21T03:00:00-04:00,2025-05-21T04:00:00-04:00,2025-05-21T07:00:00+00:00,2025-05-21T08:00:00+00:00,MOD-00811,60,71.918,10.712,1.868,2.827,14.055,648.946,1.524,16.3,39.5
2025-05-21T04:00:00-04:00,2025-05-21T05:00:00-04:00,2025-05-21T08:00:00+00:00,2025-05-21T09:00:00+00:00,MOD-00811,60,73.055,10.362,2.4,4.053,20.098,650.436,1.524,16.948,37.151
2025-05-21T05:00:00-04:00,2025-05-21T06:00:00-04:00,2025-05-21T09:00:00+00:00,2025-05-21T10:00:00+00:00,MOD-00811,60,71.812,10.152,2.419,4.614,25.581,650.956,1.469,17.128,38.617
2025-05-21T06:00:00-04:00,2025-05-21T07:00:00-04:00,2025-05-21T10:00:00+00:00,2025-05-21T11:00:00+00:00,MOD-00811,60,69.073,10.203,2.02,3.767,18.039,654.817,1.533,16.779,39.738
2025-05-21T07:00:00-04:00,2025-05-21T08:00:00-04:00,2025-05-21T11:00:00+00:00,2025-05-21T12:00:00+00:00,MOD-00811,60,65.193,10.922,2.096,3.557,15.991,655.721,2.201,16.051,40.611
2025-05-21T08:00:00-04:00,2025-05-21T09:00:00-04:00,2025-05-21T12:00:00+00:00,2025-05-21T13:00:00+00:00,MOD-00811,60,60.677,11.768,2.316,3.717,23.876,652.159,2.444,14.172,42.557
2025-05-21T09:00:00-04:00,2025-05-21T10:00:00-04:00,2025-05-21T13:00:00+00:00,2025-05-21T14:00:00+00:00,MOD-00811,60,57.918,12.165,2.701,4.134,24.053,646.596,1.841,14.342,44.917
2025-05-21T10:00:00-04:00,2025-05-21T11:00:00-04:00,2025-05-21T14:00:00+00:00,2025-05-21T15:00:00+00:00,MOD-00811,60,56.837,11.91,2.255,2.911,12.785,645.843,1.692,13.373,46.564
2025-05-21T11:00:00-04:00,2025-05-21T12:00:00-04:00,2025-05-21T15:00:00+00:00,2025-05-21T16:00:00+00:00,MOD-00811,60,59.182,11.683,2.337,3.095,17.054,653.293,1.993,13.109,45.575
2025-05-21T12:00:00-04:00,2025-05-21T13:00:00-04:00,2025-05-21T16:00:00+00:00,2025-05-21T17:00:00+00:00,MOD-00811,60,61.82,11.47,2.9,3.54,11.84,695.319,2.655,14.004,44.523
2025-05-21T13:00:00-04:00,2025-05-21T14:00:00-04:00,2025-05-21T17:00:00+00:00,2025-05-21T18:00:00+00:00,MOD-00811,60,60.998,11.52,2.996,3.891,18.318,734.742,2.499,13.335,44.317
2025-05-21T14:00:00-04:00,2025-05-21T15:00:00-04:00,2025-05-21T18:00:00+00:00,2025-05-21T19:00:00+00:00,MOD-00811,60,58.875,11.963,2.79,3.308,9.061,723.846,1.937,12.333,44.007
2025-05-21T15:00:00-04:00,2025-05-21T16:00:00-04:00,2025-05-21T19:00:00+00:00,2025-05-21T20:00:00+00:00,MOD-00811,60,57.37,12.333,2.593,2.946,6.61,666.851,1.722,16.987,43.392
2025-05-21T16:00:00-04:00,2025-05-21T17:00:00-04:00,2025-05-21T20:00:00+00:00,2025-05-21T21:00:00+00:00,MOD-00811,60,62.602,11.585,2.479,3.086,10.463,656.628,2.435,13.572,43.92
2025-05-21T17:00:00-04:00,2025-05-21T18:00:00-04:00,2025-05-21T21:00:00+00:00,2025-05-21T22:00:00+00:00,MOD-00811,60,65.558,11.263,1.833,2.328,6.122,660.51,2.055,17.604,42.615
2025-05-21T18:00:00-04:00,2025-05-21T19:00:00-04:00,2025-05-21T22:00:00+00:00,2025-05-21T23:00:00+00:00,MOD-00811,60,69.697,10.713,2.163,2.76,7.528,660.686,1.578,17.67,42.019
2025-05-21T19:00:00-04:00,2025-05-21T20:00:00-04:00,2025-05-21T23:00:00+00:00,2025-05-22T00:00:00+00:00,MOD-00811,60,74.362,9.945,2.447,3.541,14.253,658.227,1.671,17.996,42.559
2025-05-21T20:00:00-04:00,2025-05-21T21:00:00-04:00,2025-05-22T00:00:00+00:00,2025-05-22T01:00:00+00:00,MOD-00811,60,78.508,9.522,2.741,4.003,17.508,663.521,2.02,15.609,39.532
2025-05-21T21:00:00-04:00,2025-05-21T22:00:00-04:00,2025-05-22T01:00:00+00:00,2025-05-22T02:00:00+00:00,MOD-00811,60,78.168,9.578,3.054,4.649,19.974,657.851,2.014,11.252,38.646
2025-05-21T22:00:00-04:00,2025-05-21T23:00:00-04:00,2025-05-22T02:00:00+00:00,2025-05-22T03:00:00+00:00,MOD-00811,60,76.332,9.715,3.28,4.925,16.403,656.155,1.792,14.912,37.632
2025-05-21T23:00:00-04:00,2025-05-22T00:00:00-04:00,2025-05-22T03:00:00+00:00,2025-05-22T04:00:00+00:00,MOD-00811,60,75.598,9.715,3.304,5.044,16.004,650.614,1.716,13.528,37.281
2025-05-22T00:00:00-04:00,2025-05-22T01:00:00-04:00,2025-05-22T04:00:00+00:00,2025-05-22T05:00:00+00:00,MOD-00811,60,74.533,9.808,3.332,5.659,18.926,643.22,1.679,15.716,40.457
2025-05-22T01:00:00-04:00,2025-05-22T02:00:00-04:00,2025-05-22T05:00:00+00:00,2025-05-22T06:00:00+00:00,MOD-00811,60,74.438,9.803,2.594,5.625,22.152,638.52,1.646,14.594,40.671
2025-05-22T02:00:00-04:00,2025-05-22T03:00:00-04:00,2025-05-22T06:00:00+00:00,2025-05-22T07:00:00+00:00,MOD-00811,60,72.322,9.8,2.241,5.155,18.728,637.044,1.512,16.498,42.159
2025-05-22T03:00:00-04:00,2025-05-22T04:00:00-04:00,2025-05-22T07:00:00+00:00,2025-05-22T08:00:00+00:00,MOD-00811,60,73.225,9.472,2.249,4.567,17.939,638.648,1.539,13.534,41.308
2025-05-22T04:00:00-04:00,2025-05-22T05:00:00-04:00,2025-05-22T08:00:00+00:00,2025-05-22T09:00:00+00:00,MOD-00811,60,76.363,8.982,1.996,4.148,17.048,640.57,1.827,9.967,38.071
2025-05-22T05:00:00-04:00,2025-05-22T06:00:00-04:00,2025-05-22T09:00:00+00:00,2025-05-22T10:00:00+00:00,MOD-00811,60,81.692,8.542,1.818,4.471,19.305,700.679,2.22,7.559,33.013
2025-05-22T06:00:00-04:00,2025-05-22T07:00:00-04:00,2025-05-22T10:00:00+00:00,2025-05-22T11:00:00+00:00,MOD-00811,60,84.04,8.663,2.087,5.13,21.769,653.774,2.297,9.005,36.449
2025-05-22T07:00:00-04:00,2025-05-22T08:00:00-04:00,2025-05-22T11:00:00+00:00,2025-05-22T12:00:00+00:00,MOD-00811,60,83.158,8.995,2.1,5.694,29.264,665.91,2.317,9.959,36.278
2025-05-22T08:00:00-04:00,2025-05-22T09:00:00-04:00,2025-05-22T12:00:00+00:00,2025-05-22T13:00:00+00:00,MOD-00811,60,84.01,8.998,2.005,5.731,26.598,658.187,2.34,8.821,34.658
2025-05-22T09:00:00-04:00,2025-05-22T10:00:00-04:00,2025-05-22T13:00:00+00:00,2025-05-22T14:00:00+00:00,MOD-00811,60,84.092,9.0,2.093,5.175,26.753,654.06,2.297,8.601,37.952
2025-05-22T10:00:00-04:00,2025-05-22T11:00:00-04:00,2025-05-22T14:00:00+00:00,2025-05-22T15:00:00+00:00,MOD-00811,60,84.31,8.875,1.982,4.643,37.272,646.045,2.644,9.438,37.059
2025-05-22T11:00:00-04:00,2025-05-22T12:00:00-04:00,2025-05-22T15:00:00+00:00,2025-05-22T16:00:00+00:00,MOD-00811,60,84.223,9.097,1.387,2.802,26.101,647.195,2.336,8.439,38.713
2025-05-22T12:00:00-04:00,2025-05-22T13:00:00-04:00,2025-05-22T16:00:00+00:00,2025-05-22T17:00:00+00:00,MOD-00811,60,81.682,9.783,1.363,2.884,19.341,643.33,2.236,12.709,40.981
2025-05-22T13:00:00-04:00,2025-05-22T14:00:00-04:00,2025-05-22T17:00:00+00:00,2025-05-22T18:00:00+00:00,MOD-00811,60,83.117,9.378,1.215,2.659,22.982,641.587,2.281,9.238,41.299
2025-05-22T14:00:00-04:00,2025-05-22T15:00:00-04:00,2025-05-22T18:00:00+00:00,2025-05-22T19:00:00+00:00,MOD-00811,60,84.055,9.183,1.024,1.924,15.634,645.28,2.297,8.525,40.996
2025-05-22T15:00:00-04:00,2025-05-22T16:00:00-04:00,2025-05-22T19:00:00+00:00,2025-05-22T20:00:00+00:00,MOD-00811,60,84.31,9.252,0.778,1.378,10.457,646.267,2.287,8.331,41.164
2025-05-22T16:00:00-04:00,2025-05-22T17:00:00-04:00,2025-05-22T20:00:00+00:00,2025-05-22T21:00:00+00:00,MOD-00811,60,84.7,9.217,0.662,1.79,15.868,640.329,2.338,8.121,40.96
2025-05-22T17:00:00-04:00,2025-05-22T18:00:00-04:00,2025-05-22T21:00:00+00:00,2025-05-22T22:00:00+00:00,MOD-00811,60,85.498,8.962,0.472,1.613,18.409,645.083,2.378,7.925,39.968
2025-05-22T18:00:00-04:00,2025-05-22T19:00:00-04:00,2025-05-22T22:00:00+00:00,2025-05-22T23:00:00+00:00,MOD-00811,60,85.365,8.612,0.554,0.968,6.561,659.818,2.294,8.288,39.713
2025-05-22T19:00:00-04:00,2025-05-22T20:00:00-04:00,2025-05-22T23:00:00+00:00,2025-05-23T00:00:00+00:00,MOD-00811,60,85.11,8.42,0.473,0.597,2.118,661.755,2.289,8.415,39.89
2025-05-22T20:00:00-04:00,2025-05-22T21:00:00-04:00,2025-05-23T00:00:00+00:00,2025-05-23T01:00:00+00:00,MOD-00811,60,84.497,8.255,0.36,0.495,2.018,689.031,2.303,8.961,40.987
2025-05-22T21:00:00-04:00,2025-05-22T22:00:00-04:00,2025-05-23T01:00:00+00:00,2025-05-23T02:00:00+00:00,MOD-00811,60,85.535,8.042,0.326,0.499,2.201,703.013,2.301,8.358,42.58
2025-05-22T22:00:00-04:00,2025-05-22T23:00:00-04:00,2025-05-23T02:00:00+00:00,2025-05-23T03:00:00+00:00,MOD-00811,60,86.127,8.122,0.315,0.461,2.409,709.582,2.288,8.33,42.561
2025-05-22T23:00:00-04:00,2025-05-23T00:00:00-04:00,2025-05-23T03:00:00+00:00,2025-05-23T04:00:00+00:00,MOD-00811,60,85.807,8.197,0.253,0.391,1.046,721.234,2.288,8.321,42.743
2025-05-23T00:00:00-04:00,2025-05-23T01:00:00-04:00,2025-05-23T04:00:00+00:00,2025-05-23T05:00:00+00:00,MOD-00811,60,85.555,8.102,0.256,0.408,0.99,693.916,2.29,8.457,44.334
2025-05-23T01:00:00-04:00,2025-05-23T02:00:00-04:00,2025-05-23T05:00:00+00:00,2025-05-23T06:00:00+00:00,MOD-00811,60,83.522,8.153,0.152,0.272,1.342,940.612,2.285,8.638,43.901
2025-05-23T02:00:00-04:00,2025-05-23T03:00:00-04:00,2025-05-23T06:00:00+00:00,2025-05-23T07:00:00+00:00,MOD-00811,60,82.053,8.11,0.124,0.229,1.134,1257.707,2.23,7.335,43.23
2025-05-23T03:00:00-04:00,2025-05-23T04:00:00-04:00,2025-05-23T07:00:00+00:00,2025-05-23T08:00:00+00:00,MOD-00811,60,83.155,7.935,0.115,0.215,0.761,1216.328,2.298,8.101,41.945
2025-05-23T04:00:00-04:00,2025-05-23T05:00:00-04:00,2025-05-23T08:00:00+00:00,2025-05-23T09:00:00+00:00,MOD-00811,60,84.397,7.817,0.135,0.232,0.738,963.218,2.315,9.377,40.083
2025-05-23T05:00:00-04:00,2025-05-23T06:00:00-04:00,2025-05-23T09:00:00+00:00,2025-05-23T10:00:00+00:00,MOD-00811,60,83.102,7.997,0.203,0.362,1.237,961.842,2.285,8.382,39.327
2025-05-23T06:00:00-04:00,2025-05-23T07:00:00-04:00,2025-05-23T10:00:00+00:00,2025-05-23T11:00:00+00:00,MOD-00811,60,80.782,8.45,0.295,0.42,1.748,967.844,2.111,11.707,38.229
2025-05-23T07:00:00-04:00,2025-05-23T08:00:00-04:00,2025-05-23T11:00:00+00:00,2025-05-23T12:00:00+00:00,MOD-00811,60,76.747,9.263,0.348,0.434,1.432,972.84,1.852,18.894,37.296
2025-05-23T08:00:00-04:00,2025-05-23T09:00:00-04:00,2025-05-23T12:00:00+00:00,2025-05-23T13:00:00+00:00,MOD-00811,60,70.175,10.447,0.452,0.574,2.2,1289.265,2.191,18.011,37.805
2025-05-23T09:00:00-04:00,2025-05-23T10:00:00-04:00,2025-05-23T13:00:00+00:00,2025-05-23T14:00:00+00:00,MOD-00811,60,58.993,12.833,0.541,0.688,3.337,1288.137,2.026,13.424,39.452
2025-05-23T10:00:00-04:00,2025-05-23T11:00:00-04:00,2025-05-23T14:00:00+00:00,2025-05-23T15:00:00+00:00,MOD-00811,60,48.443,16.342,0.586,0.701,3.018,730.726,2.057,9.913,41.703
2025-05-23T11:00:00-04:00,2025-05-23T12:00:00-04:00,2025-05-23T15:00:00+00:00,2025-05-23T16:00:00+00:00,MOD-00811,60,42.452,18.68,0.626,0.767,4.264,728.693,1.942,6.328,42.018
2025-05-23T12:00:00-04:00,2025-05-23T13:00:00-04:00,2025-05-23T16:00:00+00:00,2025-05-23T17:00:00+00:00,MOD-00811,60,46.587,17.878,0.573,0.717,3.437,691.14,2.379,11.491,42.438
2025-05-23T13:00:00-04:00,2025-05-23T14:00:00-04:00,2025-05-23T17:00:00+00:00,2025-05-23T18:00:00+00:00,MOD-00811,60,49.99,17.412,0.824,0.996,3.947,693.44,2.49,9.343,42.429
2025-05-23T14:00:00-04:00,2025-05-23T15:00:00-04:00,2025-05-23T18:00:00+00:00,2025-05-23T19:00:00+00:00,MOD-00811,60,52.01,16.852,0.762,1.022,4.396,687.173,2.259,8.523,42.176
2025-05-23T15:00:00-04:00,2025-05-23T16:00:00-04:00,2025-05-23T19:00:00+00:00,2025-05-23T20:00:00+00:00,MOD-00811,60,51.475,16.948,0.811,1.001,4.595,684.195,2.301,7.859,43.361
2025-05-23T16:00:00-04:00,2025-05-23T17:00:00-04:00,2025-05-23T20:00:00+00:00,2025-05-23T21:00:00+00:00,MOD-00811,60,62.142,14.783,0.858,1.057,4.726,727.717,2.08,19.834,40.74
2025-05-23T17:00:00-04:00,2025-05-23T18:00:00-04:00,2025-05-23T21:00:00+00:00,2025-05-23T22:00:00+00:00,MOD-00811,60,70.14,13.248,1.105,1.37,5.666,768.252,1.831,22.793,37.241
2025-05-23T18:00:00-04:00,2025-05-23T19:00:00-04:00,2025-05-23T22:00:00+00:00,2025-05-23T23:00:00+00:00,MOD-00811,60,75.772,12.765,1.047,1.367,5.09,772.503,1.892,22.574,35.577
2025-05-23T19:00:00-04:00,2025-05-23T20:00:00-04:00,2025-05-23T23:00:00+00:00,2025-05-24T00:00:00+00:00,MOD-00811,60,79.848,12.325,1.508,1.858,4.962,756.181,2.112,21.937,33.568
2025-05-23T20:00:00-04:00,2025-05-23T21:00:00-04:00,2025-05-24T00:00:00+00:00,2025-05-24T01:00:00+00:00,MOD-00811,60,83.155,11.937,2.493,2.849,5.67,791.003,2.415,21.976,29.791
2025-05-23T21:00:00-04:00,2025-05-23T22:00:00-04:00,2025-05-24T01:00:00+00:00,2025-05-24T02:00:00+00:00,MOD-00811,60,84.412,11.818,3.14,3.459,6.007,782.497,2.563,21.12,27.263
2025-05-23T22:00:00-04:00,2025-05-23T23:00:00-04:00,2025-05-24T02:00:00+00:00,2025-05-24T03:00:00+00:00,MOD-00811,60,85.245,11.8,4.685,5.131,7.602,817.381,2.656,21.471,24.155
2025-05-23T23:00:00-04:00,2025-05-24T00:00:00-04:00,2025-05-24T03:00:00+00:00,2025-05-24T04:00:00+00:00,MOD-00811,60,85.462,11.578,4.346,4.754,7.049,821.449,2.654,18.57,23.45
2025-05-24T00:00:00-04:00,2025-05-24T01:00:00-04:00,2025-05-24T04:00:00+00:00,2025-05-24T05:00:00+00:00,MOD-00811,60,86.175,11.128,3.285,3.612,5.794,754.946,2.82,14.125,23.506
2025-05-24T01:00:00-04:00,2025-05-24T02:00:00-04:00,2025-05-24T05:00:00+00:00,2025-05-24T06:00:00+00:00,MOD-00811,60,88.455,10.423,3.51,3.86,6.988,765.955,3.177,11.501,22.301
2025-05-24T02:00:00-04:00,2025-05-24T03:00:00-04:00,2025-05-24T06:00:00+00:00,2025-05-24T07:00:00+00:00,MOD-00811,60,88.525,10.145,2.604,2.956,5.683,757.915,3.131,8.584,21.654
2025-05-24T03:00:00-04:00,2025-05-24T04:00:00-04:00,2025-05-24T07:00:00+00:00,2025-05-24T08:00:00+00:00,MOD-00811,60,87.035,10.278,2.064,2.412,5.608,736.478,2.832,7.214,22.066
2025-05-24T04:00:00-04:00,2025-05-24T05:00:00-04:00,2025-05-24T08:00:00+00:00,2025-05-24T09:00:00+00:00,MOD-00811,60,86.203,10.18,1.523,1.795,4.419,720.774,2.602,7.274,23.391
2025-05-24T05:00:00-04:00,2025-05-24T06:00:00-04:00,2025-05-24T09:00:00+00:00,2025-05-24T10:00:00+00:00,MOD-00811,60,87.018,9.958,1.366,1.679,4.274,737.328,2.803,7.44,22.04
2025-05-24T06:00:00-04:00,2025-05-24T07:00:00-04:00,2025-05-24T10:00:00+00:00,2025-05-24T11:00:00+00:00,MOD-00811,60,79.365,11.722,1.22,1.602,4.504,734.301,2.132,12.042,23.281
2025-05-24T07:00:00-04:00,2025-05-24T08:00:00-04:00,2025-05-24T11:00:00+00:00,2025-05-24T12:00:00+00:00,MOD-00811,60,65.565,15.082,1.297,1.683,4.147,716.173,2.279,8.518,25.994
2025-05-24T08:00:00-04:00,2025-05-24T09:00:00-04:00,2025-05-24T12:00:00+00:00,2025-05-24T13:00:00+00:00,MOD-00811,60,55.802,16.9,1.005,1.287,3.009,697.887,1.878,7.912,29.792
2025-05-24T09:00:00-04:00,2025-05-24T10:00:00-04:00,2025-05-24T13:00:00+00:00,2025-05-24T14:00:00+00:00,MOD-00811,60,54.36,16.67,0.933,1.099,1.939,670.611,2.152,6.123,31.542
2025-05-24T10:00:00-04:00,2025-05-24T11:00:00-04:00,2025-05-24T14:00:00+00:00,2025-05-24T15:00:00+00:00,MOD-00811,60,53.328,16.863,0.906,1.076,2.389,684.757,2.225,6.211,32.923
2025-05-24T11:00:00-04:00,2025-05-24T12:00:00-04:00,2025-05-24T15:00:00+00:00,2025-05-24T16:00:00+00:00,MOD-00811,60,52.748,16.94,1.02,1.208,2.884,702.726,2.249,8.984,33.874
2025-05-24T12:00:00-04:00,2025-05-24T13:00:00-04:00,2025-05-24T16:00:00+00:00,2025-05-24T17:00:00+00:00,MOD-00811,60,48.308,18.28,0.988,1.171,2.561,669.579,2.507,4.481,36.151
2025-05-24T13:00:00-04:00,2025-05-24T14:00:00-04:00,2025-05-24T17:00:00+00:00,2025-05-24T18:00:00+00:00,MOD-00811,60,52.042,18.613,0.834,1.015,2.91,674.561,2.377,11.321,37.384
2025-05-24T14:00:00-04:00,2025-05-24T15:00:00-04:00,2025-05-24T18:00:00+00:00,2025-05-24T19:00:00+00:00,MOD-00811,60,50.055,18.133,0.615,0.765,3.135,747.477,2.452,7.425,39.637
2025-05-24T15:00:00-04:00,2025-05-24T16:00:00-04:00,2025-05-24T19:00:00+00:00,2025-05-24T20:00:00+00:00,MOD-00811,60,56.193,17.657,0.591,0.862,4.627,704.755,2.356,15.52,41.214
2025-05-24T16:00:00-04:00,2025-05-24T17:00:00-04:00,2025-05-24T20:00:00+00:00,2025-05-24T21:00:00+00:00,MOD-00811,60,51.268,18.667,0.656,0.802,3.254,693.114,2.3,12.948,40.913
2025-05-24T17:00:00-04:00,2025-05-24T18:00:00-04:00,2025-05-24T21:00:00+00:00,2025-05-24T22:00:00+00:00,MOD-00811,60,42.155,19.442,0.929,1.053,4.467,732.626,1.906,5.664,42.635
2025-05-24T18:00:00-04:00,2025-05-24T19:00:00-04:00,2025-05-24T22:00:00+00:00,2025-05-24T23:00:00+00:00,MOD-00811,60,46.177,18.04,0.637,0.769,4.106,774.077,2.469,17.791,41.414
2025-05-24T19:00:00-04:00,2025-05-24T20:00:00-04:00,2025-05-24T23:00:00+00:00,2025-05-25T00:00:00+00:00,MOD-00811,60,47.208,17.482,0.67,0.804,2.798,849.178,2.716,19.71,40.539
2025-05-24T20:00:00-04:00,2025-05-24T21:00:00-04:00,2025-05-25T00:00:00+00:00,2025-05-25T01:00:00+00:00,MOD-00811,60,50.973,16.098,0.721,0.852,3.768,831.013,2.307,13.964,39.884
2025-05-24T21:00:00-04:00,2025-05-24T22:00:00-04:00,2025-05-25T01:00:00+00:00,2025-05-25T02:00:00+00:00,MOD-00811,60,56.343,14.908,1.145,1.296,3.051,836.294,1.656,9.224,36.336
2025-05-24T22:00:00-04:00,2025-05-24T23:00:00-04:00,2025-05-25T02:00:00+00:00,2025-05-25T03:00:00+00:00,MOD-00811,60,60.008,14.267,0.82,0.967,3.312,766.77,1.998,12.249,36.98
2025-05-24T23:00:00-04:00,2025-05-25T00:00:00-04:00,2025-05-25T03:00:00+00:00,2025-05-25T04:00:00+00:00,MOD-00811,60,62.51,13.948,1.047,1.189,3.185,757.274,2.267,20.719,36.274
2025-05-25T00:00:00-04:00,2025-05-25T01:00:00-04:00,2025-05-25T04:00:00+00:00,2025-05-25T05:00:00+00:00,MOD-00811,60,64.657,13.73,1.067,1.239,2.722,742.405,2.142,19.804,36.612
2025-05-25T01:00:00-04:00,2025-05-25T02:00:00-04:00,2025-05-25T05:00:00+00:00,2025-05-25T06:00:00+00:00,MOD-00811,60,67.495,13.328,0.758,0.922,3.026,725.225,2.044,19.614,36.545
2025-05-25T02:00:00-04:00,2025-05-25T03:00:00-04:00,2025-05-25T06:00:00+00:00,2025-05-25T07:00:00+00:00,MOD-00811,60,68.143,13.018,0.935,1.125,3.19,722.987,1.986,19.067,35.22
2025-05-25T03:00:00-04:00,2025-05-25T04:00:00-04:00,2025-05-25T07:00:00+00:00,2025-05-25T08:00:00+00:00,MOD-00811,60,70.393,12.353,0.902,1.123,4.25,852.711,1.647,16.559,33.9
2025-05-25T04:00:00-04:00,2025-05-25T05:00:00-04:00,2025-05-25T08:00:00+00:00,2025-05-25T09:00:00+00:00,MOD-00811,60,72.79,11.56,0.684,0.873,4.045,789.315,1.512,18.663,32.994
2025-05-25T05:00:00-04:00,2025-05-25T06:00:00-04:00,2025-05-25T09:00:00+00:00,2025-05-25T10:00:00+00:00,MOD-00811,60,74.31,11.187,0.718,0.937,4.063,737.703,1.599,18.984,31.721
2025-05-25T06:00:00-04:00,2025-05-25T07:00:00-04:00,2025-05-25T10:00:00+00:00,2025-05-25T11:00:00+00:00,MOD-00811,60,72.337,11.65,0.767,1.002,3.502,788.298,1.559,17.734,32.306
2025-05-25T07:00:00-04:00,2025-05-25T08:00:00-04:00,2025-05-25T11:00:00+00:00,2025-05-25T12:00:00+00:00,MOD-00811,60,62.213,14.058,0.925,1.1,2.933,763.556,1.976,12.384,34.605
2025-05-25T08:00:00-04:00,2025-05-25T09:00:00-04:00,2025-05-25T12:00:00+00:00,2025-05-25T13:00:00+00:00,MOD-00811,60,55.992,15.677,0.693,0.801,2.1,768.36,1.714,8.395,36.251
2025-05-25T09:00:00-04:00,2025-05-25T10:00:00-04:00,2025-05-25T13:00:00+00:00,2025-05-25T14:00:00+00:00,MOD-00811,60,53.253,15.888,0.426,0.519,2.053,745.718,2.113,11.34,36.745
2025-05-25T10:00:00-04:00,2025-05-25T11:00:00-04:00,2025-05-25T14:00:00+00:00,2025-05-25T15:00:00+00:00,MOD-00811,60,50.913,16.08,0.424,0.506,1.234,716.935,2.402,12.787,37.671
2025-05-25T11:00:00-04:00,2025-05-25T12:00:00-04:00,2025-05-25T15:00:00+00:00,2025-05-25T16:00:00+00:00,MOD-00811,60,44.15,17.802,0.396,0.468,0.948,694.464,2.15,7.431,39.715
2025-05-25T12:00:00-04:00,2025-05-25T13:00:00-04:00,2025-05-25T16:00:00+00:00,2025-05-25T17:00:00+00:00,MOD-00811,60,43.623,18.022,0.566,0.638,1.316,693.454,2.049,7.67,40.275
2025-05-25T13:00:00-04:00,2025-05-25T14:00:00-04:00,2025-05-25T17:00:00+00:00,2025-05-25T18:00:00+00:00,MOD-00811,60,45.808,18.01,0.811,0.893,1.723,673.957,2.34,15.153,39.884
2025-05-25T14:00:00-04:00,2025-05-25T15:00:00-04:00,2025-05-25T18:00:00+00:00,2025-05-25T19:00:00+00:00,MOD-00811,60,46.668,18.093,0.898,1.009,2.844,742.388,2.519,15.113,39.335
2025-05-25T15:00:00-04:00,2025-05-25T16:00:00-04:00,2025-05-25T19:00:00+00:00,2025-05-25T20:00:00+00:00,MOD-00811,60,43.572,19.148,1.033,1.138,2.125,759.492,1.9,7.538,40.984
2025-05-25T16:00:00-04:00,2025-05-25T17:00:00-04:00,2025-05-25T20:00:00+00:00,2025-05-25T21:00:00+00:00,MOD-00811,60,43.838,19.093,1.296,1.408,3.272,730.268,2.068,12.101,41.601
2025-05-25T17:00:00-04:00,2025-05-25T18:00:00-04:00,2025-05-25T21:00:00+00:00,2025-05-25T22:00:00+00:00,MOD-00811,60,44.4,18.82,1.331,1.449,2.404,701.844,1.981,8.977,41.449
2025-05-25T18:00:00-04:00,2025-05-25T19:00:00-04:00,2025-05-25T22:00:00+00:00,2025-05-25T23:00:00+00:00,MOD-00811,60,47.025,17.523,1.323,1.447,3.031,750.517,2.637,19.701,41.816
2025-05-25T19:00:00-04:00,2025-05-25T20:00:00-04:00,2025-05-25T23:00:00+00:00,2025-05-26T00:00:00+00:00,MOD-00811,60,49.223,16.813,1.286,1.429,3.534,792.223,2.476,17.143,41.589
2025-05-25T20:00:00-04:00,2025-05-25T21:00:00-04:00,2025-05-26T00:00:00+00:00,2025-05-26T01:00:00+00:00,MOD-00811,60,52.397,16.288,1.767,1.937,3.555,826.951,2.194,10.142,39.75
2025-05-25T21:00:00-04:00,2025-05-25T22:00:00-04:00,2025-05-26T01:00:00+00:00,2025-05-26T02:00:00+00:00,MOD-00811,60,55.055,15.827,2.516,2.679,4.988,892.394,1.896,9.727,38.66
2025-05-25T22:00:00-04:00,2025-05-25T23:00:00-04:00,2025-05-26T02:00:00+00:00,2025-05-26T03:00:00+00:00,MOD-00811,60,55.508,15.363,2.431,2.599,4.325,877.519,1.735,7.98,39.34
2025-05-25T23:00:00-04:00,2025-05-26T00:00:00-04:00,2025-05-26T03:00:00+00:00,2025-05-26T04:00:00+00:00,MOD-00811,60,59.162,14.498,2.286,2.474,5.431,828.862,1.839,13.708,38.568
2025-05-26T00:00:00-04:00,2025-05-26T01:00:00-04:00,2025-05-26T04:00:00+00:00,2025-05-26T05:00:00+00:00,MOD-00811,60,64.365,13.047,2.258,2.455,4.583,793.735,2.134,20.651,36.967
2025-05-26T01:00:00-04:00,2025-05-26T02:00:00-04:00,2025-05-26T05:00:00+00:00,2025-05-26T06:00:00+00:00,MOD-00811,60,68.185,11.963,2.582,2.785,4.939,772.742,1.817,20.63,34.913
2025-05-26T02:00:00-04:00,2025-05-26T03:00:00-04:00,2025-05-26T06:00:00+00:00,2025-05-26T07:00:00+00:00,MOD-00811,60,70.728,11.098,3.537,3.76,5.831,792.792,1.496,20.251,33.942
2025-05-26T03:00:00-04:00,2025-05-26T04:00:00-04:00,2025-05-26T07:00:00+00:00,2025-05-26T08:00:00+00:00,MOD-00811,60,75.34,10.005,5.352,5.571,7.165,786.77,1.722,20.164,32.509
2025-05-26T04:00:00-04:00,2025-05-26T05:00:00-04:00,2025-05-26T08:00:00+00:00,2025-05-26T09:00:00+00:00,MOD-00811,60,76.238,9.995,4.54,4.766,6.757,877.494,1.791,20.299,30.227
2025-05-26T05:00:00-04:00,2025-05-26T06:00:00-04:00,2025-05-26T09:00:00+00:00,2025-05-26T10:00:00+00:00,MOD-00811,60,78.773,9.648,4.543,4.762,7.312,863.408,1.983,14.91,29.566
2025-05-26T06:00:00-04:00,2025-05-26T07:00:00-04:00,2025-05-26T10:00:00+00:00,2025-05-26T11:00:00+00:00,MOD-00811,60,67.17,12.845,3.223,3.451,6.037,947.676,1.993,18.394,31.409
2025-05-26T07:00:00-04:00,2025-05-26T08:00:00-04:00,2025-05-26T11:00:00+00:00,2025-05-26T12:00:00+00:00,MOD-00811,60,55.72,16.607,3.941,4.165,6.58,804.108,2.126,9.254,36.832
2025-05-26T08:00:00-04:00,2025-05-26T09:00:00-04:00,2025-05-26T12:00:00+00:00,2025-05-26T13:00:00+00:00,MOD-00811,60,51.037,18.568,3.989,4.186,6.086,671.353,2.479,11.637,39.577
2025-05-26T09:00:00-04:00,2025-05-26T10:00:00-04:00,2025-05-26T13:00:00+00:00,2025-05-26T14:00:00+00:00,MOD-00811,60,43.947,20.175,2.934,3.078,4.165,628.67,2.369,6.777,43.203
2025-05-26T10:00:00-04:00,2025-05-26T11:00:00-04:00,2025-05-26T14:00:00+00:00,2025-05-26T15:00:00+00:00,MOD-00811,60,37.18,21.692,2.143,2.268,3.453,612.227,2.843,7.177,47.485
2025-05-26T11:00:00-04:00,2025-05-26T12:00:00-04:00,2025-05-26T15:00:00+00:00,2025-05-26T16:00:00+00:00,MOD-00811,60,32.995,23.16,1.962,2.077,2.974,613.069,2.603,4.478,49.524
2025-05-26T12:00:00-04:00,2025-05-26T13:00:00-04:00,2025-05-26T16:00:00+00:00,2025-05-26T17:00:00+00:00,MOD-00811,60,31.667,23.813,2.326,2.439,3.039,607.746,2.451,5.943,50.691
2025-05-26T13:00:00-04:00,2025-05-26T14:00:00-04:00,2025-05-26T17:00:00+00:00,2025-05-26T18:00:00+00:00,MOD-00811,60,32.212,23.733,2.627,2.762,3.509,634.646,2.486,7.078,50.792
2025-05-26T14:00:00-04:00,2025-05-26T15:00:00-04:00,2025-05-26T18:00:00+00:00,2025-05-26T19:00:00+00:00,MOD-00811,60,27.303,26.35,2.699,2.829,3.807,616.128,2.194,7.628,51.868
2025-05-26T15:00:00-04:00,2025-05-26T16:00:00-04:00,2025-05-26T19:00:00+00:00,2025-05-26T20:00:00+00:00,MOD-00811,60,35.437,24.83,3.126,3.386,6.268,685.38,2.885,15.81,50.857
2025-05-26T16:00:00-04:00,2025-05-26T17:00:00-04:00,2025-05-26T20:00:00+00:00,2025-05-26T21:00:00+00:00,MOD-00811,60,46.935,21.418,3.737,4.073,8.844,749.599,2.95,22.744,50.067
2025-05-26T17:00:00-04:00,2025-05-26T18:00:00-04:00,2025-05-26T21:00:00+00:00,2025-05-26T22:00:00+00:00,MOD-00811,60,43.437,22.427,3.578,3.84,6.737,716.623,3.344,15.356,50.379
2025-05-26T18:00:00-04:00,2025-05-26T19:00:00-04:00,2025-05-26T22:00:00+00:00,2025-05-26T23:00:00+00:00,MOD-00811,60,44.013,21.25,3.753,3.996,6.875,711.864,2.973,16.651,48.827
2025-05-26T19:00:00-04:00,2025-05-26T20:00:00-04:00,2025-05-26T23:00:00+00:00,2025-05-27T00:00:00+00:00,MOD-00811,60,51.378,19.322,5.074,5.353,9.251,732.857,2.566,18.975,45.883
2025-05-26T20:00:00-04:00,2025-05-26T21:00:00-04:00,2025-05-27T00:00:00+00:00,2025-05-27T01:00:00+00:00,MOD-00811,60,62.847,16.493,6.218,6.535,11.389,757.607,2.525,20.23,42.995
2025-05-26T21:00:00-04:00,2025-05-26T22:00:00-04:00,2025-05-27T01:00:00+00:00,2025-05-27T02:00:00+00:00,MOD-00811,60,65.005,15.008,6.08,6.345,9.312,771.876,2.192,22.363,40.731
2025-05-26T22:00:00-04:00,2025-05-26T23:00:00-04:00,2025-05-27T02:00:00+00:00,2025-05-27T03:00:00+00:00,MOD-00811,60,68.423,14.302,5.444,5.694,7.914,741.695,2.056,21.549,40.896
2025-05-26T23:00:00-04:00,2025-05-27T00:00:00-04:00,2025-05-27T03:00:00+00:00,2025-05-27T04:00:00+00:00,MOD-00811,60,73.075,13.99,4.327,4.596,7.85,715.539,1.846,21.331,41.378
2025-05-27T00:00:00-04:00,2025-05-27T01:00:00-04:00,2025-05-27T04:00:00+00:00,2025-05-27T05:00:00+00:00,MOD-00811,60,76.415,13.245,4.845,5.165,9.465,731.062,1.885,20.948,38.946
2025-05-27T01:00:00-04:00,2025-05-27T02:00:00-04:00,2025-05-27T05:00:00+00:00,2025-05-27T06:00:00+00:00,MOD-00811,60,81.483,12.26,4.276,4.624,7.928,715.842,2.246,20.692,37.202
2025-05-27T02:00:00-04:00,2025-05-27T03:00:00-04:00,2025-05-27T06:00:00+00:00,2025-05-27T07:00:00+00:00,MOD-00811,60,84.247,11.737,3.996,4.419,8.072,706.788,2.502,19.467,35.514
2025-05-27T03:00:00-04:00,2025-05-27T04:00:00-04:00,2025-05-27T07:00:00+00:00,2025-05-27T08:00:00+00:00,MOD-00811,60,86.587,11.038,3.919,4.302,7.922,701.765,2.77,13.826,32.333
2025-05-27T04:00:00-04:00,2025-05-27T05:00:00-04:00,2025-05-27T08:00:00+00:00,2025-05-27T09:00:00+00:00,MOD-00811,60,87.958,10.65,3.799,4.215,8.455,729.279,3.041,13.53,27.534
2025-05-27T05:00:00-04:00,2025-05-27T06:00:00-04:00,2025-05-27T09:00:00+00:00,2025-05-27T10:00:00+00:00,MOD-00811,60,86.392,10.583,4.969,5.36,10.211,919.475,3.423,20.966,16.379
2025-05-27T06:00:00-04:00,2025-05-27T07:00:00-04:00,2025-05-27T10:00:00+00:00,2025-05-27T11:00:00+00:00,MOD-00811,60,74.73,13.412,6.157,6.579,11.165,988.547,3.265,22.71,19.675
2025-05-27T07:00:00-04:00,2025-05-27T08:00:00-04:00,2025-05-27T11:00:00+00:00,2025-05-27T12:00:00+00:00,MOD-00811,60,57.025,18.545,6.003,6.428,10.224,947.077,3.304,13.893,26.806
2025-05-27T08:00:00-04:00,2025-05-27T09:00:00-04:00,2025-05-27T12:00:00+00:00,2025-05-27T13:00:00+00:00,MOD-00811,60,48.992,22.233,8.133,8.682,16.897,906.756,4.265,14.868,27.271
2025-05-27T09:00:00-04:00,2025-05-27T10:00:00-04:00,2025-05-27T13:00:00+00:00,2025-05-27T14:00:00+00:00,MOD-00811,60,37.177,26.187,7.664,8.946,35.504,893.511,5.574,7.152,31.927
2025-05-27T10:00:00-04:00,2025-05-27T11:00:00-04:00,2025-05-27T14:00:00+00:00,2025-05-27T15:00:00+00:00,MOD-00811,60,28.087,29.318,4.483,5.072,11.923,710.524,2.36,6.19,42.317
2025-05-27T11:00:00-04:00,2025-05-27T12:00:00-04:00,2025-05-27T15:00:00+00:00,2025-05-27T16:00:00+00:00,MOD-00811,60,26.458,31.39,4.394,4.663,8.832,640.518,2.687,6.219,47.147
2025-05-27T12:00:00-04:00,2025-05-27T13:00:00-04:00,2025-05-27T16:00:00+00:00,2025-05-27T17:00:00+00:00,MOD-00811,60,23.232,31.182,4.48,4.707,6.984,588.028,2.533,5.276,52.026
2025-05-27T13:00:00-04:00,2025-05-27T14:00:00-04:00,2025-05-27T17:00:00+00:00,2025-05-27T18:00:00+00:00,MOD-00811,60,22.907,30.483,3.724,3.936,6.013,640.221,2.413,6.662,52.893
2025-05-27T14:00:00-04:00,2025-05-27T15:00:00-04:00,2025-05-27T18:00:00+00:00,2025-05-27T19:00:00+00:00,MOD-00811,60,26.203,30.822,3.027,3.273,5.803,661.631,2.239,9.135,54.373
2025-05-27T15:00:00-04:00,2025-05-27T16:00:00-04:00,2025-05-27T19:00:00+00:00,2025-05-27T20:00:00+00:00,MOD-00811,60,33.277,28.592,3.512,3.831,8.18,741.666,2.295,9.98,53.606
2025-05-27T16:00:00-04:00,2025-05-27T17:00:00-04:00,2025-05-27T20:00:00+00:00,2025-05-27T21:00:00+00:00,MOD-00811,60,35.943,27.223,3.407,3.741,7.059,750.795,2.445,6.605,52.704
2025-05-27T17:00:00-04:00,2025-05-27T18:00:00-04:00,2025-05-27T21:00:00+00:00,2025-05-27T22:00:00+00:00,MOD-00811,60,32.87,26.662,3.426,3.731,7.382,734.726,2.501,10.566,50.857
2025-05-27T18:00:00-04:00,2025-05-27T19:00:00-04:00,2025-05-27T22:00:00+00:00,2025-05-27T23:00:00+00:00,MOD-00811,60,44.892,23.88,4.74,5.176,9.37,804.802,3.479,16.838,52.717
2025-05-27T19:00:00-04:00,2025-05-27T20:00:00-04:00,2025-05-27T23:00:00+00:00,2025-05-28T00:00:00+00:00,MOD-00811,60,48.623,22.202,4.629,5.013,9.921,810.049,2.916,7.256,55.429
2025-05-27T20:00:00-04:00,2025-05-27T21:00:00-04:00,2025-05-28T00:00:00+00:00,2025-05-28T01:00:00+00:00,MOD-00811,60,55.173,20.34,5.872,6.279,10.219,823.954,2.393,9.724,53.715
2025-05-27T21:00:00-04:00,2025-05-27T22:00:00-04:00,2025-05-28T01:00:00+00:00,2025-05-28T02:00:00+00:00,MOD-00811,60,58.472,19.067,5.669,6.049,10.431,802.668,2.379,14.811,49.755
2025-05-27T22:00:00-04:00,2025-05-27T23:00:00-04:00,2025-05-28T02:00:00+00:00,2025-05-28T03:00:00+00:00,MOD-00811,60,62.02,17.903,5.365,5.736,10.292,791.968,2.541,21.509,47.678
2025-05-27T23:00:00-04:00,2025-05-28T00:00:00-04:00,2025-05-28T03:00:00+00:00,2025-05-28T04:00:00+00:00,MOD-00811,60,64.128,17.063,4.487,4.927,9.567,751.524,2.61,19.031,45.843
2025-05-28T00:00:00-04:00,2025-05-28T01:00:00-04:00,2025-05-28T04:00:00+00:00,2025-05-28T05:00:00+00:00,MOD-00811,60,66.082,16.263,4.37,4.859,8.702,731.046,2.388,17.248,43.632
2025-05-28T01:00:00-04:00,2025-05-28T02:00:00-04:00,2025-05-28T05:00:00+00:00,2025-05-28T06:00:00+00:00,MOD-00811,60,66.482,15.705,4.063,4.545,8.317,712.186,2.135,17.348,41.924
2025-05-28T02:00:00-04:00,2025-05-28T03:00:00-04:00,2025-05-28T06:00:00+00:00,2025-05-28T07:00:00+00:00,MOD-00811,60,65.118,15.385,3.729,4.181,6.828,696.826,2.159,9.668,41.069
2025-05-28T03:00:00-04:00,2025-05-28T04:00:00-04:00,2025-05-28T07:00:00+00:00,2025-05-28T08:00:00+00:00,MOD-00811,60,64.952,15.002,3.573,3.96,7.157,694.239,2.188,10.529,39.862
2025-05-28T04:00:00-04:00,2025-05-28T05:00:00-04:00,2025-05-28T08:00:00+00:00,2025-05-28T09:00:00+00:00,MOD-00811,60,66.902,14.302,3.52,3.929,7.284,702.183,2.134,19.515,37.308
2025-05-28T05:00:00-04:00,2025-05-28T06:00:00-04:00,2025-05-28T09:00:00+00:00,2025-05-28T10:00:00+00:00,MOD-00811,60,68.158,13.772,3.384,3.768,6.5,715.23,2.036,20.25,37.654
2025-05-28T06:00:00-04:00,2025-05-28T07:00:00-04:00,2025-05-28T10:00:00+00:00,2025-05-28T11:00:00+00:00,MOD-00811,60,60.022,16.248,3.337,3.754,7.771,803.998,2.419,20.083,36.08
2025-05-28T07:00:00-04:00,2025-05-28T08:00:00-04:00,2025-05-28T11:00:00+00:00,2025-05-28T12:00:00+00:00,MOD-00811,60,45.898,20.568,2.857,3.215,5.972,771.503,4.24,13.768,39.455
2025-05-28T08:00:00-04:00,2025-05-28T09:00:00-04:00,2025-05-28T12:00:00+00:00,2025-05-28T13:00:00+00:00,MOD-00811,60,40.287,23.035,2.835,3.164,6.841,741.335,4.044,7.853,41.553
2025-05-28T09:00:00-04:00,2025-05-28T10:00:00-04:00,2025-05-28T13:00:00+00:00,2025-05-28T14:00:00+00:00,MOD-00811,60,37.238,24.713,2.995,3.321,7.311,687.717,4.023,6.616,45.647
2025-05-28T10:00:00-04:00,2025-05-28T11:00:00-04:00,2025-05-28T14:00:00+00:00,2025-05-28T15:00:00+00:00,MOD-00811,60,35.082,26.762,3.874,4.219,9.499,698.637,3.555,5.636,48.886
2025-05-28T11:00:00-04:00,2025-05-28T12:00:00-04:00,2025-05-28T15:00:00+00:00,2025-05-28T16:00:00+00:00,MOD-00811,60,32.598,28.463,4.374,4.696,9.48,682.095,2.589,6.646,51.546
2025-05-28T12:00:00-04:00,2025-05-28T13:00:00-04:00,2025-05-28T16:00:00+00:00,2025-05-28T17:00:00+00:00,MOD-00811,60,30.455,28.413,3.376,3.691,8.127,659.186,2.15,8.162,50.539
2025-05-28T13:00:00-04:00,2025-05-28T14:00:00-04:00,2025-05-28T17:00:00+00:00,2025-05-28T18:00:00+00:00,MOD-00811,60,27.538,28.407,2.788,3.069,6.832,656.44,2.037,7.222,50.953
2025-05-28T14:00:00-04:00,2025-05-28T15:00:00-04:00,2025-05-28T18:00:00+00:00,2025-05-28T19:00:00+00:00,MOD-00811,60,28.3,27.14,2.752,3.022,6.09,653.636,2.208,8.556,51.3
2025-05-28T15:00:00-04:00,2025-05-28T16:00:00-04:00,2025-05-28T19:00:00+00:00,2025-05-28T20:00:00+00:00,MOD-00811,60,25.775,27.202,2.652,2.92,5.106,670.178,2.172,6.901,51.189
2025-05-28T16:00:00-04:00,2025-05-28T17:00:00-04:00,2025-05-28T20:00:00+00:00,2025-05-28T21:00:00+00:00,MOD-00811,60,22.345,25.727,1.794,2.078,5.047,687.216,2.235,5.675,52.91
2025-05-28T17:00:00-04:00,2025-05-28T18:00:00-04:00,2025-05-28T21:00:00+00:00,2025-05-28T22:00:00+00:00,MOD-00811,60,31.71,23.265,1.446,1.854,4.485,722.141,2.318,14.066,51.758
2025-05-28T18:00:00-04:00,2025-05-28T19:00:00-04:00,2025-05-28T22:00:00+00:00,2025-05-28T23:00:00+00:00,MOD-00811,60,43.89,21.398,1.742,2.344,8.564,755.578,2.617,24.03,48.497
2025-05-28T19:00:00-04:00,2025-05-28T20:00:00-04:00,2025-05-28T23:00:00+00:00,2025-05-29T00:00:00+00:00,MOD-00811,60,45.372,19.675,2.332,2.839,9.337,725.326,2.053,12.999,47.515
2025-05-28T20:00:00-04:00,2025-05-28T21:00:00-04:00,2025-05-29T00:00:00+00:00,2025-05-29T01:00:00+00:00,MOD-00811,60,45.742,18.303,2.082,2.64,7.626,719.744,2.221,20.387,46.893
2025-05-28T21:00:00-04:00,2025-05-28T22:00:00-04:00,2025-05-29T01:00:00+00:00,2025-05-29T02:00:00+00:00,MOD-00811,60,44.738,17.745,2.414,2.807,6.851,723.918,2.075,19.033,46.271
2025-05-28T22:00:00-04:00,2025-05-28T23:00:00-04:00,2025-05-29T02:00:00+00:00,2025-05-29T03:00:00+00:00,MOD-00811,60,63.558,16.013,1.985,2.472,8.862,741.62,2.105,22.987,44.497
2025-05-28T23:00:00-04:00,2025-05-29T00:00:00-04:00,2025-05-29T03:00:00+00:00,2025-05-29T04:00:00+00:00,MOD-00811,60,78.013,14.55,2.503,3.161,10.473,756.212,1.908,24.722,42.132
2025-05-29T00:00:00-04:00,2025-05-29T01:00:00-04:00,2025-05-29T04:00:00+00:00,2025-05-29T05:00:00+00:00,MOD-00811,60,82.093,14.395,2.451,3.212,11.677,739.607,2.206,22.974,40.069
2025-05-29T01:00:00-04:00,2025-05-29T02:00:00-04:00,2025-05-29T05:00:00+00:00,2025-05-29T06:00:00+00:00,MOD-00811,60,83.745,14.38,2.632,3.265,8.897,715.833,2.488,21.373,38.613
2025-05-29T02:00:00-04:00,2025-05-29T03:00:00-04:00,2025-05-29T06:00:00+00:00,2025-05-29T07:00:00+00:00,MOD-00811,60,85.445,14.173,2.896,3.798,14.633,693.837,2.817,19.077,35.802
2025-05-29T03:00:00-04:00,2025-05-29T04:00:00-04:00,2025-05-29T07:00:00+00:00,2025-05-29T08:00:00+00:00,MOD-00811,60,85.483,14.03,3.548,4.355,12.128,672.404,2.819,20.254,31.396
2025-05-29T04:00:00-04:00,2025-05-29T05:00:00-04:00,2025-05-29T08:00:00+00:00,2025-05-29T09:00:00+00:00,MOD-00811,60,85.642,14.027,3.892,4.787,13.379,677.105,2.93,23.502,23.799
2025-05-29T05:00:00-04:00,2025-05-29T06:00:00-04:00,2025-05-29T09:00:00+00:00,2025-05-29T10:00:00+00:00,MOD-00811,60,84.953,14.228,3.396,4.038,10.274,682.99,2.793,20.845,26.823
2025-05-29T06:00:00-04:00,2025-05-29T07:00:00-04:00,2025-05-29T10:00:00+00:00,2025-05-29T11:00:00+00:00,MOD-00811,60,82.822,14.923,4.035,4.702,11.297,704.275,2.464,21.51,26.012
2025-05-29T07:00:00-04:00,2025-05-29T08:00:00-04:00,2025-05-29T11:00:00+00:00,2025-05-29T12:00:00+00:00,MOD-00811,60,76.97,16.552,4.788,5.541,11.936,759.565,2.224,17.621,26.776
2025-05-29T08:00:00-04:00,2025-05-29T09:00:00-04:00,2025-05-29T12:00:00+00:00,2025-05-29T13:00:00+00:00,MOD-00811,60,72.943,18.072,3.443,4.294,9.893,690.995,2.089,14.437,34.591
2025-05-29T09:00:00-04:00,2025-05-29T10:00:00-04:00,2025-05-29T13:00:00+00:00,2025-05-29T14:00:00+00:00,MOD-00811,60,64.018,20.012,2.591,3.412,7.255,640.855,2.426,10.508,42.724
2025-05-29T10:00:00-04:00,2025-05-29T11:00:00-04:00,2025-05-29T14:00:00+00:00,2025-05-29T15:00:00+00:00,MOD-00811,60,57.473,21.598,2.069,2.681,5.322,637.001,2.34,5.175,46.258
2025-05-29T11:00:00-04:00,2025-05-29T12:00:00-04:00,2025-05-29T15:00:00+00:00,2025-05-29T16:00:00+00:00,MOD-00811,60,63.105,20.518,2.353,2.881,7.214,632.307,2.407,10.306,45.773
2025-05-29T12:00:00-04:00,2025-05-29T13:00:00-04:00,2025-05-29T16:00:00+00:00,2025-05-29T17:00:00+00:00,MOD-00811,60,70.723,19.675,2.355,2.711,5.461,656.659,1.963,12.377,43.327
2025-05-29T13:00:00-04:00,2025-05-29T14:00:00-04:00,2025-05-29T17:00:00+00:00,2025-05-29T18:00:00+00:00,MOD-00811,60,76.232,18.597,1.825,2.034,4.965,655.613,1.927,21.757,43.52
2025-05-29T14:00:00-04:00,2025-05-29T15:00:00-04:00,2025-05-29T18:00:00+00:00,2025-05-29T19:00:00+00:00,MOD-00811,60,72.697,19.412,2.068,2.294,5.66,659.557,1.865,15.508,42.151
2025-05-29T15:00:00-04:00,2025-05-29T16:00:00-04:00,2025-05-29T19:00:00+00:00,2025-05-29T20:00:00+00:00,MOD-00811,60,62.912,21.722,1.477,1.646,3.926,640.469,2.264,8.081,44.315
2025-05-29T16:00:00-04:00,2025-05-29T17:00:00-04:00,2025-05-29T20:00:00+00:00,2025-05-29T21:00:00+00:00,MOD-00811,60,65.587,20.983,1.682,1.903,5.07,651.723,2.139,11.172,40.81
2025-05-29T17:00:00-04:00,2025-05-29T18:00:00-04:00,2025-05-29T21:00:00+00:00,2025-05-29T22:00:00+00:00,MOD-00811,60,70.947,19.993,1.928,2.283,5.475,661.298,1.809,6.413,41.625
2025-05-29T18:00:00-04:00,2025-05-29T19:00:00-04:00,2025-05-29T22:00:00+00:00,2025-05-29T23:00:00+00:00,MOD-00811,60,72.19,19.572,2.851,3.121,5.818,704.425,1.903,17.653,31.359
2025-05-29T19:00:00-04:00,2025-05-29T20:00:00-04:00,2025-05-29T23:00:00+00:00,2025-05-30T00:00:00+00:00,MOD-00811,60,73.062,19.47,3.264,3.546,5.805,741.182,1.935,19.51,32.631
2025-05-29T20:00:00-04:00,2025-05-29T21:00:00-04:00,2025-05-30T00:00:00+00:00,2025-05-30T01:00:00+00:00,MOD-00811,60,76.072,19.015,3.234,3.555,7.937,774.856,1.97,22.932,33.748
2025-05-29T21:00:00-04:00,2025-05-29T22:00:00-04:00,2025-05-30T01:00:00+00:00,2025-05-30T02:00:00+00:00,MOD-00811,60,78.362,18.738,3.673,4.088,9.253,799.245,1.732,20.271,29.657
2025-05-29T22:00:00-04:00,2025-05-29T23:00:00-04:00,2025-05-30T02:00:00+00:00,2025-05-30T03:00:00+00:00,MOD-00811,60,82.143,17.88,3.558,4.071,9.056,780.054,1.724,21.742,26.816
2025-05-29T23:00:00-04:00,2025-05-30T00:00:00-04:00,2025-05-30T03:00:00+00:00,2025-05-30T04:00:00+00:00,MOD-00811,60,81.973,17.467,2.658,3.211,7.672,714.43,1.778,18.647,28.986
2025-05-30T00:00:00-04:00,2025-05-30T01:00:00-04:00,2025-05-30T04:00:00+00:00,2025-05-30T05:00:00+00:00,MOD-00811,60,82.337,16.948,2.295,2.952,7.126,681.538,1.911,11.014,30.4
2025-05-30T01:00:00-04:00,2025-05-30T02:00:00-04:00,2025-05-30T05:00:00+00:00,2025-05-30T06:00:00+00:00,MOD-00811,60,80.433,16.843,1.93,2.423,7.07,666.199,1.807,12.291,36.463
2025-05-30T02:00:00-04:00,2025-05-30T03:00:00-04:00,2025-05-30T06:00:00+00:00,2025-05-30T07:00:00+00:00,MOD-00811,60,80.698,16.712,2.702,3.278,8.351,674.722,1.823,12.466,37.454
2025-05-30T03:00:00-04:00,2025-05-30T04:00:00-04:00,2025-05-30T07:00:00+00:00,2025-05-30T08:00:00+00:00,MOD-00811,60,81.337,16.868,4.892,5.51,9.827,685.446,1.852,16.439,37.262
2025-05-30T04:00:00-04:00,2025-05-30T05:00:00-04:00,2025-05-30T08:00:00+00:00,2025-05-30T09:00:00+00:00,MOD-00811,60,80.725,17.0,6.943,7.649,11.98,694.534,1.808,14.289,35.745
2025-05-30T05:00:00-04:00,2025-05-30T06:00:00-04:00,2025-05-30T09:00:00+00:00,2025-05-30T10:00:00+00:00,MOD-00811,60,80.565,17.063,8.254,8.951,11.665,709.829,1.784,16.028,33.413
2025-05-30T06:00:00-04:00,2025-05-30T07:00:00-04:00,2025-05-30T10:00:00+00:00,2025-05-30T11:00:00+00:00,MOD-00811,60,78.762,17.478,9.89,10.478,13.179,769.002,1.716,14.005,32.295
2025-05-30T07:00:00-04:00,2025-05-30T08:00:00-04:00,2025-05-30T11:00:00+00:00,2025-05-30T12:00:00+00:00,MOD-00811,60,72.153,19.255,8.393,9.025,12.573,777.275,1.904,12.482,31.915
2025-05-30T08:00:00-04:00,2025-05-30T09:00:00-04:00,2025-05-30T12:00:00+00:00,2025-05-30T13:00:00+00:00,MOD-00811,60,60.832,22.51,7.864,8.425,11.592,762.638,2.328,7.073,34.061
2025-05-30T09:00:00-04:00,2025-05-30T10:00:00-04:00,2025-05-30T13:00:00+00:00,2025-05-30T14:00:00+00:00,MOD-00811,60,56.41,24.75,8.974,9.683,13.667,705.991,2.225,8.044,34.987
2025-05-30T10:00:00-04:00,2025-05-30T11:00:00-04:00,2025-05-30T14:00:00+00:00,2025-05-30T15:00:00+00:00,MOD-00811,60,57.122,24.658,9.439,10.329,14.841,681.119,2.19,6.989,35.97
2025-05-30T11:00:00-04:00,2025-05-30T12:00:00-04:00,2025-05-30T15:00:00+00:00,2025-05-30T16:00:00+00:00,MOD-00811,60,62.155,22.858,8.389,8.952,13.303,694.074,2.409,6.238,39.989
2025-05-30T12:00:00-04:00,2025-05-30T13:00:00-04:00,2025-05-30T16:00:00+00:00,2025-05-30T17:00:00+00:00,MOD-00811,60,62.268,22.867,9.036,9.686,17.125,694.427,2.183,5.499,45.001
2025-05-30T13:00:00-04:00,2025-05-30T14:00:00-04:00,2025-05-30T17:00:00+00:00,2025-05-30T18:00:00+00:00,MOD-00811,60,62.21,23.483,9.168,9.592,15.305,750.477,2.206,9.505,44.493
2025-05-30T14:00:00-04:00,2025-05-30T15:00:00-04:00,2025-05-30T18:00:00+00:00,2025-05-30T19:00:00+00:00,MOD-00811,60,53.755,26.52,7.634,8.095,11.851,732.167,2.214,14.474,45.741
2025-05-30T15:00:00-04:00,2025-05-30T16:00:00-04:00,2025-05-30T19:00:00+00:00,2025-05-30T20:00:00+00:00,MOD-00811,60,57.003,25.313,6.421,6.968,11.281,691.42,2.179,15.907,41.153
2025-05-30T16:00:00-04:00,2025-05-30T17:00:00-04:00,2025-05-30T20:00:00+00:00,2025-05-30T21:00:00+00:00,MOD-00811,60,63.212,23.305,7.19,7.816,13.098,687.983,2.016,11.566,43.903
2025-05-30T17:00:00-04:00,2025-05-30T18:00:00-04:00,2025-05-30T21:00:00+00:00,2025-05-30T22:00:00+00:00,MOD-00811,60,68.818,21.173,7.269,8.192,14.336,696.78,1.714,9.331,41.447
2025-05-30T18:00:00-04:00,2025-05-30T19:00:00-04:00,2025-05-30T22:00:00+00:00,2025-05-30T23:00:00+00:00,MOD-00811,60,71.2,20.287,6.552,7.281,11.448,721.889,1.831,10.603,39.308
2025-05-30T19:00:00-04:00,2025-05-30T20:00:00-04:00,2025-05-30T23:00:00+00:00,2025-05-31T00:00:00+00:00,MOD-00811,60,76.995,17.918,5.554,6.165,11.911,680.919,1.877,23.417,39.332
2025-05-30T20:00:00-04:00,2025-05-30T21:00:00-04:00,2025-05-31T00:00:00+00:00,2025-05-31T01:00:00+00:00,MOD-00811,60,81.172,17.085,4.302,4.695,8.682,689.061,1.794,21.539,42.228
2025-05-30T21:00:00-04:00,2025-05-30T22:00:00-04:00,2025-05-31T01:00:00+00:00,2025-05-31T02:00:00+00:00,MOD-00811,60,82.233,17.132,4.564,4.717,7.059,677.321,1.905,18.49,41.953
2025-05-30T22:00:00-04:00,2025-05-30T23:00:00-04:00,2025-05-31T02:00:00+00:00,2025-05-31T03:00:00+00:00,MOD-00811,60,84.512,16.772,4.112,4.382,27.001,673.563,2.387,11.177,41.715
2025-05-30T23:00:00-04:00,2025-05-31T00:00:00-04:00,2025-05-31T03:00:00+00:00,2025-05-31T04:00:00+00:00,MOD-00811,60,85.877,16.458,4.106,4.382,19.594,673.186,2.749,12.052,40.831
2025-05-31T00:00:00-04:00,2025-05-31T01:00:00-04:00,2025-05-31T04:00:00+00:00,2025-05-31T05:00:00+00:00,MOD-00811,60,86.243,16.33,3.976,4.267,11.101,653.09,2.778,11.762,40.183
2025-05-31T01:00:00-04:00,2025-05-31T02:00:00-04:00,2025-05-31T05:00:00+00:00,2025-05-31T06:00:00+00:00,MOD-00811,60,87.045,16.138,3.008,3.143,6.585,647.942,2.789,11.09,40.768
2025-05-31T02:00:00-04:00,2025-05-31T03:00:00-04:00,2025-05-31T06:00:00+00:00,2025-05-31T07:00:00+00:00,MOD-00811,60,87.5,16.108,2.182,2.286,6.681,646.539,2.844,10.879,42.312
2025-05-31T03:00:00-04:00,2025-05-31T04:00:00-04:00,2025-05-31T07:00:00+00:00,2025-05-31T08:00:00+00:00,MOD-00811,60,87.727,16.2,2.226,2.357,22.315,633.464,2.927,10.722,41.918
2025-05-31T04:00:00-04:00,2025-05-31T05:00:00-04:00,2025-05-31T08:00:00+00:00,2025-05-31T09:00:00+00:00,MOD-00811,60,88.12,16.273,1.37,1.789,15.844,636.959,2.945,10.681,39.27
2025-05-31T05:00:00-04:00,2025-05-31T06:00:00-04:00,2025-05-31T09:00:00+00:00,2025-05-31T10:00:00+00:00,MOD-00811,60,87.945,16.342,1.201,1.353,5.974,647.447,3.015,10.241,33.481
2025-05-31T06:00:00-04:00,2025-05-31T07:00:00-04:00,2025-05-31T10:00:00+00:00,2025-05-31T11:00:00+00:00,MOD-00811,60,87.495,16.572,0.733,0.944,11.358,668.615,2.899,10.592,37.865
2025-05-31T07:00:00-04:00,2025-05-31T08:00:00-04:00,2025-05-31T11:00:00+00:00,2025-05-31T12:00:00+00:00,MOD-00811,60,87.715,16.753,0.605,0.769,7.073,657.462,2.751,10.617,38.879
2025-05-31T08:00:00-04:00,2025-05-31T09:00:00-04:00,2025-05-31T12:00:00+00:00,2025-05-31T13:00:00+00:00,MOD-00811,60,86.973,17.107,2.083,2.594,7.598,653.943,2.69,10.529,41.37
2025-05-31T09:00:00-04:00,2025-05-31T10:00:00-04:00,2025-05-31T13:00:00+00:00,2025-05-31T14:00:00+00:00,MOD-00811,60,69.928,20.095,3.271,5.272,18.841,668.425,2.069,10.009,42.569
2025-05-31T10:00:00-04:00,2025-05-31T11:00:00-04:00,2025-05-31T14:00:00+00:00,2025-05-31T15:00:00+00:00,MOD-00811,60,55.488,22.932,2.315,4.299,18.931,652.863,2.426,7.524,44.461
2025-05-31T11:00:00-04:00,2025-05-31T12:00:00-04:00,2025-05-31T15:00:00+00:00,2025-05-31T16:00:00+00:00,MOD-00811,60,61.28,21.432,2.656,6.261,34.909,648.554,2.451,8.943,45.259
2025-05-31T12:00:00-04:00,2025-05-31T13:00:00-04:00,2025-05-31T16:00:00+00:00,2025-05-31T17:00:00+00:00,MOD-00811,60,66.087,19.938,2.706,5.758,29.892,684.107,2.179,13.596,44.401
2025-05-31T13:00:00-04:00,2025-05-31T14:00:00-04:00,2025-05-31T17:00:00+00:00,2025-05-31T18:00:00+00:00,MOD-00811,60,59.358,21.76,1.76,2.533,16.836,681.731,2.443,7.893,45.848
2025-05-31T14:00:00-04:00,2025-05-31T15:00:00-04:00,2025-05-31T18:00:00+00:00,2025-05-31T19:00:00+00:00,MOD-00811,60,61.597,21.372,1.433,1.966,13.162,669.487,2.348,9.872,42.272
2025-05-31T15:00:00-04:00,2025-05-31T16:00:00-04:00,2025-05-31T19:00:00+00:00,2025-05-31T20:00:00+00:00,MOD-00811,60,73.163,18.542,0.861,1.101,19.95,698.523,2.008,19.589,39.795
2025-05-31T16:00:00-04:00,2025-05-31T17:00:00-04:00,2025-05-31T20:00:00+00:00,2025-05-31T21:00:00+00:00,MOD-00811,60,75.248,17.775,1.577,1.8,19.271,706.142,1.885,18.094,42.08
2025-05-31T17:00:00-04:00,2025-05-31T18:00:00-04:00,2025-05-31T21:00:00+00:00,2025-05-31T22:00:00+00:00,MOD-00811,60,65.007,18.903,2.964,3.193,9.575,692.849,2.556,7.893,43.729
2025-05-31T18:00:00-04:00,2025-05-31T19:00:00-04:00,2025-05-31T22:00:00+00:00,2025-05-31T23:00:00+00:00,MOD-00811,60,65.163,18.268,2.917,3.17,4.922,682.214,2.576,11.356,42.902
2025-05-31T19:00:00-04:00,2025-05-31T20:00:00-04:00,2025-05-31T23:00:00+00:00,2025-06-01T00:00:00+00:00,MOD-00811,60,69.007,17.648,3.243,3.51,6.94,709.296,2.033,8.279,38.877
2025-05-31T20:00:00-04:00,2025-05-31T21:00:00-04:00,2025-06-01T00:00:00+00:00,2025-06-01T01:00:00+00:00,MOD-00811,60,69.377,16.775,2.014,2.285,6.627,735.3,2.074,11.668,33.878
2025-05-31T21:00:00-04:00,2025-05-31T22:00:00-04:00,2025-06-01T01:00:00+00:00,2025-06-01T02:00:00+00:00,MOD-00811,60,70.262,14.687,0.613,0.802,4.454,772.873,2.017,11.208,30.369
2025-05-31T22:00:00-04:00,2025-05-31T23:00:00-04:00,2025-06-01T02:00:00+00:00,2025-06-01T03:00:00+00:00,MOD-00811,60,71.367,13.382,0.381,0.604,3.717,753.151,1.88,10.373,31.198
2025-05-31T23:00:00-04:00,2025-06-01T00:00:00-04:00,2025-06-01T03:00:00+00:00,2025-06-01T04:00:00+00:00,MOD-00811,60,68.78,12.72,0.427,0.591,1.831,727.104,1.913,12.021,33.198
2025-06-01T00:00:00-04:00,2025-06-01T01:00:00-04:00,2025-06-01T04:00:00+00:00,2025-06-01T05:00:00+00:00,MOD-00811,60,69.94,12.117,0.291,0.445,1.658,720.984,1.605,15.687,34.128
2025-06-01T01:00:00-04:00,2025-06-01T02:00:00-04:00,2025-06-01T05:00:00+00:00,2025-06-01T06:00:00+00:00,MOD-00811,60,70.847,11.702,0.37,0.592,1.522,694.249,1.529,16.403,35.165
2025-06-01T02:00:00-04:00,2025-06-01T03:00:00-04:00,2025-06-01T06:00:00+00:00,2025-06-01T07:00:00+00:00,MOD-00811,60,72.618,11.402,0.367,0.579,2.874,687.638,1.496,17.351,35.5
2025-06-01T03:00:00-04:00,2025-06-01T04:00:00-04:00,2025-06-01T07:00:00+00:00,2025-06-01T08:00:00+00:00,MOD-00811,60,72.25,11.343,0.447,0.692,2.714,676.815,1.479,16.031,36.11
2025-06-01T04:00:00-04:00,2025-06-01T05:00:00-04:00,2025-06-01T08:00:00+00:00,2025-06-01T09:00:00+00:00,MOD-00811,60,74.082,10.908,0.532,0.859,3.847,683.213,1.604,17.505,35.108
2025-06-01T05:00:00-04:00,2025-06-01T06:00:00-04:00,2025-06-01T09:00:00+00:00,2025-06-01T10:00:00+00:00,MOD-00811,60,72.565,11.312,0.792,1.079,3.956,688.721,1.528,16.306,34.953
2025-06-01T06:00:00-04:00,2025-06-01T07:00:00-04:00,2025-06-01T10:00:00+00:00,2025-06-01T11:00:00+00:00,MOD-00811,60,69.377,11.937,1.091,1.389,4.273,683.765,1.679,13.792,35.56
2025-06-01T07:00:00-04:00,2025-06-01T08:00:00-04:00,2025-06-01T11:00:00+00:00,2025-06-01T12:00:00+00:00,MOD-00811,60,63.518,13.383,1.301,1.593,4.395,686.969,2.053,11.79,35.488
2025-06-01T08:00:00-04:00,2025-06-01T09:00:00-04:00,2025-06-01T12:00:00+00:00,2025-06-01T13:00:00+00:00,MOD-00811,60,56.007,15.283,1.425,1.639,3.21,684.495,1.737,10.021,36.306
2025-06-01T09:00:00-04:00,2025-06-01T10:00:00-04:00,2025-06-01T13:00:00+00:00,2025-06-01T14:00:00+00:00,MOD-00811,60,46.27,17.27,1.234,1.408,4.885,669.444,2.413,6.793,39.293
2025-06-01T10:00:00-04:00,2025-06-01T11:00:00-04:00,2025-06-01T14:00:00+00:00,2025-06-01T15:00:00+00:00,MOD-00811,60,43.48,18.29,1.518,1.72,3.924,678.561,1.941,5.296,40.787
2025-06-01T11:00:00-04:00,2025-06-01T12:00:00-04:00,2025-06-01T15:00:00+00:00,2025-06-01T16:00:00+00:00,MOD-00811,60,40.718,19.547,1.628,1.815,5.695,673.764,2.126,5.012,41.275
2025-06-01T12:00:00-04:00,2025-06-01T13:00:00-04:00,2025-06-01T16:00:00+00:00,2025-06-01T17:00:00+00:00,MOD-00811,60,40.523,19.148,1.774,1.937,5.425,674.663,2.12,5.902,42.41
2025-06-01T13:00:00-04:00,2025-06-01T14:00:00-04:00,2025-06-01T17:00:00+00:00,2025-06-01T18:00:00+00:00,MOD-00811,60,41.162,18.932,1.454,1.667,4.425,684.027,2.011,7.195,42.542
2025-06-01T14:00:00-04:00,2025-06-01T15:00:00-04:00,2025-06-01T18:00:00+00:00,2025-06-01T19:00:00+00:00,MOD-00811,60,41.243,19.017,1.435,1.611,4.448,685.47,1.994,7.306,42.901
2025-06-01T15:00:00-04:00,2025-06-01T16:00:00-04:00,2025-06-01T19:00:00+00:00,2025-06-01T20:00:00+00:00,MOD-00811,60,36.49,20.625,1.322,1.468,3.306,688.597,2.665,5.625,44.951
2025-06-01T16:00:00-04:00,2025-06-01T17:00:00-04:00,2025-06-01T20:00:00+00:00,2025-06-01T21:00:00+00:00,MOD-00811,60,35.998,20.95,1.14,1.263,3.225,681.272,2.61,6.25,45.922
2025-06-01T17:00:00-04:00,2025-06-01T18:00:00-04:00,2025-06-01T21:00:00+00:00,2025-06-01T22:00:00+00:00,MOD-00811,60,37.317,20.317,1.09,1.221,2.899,690.852,2.581,7.641,47.149
2025-06-01T18:00:00-04:00,2025-06-01T19:00:00-04:00,2025-06-01T22:00:00+00:00,2025-06-01T23:00:00+00:00,MOD-00811,60,42.892,18.395,1.3,1.419,2.467,712.678,2.077,13.882,46.102
2025-06-01T19:00:00-04:00,2025-06-01T20:00:00-04:00,2025-06-01T23:00:00+00:00,2025-06-02T00:00:00+00:00,MOD-00811,60,49.022,17.245,1.171,1.304,3.862,736.695,2.321,20.705,44.375
2025-06-01T20:00:00-04:00,2025-06-01T21:00:00-04:00,2025-06-02T00:00:00+00:00,2025-06-02T01:00:00+00:00,MOD-00811,60,53.565,15.705,1.882,2.026,4.596,796.831,2.003,10.134,40.862
2025-06-01T21:00:00-04:00,2025-06-01T22:00:00-04:00,2025-06-02T01:00:00+00:00,2025-06-02T02:00:00+00:00,MOD-00811,60,62.255,13.945,4.021,4.231,6.588,959.73,2.089,23.143,31.865
2025-06-01T22:00:00-04:00,2025-06-01T23:00:00-04:00,2025-06-02T02:00:00+00:00,2025-06-02T03:00:00+00:00,MOD-00811,60,67.342,13.075,4.497,4.748,7.945,925.3,2.037,25.763,29.445
2025-06-01T23:00:00-04:00,2025-06-02T00:00:00-04:00,2025-06-02T03:00:00+00:00,2025-06-02T04:00:00+00:00,MOD-00811,60,68.857,12.407,5.219,5.435,8.375,856.542,1.806,23.381,30.915
2025-06-02T00:00:00-04:00,2025-06-02T01:00:00-04:00,2025-06-02T04:00:00+00:00,2025-06-02T05:00:00+00:00,MOD-00811,60,69.137,12.157,4.315,4.544,7.584,808.776,1.733,21.713,31.645
2025-06-02T01:00:00-04:00,2025-06-02T02:00:00-04:00,2025-06-02T05:00:00+00:00,2025-06-02T06:00:00+00:00,MOD-00811,60,70.428,11.563,3.59,3.808,5.919,773.734,1.513,20.644,31.999
2025-06-02T02:00:00-04:00,2025-06-02T03:00:00-04:00,2025-06-02T06:00:00+00:00,2025-06-02T07:00:00+00:00,MOD-00811,60,69.998,12.168,2.238,2.433,4.322,791.811,1.621,20.209,32.674
2025-06-02T03:00:00-04:00,2025-06-02T04:00:00-04:00,2025-06-02T07:00:00+00:00,2025-06-02T08:00:00+00:00,MOD-00811,60,71.613,12.5,2.585,2.777,4.405,764.093,1.667,15.843,33.697
2025-06-02T04:00:00-04:00,2025-06-02T05:00:00-04:00,2025-06-02T08:00:00+00:00,2025-06-02T09:00:00+00:00,MOD-00811,60,70.818,12.598,2.344,2.553,6.046,807.75,1.652,20.005,32.55
2025-06-02T05:00:00-04:00,2025-06-02T06:00:00-04:00,2025-06-02T09:00:00+00:00,2025-06-02T10:00:00+00:00,MOD-00811,60,67.155,12.657,1.781,2.044,4.424,820.842,2.031,20.008,33.337
2025-06-02T06:00:00-04:00,2025-06-02T07:00:00-04:00,2025-06-02T10:00:00+00:00,2025-06-02T11:00:00+00:00,MOD-00811,60,60.292,14.067,1.618,1.881,5.053,822.045,1.92,15.304,35.095
2025-06-02T07:00:00-04:00,2025-06-02T08:00:00-04:00,2025-06-02T11:00:00+00:00,2025-06-02T12:00:00+00:00,MOD-00811,60,50.752,16.798,1.637,1.893,5.62,773.449,2.446,9.766,39.471
2025-06-02T08:00:00-04:00,2025-06-02T09:00:00-04:00,2025-06-02T12:00:00+00:00,2025-06-02T13:00:00+00:00,MOD-00811,60,41.63,18.595,1.525,1.699,4.087,703.685,2.079,5.087,43.654
2025-06-02T09:00:00-04:00,2025-06-02T10:00:00-04:00,2025-06-02T13:00:00+00:00,2025-06-02T14:00:00+00:00,MOD-00811,60,38.28,19.925,1.462,1.68,5.637,690.484,2.589,5.3,44.741
2025-06-02T10:00:00-04:00,2025-06-02T11:00:00-04:00,2025-06-02T14:00:00+00:00,2025-06-02T15:00:00+00:00,MOD-00811,60,36.272,22.01,1.668,1.86,5.758,682.065,2.788,5.814,44.721
2025-06-02T11:00:00-04:00,2025-06-02T12:00:00-04:00,2025-06-02T15:00:00+00:00,2025-06-02T16:00:00+00:00,MOD-00811,60,35.078,22.688,1.68,1.866,4.303,673.306,2.88,5.934,46.219
2025-06-02T12:00:00-04:00,2025-06-02T13:00:00-04:00,2025-06-02T16:00:00+00:00,2025-06-02T17:00:00+00:00,MOD-00811,60,34.342,23.098,1.602,1.82,5.798,680.608,2.648,6.355,47.432
2025-06-02T13:00:00-04:00,2025-06-02T14:00:00-04:00,2025-06-02T17:00:00+00:00,2025-06-02T18:00:00+00:00,MOD-00811,60,32.402,24.537,1.364,1.616,5.335,675.738,2.605,7.332,48.151
2025-06-02T14:00:00-04:00,2025-06-02T15:00:00-04:00,2025-06-02T18:00:00+00:00,2025-06-02T19:00:00+00:00,MOD-00811,60,31.212,24.995,1.247,1.454,5.338,689.01,2.499,7.793,48.042
2025-06-02T15:00:00-04:00,2025-06-02T16:00:00-04:00,2025-06-02T19:00:00+00:00,2025-06-02T20:00:00+00:00,MOD-00811,60,30.313,25.097,1.582,1.798,5.097,708.655,2.402,9.169,48.531
2025-06-02T16:00:00-04:00,2025-06-02T17:00:00-04:00,2025-06-02T20:00:00+00:00,2025-06-02T21:00:00+00:00,MOD-00811,60,29.598,25.617,1.68,1.854,3.878,703.539,2.352,9.973,50.31
2025-06-02T17:00:00-04:00,2025-06-02T18:00:00-04:00,2025-06-02T21:00:00+00:00,2025-06-02T22:00:00+00:00,MOD-00811,60,30.228,25.793,1.752,1.912,4.334,700.813,2.33,11.084,50.588
2025-06-02T18:00:00-04:00,2025-06-02T19:00:00-04:00,2025-06-02T22:00:00+00:00,2025-06-02T23:00:00+00:00,MOD-00811,60,37.593,23.84,1.865,2.089,6.02,741.284,2.776,21.282,51.615
2025-06-02T19:00:00-04:00,2025-06-02T20:00:00-04:00,2025-06-02T23:00:00+00:00,2025-06-03T00:00:00+00:00,MOD-00811,60,43.175,21.375,2.006,2.22,5.834,773.576,2.143,22.899,51.325
2025-06-02T20:00:00-04:00,2025-06-02T21:00:00-04:00,2025-06-03T00:00:00+00:00,2025-06-03T01:00:00+00:00,MOD-00811,60,50.998,18.855,2.627,2.921,6.682,769.049,2.377,21.696,51.263
2025-06-02T21:00:00-04:00,2025-06-02T22:00:00-04:00,2025-06-03T01:00:00+00:00,2025-06-03T02:00:00+00:00,MOD-00811,60,55.59,17.625,2.892,3.308,9.107,793.723,2.129,17.606,51.204
2025-06-02T22:00:00-04:00,2025-06-02T23:00:00-04:00,2025-06-03T02:00:00+00:00,2025-06-03T03:00:00+00:00,MOD-00811,60,56.968,17.088,3.361,3.85,9.551,778.31,2.025,22.927,50.921
2025-06-02T23:00:00-04:00,2025-06-03T00:00:00-04:00,2025-06-03T03:00:00+00:00,2025-06-03T04:00:00+00:00,MOD-00811,60,58.247,16.717,4.009,4.451,9.731,769.4,1.83,19.924,49.619
2025-06-03T00:00:00-04:00,2025-06-03T01:00:00-04:00,2025-06-03T04:00:00+00:00,2025-06-03T05:00:00+00:00,MOD-00811,60,60.652,16.203,3.902,4.328,9.328,767.028,2.441,21.424,49.553
2025-06-03T01:00:00-04:00,2025-06-03T02:00:00-04:00,2025-06-03T05:00:00+00:00,2025-06-03T06:00:00+00:00,MOD-00811,60,64.593,15.255,3.867,4.284,10.0,747.114,2.347,21.154,47.994
2025-06-03T02:00:00-04:00,2025-06-03T03:00:00-04:00,2025-06-03T06:00:00+00:00,2025-06-03T07:00:00+00:00,MOD-00811,60,69.048,13.818,3.878,4.287,9.379,756.897,1.965,22.103,45.073
2025-06-03T03:00:00-04:00,2025-06-03T04:00:00-04:00,2025-06-03T07:00:00+00:00,2025-06-03T08:00:00+00:00,MOD-00811,60,73.905,12.853,3.996,4.478,11.86,793.772,1.793,24.115,38.76
2025-06-03T04:00:00-04:00,2025-06-03T05:00:00-04:00,2025-06-03T08:00:00+00:00,2025-06-03T09:00:00+00:00,MOD-00811,60,77.437,12.072,4.575,5.439,22.065,835.665,2.001,29.618,25.194
2025-06-03T05:00:00-04:00,2025-06-03T06:00:00-04:00,2025-06-03T09:00:00+00:00,2025-06-03T10:00:00+00:00,MOD-00811,60,76.477,12.012,4.101,5.018,21.608,915.482,1.931,26.061,29.637
2025-06-03T06:00:00-04:00,2025-06-03T07:00:00-04:00,2025-06-03T10:00:00+00:00,2025-06-03T11:00:00+00:00,MOD-00811,60,63.263,14.687,3.937,5.081,25.141,949.203,2.111,20.864,33.306
2025-06-03T07:00:00-04:00,2025-06-03T08:00:00-04:00,2025-06-03T11:00:00+00:00,2025-06-03T12:00:00+00:00,MOD-00811,60,49.577,18.163,2.322,2.805,9.885,901.591,2.65,8.309,37.123
2025-06-03T08:00:00-04:00,2025-06-03T09:00:00-04:00,2025-06-03T12:00:00+00:00,2025-06-03T13:00:00+00:00,MOD-00811,60,36.323,23.638,3.803,4.309,12.913,859.039,3.401,8.28,36.895
2025-06-03T09:00:00-04:00,2025-06-03T10:00:00-04:00,2025-06-03T13:00:00+00:00,2025-06-03T14:00:00+00:00,MOD-00811,60,26.0,28.225,3.004,3.475,11.665,691.293,3.632,6.783,42.404
2025-06-03T10:00:00-04:00,2025-06-03T11:00:00-04:00,2025-06-03T14:00:00+00:00,2025-06-03T15:00:00+00:00,MOD-00811,60,21.805,30.008,3.071,3.571,12.883,620.212,2.729,5.439,47.536
2025-06-03T11:00:00-04:00,2025-06-03T12:00:00-04:00,2025-06-03T15:00:00+00:00,2025-06-03T16:00:00+00:00,MOD-00811,60,20.502,29.132,2.295,2.899,16.068,640.395,2.593,3.699,52.009
2025-06-03T12:00:00-04:00,2025-06-03T13:00:00-04:00,2025-06-03T16:00:00+00:00,2025-06-03T17:00:00+00:00,MOD-00811,60,20.555,29.247,2.245,2.557,7.894,638.914,2.513,3.663,53.425
2025-06-03T13:00:00-04:00,2025-06-03T14:00:00-04:00,2025-06-03T17:00:00+00:00,2025-06-03T18:00:00+00:00,MOD-00811,60,20.257,29.637,2.331,2.709,8.669,652.779,2.517,3.589,54.963
2025-06-03T14:00:00-04:00,2025-06-03T15:00:00-04:00,2025-06-03T18:00:00+00:00,2025-06-03T19:00:00+00:00,MOD-00811,60,18.528,30.957,2.741,3.066,8.592,662.396,2.606,4.001,57.342
2025-06-03T15:00:00-04:00,2025-06-03T16:00:00-04:00,2025-06-03T19:00:00+00:00,2025-06-03T20:00:00+00:00,MOD-00811,60,22.74,31.615,2.76,3.041,7.438,691.246,2.459,6.325,57.505
2025-06-03T16:00:00-04:00,2025-06-03T17:00:00-04:00,2025-06-03T20:00:00+00:00,2025-06-03T21:00:00+00:00,MOD-00811,60,22.358,30.162,2.639,2.89,6.984,716.077,2.397,6.903,57.19
2025-06-03T17:00:00-04:00,2025-06-03T18:00:00-04:00,2025-06-03T21:00:00+00:00,2025-06-03T22:00:00+00:00,MOD-00811,60,27.763,29.057,2.739,3.041,7.899,749.545,2.183,9.849,55.923
2025-06-03T18:00:00-04:00,2025-06-03T19:00:00-04:00,2025-06-03T22:00:00+00:00,2025-06-03T23:00:00+00:00,MOD-00811,60,36.565,26.32,3.071,3.483,9.111,792.023,2.608,17.818,53.903
2025-06-03T19:00:00-04:00,2025-06-03T20:00:00-04:00,2025-06-03T23:00:00+00:00,2025-06-04T00:00:00+00:00,MOD-00811,60,46.533,23.088,3.809,4.388,12.296,824.942,3.255,11.364,51.801
2025-06-03T20:00:00-04:00,2025-06-03T21:00:00-04:00,2025-06-04T00:00:00+00:00,2025-06-04T01:00:00+00:00,MOD-00811,60,59.958,19.867,5.36,6.005,15.948,830.931,2.477,16.057,48.448
2025-06-03T21:00:00-04:00,2025-06-03T22:00:00-04:00,2025-06-04T01:00:00+00:00,2025-06-04T02:00:00+00:00,MOD-00811,60,64.792,18.04,5.703,6.317,14.453,799.384,2.53,11.922,50.141
2025-06-03T22:00:00-04:00,2025-06-03T23:00:00-04:00,2025-06-04T02:00:00+00:00,2025-06-04T03:00:00+00:00,MOD-00811,60,67.403,17.105,4.763,5.361,15.727,789.274,1.943,10.329,47.337
2025-06-03T23:00:00-04:00,2025-06-04T00:00:00-04:00,2025-06-04T03:00:00+00:00,2025-06-04T04:00:00+00:00,MOD-00811,60,67.467,16.54,4.252,4.792,10.447,768.812,2.161,11.442,45.769
2025-06-04T00:00:00-04:00,2025-06-04T01:00:00-04:00,2025-06-04T04:00:00+00:00,2025-06-04T05:00:00+00:00,MOD-00811,60,58.375,16.32,4.04,4.385,8.497,758.98,2.312,10.363,46.147
2025-06-04T01:00:00-04:00,2025-06-04T02:00:00-04:00,2025-06-04T05:00:00+00:00,2025-06-04T06:00:00+00:00,MOD-00811,60,50.442,16.863,3.211,3.461,7.754,693.848,2.37,5.413,48.449
2025-06-04T02:00:00-04:00,2025-06-04T03:00:00-04:00,2025-06-04T06:00:00+00:00,2025-06-04T07:00:00+00:00,MOD-00811,60,51.155,16.628,3.343,3.594,6.586,689.844,2.302,8.176,48.131
2025-06-04T03:00:00-04:00,2025-06-04T04:00:00-04:00,2025-06-04T07:00:00+00:00,2025-06-04T08:00:00+00:00,MOD-00811,60,54.135,16.022,3.251,3.49,5.771,706.292,2.098,13.559,47.421
2025-06-04T04:00:00-04:00,2025-06-04T05:00:00-04:00,2025-06-04T08:00:00+00:00,2025-06-04T09:00:00+00:00,MOD-00811,60,56.957,15.563,3.407,3.667,7.041,734.568,1.569,8.307,45.592
2025-06-04T05:00:00-04:00,2025-06-04T06:00:00-04:00,2025-06-04T09:00:00+00:00,2025-06-04T10:00:00+00:00,MOD-00811,60,58.087,15.678,3.577,3.851,8.21,750.515,1.53,13.637,45.424
2025-06-04T06:00:00-04:00,2025-06-04T07:00:00-04:00,2025-06-04T10:00:00+00:00,2025-06-04T11:00:00+00:00,MOD-00811,60,57.32,16.665,3.714,3.993,6.965,800.147,1.871,21.525,44.864
2025-06-04T07:00:00-04:00,2025-06-04T08:00:00-04:00,2025-06-04T11:00:00+00:00,2025-06-04T12:00:00+00:00,MOD-00811,60,52.457,19.108,4.203,4.501,8.192,816.508,2.958,21.991,43.966
2025-06-04T08:00:00-04:00,2025-06-04T09:00:00-04:00,2025-06-04T12:00:00+00:00,2025-06-04T13:00:00+00:00,MOD-00811,60,46.62,21.58,4.71,5.166,13.069,850.025,3.925,19.793,44.854
2025-06-04T09:00:00-04:00,2025-06-04T10:00:00-04:00,2025-06-04T13:00:00+00:00,2025-06-04T14:00:00+00:00,MOD-00811,60,42.708,25.707,4.663,5.112,12.485,766.521,4.579,14.257,46.239
2025-06-04T10:00:00-04:00,2025-06-04T11:00:00-04:00,2025-06-04T14:00:00+00:00,2025-06-04T15:00:00+00:00,MOD-00811,60,41.578,27.753,6.467,6.951,12.771,735.112,3.452,10.203,48.689
2025-06-04T11:00:00-04:00,2025-06-04T12:00:00-04:00,2025-06-04T15:00:00+00:00,2025-06-04T16:00:00+00:00,MOD-00811,60,40.233,28.953,8.265,8.759,15.165,733.62,2.964,9.117,53.405
2025-06-04T12:00:00-04:00,2025-06-04T13:00:00-04:00,2025-06-04T16:00:00+00:00,2025-06-04T17:00:00+00:00,MOD-00811,60,41.732,29.178,6.291,6.836,13.733,732.997,3.064,10.905,55.336
2025-06-04T13:00:00-04:00,2025-06-04T14:00:00-04:00,2025-06-04T17:00:00+00:00,2025-06-04T18:00:00+00:00,MOD-00811,60,41.308,29.17,6.446,6.984,13.516,752.412,3.108,10.584,57.797
2025-06-04T14:00:00-04:00,2025-06-04T15:00:00-04:00,2025-06-04T18:00:00+00:00,2025-06-04T19:00:00+00:00,MOD-00811,60,38.757,30.737,6.89,7.505,13.919,750.318,2.27,12.958,57.229
2025-06-04T15:00:00-04:00,2025-06-04T16:00:00-04:00,2025-06-04T19:00:00+00:00,2025-06-04T20:00:00+00:00,MOD-00811,60,44.928,28.5,6.551,7.25,13.872,778.387,3.277,17.48,55.33
2025-06-04T16:00:00-04:00,2025-06-04T17:00:00-04:00,2025-06-04T20:00:00+00:00,2025-06-04T21:00:00+00:00,MOD-00811,60,45.303,28.505,6.951,7.593,15.172,761.158,3.591,12.976,55.457
2025-06-04T17:00:00-04:00,2025-06-04T18:00:00-04:00,2025-06-04T21:00:00+00:00,2025-06-04T22:00:00+00:00,MOD-00811,60,45.492,27.315,6.675,7.238,15.275,763.277,4.028,15.135,53.956
2025-06-04T18:00:00-04:00,2025-06-04T19:00:00-04:00,2025-06-04T22:00:00+00:00,2025-06-04T23:00:00+00:00,MOD-00811,60,46.862,26.618,6.351,6.909,14.601,763.269,3.931,19.43,53.365
2025-06-04T19:00:00-04:00,2025-06-04T20:00:00-04:00,2025-06-04T23:00:00+00:00,2025-06-05T00:00:00+00:00,MOD-00811,60,44.535,25.145,6.763,7.131,13.617,749.969,4.61,16.77,55.728
2025-06-04T20:00:00-04:00,2025-06-04T21:00:00-04:00,2025-06-05T00:00:00+00:00,2025-06-05T01:00:00+00:00,MOD-00811,60,51.018,22.748,6.544,6.958,12.964,746.021,2.762,8.563,55.32
2025-06-04T21:00:00-04:00,2025-06-04T22:00:00-04:00,2025-06-05T01:00:00+00:00,2025-06-05T02:00:00+00:00,MOD-00811,60,58.363,21.018,6.81,7.323,13.715,782.253,2.301,5.315,53.509
2025-06-04T22:00:00-04:00,2025-06-04T23:00:00-04:00,2025-06-05T02:00:00+00:00,2025-06-05T03:00:00+00:00,MOD-00811,60,62.912,19.928,7.999,8.514,13.694,774.644,2.575,8.259,51.746
2025-06-04T23:00:00-04:00,2025-06-05T00:00:00-04:00,2025-06-05T03:00:00+00:00,2025-06-05T04:00:00+00:00,MOD-00811,60,65.05,19.318,8.797,9.331,14.224,758.722,2.531,10.959,51.362
2025-06-05T00:00:00-04:00,2025-06-05T01:00:00-04:00,2025-06-05T04:00:00+00:00,2025-06-05T05:00:00+00:00,MOD-00811,60,67.617,18.815,8.753,9.315,14.723,736.549,1.977,7.796,51.646
2025-06-05T01:00:00-04:00,2025-06-05T02:00:00-04:00,2025-06-05T05:00:00+00:00,2025-06-05T06:00:00+00:00,MOD-00811,60,69.788,18.472,8.843,9.557,15.771,726.405,1.832,6.676,50.875
2025-06-05T02:00:00-04:00,2025-06-05T03:00:00-04:00,2025-06-05T06:00:00+00:00,2025-06-05T07:00:00+00:00,MOD-00811,60,73.842,17.873,8.523,9.38,16.255,717.996,2.0,18.805,48.17
2025-06-05T03:00:00-04:00,2025-06-05T04:00:00-04:00,2025-06-05T07:00:00+00:00,2025-06-05T08:00:00+00:00,MOD-00811,60,78.112,17.308,8.435,9.459,16.503,713.184,1.79,21.127,45.36
2025-06-05T04:00:00-04:00,2025-06-05T05:00:00-04:00,2025-06-05T08:00:00+00:00,2025-06-05T09:00:00+00:00,MOD-00811,60,81.488,16.985,7.845,9.311,21.258,708.747,1.854,21.594,43.343
2025-06-05T05:00:00-04:00,2025-06-05T06:00:00-04:00,2025-06-05T09:00:00+00:00,2025-06-05T10:00:00+00:00,MOD-00811,60,82.492,17.01,8.074,9.748,22.418,752.335,1.95,16.522,39.818
2025-06-05T06:00:00-04:00,2025-06-05T07:00:00-04:00,2025-06-05T10:00:00+00:00,2025-06-05T11:00:00+00:00,MOD-00811,60,70.663,20.14,9.514,10.827,20.568,828.727,1.949,11.481,36.966
2025-06-05T07:00:00-04:00,2025-06-05T08:00:00-04:00,2025-06-05T11:00:00+00:00,2025-06-05T12:00:00+00:00,MOD-00811,60,56.612,24.89,10.913,12.143,22.877,855.615,2.287,13.417,35.077
2025-06-05T08:00:00-04:00,2025-06-05T09:00:00-04:00,2025-06-05T12:00:00+00:00,2025-06-05T13:00:00+00:00,MOD-00811,60,51.858,27.623,10.657,11.907,19.253,755.989,2.674,12.477,37.468
2025-06-05T09:00:00-04:00,2025-06-05T10:00:00-04:00,2025-06-05T13:00:00+00:00,2025-06-05T14:00:00+00:00,MOD-00811,60,45.328,30.878,13.971,14.936,22.873,769.34,3.581,11.715,43.35
2025-06-05T10:00:00-04:00,2025-06-05T11:00:00-04:00,2025-06-05T14:00:00+00:00,2025-06-05T15:00:00+00:00,MOD-00811,60,41.768,33.03,16.496,17.32,25.33,751.408,3.993,8.004,50.975
2025-06-05T11:00:00-04:00,2025-06-05T12:00:00-04:00,2025-06-05T15:00:00+00:00,2025-06-05T16:00:00+00:00,MOD-00811,60,42.807,33.008,18.616,19.364,26.17,791.657,3.006,15.848,58.39
2025-06-05T12:00:00-04:00,2025-06-05T13:00:00-04:00,2025-06-05T16:00:00+00:00,2025-06-05T17:00:00+00:00,MOD-00811,60,40.463,34.667,20.069,20.773,27.488,797.834,3.69,17.585,59.847
2025-06-05T13:00:00-04:00,2025-06-05T14:00:00-04:00,2025-06-05T17:00:00+00:00,2025-06-05T18:00:00+00:00,MOD-00811,60,39.983,35.508,19.713,20.588,28.71,823.7,3.386,18.985,60.63
2025-06-05T14:00:00-04:00,2025-06-05T15:00:00-04:00,2025-06-05T18:00:00+00:00,2025-06-05T19:00:00+00:00,MOD-00811,60,44.045,34.193,19.736,20.615,29.776,912.062,3.029,23.206,61.091
2025-06-05T15:00:00-04:00,2025-06-05T16:00:00-04:00,2025-06-05T19:00:00+00:00,2025-06-05T20:00:00+00:00,MOD-00811,60,42.745,34.567,20.079,20.887,28.424,921.215,3.35,21.74,61.966
2025-06-05T16:00:00-04:00,2025-06-05T17:00:00-04:00,2025-06-05T20:00:00+00:00,2025-06-05T21:00:00+00:00,MOD-00811,60,43.45,34.437,21.265,22.177,30.977,933.074,3.183,22.596,61.633
2025-06-05T17:00:00-04:00,2025-06-05T18:00:00-04:00,2025-06-05T21:00:00+00:00,2025-06-05T22:00:00+00:00,MOD-00811,60,47.157,32.773,20.717,21.728,32.225,970.108,2.933,22.184,60.309
2025-06-05T18:00:00-04:00,2025-06-05T19:00:00-04:00,2025-06-05T22:00:00+00:00,2025-06-05T23:00:00+00:00,MOD-00811,60,47.737,32.095,18.766,19.521,28.227,945.51,2.726,15.13,60.842
2025-06-05T19:00:00-04:00,2025-06-05T20:00:00-04:00,2025-06-05T23:00:00+00:00,2025-06-06T00:00:00+00:00,MOD-00811,60,47.173,32.148,18.985,19.63,27.478,898.027,2.806,16.811,63.298
2025-06-05T20:00:00-04:00,2025-06-05T21:00:00-04:00,2025-06-06T00:00:00+00:00,2025-06-06T01:00:00+00:00,MOD-00811,60,51.767,29.593,17.62,18.231,25.406,917.342,2.425,14.373,65.917
2025-06-05T21:00:00-04:00,2025-06-05T22:00:00-04:00,2025-06-06T01:00:00+00:00,2025-06-06T02:00:00+00:00,MOD-00811,60,57.37,27.727,20.173,20.807,27.835,926.53,1.728,14.582,62.91
2025-06-05T22:00:00-04:00,2025-06-05T23:00:00-04:00,2025-06-06T02:00:00+00:00,2025-06-06T03:00:00+00:00,MOD-00811,60,59.312,26.54,19.633,20.213,26.087,903.885,1.729,11.75,57.217
2025-06-05T23:00:00-04:00,2025-06-06T00:00:00-04:00,2025-06-06T03:00:00+00:00,2025-06-06T04:00:00+00:00,MOD-00811,60,65.79,25.057,19.076,19.762,26.074,870.022,1.807,21.144,48.87
2025-06-06T00:00:00-04:00,2025-06-06T01:00:00-04:00,2025-06-06T04:00:00+00:00,2025-06-06T05:00:00+00:00,MOD-00811,60,71.693,23.325,17.913,18.688,24.55,830.428,1.897,12.774,46.737
2025-06-06T01:00:00-04:00,2025-06-06T02:00:00-04:00,2025-06-06T05:00:00+00:00,2025-06-06T06:00:00+00:00,MOD-00811,60,72.575,22.868,16.814,17.602,22.694,812.711,1.862,11.986,45.457
2025-06-06T02:00:00-04:00,2025-06-06T03:00:00-04:00,2025-06-06T06:00:00+00:00,2025-06-06T07:00:00+00:00,MOD-00811,60,72.815,22.927,16.015,16.876,24.257,798.838,1.862,12.958,41.505
2025-06-06T03:00:00-04:00,2025-06-06T04:00:00-04:00,2025-06-06T07:00:00+00:00,2025-06-06T08:00:00+00:00,MOD-00811,60,77.195,21.93,14.397,15.336,23.572,776.925,1.743,19.077,40.089
2025-06-06T04:00:00-04:00,2025-06-06T05:00:00-04:00,2025-06-06T08:00:00+00:00,2025-06-06T09:00:00+00:00,MOD-00811,60,78.158,21.502,15.722,16.813,25.844,777.55,1.691,19.595,30.978
2025-06-06T05:00:00-04:00,2025-06-06T06:00:00-04:00,2025-06-06T09:00:00+00:00,2025-06-06T10:00:00+00:00,MOD-00811,60,78.822,21.267,16.161,17.357,29.016,873.185,1.579,15.794,23.796
2025-06-06T06:00:00-04:00,2025-06-06T07:00:00-04:00,2025-06-06T10:00:00+00:00,2025-06-06T11:00:00+00:00,MOD-00811,60,71.642,23.153,20.247,21.32,34.885,937.409,1.872,15.031,23.235
2025-06-06T07:00:00-04:00,2025-06-06T08:00:00-04:00,2025-06-06T11:00:00+00:00,2025-06-06T12:00:00+00:00,MOD-00811,60,60.19,26.207,23.901,24.582,33.353,870.902,2.132,14.065,36.644
2025-06-06T08:00:00-04:00,2025-06-06T09:00:00-04:00,2025-06-06T12:00:00+00:00,2025-06-06T13:00:00+00:00,MOD-00811,60,53.072,28.603,24.905,25.631,40.09,788.759,2.431,9.371,42.314
2025-06-06T09:00:00-04:00,2025-06-06T10:00:00-04:00,2025-06-06T13:00:00+00:00,2025-06-06T14:00:00+00:00,MOD-00811,60,48.942,29.81,22.279,22.766,29.532,727.84,3.611,10.922,45.337
2025-06-06T10:00:00-04:00,2025-06-06T11:00:00-04:00,2025-06-06T14:00:00+00:00,2025-06-06T15:00:00+00:00,MOD-00811,60,43.752,31.393,18.426,18.908,26.146,706.162,3.449,10.372,48.33
2025-06-06T11:00:00-04:00,2025-06-06T12:00:00-04:00,2025-06-06T15:00:00+00:00,2025-06-06T16:00:00+00:00,MOD-00811,60,38.525,34.473,20.967,21.55,29.415,708.3,3.293,10.193,51.932
2025-06-06T12:00:00-04:00,2025-06-06T13:00:00-04:00,2025-06-06T16:00:00+00:00,2025-06-06T17:00:00+00:00,MOD-00811,60,36.377,36.545,23.42,23.924,28.841,746.531,2.354,9.626,54.596
2025-06-06T13:00:00-04:00,2025-06-06T14:00:00-04:00,2025-06-06T17:00:00+00:00,2025-06-06T18:00:00+00:00,MOD-00811,60,40.438,35.133,23.377,24.067,31.265,827.194,3.084,20.267,58.726
2025-06-06T14:00:00-04:00,2025-06-06T15:00:00-04:00,2025-06-06T18:00:00+00:00,2025-06-06T19:00:00+00:00,MOD-00811,60,46.147,32.215,19.618,20.808,28.358,840.659,2.776,20.688,59.008
2025-06-06T15:00:00-04:00,2025-06-06T16:00:00-04:00,2025-06-06T19:00:00+00:00,2025-06-06T20:00:00+00:00,MOD-00811,60,52.182,30.077,17.42,18.672,27.659,847.044,2.464,7.466,60.075
2025-06-06T16:00:00-04:00,2025-06-06T17:00:00-04:00,2025-06-06T20:00:00+00:00,2025-06-06T21:00:00+00:00,MOD-00811,60,52.815,29.42,11.309,12.162,20.418,774.908,2.48,8.492,52.905
2025-06-06T17:00:00-04:00,2025-06-06T18:00:00-04:00,2025-06-06T21:00:00+00:00,2025-06-06T22:00:00+00:00,MOD-00811,60,49.065,30.342,14.072,14.74,21.71,781.364,2.714,10.516,53.707
2025-06-06T18:00:00-04:00,2025-06-06T19:00:00-04:00,2025-06-06T22:00:00+00:00,2025-06-06T23:00:00+00:00,MOD-00811,60,62.16,26.453,8.666,9.596,17.873,757.639,1.961,20.031,42.899
2025-06-06T19:00:00-04:00,2025-06-06T20:00:00-04:00,2025-06-06T23:00:00+00:00,2025-06-07T00:00:00+00:00,MOD-00811,60,67.135,24.91,10.838,11.917,21.453,827.755,1.811,16.623,47.795
2025-06-06T20:00:00-04:00,2025-06-06T21:00:00-04:00,2025-06-07T00:00:00+00:00,2025-06-07T01:00:00+00:00,MOD-00811,60,68.513,24.533,10.747,11.74,21.595,814.211,1.863,23.425,43.636
2025-06-06T21:00:00-04:00,2025-06-06T22:00:00-04:00,2025-06-07T01:00:00+00:00,2025-06-07T02:00:00+00:00,MOD-00811,60,74.81,22.523,6.47,7.126,11.216,718.675,1.823,14.841,38.352
2025-06-06T22:00:00-04:00,2025-06-06T23:00:00-04:00,2025-06-07T02:00:00+00:00,2025-06-07T03:00:00+00:00,MOD-00811,60,81.707,20.86,6.068,6.703,10.414,712.2,1.579,7.908,36.137
2025-06-06T23:00:00-04:00,2025-06-07T00:00:00-04:00,2025-06-07T03:00:00+00:00,2025-06-07T04:00:00+00:00,MOD-00811,60,82.438,20.887,6.666,7.548,12.028,705.716,1.52,6.673,33.567
2025-06-07T00:00:00-04:00,2025-06-07T01:00:00-04:00,2025-06-07T04:00:00+00:00,2025-06-07T05:00:00+00:00,MOD-00811,60,83.032,20.458,6.514,7.208,12.449,678.553,1.648,5.628,34.599
2025-06-07T01:00:00-04:00,2025-06-07T02:00:00-04:00,2025-06-07T05:00:00+00:00,2025-06-07T06:00:00+00:00,MOD-00811,60,83.78,20.257,5.867,6.408,20.564,663.135,1.727,5.651,34.781
2025-06-07T02:00:00-04:00,2025-06-07T03:00:00-04:00,2025-06-07T06:00:00+00:00,2025-06-07T07:00:00+00:00,MOD-00811,60,86.27,19.848,5.473,6.202,130.191,659.462,2.004,10.168,33.628
2025-06-07T03:00:00-04:00,2025-06-07T04:00:00-04:00,2025-06-07T07:00:00+00:00,2025-06-07T08:00:00+00:00,MOD-00811,60,87.365,19.993,5.554,6.328,41.545,673.38,2.148,10.087,30.783
2025-06-07T04:00:00-04:00,2025-06-07T05:00:00-04:00,2025-06-07T08:00:00+00:00,2025-06-07T09:00:00+00:00,MOD-00811,60,85.727,20.337,4.813,5.958,13.054,654.676,1.981,4.965,30.438
2025-06-07T05:00:00-04:00,2025-06-07T06:00:00-04:00,2025-06-07T09:00:00+00:00,2025-06-07T10:00:00+00:00,MOD-00811,60,84.982,20.462,4.537,5.319,12.668,666.396,1.896,3.418,29.859
2025-06-07T06:00:00-04:00,2025-06-07T07:00:00-04:00,2025-06-07T10:00:00+00:00,2025-06-07T11:00:00+00:00,MOD-00811,60,83.993,20.593,4.875,5.374,30.537,657.011,1.722,2.451,31.141
2025-06-07T07:00:00-04:00,2025-06-07T08:00:00-04:00,2025-06-07T11:00:00+00:00,2025-06-07T12:00:00+00:00,MOD-00811,60,82.912,20.943,4.936,5.407,17.163,681.18,1.695,6.54,29.565
2025-06-07T08:00:00-04:00,2025-06-07T09:00:00-04:00,2025-06-07T12:00:00+00:00,2025-06-07T13:00:00+00:00,MOD-00811,60,78.642,21.883,5.43,6.048,11.792,664.695,1.662,9.159,31.499
2025-06-07T09:00:00-04:00,2025-06-07T10:00:00-04:00,2025-06-07T13:00:00+00:00,2025-06-07T14:00:00+00:00,MOD-00811,60,76.1,22.378,5.56,6.631,23.239,660.083,1.725,16.455,34.347
2025-06-07T10:00:00-04:00,2025-06-07T11:00:00-04:00,2025-06-07T14:00:00+00:00,2025-06-07T15:00:00+00:00,MOD-00811,60,74.397,22.937,6.33,7.943,15.186,653.644,1.804,12.086,34.485
2025-06-07T11:00:00-04:00,2025-06-07T12:00:00-04:00,2025-06-07T15:00:00+00:00,2025-06-07T16:00:00+00:00,MOD-00811,60,66.648,25.237,5.858,7.588,11.304,653.925,1.886,13.689,35.846
2025-06-07T12:00:00-04:00,2025-06-07T13:00:00-04:00,2025-06-07T16:00:00+00:00,2025-06-07T17:00:00+00:00,MOD-00811,60,68.83,24.542,5.422,6.97,10.908,653.829,1.911,16.072,37.879
2025-06-07T13:00:00-04:00,2025-06-07T14:00:00-04:00,2025-06-07T17:00:00+00:00,2025-06-07T18:00:00+00:00,MOD-00811,60,60.282,26.955,5.527,6.217,7.332,655.252,1.902,10.54,38.725
2025-06-07T14:00:00-04:00,2025-06-07T15:00:00-04:00,2025-06-07T18:00:00+00:00,2025-06-07T19:00:00+00:00,MOD-00811,60,61.465,27.018,4.01,4.615,5.549,624.458,1.884,9.972,39.364
2025-06-07T15:00:00-04:00,2025-06-07T16:00:00-04:00,2025-06-07T19:00:00+00:00,2025-06-07T20:00:00+00:00,MOD-00811,60,66.572,25.395,1.93,2.127,3.417,659.043,1.797,16.908,39.374
2025-06-07T16:00:00-04:00,2025-06-07T17:00:00-04:00,2025-06-07T20:00:00+00:00,2025-06-07T21:00:00+00:00,MOD-00811,60,76.648,22.608,4.892,5.5,8.908,764.334,1.724,14.502,44.129
2025-06-07T17:00:00-04:00,2025-06-07T18:00:00-04:00,2025-06-07T21:00:00+00:00,2025-06-07T22:00:00+00:00,MOD-00811,60,83.378,21.052,3.135,3.649,10.603,835.844,1.674,6.937,38.268
2025-06-07T18:00:00-04:00,2025-06-07T19:00:00-04:00,2025-06-07T22:00:00+00:00,2025-06-07T23:00:00+00:00,MOD-00811,60,84.733,20.458,1.697,2.054,9.409,776.236,1.81,9.499,33.212
2025-06-07T19:00:00-04:00,2025-06-07T20:00:00-04:00,2025-06-07T23:00:00+00:00,2025-06-08T00:00:00+00:00,MOD-00811,60,80.135,20.32,3.386,3.544,7.025,762.207,1.603,10.343,41.06
2025-06-07T20:00:00-04:00,2025-06-07T21:00:00-04:00,2025-06-08T00:00:00+00:00,2025-06-08T01:00:00+00:00,MOD-00811,60,78.713,19.682,4.436,4.654,8.498,775.568,1.718,13.216,42.3
2025-06-07T21:00:00-04:00,2025-06-07T22:00:00-04:00,2025-06-08T01:00:00+00:00,2025-06-08T02:00:00+00:00,MOD-00811,60,78.783,19.645,5.546,5.96,10.417,792.713,1.72,10.1,42.083
2025-06-07T22:00:00-04:00,2025-06-07T23:00:00-04:00,2025-06-08T02:00:00+00:00,2025-06-08T03:00:00+00:00,MOD-00811,60,78.738,19.472,9.628,10.194,16.427,813.699,1.719,10.157,41.042
2025-06-07T23:00:00-04:00,2025-06-08T00:00:00-04:00,2025-06-08T03:00:00+00:00,2025-06-08T04:00:00+00:00,MOD-00811,60,80.455,18.837,11.97,12.616,20.999,824.075,1.694,17.338,39.553
2025-06-08T00:00:00-04:00,2025-06-08T01:00:00-04:00,2025-06-08T04:00:00+00:00,2025-06-08T05:00:00+00:00,MOD-00811,60,82.667,18.247,10.323,11.106,18.113,855.906,1.762,16.768,36.612
2025-06-08T01:00:00-04:00,2025-06-08T02:00:00-04:00,2025-06-08T05:00:00+00:00,2025-06-08T06:00:00+00:00,MOD-00811,60,83.572,17.863,9.239,10.213,16.532,900.73,1.88,13.011,32.118
2025-06-08T02:00:00-04:00,2025-06-08T03:00:00-04:00,2025-06-08T06:00:00+00:00,2025-06-08T07:00:00+00:00,MOD-00811,60,84.52,17.365,7.74,8.768,14.049,920.4,2.104,12.506,32.047
2025-06-08T03:00:00-04:00,2025-06-08T04:00:00-04:00,2025-06-08T07:00:00+00:00,2025-06-08T08:00:00+00:00,MOD-00811,60,84.577,17.043,6.694,7.773,13.602,901.129,2.311,11.451,31.097
2025-06-08T04:00:00-04:00,2025-06-08T05:00:00-04:00,2025-06-08T08:00:00+00:00,2025-06-08T09:00:00+00:00,MOD-00811,60,85.458,16.663,8.915,10.092,15.174,890.159,2.674,10.298,27.305
2025-06-08T05:00:00-04:00,2025-06-08T06:00:00-04:00,2025-06-08T09:00:00+00:00,2025-06-08T10:00:00+00:00,MOD-00811,60,85.573,16.44,7.619,8.789,13.543,916.574,2.708,10.152,26.745
2025-06-08T06:00:00-04:00,2025-06-08T07:00:00-04:00,2025-06-08T10:00:00+00:00,2025-06-08T11:00:00+00:00,MOD-00811,60,81.033,17.49,10.4,11.439,15.429,894.248,1.859,13.39,28.096
2025-06-08T07:00:00-04:00,2025-06-08T08:00:00-04:00,2025-06-08T11:00:00+00:00,2025-06-08T12:00:00+00:00,MOD-00811,60,75.723,19.085,15.987,16.966,21.291,827.074,1.884,13.515,27.226
2025-06-08T08:00:00-04:00,2025-06-08T09:00:00-04:00,2025-06-08T12:00:00+00:00,2025-06-08T13:00:00+00:00,MOD-00811,60,69.945,20.695,20.954,21.843,25.988,824.055,1.761,9.191,31.843
2025-06-08T09:00:00-04:00,2025-06-08T10:00:00-04:00,2025-06-08T13:00:00+00:00,2025-06-08T14:00:00+00:00,MOD-00811,60,64.59,22.162,20.945,21.495,24.395,797.011,2.087,5.507,39.185
2025-06-08T10:00:00-04:00,2025-06-08T11:00:00-04:00,2025-06-08T14:00:00+00:00,2025-06-08T15:00:00+00:00,MOD-00811,60,61.142,22.847,21.951,22.358,25.291,794.281,2.269,8.13,41.353
2025-06-08T11:00:00-04:00,2025-06-08T12:00:00-04:00,2025-06-08T15:00:00+00:00,2025-06-08T16:00:00+00:00,MOD-00811,60,56.265,24.665,22.57,22.956,25.599,767.701,2.328,7.75,41.252
2025-06-08T12:00:00-04:00,2025-06-08T13:00:00-04:00,2025-06-08T16:00:00+00:00,2025-06-08T17:00:00+00:00,MOD-00811,60,54.75,25.435,18.037,18.364,20.262,732.102,2.424,9.102,42.94
2025-06-08T13:00:00-04:00,2025-06-08T14:00:00-04:00,2025-06-08T17:00:00+00:00,2025-06-08T18:00:00+00:00,MOD-00811,60,52.868,25.883,18.449,18.787,20.793,752.073,2.592,10.202,42.662
2025-06-08T14:00:00-04:00,2025-06-08T15:00:00-04:00,2025-06-08T18:00:00+00:00,2025-06-08T19:00:00+00:00,MOD-00811,60,49.823,26.628,17.648,17.954,19.926,745.591,2.762,6.306,44.3
2025-06-08T15:00:00-04:00,2025-06-08T16:00:00-04:00,2025-06-08T19:00:00+00:00,2025-06-08T20:00:00+00:00,MOD-00811,60,49.593,26.417,17.443,17.791,19.737,756.138,3.19,6.033,45.236
2025-06-08T16:00:00-04:00,2025-06-08T17:00:00-04:00,2025-06-08T20:00:00+00:00,2025-06-08T21:00:00+00:00,MOD-00811,60,48.535,26.7,17.837,18.166,19.698,759.145,3.423,7.29,46.684
2025-06-08T17:00:00-04:00,2025-06-08T18:00:00-04:00,2025-06-08T21:00:00+00:00,2025-06-08T22:00:00+00:00,MOD-00811,60,51.673,25.652,18.58,18.912,20.345,782.372,2.811,8.182,46.818
2025-06-08T18:00:00-04:00,2025-06-08T19:00:00-04:00,2025-06-08T22:00:00+00:00,2025-06-08T23:00:00+00:00,MOD-00811,60,55.347,24.063,21.386,21.689,22.918,822.391,2.327,10.83,47.756
2025-06-08T19:00:00-04:00,2025-06-08T20:00:00-04:00,2025-06-08T23:00:00+00:00,2025-06-09T00:00:00+00:00,MOD-00811,60,61.398,21.975,27.023,27.414,29.559,863.376,2.389,9.264,46.195
2025-06-08T20:00:00-04:00,2025-06-08T21:00:00-04:00,2025-06-09T00:00:00+00:00,2025-06-09T01:00:00+00:00,MOD-00811,60,68.19,19.447,29.915,30.359,33.048,901.841,1.884,11.372,46.927
2025-06-08T21:00:00-04:00,2025-06-08T22:00:00-04:00,2025-06-09T01:00:00+00:00,2025-06-09T02:00:00+00:00,MOD-00811,60,71.827,18.103,31.856,32.336,35.083,938.134,2.035,10.763,48.531
2025-06-08T22:00:00-04:00,2025-06-08T23:00:00-04:00,2025-06-09T02:00:00+00:00,2025-06-09T03:00:00+00:00,MOD-00811,60,72.493,17.67,29.649,30.075,33.439,942.215,2.042,11.016,47.341
2025-06-08T23:00:00-04:00,2025-06-09T00:00:00-04:00,2025-06-09T03:00:00+00:00,2025-06-09T04:00:00+00:00,MOD-00811,60,73.262,17.212,29.853,30.328,33.733,924.084,1.948,11.621,42.53
2025-06-09T00:00:00-04:00,2025-06-09T01:00:00-04:00,2025-06-09T04:00:00+00:00,2025-06-09T05:00:00+00:00,MOD-00811,60,74.567,16.58,28.164,28.71,32.258,900.417,1.94,17.61,41.289
2025-06-09T01:00:00-04:00,2025-06-09T02:00:00-04:00,2025-06-09T05:00:00+00:00,2025-06-09T06:00:00+00:00,MOD-00811,60,73.635,16.4,28.435,29.318,34.34,877.355,1.907,16.087,40.108
2025-06-09T02:00:00-04:00,2025-06-09T03:00:00-04:00,2025-06-09T06:00:00+00:00,2025-06-09T07:00:00+00:00,MOD-00811,60,72.243,16.323,27.369,28.028,31.987,852.939,1.873,14.183,39.506
2025-06-09T03:00:00-04:00,2025-06-09T04:00:00-04:00,2025-06-09T07:00:00+00:00,2025-06-09T08:00:00+00:00,MOD-00811,60,72.42,16.148,27.1,27.91,32.053,836.061,1.897,13.252,37.789
2025-06-09T04:00:00-04:00,2025-06-09T05:00:00-04:00,2025-06-09T08:00:00+00:00,2025-06-09T09:00:00+00:00,MOD-00811,60,74.387,16.0,24.632,25.275,29.891,833.17,1.909,14.018,40.547
2025-06-09T05:00:00-04:00,2025-06-09T06:00:00-04:00,2025-06-09T09:00:00+00:00,2025-06-09T10:00:00+00:00,MOD-00811,60,76.395,15.977,24.08,25.027,30.793,846.6,1.801,21.98,34.388
2025-06-09T06:00:00-04:00,2025-06-09T07:00:00-04:00,2025-06-09T10:00:00+00:00,2025-06-09T11:00:00+00:00,MOD-00811,60,76.61,16.208,22.725,23.885,32.074,858.636,1.824,25.609,31.666
2025-06-09T07:00:00-04:00,2025-06-09T08:00:00-04:00,2025-06-09T11:00:00+00:00,2025-06-09T12:00:00+00:00,MOD-00811,60,74.688,16.968,21.674,22.561,29.585,889.468,1.936,13.01,38.403
2025-06-09T08:00:00-04:00,2025-06-09T09:00:00-04:00,2025-06-09T12:00:00+00:00,2025-06-09T13:00:00+00:00,MOD-00811,60,70.46,18.163,20.175,20.845,25.255,879.981,2.112,9.871,39.468
2025-06-09T09:00:00-04:00,2025-06-09T10:00:00-04:00,2025-06-09T13:00:00+00:00,2025-06-09T14:00:00+00:00,MOD-00811,60,60.513,21.105,19.315,19.85,23.062,868.025,2.694,9.008,42.137
2025-06-09T10:00:00-04:00,2025-06-09T11:00:00-04:00,2025-06-09T14:00:00+00:00,2025-06-09T15:00:00+00:00,MOD-00811,60,55.847,23.065,18.683,19.263,22.976,826.301,2.44,8.914,46.675
2025-06-09T11:00:00-04:00,2025-06-09T12:00:00-04:00,2025-06-09T15:00:00+00:00,2025-06-09T16:00:00+00:00,MOD-00811,60,51.387,25.003,18.383,18.892,22.781,823.618,2.796,7.417,47.932
2025-06-09T12:00:00-04:00,2025-06-09T13:00:00-04:00,2025-06-09T16:00:00+00:00,2025-06-09T17:00:00+00:00,MOD-00811,60,46.615,27.297,8.707,9.059,11.83,744.459,4.479,9.761,49.708
2025-06-09T13:00:00-04:00,2025-06-09T14:00:00-04:00,2025-06-09T17:00:00+00:00,2025-06-09T18:00:00+00:00,MOD-00811,60,54.052,25.388,6.927,7.2,10.265,730.002,2.599,11.32,48.618
2025-06-09T14:00:00-04:00,2025-06-09T15:00:00-04:00,2025-06-09T18:00:00+00:00,2025-06-09T19:00:00+00:00,MOD-00811,60,62.465,23.075,8.66,9.1,11.877,772.228,2.177,8.864,46.782
2025-06-09T15:00:00-04:00,2025-06-09T16:00:00-04:00,2025-06-09T19:00:00+00:00,2025-06-09T20:00:00+00:00,MOD-00811,60,66.762,21.78,15.933,17.091,22.446,825.934,1.738,9.421,44.012
2025-06-09T16:00:00-04:00,2025-06-09T17:00:00-04:00,2025-06-09T20:00:00+00:00,2025-06-09T21:00:00+00:00,MOD-00811,60,72.825,20.17,19.767,22.405,40.457,847.88,1.873,19.976,38.758
2025-06-09T17:00:00-04:00,2025-06-09T18:00:00-04:00,2025-06-09T21:00:00+00:00,2025-06-09T22:00:00+00:00,MOD-00811,60,77.87,19.093,17.584,19.973,41.84,855.704,1.83,26.113,36.793
2025-06-09T18:00:00-04:00,2025-06-09T19:00:00-04:00,2025-06-09T22:00:00+00:00,2025-06-09T23:00:00+00:00,MOD-00811,60,81.825,18.525,13.328,16.043,35.236,833.993,1.759,26.396,33.377
2025-06-09T19:00:00-04:00,2025-06-09T20:00:00-04:00,2025-06-09T23:00:00+00:00,2025-06-10T00:00:00+00:00,MOD-00811,60,83.8,17.972,11.698,14.445,27.884,817.434,1.87,19.639,35.227
2025-06-09T20:00:00-04:00,2025-06-09T21:00:00-04:00,2025-06-10T00:00:00+00:00,2025-06-10T01:00:00+00:00,MOD-00811,60,83.783,17.532,9.791,11.1,16.735,805.47,1.985,17.896,32.493
2025-06-09T21:00:00-04:00,2025-06-09T22:00:00-04:00,2025-06-10T01:00:00+00:00,2025-06-10T02:00:00+00:00,MOD-00811,60,84.71,17.357,7.454,8.243,11.119,798.048,2.237,13.369,32.82
2025-06-09T22:00:00-04:00,2025-06-09T23:00:00-04:00,2025-06-10T02:00:00+00:00,2025-06-10T03:00:00+00:00,MOD-00811,60,86.067,17.23,6.998,7.582,10.036,793.349,2.606,11.443,31.897
2025-06-09T23:00:00-04:00,2025-06-10T00:00:00-04:00,2025-06-10T03:00:00+00:00,2025-06-10T04:00:00+00:00,MOD-00811,60,86.823,16.955,4.813,5.072,6.849,777.367,2.717,11.081,31.126
2025-06-10T00:00:00-04:00,2025-06-10T01:00:00-04:00,2025-06-10T04:00:00+00:00,2025-06-10T05:00:00+00:00,MOD-00811,60,86.762,16.785,3.961,4.175,5.331,768.039,2.737,10.48,32.23
2025-06-10T01:00:00-04:00,2025-06-10T02:00:00-04:00,2025-06-10T05:00:00+00:00,2025-06-10T06:00:00+00:00,MOD-00811,60,86.235,16.685,4.491,4.71,6.216,767.997,2.78,10.413,30.67
2025-06-10T02:00:00-04:00,2025-06-10T03:00:00-04:00,2025-06-10T06:00:00+00:00,2025-06-10T07:00:00+00:00,MOD-00811,60,86.085,16.6,4.868,5.127,8.011,765.453,2.821,10.225,28.921
2025-06-10T03:00:00-04:00,2025-06-10T04:00:00-04:00,2025-06-10T07:00:00+00:00,2025-06-10T08:00:00+00:00,MOD-00811,60,85.448,16.482,5.67,6.038,8.095,774.22,2.791,9.654,27.274
2025-06-10T04:00:00-04:00,2025-06-10T05:00:00-04:00,2025-06-10T08:00:00+00:00,2025-06-10T09:00:00+00:00,MOD-00811,60,86.57,16.188,5.647,6.325,9.602,768.762,2.848,10.351,26.449
2025-06-10T05:00:00-04:00,2025-06-10T06:00:00-04:00,2025-06-10T09:00:00+00:00,2025-06-10T10:00:00+00:00,MOD-00811,60,86.94,16.075,6.639,7.471,13.707,780.59,3.253,11.92,21.989
2025-06-10T06:00:00-04:00,2025-06-10T07:00:00-04:00,2025-06-10T10:00:00+00:00,2025-06-10T11:00:00+00:00,MOD-00811,60,86.305,16.268,7.25,8.063,16.597,805.51,3.087,11.376,22.787
2025-06-10T07:00:00-04:00,2025-06-10T08:00:00-04:00,2025-06-10T11:00:00+00:00,2025-06-10T12:00:00+00:00,MOD-00811,60,85.067,16.467,8.119,8.772,17.463,834.881,2.888,11.502,21.956
2025-06-10T08:00:00-04:00,2025-06-10T09:00:00-04:00,2025-06-10T12:00:00+00:00,2025-06-10T13:00:00+00:00,MOD-00811,60,84.598,16.62,7.969,8.324,10.399,813.944,2.685,11.078,23.049
2025-06-10T09:00:00-04:00,2025-06-10T10:00:00-04:00,2025-06-10T13:00:00+00:00,2025-06-10T14:00:00+00:00,MOD-00811,60,83.267,17.158,8.287,8.77,11.699,817.024,2.038,14.143,21.525
2025-06-10T10:00:00-04:00,2025-06-10T11:00:00-04:00,2025-06-10T14:00:00+00:00,2025-06-10T15:00:00+00:00,MOD-00811,60,82.023,17.827,6.507,7.124,10.844,808.728,1.851,20.724,21.077
2025-06-10T11:00:00-04:00,2025-06-10T12:00:00-04:00,2025-06-10T15:00:00+00:00,2025-06-10T16:00:00+00:00,MOD-00811,60,81.8,18.118,6.26,7.223,16.405,853.489,4.07,17.927,20.749
2025-06-10T12:00:00-04:00,2025-06-10T13:00:00-04:00,2025-06-10T16:00:00+00:00,2025-06-10T17:00:00+00:00,MOD-00811,60,83.913,17.938,4.424,5.021,12.614,871.04,2.021,12.943,21.178
2025-06-10T13:00:00-04:00,2025-06-10T14:00:00-04:00,2025-06-10T17:00:00+00:00,2025-06-10T18:00:00+00:00,MOD-00811,60,79.622,19.102,3.2,3.484,6.29,836.858,1.817,16.499,22.681
2025-06-10T14:00:00-04:00,2025-06-10T15:00:00-04:00,2025-06-10T18:00:00+00:00,2025-06-10T19:00:00+00:00,MOD-00811,60,77.393,19.907,3.286,3.601,8.496,843.585,2.144,15.938,22.536
2025-06-10T15:00:00-04:00,2025-06-10T16:00:00-04:00,2025-06-10T19:00:00+00:00,2025-06-10T20:00:00+00:00,MOD-00811,60,80.548,19.478,3.401,3.657,7.276,833.678,1.597,9.812,22.978
2025-06-10T16:00:00-04:00,2025-06-10T17:00:00-04:00,2025-06-10T20:00:00+00:00,2025-06-10T21:00:00+00:00,MOD-00811,60,79.692,19.852,2.619,2.91,5.802,829.401,1.647,12.006,23.81
2025-06-10T17:00:00-04:00,2025-06-10T18:00:00-04:00,2025-06-10T21:00:00+00:00,2025-06-10T22:00:00+00:00,MOD-00811,60,77.875,20.242,3.369,3.686,6.71,825.235,1.702,19.088,22.61
2025-06-10T18:00:00-04:00,2025-06-10T19:00:00-04:00,2025-06-10T22:00:00+00:00,2025-06-10T23:00:00+00:00,MOD-00811,60,78.337,20.295,3.651,3.881,6.364,907.641,1.684,16.325,20.937
2025-06-10T19:00:00-04:00,2025-06-10T20:00:00-04:00,2025-06-10T23:00:00+00:00,2025-06-11T00:00:00+00:00,MOD-00811,60,84.14,19.76,5.6,6.155,10.702,971.873,1.852,10.714,18.559
2025-06-10T20:00:00-04:00,2025-06-10T21:00:00-04:00,2025-06-11T00:00:00+00:00,2025-06-11T01:00:00+00:00,MOD-00811,60,85.953,19.582,5.437,6.34,13.49,924.45,2.008,12.158,18.073
2025-06-10T21:00:00-04:00,2025-06-10T22:00:00-04:00,2025-06-11T01:00:00+00:00,2025-06-11T02:00:00+00:00,MOD-00811,60,86.635,19.678,4.068,5.118,12.026,907.944,2.128,11.864,17.284
2025-06-10T22:00:00-04:00,2025-06-10T23:00:00-04:00,2025-06-11T02:00:00+00:00,2025-06-11T03:00:00+00:00,MOD-00811,60,84.112,20.223,2.671,3.365,8.61,829.742,1.788,5.972,25.198
2025-06-10T23:00:00-04:00,2025-06-11T00:00:00-04:00,2025-06-11T03:00:00+00:00,2025-06-11T04:00:00+00:00,MOD-00811,60,83.877,20.102,2.901,3.706,9.331,780.9,1.788,5.243,30.587
2025-06-11T00:00:00-04:00,2025-06-11T01:00:00-04:00,2025-06-11T04:00:00+00:00,2025-06-11T05:00:00+00:00,MOD-00811,60,83.943,19.523,3.536,4.476,11.687,766.695,1.819,9.369,31.867
2025-06-11T01:00:00-04:00,2025-06-11T02:00:00-04:00,2025-06-11T05:00:00+00:00,2025-06-11T06:00:00+00:00,MOD-00811,60,85.653,18.835,4.483,5.661,13.697,780.433,1.988,11.171,29.958
2025-06-11T02:00:00-04:00,2025-06-11T03:00:00-04:00,2025-06-11T06:00:00+00:00,2025-06-11T07:00:00+00:00,MOD-00811,60,86.678,18.095,4.988,6.049,14.149,790.099,2.415,10.319,28.324
2025-06-11T03:00:00-04:00,2025-06-11T04:00:00-04:00,2025-06-11T07:00:00+00:00,2025-06-11T08:00:00+00:00,MOD-00811,60,84.355,17.727,4.237,5.157,15.721,781.814,2.043,11.66,30.08
2025-06-11T04:00:00-04:00,2025-06-11T05:00:00-04:00,2025-06-11T08:00:00+00:00,2025-06-11T09:00:00+00:00,MOD-00811,60,85.51,17.08,5.926,6.875,16.349,825.814,2.487,11.429,27.18
2025-06-11T05:00:00-04:00,2025-06-11T06:00:00-04:00,2025-06-11T09:00:00+00:00,2025-06-11T10:00:00+00:00,MOD-00811,60,88.122,16.587,6.407,7.45,15.018,895.348,2.917,11.162,23.291
2025-06-11T06:00:00-04:00,2025-06-11T07:00:00-04:00,2025-06-11T10:00:00+00:00,2025-06-11T11:00:00+00:00,MOD-00811,60,79.28,18.822,8.246,9.186,17.198,1050.7,1.988,15.32,20.572
2025-06-11T07:00:00-04:00,2025-06-11T08:00:00-04:00,2025-06-11T11:00:00+00:00,2025-06-11T12:00:00+00:00,MOD-00811,60,62.745,22.675,8.734,9.79,18.935,995.523,6.931,7.658,26.075
2025-06-11T08:00:00-04:00,2025-06-11T09:00:00-04:00,2025-06-11T12:00:00+00:00,2025-06-11T13:00:00+00:00,MOD-00811,60,49.258,26.438,6.524,7.189,14.323,904.196,4.93,8.02,35.98
2025-06-11T09:00:00-04:00,2025-06-11T10:00:00-04:00,2025-06-11T13:00:00+00:00,2025-06-11T14:00:00+00:00,MOD-00811,60,39.532,27.745,5.977,6.414,13.303,809.811,3.905,5.171,44.125
2025-06-11T10:00:00-04:00,2025-06-11T11:00:00-04:00,2025-06-11T14:00:00+00:00,2025-06-11T15:00:00+00:00,MOD-00811,60,36.852,29.103,5.396,5.752,12.119,780.614,2.921,5.912,46.055
2025-06-11T11:00:00-04:00,2025-06-11T12:00:00-04:00,2025-06-11T15:00:00+00:00,2025-06-11T16:00:00+00:00,MOD-00811,60,34.538,30.212,6.352,6.703,11.455,767.019,2.327,7.838,48.439
2025-06-11T12:00:00-04:00,2025-06-11T13:00:00-04:00,2025-06-11T16:00:00+00:00,2025-06-11T17:00:00+00:00,MOD-00811,60,34.94,30.752,7.589,8.023,14.004,805.364,2.537,10.097,50.979
2025-06-11T13:00:00-04:00,2025-06-11T14:00:00-04:00,2025-06-11T17:00:00+00:00,2025-06-11T18:00:00+00:00,MOD-00811,60,34.563,31.033,8.31,8.724,13.484,808.604,2.231,11.6,52.845
2025-06-11T14:00:00-04:00,2025-06-11T15:00:00-04:00,2025-06-11T18:00:00+00:00,2025-06-11T19:00:00+00:00,MOD-00811,60,33.565,31.717,8.716,9.118,14.086,812.938,1.994,15.747,54.656
2025-06-11T15:00:00-04:00,2025-06-11T16:00:00-04:00,2025-06-11T19:00:00+00:00,2025-06-11T20:00:00+00:00,MOD-00811,60,34.365,31.695,8.641,9.123,16.497,853.555,2.108,16.363,56.753
2025-06-11T16:00:00-04:00,2025-06-11T17:00:00-04:00,2025-06-11T20:00:00+00:00,2025-06-11T21:00:00+00:00,MOD-00811,60,34.915,31.308,9.095,9.499,14.913,881.092,2.159,12.417,58.664
2025-06-11T17:00:00-04:00,2025-06-11T18:00:00-04:00,2025-06-11T21:00:00+00:00,2025-06-11T22:00:00+00:00,MOD-00811,60,36.097,30.587,9.403,9.835,16.898,886.494,2.208,16.762,60.955
2025-06-11T18:00:00-04:00,2025-06-11T19:00:00-04:00,2025-06-11T22:00:00+00:00,2025-06-11T23:00:00+00:00,MOD-00811,60,38.735,29.503,9.376,9.832,15.496,912.829,2.272,17.748,62.394
2025-06-11T19:00:00-04:00,2025-06-11T20:00:00-04:00,2025-06-11T23:00:00+00:00,2025-06-12T00:00:00+00:00,MOD-00811,60,42.553,27.758,10.336,10.78,16.297,950.961,3.51,15.612,64.701
2025-06-11T20:00:00-04:00,2025-06-11T21:00:00-04:00,2025-06-12T00:00:00+00:00,2025-06-12T01:00:00+00:00,MOD-00811,60,49.735,25.195,11.997,12.464,20.584,986.061,3.178,25.468,63.659
2025-06-11T21:00:00-04:00,2025-06-11T22:00:00-04:00,2025-06-12T01:00:00+00:00,2025-06-12T02:00:00+00:00,MOD-00811,60,58.688,23.155,13.28,13.878,21.404,988.071,2.223,12.536,64.165
2025-06-11T22:00:00-04:00,2025-06-11T23:00:00-04:00,2025-06-12T02:00:00+00:00,2025-06-12T03:00:00+00:00,MOD-00811,60,60.803,21.927,13.812,14.418,22.224,979.332,2.324,9.711,64.111
2025-06-11T23:00:00-04:00,2025-06-12T00:00:00-04:00,2025-06-12T03:00:00+00:00,2025-06-12T04:00:00+00:00,MOD-00811,60,58.813,21.713,10.489,11.073,17.736,926.464,2.314,6.356,64.526
2025-06-12T00:00:00-04:00,2025-06-12T01:00:00-04:00,2025-06-12T04:00:00+00:00,2025-06-12T05:00:00+00:00,MOD-00811,60,60.023,21.267,12.562,13.148,18.628,902.093,2.391,7.008,61.024
2025-06-12T01:00:00-04:00,2025-06-12T02:00:00-04:00,2025-06-12T05:00:00+00:00,2025-06-12T06:00:00+00:00,MOD-00811,60,62.25,20.543,14.021,14.553,19.916,888.716,2.463,8.161,57.767
2025-06-12T02:00:00-04:00,2025-06-12T03:00:00-04:00,2025-06-12T06:00:00+00:00,2025-06-12T07:00:00+00:00,MOD-00811,60,66.998,19.713,13.913,14.488,20.349,883.1,2.063,9.583,53.999
2025-06-12T03:00:00-04:00,2025-06-12T04:00:00-04:00,2025-06-12T07:00:00+00:00,2025-06-12T08:00:00+00:00,MOD-00811,60,69.117,18.885,13.637,14.232,19.843,873.73,1.823,8.156,51.246
2025-06-12T04:00:00-04:00,2025-06-12T05:00:00-04:00,2025-06-12T08:00:00+00:00,2025-06-12T09:00:00+00:00,MOD-00811,60,72.085,18.13,13.691,14.302,19.705,868.268,2.051,14.772,49.187
2025-06-12T05:00:00-04:00,2025-06-12T06:00:00-04:00,2025-06-12T09:00:00+00:00,2025-06-12T10:00:00+00:00,MOD-00811,60,70.797,18.395,14.629,15.189,20.552,912.128,2.033,12.911,47.09
2025-06-12T06:00:00-04:00,2025-06-12T07:00:00-04:00,2025-06-12T10:00:00+00:00,2025-06-12T11:00:00+00:00,MOD-00811,60,58.833,22.0,13.612,14.191,20.268,938.302,2.428,9.854,48.004
2025-06-12T07:00:00-04:00,2025-06-12T08:00:00-04:00,2025-06-12T11:00:00+00:00,2025-06-12T12:00:00+00:00,MOD-00811,60,52.403,25.455,11.929,12.538,18.655,946.762,2.403,7.53,46.636
2025-06-12T08:00:00-04:00,2025-06-12T09:00:00-04:00,2025-06-12T12:00:00+00:00,2025-06-12T13:00:00+00:00,MOD-00811,60,46.662,28.028,13.357,14.178,20.78,908.194,4.295,9.681,49.814
2025-06-12T09:00:00-04:00,2025-06-12T10:00:00-04:00,2025-06-12T13:00:00+00:00,2025-06-12T14:00:00+00:00,MOD-00811,60,43.287,29.518,15.244,15.86,22.586,854.325,3.156,7.661,53.895
2025-06-12T10:00:00-04:00,2025-06-12T11:00:00-04:00,2025-06-12T14:00:00+00:00,2025-06-12T15:00:00+00:00,MOD-00811,60,39.352,31.452,17.236,18.065,26.599,839.091,2.339,9.656,57.982
2025-06-12T11:00:00-04:00,2025-06-12T12:00:00-04:00,2025-06-12T15:00:00+00:00,2025-06-12T16:00:00+00:00,MOD-00811,60,36.307,32.343,21.439,22.166,29.781,819.905,2.262,11.987,59.709
2025-06-12T12:00:00-04:00,2025-06-12T13:00:00-04:00,2025-06-12T16:00:00+00:00,2025-06-12T17:00:00+00:00,MOD-00811,60,36.188,31.743,23.431,24.126,34.138,836.617,2.163,15.419,60.623
2025-06-12T13:00:00-04:00,2025-06-12T14:00:00-04:00,2025-06-12T17:00:00+00:00,2025-06-12T18:00:00+00:00,MOD-00811,60,31.61,32.702,29.38,30.044,39.647,821.068,2.196,15.886,61.397
2025-06-12T14:00:00-04:00,2025-06-12T15:00:00-04:00,2025-06-12T18:00:00+00:00,2025-06-12T19:00:00+00:00,MOD-00811,60,28.36,34.083,30.345,31.043,36.278,787.689,2.635,17.34,60.797
2025-06-12T15:00:00-04:00,2025-06-12T16:00:00-04:00,2025-06-12T19:00:00+00:00,2025-06-12T20:00:00+00:00,MOD-00811,60,27.89,34.597,25.083,25.655,30.011,811.066,2.67,19.043,59.617
2025-06-12T16:00:00-04:00,2025-06-12T17:00:00-04:00,2025-06-12T20:00:00+00:00,2025-06-12T21:00:00+00:00,MOD-00811,60,26.343,34.235,29.89,30.496,38.231,771.941,2.722,17.994,59.771
2025-06-12T17:00:00-04:00,2025-06-12T18:00:00-04:00,2025-06-12T21:00:00+00:00,2025-06-12T22:00:00+00:00,MOD-00811,60,28.115,33.452,28.722,29.389,34.939,819.119,2.372,20.774,59.237
2025-06-12T18:00:00-04:00,2025-06-12T19:00:00-04:00,2025-06-12T22:00:00+00:00,2025-06-12T23:00:00+00:00,MOD-00811,60,28.825,32.332,27.316,27.823,32.422,832.649,2.138,21.002,57.897
2025-06-12T19:00:00-04:00,2025-06-12T20:00:00-04:00,2025-06-12T23:00:00+00:00,2025-06-13T00:00:00+00:00,MOD-00811,60,31.16,30.748,20.624,21.038,26.12,871.886,2.042,19.227,56.224
2025-06-12T20:00:00-04:00,2025-06-12T21:00:00-04:00,2025-06-13T00:00:00+00:00,2025-06-13T01:00:00+00:00,MOD-00811,60,35.533,28.695,20.191,20.621,25.183,907.238,2.279,12.255,54.771
2025-06-12T21:00:00-04:00,2025-06-12T22:00:00-04:00,2025-06-13T01:00:00+00:00,2025-06-13T02:00:00+00:00,MOD-00811,60,39.452,26.747,15.234,15.669,20.077,946.516,2.905,12.512,53.224
2025-06-12T22:00:00-04:00,2025-06-12T23:00:00-04:00,2025-06-13T02:00:00+00:00,2025-06-13T03:00:00+00:00,MOD-00811,60,38.728,25.067,18.773,19.208,24.195,930.842,3.158,14.791,53.443
2025-06-12T23:00:00-04:00,2025-06-13T00:00:00-04:00,2025-06-13T03:00:00+00:00,2025-06-13T04:00:00+00:00,MOD-00811,60,31.458,23.922,17.33,17.656,21.59,832.531,2.423,8.793,51.966
2025-06-13T00:00:00-04:00,2025-06-13T01:00:00-04:00,2025-06-13T04:00:00+00:00,2025-06-13T05:00:00+00:00,MOD-00811,60,32.168,22.328,12.454,12.734,15.43,846.112,2.406,18.148,49.632
2025-06-13T01:00:00-04:00,2025-06-13T02:00:00-04:00,2025-06-13T05:00:00+00:00,2025-06-13T06:00:00+00:00,MOD-00811,60,33.113,21.405,10.882,11.136,13.274,819.533,2.393,17.948,49.785
2025-06-13T02:00:00-04:00,2025-06-13T03:00:00-04:00,2025-06-13T06:00:00+00:00,2025-06-13T07:00:00+00:00,MOD-00811,60,36.815,20.785,11.122,11.424,15.099,823.371,2.553,10.026,48.25
2025-06-13T03:00:00-04:00,2025-06-13T04:00:00-04:00,2025-06-13T07:00:00+00:00,2025-06-13T08:00:00+00:00,MOD-00811,60,40.82,20.367,12.683,12.982,15.583,838.603,2.051,10.516,45.852
2025-06-13T04:00:00-04:00,2025-06-13T05:00:00-04:00,2025-06-13T08:00:00+00:00,2025-06-13T09:00:00+00:00,MOD-00811,60,46.895,19.87,18.569,18.898,23.255,843.276,2.228,18.69,43.964
2025-06-13T05:00:00-04:00,2025-06-13T06:00:00-04:00,2025-06-13T09:00:00+00:00,2025-06-13T10:00:00+00:00,MOD-00811,60,52.61,18.915,17.758,18.14,22.065,836.018,2.362,21.733,40.525
2025-06-13T06:00:00-04:00,2025-06-13T07:00:00-04:00,2025-06-13T10:00:00+00:00,2025-06-13T11:00:00+00:00,MOD-00811,60,51.985,19.59,17.118,17.511,23.096,850.258,2.385,16.617,38.495
2025-06-13T07:00:00-04:00,2025-06-13T08:00:00-04:00,2025-06-13T11:00:00+00:00,2025-06-13T12:00:00+00:00,MOD-00811,60,46.338,21.353,16.511,16.943,22.646,821.374,4.197,18.648,41.733
2025-06-13T08:00:00-04:00,2025-06-13T09:00:00-04:00,2025-06-13T12:00:00+00:00,2025-06-13T13:00:00+00:00,MOD-00811,60,43.977,22.833,16.173,16.805,30.334,808.099,5.372,20.786,41.486
2025-06-13T09:00:00-04:00,2025-06-13T10:00:00-04:00,2025-06-13T13:00:00+00:00,2025-06-13T14:00:00+00:00,MOD-00811,60,40.333,24.318,14.417,14.847,21.245,785.674,4.179,8.79,43.261
2025-06-13T10:00:00-04:00,2025-06-13T11:00:00-04:00,2025-06-13T14:00:00+00:00,2025-06-13T15:00:00+00:00,MOD-00811,60,35.05,27.408,14.322,14.804,24.986,762.692,3.477,6.998,45.755
