local_timestamp,epoch,datetime,node_file_id,co_corrected,rh,temp,node_id
2017-06-15 12:00:00,1497553200.0,2017-06-15 19:00:00,140292,,26.2165645,34.61928133333333,52
2017-06-15 13:00:00,1497556800.0,2017-06-15 20:00:00,140307,,27.1482755,33.7883985,52
2017-06-15 14:00:00,1497560400.0,2017-06-15 21:00:00,140324,,28.164502833333334,32.965413,52
2017-06-15 15:00:00,1497564000.0,2017-06-15 22:00:00,140332,,31.865601833333333,30.677860333333335,52
2017-06-15 16:00:00,1497567600.0,2017-06-15 23:00:00,140302,,32.19006816666667,29.701438666666668,52
2017-06-15 17:00:00,1497571200.0,2017-06-16 00:00:00,140221,,31.7389875,29.49744,52
2017-06-15 18:00:00,1497574800.0,2017-06-16 01:00:00,140260,,33.15242533333333,28.217467666666668,52
2017-06-15 19:00:00,1497578400.0,2017-06-16 02:00:00,140250,,37.499022,25.624634166666667,52
2017-06-15 20:00:00,1497582000.0,2017-06-16 03:00:00,140226,,46.01072966666667,22.6408315,52
2017-06-15 21:00:00,1497585600.0,2017-06-16 04:00:00,140336,,53.0742985,20.703553833333334,52
2017-06-15 22:00:00,1497589200.0,2017-06-16 05:00:00,140265,,57.4072345,19.8521025,52
2017-06-15 23:00:00,1497592800.0,2017-06-16 06:00:00,140248,,57.34533583333334,19.916425,52
2017-06-16 00:00:00,1497596400.0,2017-06-16 07:00:00,140283,,60.613057,19.379284,52
2017-06-16 01:00:00,1497600000.0,2017-06-16 08:00:00,140243,,63.20808,18.9888665,52
2017-06-16 02:00:00,1497603600.0,2017-06-16 09:00:00,140275,,67.987096,18.2065875,52
2017-06-16 03:00:00,1497607200.0,2017-06-16 10:00:00,140264,,68.07262066666667,18.0779995,52
2017-06-16 04:00:00,1497610800.0,2017-06-16 11:00:00,140308,,72.72545866666667,17.309473166666667,52
2017-06-16 05:00:00,1497614400.0,2017-06-16 12:00:00,140301,,72.664346,17.262519166666667,52
2017-06-16 06:00:00,1497618000.0,2017-06-16 13:00:00,140289,,65.0961695,19.331589833333332,52
2017-06-16 07:00:00,1497621600.0,2017-06-16 14:00:00,140291,,42.031961833333334,27.183130833333333,52
2017-06-16 08:00:00,1497625200.0,2017-06-16 15:00:00,140238,,34.53814,31.1012015,52
2017-06-16 09:00:00,1497628800.0,2017-06-16 16:00:00,140219,,29.934935499999998,34.66604783333333,52
2017-06-16 10:00:00,1497632400.0,2017-06-16 17:00:00,140263,,27.77435,36.3966315,52
2017-06-16 11:00:00,1497636000.0,2017-06-16 18:00:00,140217,,27.906665166666667,36.40344133333333,52
2017-06-16 12:00:00,1497639600.0,2017-06-16 19:00:00,140280,,27.157531666666667,36.374320499999996,52
2017-06-16 13:00:00,1497643200.0,2017-06-16 20:00:00,140285,,28.397087333333335,35.48478266666667,52
2017-06-16 14:00:00,1497646800.0,2017-06-16 21:00:00,140309,,29.731003333333334,35.10004166666667,52
2017-06-16 15:00:00,1497650400.0,2017-06-16 22:00:00,140230,,34.392570666666664,31.780285166666665,52
2017-06-16 16:00:00,1497654000.0,2017-06-16 23:00:00,140284,,35.47722483333333,30.746366333333334,52
2017-06-16 17:00:00,1497657600.0,2017-06-17 00:00:00,140251,,35.361108,30.041298166666667,52
2017-06-16 18:00:00,1497661200.0,2017-06-17 01:00:00,140318,,35.8607515,29.392345,52
2017-06-16 19:00:00,1497664800.0,2017-06-17 02:00:00,140316,,39.383838499999996,27.401239333333333,52
2017-06-16 20:00:00,1497668400.0,2017-06-17 03:00:00,140229,,43.35678516666667,25.633609833333335,52
2017-06-16 21:00:00,1497672000.0,2017-06-17 04:00:00,140311,,46.661384,24.157290333333332,52
2017-06-16 22:00:00,1497675600.0,2017-06-17 05:00:00,140239,,51.280687666666665,23.035295833333333,52
2017-06-16 23:00:00,1497679200.0,2017-06-17 06:00:00,140326,,56.944595166666666,21.719109166666666,52
2017-06-17 00:00:00,1497682800.0,2017-06-17 07:00:00,140269,,61.048813833333334,20.694773,52
2017-06-17 01:00:00,1497686400.0,2017-06-17 08:00:00,140310,,63.05733433333334,20.138656333333333,52
2017-06-17 02:00:00,1497690000.0,2017-06-17 09:00:00,140325,,64.22542416666667,19.647763166666667,52
2017-06-17 03:00:00,1497693600.0,2017-06-17 10:00:00,140317,,66.46199983333334,19.061882333333333,52
2017-06-17 04:00:00,1497697200.0,2017-06-17 11:00:00,140249,,70.8177965,18.043876,52
2017-06-17 05:00:00,1497700800.0,2017-06-17 12:00:00,140234,,72.539081,17.4646445,52
2017-06-17 06:00:00,1497704400.0,2017-06-17 13:00:00,140227,,66.75810133333333,19.202949,52
2017-06-17 07:00:00,1497708000.0,2017-06-17 14:00:00,140290,,48.742593,24.896310833333335,52
2017-06-17 08:00:00,1497711600.0,2017-06-17 15:00:00,140272,,34.45021066666666,31.589544166666666,52
2017-06-17 09:00:00,1497715200.0,2017-06-17 16:00:00,140224,,30.23205383333333,33.94426816666667,52
2017-06-17 10:00:00,1497718800.0,2017-06-17 17:00:00,140242,,25.253625166666666,37.2996615,52
2017-06-17 11:00:00,1497722400.0,2017-06-17 18:00:00,140223,,24.463683666666668,37.76676166666667,52
2017-06-17 12:00:00,1497726000.0,2017-06-17 19:00:00,140300,,23.45537,38.823672,52
2017-06-17 13:00:00,1497729600.0,2017-06-17 20:00:00,140257,,23.384735166666665,38.67202733333333,52
2017-06-17 14:00:00,1497733200.0,2017-06-17 21:00:00,140267,,24.835515,37.58072583333333,52
2017-06-17 15:00:00,1497736800.0,2017-06-17 22:00:00,140258,,29.831438666666667,33.58045883333333,52
2017-06-17 16:00:00,1497740400.0,2017-06-17 23:00:00,140218,,32.08644533333333,31.825290333333335,52
2017-06-17 17:00:00,1497744000.0,2017-06-18 00:00:00,140293,,32.97251383333333,31.311114833333335,52
2017-06-17 18:00:00,1497747600.0,2017-06-18 01:00:00,140235,,32.768576,31.506318166666667,52
2017-06-17 19:00:00,1497751200.0,2017-06-18 02:00:00,140286,,33.21847266666666,31.080392,52
2017-06-17 20:00:00,1497754800.0,2017-06-18 03:00:00,140273,,35.50753866666667,29.277765,52
2017-06-17 21:00:00,1497758400.0,2017-06-18 04:00:00,140278,,39.7931915,27.583317166666667,52
2017-06-17 22:00:00,1497762000.0,2017-06-18 05:00:00,140256,,40.870069,27.2382825,52
2017-06-17 23:00:00,1497765600.0,2017-06-18 06:00:00,140254,,42.5743705,26.457783666666668,52
2017-06-18 00:00:00,1497769200.0,2017-06-18 07:00:00,140297,,43.097832833333335,25.803259166666667,52
2017-06-18 01:00:00,1497772800.0,2017-06-18 08:00:00,140303,,43.33707416666667,25.586281333333332,52
2017-06-18 02:00:00,1497776400.0,2017-06-18 09:00:00,140216,,42.52720883333333,25.9795415,52
2017-06-18 03:00:00,1497780000.0,2017-06-18 10:00:00,140319,,45.14261783333333,25.309437,52
2017-06-18 04:00:00,1497783600.0,2017-06-18 11:00:00,140244,,51.05097116666667,23.903051166666668,52
2017-06-18 05:00:00,1497787200.0,2017-06-18 12:00:00,140245,,50.800740833333336,23.6970445,52
2017-06-18 06:00:00,1497790800.0,2017-06-18 13:00:00,140313,,44.3246315,26.076770166666666,52
2017-06-18 07:00:00,1497794400.0,2017-06-18 14:00:00,140276,,27.61882183333333,35.22526716666667,52
2017-06-18 08:00:00,1497798000.0,2017-06-18 15:00:00,140294,,21.330217666666666,39.934007666666666,52
2017-06-18 09:00:00,1497801600.0,2017-06-18 16:00:00,140261,,17.877459166666668,44.17207466666667,52
2017-06-18 10:00:00,1497805200.0,2017-06-18 17:00:00,140287,,17.430546166666666,46.18324616666666,52
2017-06-18 11:00:00,1497808800.0,2017-06-18 18:00:00,140298,,18.668679166666667,44.8727985,52
2017-06-18 12:00:00,1497812400.0,2017-06-18 19:00:00,140282,,18.070482666666667,45.068780833333335,52
2017-06-18 13:00:00,1497816000.0,2017-06-18 20:00:00,140323,,18.9284875,43.889667,52
2017-06-18 14:00:00,1497819600.0,2017-06-18 21:00:00,140271,,19.131953,42.89664583333333,52
2017-06-18 15:00:00,1497823200.0,2017-06-18 22:00:00,140220,,27.314728166666665,35.336797,52
2017-06-18 16:00:00,1497826800.0,2017-06-18 23:00:00,140281,,29.374288666666665,33.069872333333336,52
2017-06-18 17:00:00,1497830400.0,2017-06-19 00:00:00,140270,,33.17721133333333,30.3014925,52
2017-06-18 18:00:00,1497834000.0,2017-06-19 01:00:00,140295,,37.64082966666667,27.57157533333333,52
2017-06-18 19:00:00,1497837600.0,2017-06-19 02:00:00,140306,,43.611529166666664,24.492093666666666,52
2017-06-18 20:00:00,1497841200.0,2017-06-19 03:00:00,140337,,48.169182166666666,22.980445333333332,52
2017-06-18 21:00:00,1497844800.0,2017-06-19 04:00:00,140333,,55.801796,20.2168425,52
2017-06-18 22:00:00,1497848400.0,2017-06-19 05:00:00,140247,,50.977948166666664,21.551789,52
2017-06-18 23:00:00,1497852000.0,2017-06-19 06:00:00,140232,,51.2581945,22.057030166666667,52
2017-06-19 00:00:00,1497855600.0,2017-06-19 07:00:00,140252,,54.491876500000004,21.337342833333334,52
2017-06-19 01:00:00,1497859200.0,2017-06-19 08:00:00,140236,,65.794055,19.695142333333333,52
2017-06-19 02:00:00,1497862800.0,2017-06-19 09:00:00,140315,,71.69719,17.863798666666668,52
2017-06-19 03:00:00,1497866400.0,2017-06-19 10:00:00,140241,,76.79261883333334,16.399821,52
2017-06-19 04:00:00,1497870000.0,2017-06-19 11:00:00,140222,,78.75624683333334,15.990641666666667,52
2017-06-19 05:00:00,1497873600.0,2017-06-19 12:00:00,140335,,78.8687035,16.077000666666667,52
2017-06-19 06:00:00,1497877200.0,2017-06-19 13:00:00,140312,,74.57837416666666,17.2314265,52
2017-06-19 07:00:00,1497880800.0,2017-06-19 14:00:00,140331,,47.104092,25.752547333333332,52
2017-06-19 08:00:00,1497884400.0,2017-06-19 15:00:00,140259,,36.6415635,29.740228,52
2017-06-19 09:00:00,1497888000.0,2017-06-19 16:00:00,140253,,31.694988666666667,32.57859116666667,52
2017-06-19 10:00:00,1497891600.0,2017-06-19 17:00:00,140255,,29.786638833333335,33.64826133333333,52
2017-06-19 11:00:00,1497895200.0,2017-06-19 18:00:00,140277,,27.964169833333333,34.974284,52
2017-06-19 12:00:00,1497898800.0,2017-06-19 19:00:00,140246,,28.453120666666667,34.527968333333334,52
2017-06-19 13:00:00,1497902400.0,2017-06-19 20:00:00,140237,,30.141044333333333,32.9490885,52
2017-06-19 14:00:00,1497906000.0,2017-06-19 21:00:00,140334,,31.3172375,32.0697805,52
2017-06-19 15:00:00,1497909600.0,2017-06-19 22:00:00,140225,,38.74891916666667,27.552246333333333,52
2017-06-19 16:00:00,1497913200.0,2017-06-19 23:00:00,140328,,42.04979933333333,25.955657666666667,52
2017-07-05 04:00:00,1499252400.0,2017-07-05 11:00:00,140202,,83.25716,13.99025,52
2017-07-05 05:00:00,1499256000.0,2017-07-05 12:00:00,140180,,82.7872485,13.974751833333332,52
2017-07-05 06:00:00,1499259600.0,2017-07-05 13:00:00,140205,,82.62851066666667,14.132228833333333,52
2017-07-05 07:00:00,1499263200.0,2017-07-05 14:00:00,140182,,80.10496616666667,14.881001166666668,52
2017-07-05 08:00:00,1499266800.0,2017-07-05 15:00:00,140209,,74.84804433333333,16.137716,52
2017-07-05 09:00:00,1499270400.0,2017-07-05 16:00:00,140197,,67.81152816666666,17.821475333333332,52
2017-07-05 10:00:00,1499274000.0,2017-07-05 17:00:00,140201,,57.789887,20.642803166666667,52
2017-07-05 11:00:00,1499277600.0,2017-07-05 18:00:00,140187,,40.43575166666667,26.809971,52
2017-07-05 12:00:00,1499281200.0,2017-07-05 19:00:00,140193,,36.832936000000004,28.3830295,52
2017-07-05 13:00:00,1499284800.0,2017-07-05 20:00:00,140204,,36.453905,28.958082166666667,52
2017-07-05 14:00:00,1499288400.0,2017-07-05 21:00:00,140181,,37.18563866666667,28.699011833333333,52
2017-07-05 15:00:00,1499292000.0,2017-07-05 22:00:00,140200,,46.06045733333333,24.849020666666668,52
2017-07-05 16:00:00,1499295600.0,2017-07-05 23:00:00,140206,,49.181100666666666,23.732113333333334,52
2017-07-05 17:00:00,1499299200.0,2017-07-06 00:00:00,140199,,53.2013275,22.523418,52
2017-07-05 18:00:00,1499302800.0,2017-07-06 01:00:00,140195,,58.69775,20.602389833333334,52
2017-07-05 19:00:00,1499306400.0,2017-07-06 02:00:00,140189,,67.1640965,18.011210333333334,52
2017-07-05 20:00:00,1499310000.0,2017-07-06 03:00:00,140207,,74.24082166666666,16.314775666666666,52
2017-07-05 21:00:00,1499313600.0,2017-07-06 04:00:00,140198,,79.15382066666666,15.263442,52
2017-07-05 22:00:00,1499317200.0,2017-07-06 05:00:00,140208,,81.356545,15.096289166666667,52
2017-07-05 23:00:00,1499320800.0,2017-07-06 06:00:00,140188,,80.91352333333333,15.229391666666666,52
2017-07-06 00:00:00,1499324400.0,2017-07-06 07:00:00,140190,,80.64353283333334,14.924085833333333,52
2017-07-06 01:00:00,1499328000.0,2017-07-06 08:00:00,140203,,81.23163383333333,14.388970666666667,52
2017-07-06 02:00:00,1499331600.0,2017-07-06 09:00:00,140186,,83.34157383333333,13.621313,52
2017-07-06 03:00:00,1499335200.0,2017-07-06 10:00:00,140185,,84.21576016666667,13.287416666666667,52
2017-07-06 04:00:00,1499338800.0,2017-07-06 11:00:00,140191,,85.02762233333333,13.3103405,52
2017-07-06 05:00:00,1499342400.0,2017-07-06 12:00:00,140211,,84.0147165,13.424960833333333,52
2017-07-06 06:00:00,1499346000.0,2017-07-06 13:00:00,140183,,79.63339933333333,14.806454833333333,52
2017-07-06 07:00:00,1499349600.0,2017-07-06 14:00:00,140196,,52.59172433333333,22.51415383333333,52
2017-07-06 08:00:00,1499353200.0,2017-07-06 15:00:00,140192,,40.3176135,27.395214166666666,52
2017-07-06 09:00:00,1499356800.0,2017-07-06 16:00:00,140210,,34.541102333333335,30.397221833333333,52
2017-07-06 10:00:00,1499360400.0,2017-07-06 17:00:00,140194,,31.541192666666667,31.9159225,52
2017-07-06 11:00:00,1499364000.0,2017-07-06 18:00:00,140184,,31.10247105263158,31.91453894736842,52
2018-05-05 10:00:00,1525539600.0,2018-05-05 17:00:00,309880,,62.56605,17.54412,52
2018-05-05 11:00:00,1525543200.0,2018-05-05 18:00:00,309705,,59.92560116666667,18.515602166666667,52
2018-05-05 12:00:00,1525546800.0,2018-05-05 19:00:00,309568,,59.700353166666666,18.5553605,52
2018-05-05 13:00:00,1525550400.0,2018-05-05 20:00:00,309692,,58.693309166666666,18.922007666666666,52
2018-05-05 14:00:00,1525554000.0,2018-05-05 21:00:00,309813,,62.280789166666665,17.587544666666666,52
2018-05-05 15:00:00,1525557600.0,2018-05-05 22:00:00,309622,,63.92031583333333,17.280148,52
2018-05-05 16:00:00,1525561200.0,2018-05-05 23:00:00,309896,,63.10018183333333,17.269418,52
2018-05-05 17:00:00,1525564800.0,2018-05-06 00:00:00,309609,,62.815917666666664,17.240094166666665,52
2018-05-05 18:00:00,1525568400.0,2018-05-06 01:00:00,309867,,61.749851166666666,17.4041745,52
2018-05-05 19:00:00,1525572000.0,2018-05-06 02:00:00,309602,,64.79678033333333,16.282553166666666,52
2018-05-05 20:00:00,1525575600.0,2018-05-06 03:00:00,309674,,67.62437233333333,15.412530166666667,52
2018-05-05 21:00:00,1525579200.0,2018-05-06 04:00:00,309661,,70.53742133333333,14.5775015,52
2018-05-05 22:00:00,1525582800.0,2018-05-06 05:00:00,309731,,72.17117316666666,14.175999166666667,52
2018-05-05 23:00:00,1525586400.0,2018-05-06 06:00:00,309895,,72.4070015,14.266110666666666,52
2018-05-06 00:00:00,1525590000.0,2018-05-06 07:00:00,309898,,71.32393816666666,14.332113833333333,52
2018-05-06 01:00:00,1525593600.0,2018-05-06 08:00:00,309842,,70.5639985,14.186421166666667,52
2018-05-06 02:00:00,1525597200.0,2018-05-06 09:00:00,309688,,67.768931,14.111138,52
2018-05-06 03:00:00,1525600800.0,2018-05-06 10:00:00,309723,,66.17803666666667,14.071045333333334,52
2018-05-06 04:00:00,1525604400.0,2018-05-06 11:00:00,309950,,65.00360033333334,14.0590005,52
2018-05-06 05:00:00,1525608000.0,2018-05-06 12:00:00,309940,,64.94068916666667,14.082742833333333,52
2018-05-06 06:00:00,1525611600.0,2018-05-06 13:00:00,309726,,65.11233333333334,14.086231,52
2018-05-06 07:00:00,1525615200.0,2018-05-06 14:00:00,309826,,64.4082525,14.422918166666667,52
2018-05-06 08:00:00,1525618800.0,2018-05-06 15:00:00,309663,,63.9161905,14.884731333333333,52
2018-05-06 09:00:00,1525622400.0,2018-05-06 16:00:00,309700,,61.757364,15.6437475,52
2018-05-06 10:00:00,1525626000.0,2018-05-06 17:00:00,309752,,58.882980333333336,16.852845666666667,52
2018-05-06 11:00:00,1525629600.0,2018-05-06 18:00:00,309536,,56.3590795,18.339848833333335,52
2018-05-06 12:00:00,1525633200.0,2018-05-06 19:00:00,309740,,52.965419,20.097863333333333,52
2018-05-06 13:00:00,1525636800.0,2018-05-06 20:00:00,309899,,52.183562333333334,20.601631,52
2018-05-06 14:00:00,1525640400.0,2018-05-06 21:00:00,309681,,55.427585,19.810070833333334,52
2018-05-06 15:00:00,1525644000.0,2018-05-06 22:00:00,309655,,53.11365,20.53338,52
2018-05-06 16:00:00,1525647600.0,2018-05-06 23:00:00,309533,,53.29157,20.58437,52
2018-05-06 17:00:00,1525651200.0,2018-05-07 00:00:00,309616,,52.82401,20.42107,52
2018-05-06 18:00:00,1525654800.0,2018-05-07 01:00:00,309856,,54.03462,19.52604,52
2018-05-06 19:00:00,1525658400.0,2018-05-07 02:00:00,309573,,58.02912,18.47842,52
2018-05-06 20:00:00,1525662000.0,2018-05-07 03:00:00,309831,,62.0307,16.86491,52
2018-05-06 21:00:00,1525665600.0,2018-05-07 04:00:00,309542,,63.56189,16.38484,52
2018-05-06 22:00:00,1525669200.0,2018-05-07 05:00:00,309694,,61.42644,16.60563,52
2018-05-06 23:00:00,1525672800.0,2018-05-07 06:00:00,309632,,60.00008,16.68462,52
2018-05-07 00:00:00,1525676400.0,2018-05-07 07:00:00,309540,,62.22904,16.1482,52
2018-05-07 01:00:00,1525680000.0,2018-05-07 08:00:00,309746,,66.10409,15.33802,52
2018-05-07 02:00:00,1525683600.0,2018-05-07 09:00:00,309890,,60.70704,15.74671,52
2018-05-07 03:00:00,1525687200.0,2018-05-07 10:00:00,309718,,58.69744,15.96707,52
2018-05-07 04:00:00,1525690800.0,2018-05-07 11:00:00,309642,,64.66885,15.05186,52
2018-05-07 05:00:00,1525694400.0,2018-05-07 12:00:00,309787,,59.9229,15.53536,52
2018-05-07 06:00:00,1525698000.0,2018-05-07 13:00:00,309801,,59.89227,15.48897,52
2018-05-07 07:00:00,1525701600.0,2018-05-07 14:00:00,309535,,59.43229,15.86715,52
2018-05-07 08:00:00,1525705200.0,2018-05-07 15:00:00,309799,,58.67234,16.67877,52
2018-05-07 09:00:00,1525708800.0,2018-05-07 16:00:00,309657,,54.51543,18.11693,52
2018-05-07 10:00:00,1525712400.0,2018-05-07 17:00:00,309763,,47.5624,20.20204,52
2018-05-07 11:00:00,1525716000.0,2018-05-07 18:00:00,309567,,44.53201,22.33429,52
2018-05-07 12:00:00,1525719600.0,2018-05-07 19:00:00,309545,,41.26777,24.48962,52
2018-05-07 13:00:00,1525723200.0,2018-05-07 20:00:00,309918,,42.72077,24.51117,52
2018-05-07 14:00:00,1525726800.0,2018-05-07 21:00:00,309743,,44.86468,23.42451,52
2018-05-07 15:00:00,1525730400.0,2018-05-07 22:00:00,309951,,44.68046,23.4185,52
2018-05-07 16:00:00,1525734000.0,2018-05-07 23:00:00,309814,,45.69869,22.92121,52
2018-05-07 17:00:00,1525737600.0,2018-05-08 00:00:00,309669,,43.49133,23.4976,52
2018-05-07 18:00:00,1525741200.0,2018-05-08 01:00:00,309820,,44.5582,23.67203,52
2018-05-07 19:00:00,1525744800.0,2018-05-08 02:00:00,309558,,51.01636,20.54695,52
2018-05-07 20:00:00,1525748400.0,2018-05-08 03:00:00,309530,,55.41637,18.49135,52
2018-05-07 21:00:00,1525752000.0,2018-05-08 04:00:00,309575,,54.35946,18.55004,52
2018-05-07 22:00:00,1525755600.0,2018-05-08 05:00:00,309685,,62.40842,17.03356,52
2018-05-07 23:00:00,1525759200.0,2018-05-08 06:00:00,309938,,65.79486,16.18604,52
2018-05-08 00:00:00,1525762800.0,2018-05-08 07:00:00,309716,,65.76407,15.85145,52
2018-05-08 01:00:00,1525766400.0,2018-05-08 08:00:00,309753,,64.60207,15.74714,52
2018-05-08 02:00:00,1525770000.0,2018-05-08 09:00:00,309736,,68.14663,15.29286,52
2018-05-08 03:00:00,1525773600.0,2018-05-08 10:00:00,309690,,71.94178,14.67374,52
2018-05-08 04:00:00,1525777200.0,2018-05-08 11:00:00,309848,,73.71308,14.69449,52
2018-05-08 05:00:00,1525780800.0,2018-05-08 12:00:00,309788,,74.3029,14.56027,52
2018-05-08 06:00:00,1525784400.0,2018-05-08 13:00:00,309719,,74.06851,14.4617,52
2018-05-08 07:00:00,1525788000.0,2018-05-08 14:00:00,309793,,73.63153,14.46981,52
2018-05-08 08:00:00,1525791600.0,2018-05-08 15:00:00,309953,,72.66212,14.88111,52
2018-05-08 09:00:00,1525795200.0,2018-05-08 16:00:00,309595,,70.29823,15.566,52
2018-05-08 10:00:00,1525798800.0,2018-05-08 17:00:00,309843,,65.26433,17.1645,52
2018-05-08 11:00:00,1525802400.0,2018-05-08 18:00:00,309617,,59.52771,19.29674,52
2018-05-08 12:00:00,1525806000.0,2018-05-08 19:00:00,309780,,56.64947,20.75219,52
2018-05-08 13:00:00,1525809600.0,2018-05-08 20:00:00,309555,,54.31655,21.59722,52
2018-05-08 14:00:00,1525813200.0,2018-05-08 21:00:00,309756,,57.58865,20.59604,52
2018-05-08 15:00:00,1525816800.0,2018-05-08 22:00:00,309873,,61.82508,19.2286,52
2018-05-08 16:00:00,1525820400.0,2018-05-08 23:00:00,309931,,63.23706,19.46067,52
2018-05-08 17:00:00,1525824000.0,2018-05-09 00:00:00,309703,,66.67276,18.3343,52
2018-05-08 18:00:00,1525827600.0,2018-05-09 01:00:00,309607,,68.80755,17.83917,52
2018-05-08 19:00:00,1525831200.0,2018-05-09 02:00:00,309884,,70.57371,17.41269,52
2018-05-08 20:00:00,1525834800.0,2018-05-09 03:00:00,309577,,73.06796,16.51908,52
2018-05-08 21:00:00,1525838400.0,2018-05-09 04:00:00,309795,,74.77989,15.57856,52
2018-05-08 22:00:00,1525842000.0,2018-05-09 05:00:00,309860,,77.76592,14.71984,52
2018-05-08 23:00:00,1525845600.0,2018-05-09 06:00:00,309601,,78.21146,14.68793,52
2018-05-09 00:00:00,1525849200.0,2018-05-09 07:00:00,309836,,76.83569,14.91343,52
2018-05-09 01:00:00,1525852800.0,2018-05-09 08:00:00,309701,,78.51779,15.04931,52
2018-05-09 02:00:00,1525856400.0,2018-05-09 09:00:00,309733,,80.49895,15.62723,52
2018-05-09 03:00:00,1525860000.0,2018-05-09 10:00:00,309750,,80.21926,15.87857,52
2018-05-09 04:00:00,1525863600.0,2018-05-09 11:00:00,309578,,79.85734,16.13969,52
2018-05-09 05:00:00,1525867200.0,2018-05-09 12:00:00,309837,,79.30226,16.33731,52
2018-05-09 06:00:00,1525870800.0,2018-05-09 13:00:00,309838,,77.95527,16.2513,52
2018-05-09 07:00:00,1525874400.0,2018-05-09 14:00:00,309614,,78.05292,15.92869,52
2018-05-09 08:00:00,1525878000.0,2018-05-09 15:00:00,309544,,78.07757,16.00476,52
2018-05-09 09:00:00,1525881600.0,2018-05-09 16:00:00,309562,,75.83613,16.65734,52
2018-05-09 10:00:00,1525885200.0,2018-05-09 17:00:00,309618,,71.41205,17.83778,52
2018-05-09 11:00:00,1525888800.0,2018-05-09 18:00:00,309781,,65.38802,19.28391,52
2018-05-09 12:00:00,1525892400.0,2018-05-09 19:00:00,309582,,60.95505,20.54252,52
2018-05-09 13:00:00,1525896000.0,2018-05-09 20:00:00,309927,,58.10146,20.63921,52
2018-05-09 14:00:00,1525899600.0,2018-05-09 21:00:00,309949,,59.89336,19.87124,52
2018-05-09 15:00:00,1525903200.0,2018-05-09 22:00:00,309546,,55.23786,20.80398,52
2018-05-09 16:00:00,1525906800.0,2018-05-09 23:00:00,309821,,47.42809,22.10987,52
2018-05-09 17:00:00,1525910400.0,2018-05-10 00:00:00,309923,,44.49804,22.32169,52
2018-05-09 18:00:00,1525914000.0,2018-05-10 01:00:00,309906,,51.46305,21.03162,52
2018-05-09 19:00:00,1525917600.0,2018-05-10 02:00:00,309611,,54.68511,19.38403,52
2018-05-09 20:00:00,1525921200.0,2018-05-10 03:00:00,309902,,54.51466,17.7163,52
2018-05-09 21:00:00,1525924800.0,2018-05-10 04:00:00,309667,,59.85843,17.28154,52
2018-05-09 22:00:00,1525928400.0,2018-05-10 05:00:00,309797,,61.0566,17.0718,52
2018-05-09 23:00:00,1525932000.0,2018-05-10 06:00:00,309866,,63.5601,16.59548,52
2018-05-10 00:00:00,1525935600.0,2018-05-10 07:00:00,309722,,68.75357,15.66704,52
2018-05-10 01:00:00,1525939200.0,2018-05-10 08:00:00,309714,,67.61707,15.46854,52
2018-05-10 02:00:00,1525942800.0,2018-05-10 09:00:00,309590,,69.0031,15.26826,52
2018-05-10 03:00:00,1525946400.0,2018-05-10 10:00:00,309966,,69.16979,15.19162,52
2018-05-10 04:00:00,1525950000.0,2018-05-10 11:00:00,309751,,70.48018,14.91555,52
2018-05-10 05:00:00,1525953600.0,2018-05-10 12:00:00,309697,,73.63601,14.63148,52
2018-05-10 06:00:00,1525957200.0,2018-05-10 13:00:00,309961,,73.42969,14.85632,52
2018-05-10 07:00:00,1525960800.0,2018-05-10 14:00:00,309579,,69.82129,15.58308,52
2018-05-10 08:00:00,1525964400.0,2018-05-10 15:00:00,309929,,69.19146,16.23281,52
2018-05-10 09:00:00,1525968000.0,2018-05-10 16:00:00,309592,,66.13307,16.89625,52
2018-05-10 10:00:00,1525971600.0,2018-05-10 17:00:00,309621,,58.30131,18.7835,52
2018-05-10 11:00:00,1525975200.0,2018-05-10 18:00:00,309811,,50.41221,20.90962,52
2018-05-10 12:00:00,1525978800.0,2018-05-10 19:00:00,309684,,47.30119,22.82625,52
2018-05-10 13:00:00,1525982400.0,2018-05-10 20:00:00,309947,,44.55108,23.75166,52
2018-05-10 14:00:00,1525986000.0,2018-05-10 21:00:00,309934,,47.49421,22.84203,52
2018-05-10 15:00:00,1525989600.0,2018-05-10 22:00:00,309764,,46.31259,22.90037,52
2018-05-10 16:00:00,1525993200.0,2018-05-10 23:00:00,309628,,44.57283,23.65283,52
2018-05-10 17:00:00,1525996800.0,2018-05-11 00:00:00,309724,,47.07219,23.4471,52
2018-05-10 18:00:00,1526000400.0,2018-05-11 01:00:00,309804,,48.88612,22.63284,52
2018-05-10 19:00:00,1526004000.0,2018-05-11 02:00:00,309916,,51.32722,20.66837,52
2018-05-10 20:00:00,1526007600.0,2018-05-11 03:00:00,309956,,57.61353,18.80901,52
2018-05-10 21:00:00,1526011200.0,2018-05-11 04:00:00,309581,,60.32143,17.43481,52
2018-05-10 22:00:00,1526014800.0,2018-05-11 05:00:00,309586,,60.11991,17.1081,52
2018-05-10 23:00:00,1526018400.0,2018-05-11 06:00:00,309785,,64.74458,16.12155,52
2018-05-11 00:00:00,1526022000.0,2018-05-11 07:00:00,309624,,63.14167,16.05441,52
2018-05-11 01:00:00,1526025600.0,2018-05-11 08:00:00,309800,,62.04464,16.31134,52
2018-05-11 02:00:00,1526029200.0,2018-05-11 09:00:00,309869,,61.24219,16.18336,52
2018-05-11 03:00:00,1526032800.0,2018-05-11 10:00:00,309652,,60.8781,16.04329,52
2018-05-11 04:00:00,1526036400.0,2018-05-11 11:00:00,309629,,61.45095,15.75487,52
2018-05-11 05:00:00,1526040000.0,2018-05-11 12:00:00,309554,,62.41745,15.66295,52
2018-05-11 06:00:00,1526043600.0,2018-05-11 13:00:00,309612,,65.20921,15.58062,52
2018-05-11 07:00:00,1526047200.0,2018-05-11 14:00:00,309676,,68.03414,15.56281,52
2018-05-11 08:00:00,1526050800.0,2018-05-11 15:00:00,309673,,67.03808,16.25572,52
2018-05-11 09:00:00,1526054400.0,2018-05-11 16:00:00,309627,,62.1436,17.67892,52
2018-05-11 10:00:00,1526058000.0,2018-05-11 17:00:00,309891,,57.63881,19.60916,52
2018-05-11 11:00:00,1526061600.0,2018-05-11 18:00:00,309849,,51.58115,21.48873,52
2018-05-11 12:00:00,1526065200.0,2018-05-11 19:00:00,309942,,45.68695,24.04035,52
2018-05-11 13:00:00,1526068800.0,2018-05-11 20:00:00,309861,,41.22883,25.2215,52
2018-05-11 14:00:00,1526072400.0,2018-05-11 21:00:00,309664,,43.46485,23.58357,52
2018-05-11 15:00:00,1526076000.0,2018-05-11 22:00:00,309548,,42.87766,23.84103,52
2018-05-11 16:00:00,1526079600.0,2018-05-11 23:00:00,309960,,41.20537,24.48283,52
2018-05-11 17:00:00,1526083200.0,2018-05-12 00:00:00,309840,,38.38372,26.0322,52
2018-05-11 18:00:00,1526086800.0,2018-05-12 01:00:00,309936,,33.13789,27.60943,52
2018-05-11 19:00:00,1526090400.0,2018-05-12 02:00:00,309735,,36.42008,26.18412,52
2018-05-11 20:00:00,1526094000.0,2018-05-12 03:00:00,309610,,34.46566,23.86924,52
2018-05-11 21:00:00,1526097600.0,2018-05-12 04:00:00,309857,,31.93116,23.38757,52
2018-05-11 22:00:00,1526101200.0,2018-05-12 05:00:00,309672,,34.75042,22.56574,52
2018-05-11 23:00:00,1526104800.0,2018-05-12 06:00:00,309650,,35.15547,21.89393,52
2018-05-12 00:00:00,1526108400.0,2018-05-12 07:00:00,309777,,33.2756,21.76374,52
2018-05-12 01:00:00,1526112000.0,2018-05-12 08:00:00,309695,,35.01335,21.48114,52
2018-05-12 02:00:00,1526115600.0,2018-05-12 09:00:00,309711,,39.39277,20.66553,52
2018-05-12 03:00:00,1526119200.0,2018-05-12 10:00:00,309643,,37.19193,20.64561,52
2018-05-12 04:00:00,1526122800.0,2018-05-12 11:00:00,309912,,37.69599,20.64029,52
2018-05-12 05:00:00,1526126400.0,2018-05-12 12:00:00,309963,,39.29185,20.26693,52
2018-05-12 06:00:00,1526130000.0,2018-05-12 13:00:00,309529,,42.11513,19.8826,52
2018-05-12 07:00:00,1526133600.0,2018-05-12 14:00:00,309967,,41.97562,20.59142,52
2018-05-12 08:00:00,1526137200.0,2018-05-12 15:00:00,309648,,50.56474,20.36954,52
2018-05-12 09:00:00,1526140800.0,2018-05-12 16:00:00,309909,,54.22877,19.84144,52
2018-05-12 10:00:00,1526144400.0,2018-05-12 17:00:00,309615,,55.05932,19.61814,52
2018-05-12 11:00:00,1526148000.0,2018-05-12 18:00:00,309698,,52.23013,20.38117,52
2018-05-12 12:00:00,1526151600.0,2018-05-12 19:00:00,309892,,49.51457,21.43505,52
2018-05-12 13:00:00,1526155200.0,2018-05-12 20:00:00,309587,,52.48762,20.55598,52
2018-05-12 14:00:00,1526158800.0,2018-05-12 21:00:00,309755,,58.67169,18.86853,52
2018-05-12 15:00:00,1526162400.0,2018-05-12 22:00:00,309851,,61.29297,18.22461,52
2018-05-12 16:00:00,1526166000.0,2018-05-12 23:00:00,309839,,63.80844,17.64842,52
2018-05-12 17:00:00,1526169600.0,2018-05-13 00:00:00,309767,,64.94189,17.31472,52
2018-05-12 18:00:00,1526173200.0,2018-05-13 01:00:00,309623,,68.53742,16.09417,52
2018-05-12 19:00:00,1526176800.0,2018-05-13 02:00:00,309792,,71.5605,15.28864,52
2018-05-12 20:00:00,1526180400.0,2018-05-13 03:00:00,309635,,73.29504,14.85958,52
2018-05-12 21:00:00,1526184000.0,2018-05-13 04:00:00,309791,,74.28204,14.67229,52
2018-05-12 22:00:00,1526187600.0,2018-05-13 05:00:00,309747,,74.46269,14.51416,52
2018-05-12 23:00:00,1526191200.0,2018-05-13 06:00:00,309841,,75.335,14.37985,52
2018-05-13 00:00:00,1526194800.0,2018-05-13 07:00:00,309748,,75.29445,14.39108,52
2018-05-13 01:00:00,1526198400.0,2018-05-13 08:00:00,309772,,75.1776,14.35034,52
2018-05-13 02:00:00,1526202000.0,2018-05-13 09:00:00,309608,,75.28025,14.39192,52
2018-05-13 03:00:00,1526205600.0,2018-05-13 10:00:00,309905,,75.16709,14.39202,52
2018-05-13 04:00:00,1526209200.0,2018-05-13 11:00:00,309825,,75.39181,14.40017,52
2018-05-13 05:00:00,1526212800.0,2018-05-13 12:00:00,309865,,75.11123,14.42941,52
2018-05-13 06:00:00,1526216400.0,2018-05-13 13:00:00,309783,,75.22229,14.48906,52
2018-05-13 07:00:00,1526220000.0,2018-05-13 14:00:00,309829,,73.13193,14.97755,52
2018-05-13 08:00:00,1526223600.0,2018-05-13 15:00:00,309883,,72.10744,15.44035,52
2018-05-13 09:00:00,1526227200.0,2018-05-13 16:00:00,309729,,71.10928,15.83591,52
2018-05-13 10:00:00,1526230800.0,2018-05-13 17:00:00,309805,,68.59593,16.34179,52
2018-05-13 11:00:00,1526234400.0,2018-05-13 18:00:00,309730,,66.08774,16.91717,52
2018-05-13 12:00:00,1526238000.0,2018-05-13 19:00:00,309570,,61.73291,18.24456,52
2018-05-13 13:00:00,1526241600.0,2018-05-13 20:00:00,309565,,59.72377,18.72323,52
2018-05-13 14:00:00,1526245200.0,2018-05-13 21:00:00,309600,,60.47305,18.35226,52
2018-05-13 15:00:00,1526248800.0,2018-05-13 22:00:00,309774,,61.83242,17.82884,52
2018-05-13 16:00:00,1526252400.0,2018-05-13 23:00:00,309962,,63.1716,17.13479,52
2018-05-13 17:00:00,1526256000.0,2018-05-14 00:00:00,309844,,61.99684,17.2605,52
2018-05-13 18:00:00,1526259600.0,2018-05-14 01:00:00,309686,,60.16159,17.36725,52
2018-05-13 19:00:00,1526263200.0,2018-05-14 02:00:00,309932,,61.75129,16.27342,52
2018-05-13 20:00:00,1526266800.0,2018-05-14 03:00:00,309588,,66.05448,15.03024,52
2018-05-13 21:00:00,1526270400.0,2018-05-14 04:00:00,309680,,67.74426,14.64579,52
2018-05-13 22:00:00,1526274000.0,2018-05-14 05:00:00,309762,,68.346,14.58545,52
2018-05-13 23:00:00,1526277600.0,2018-05-14 06:00:00,309870,,69.66087,14.45598,52
2018-05-14 00:00:00,1526281200.0,2018-05-14 07:00:00,309603,,70.85622,14.39099,52
2018-05-14 01:00:00,1526284800.0,2018-05-14 08:00:00,309659,,70.13694,14.32123,52
2018-05-14 02:00:00,1526288400.0,2018-05-14 09:00:00,309709,,70.64586,14.1685,52
2018-05-14 03:00:00,1526292000.0,2018-05-14 10:00:00,309631,,70.17111,14.14441,52
2018-05-14 04:00:00,1526295600.0,2018-05-14 11:00:00,309564,,70.66609,14.04171,52
2018-05-14 05:00:00,1526299200.0,2018-05-14 12:00:00,309828,,71.39827,13.95166,52
2018-05-14 06:00:00,1526302800.0,2018-05-14 13:00:00,309775,,71.73803,13.77916,52
2018-05-14 07:00:00,1526306400.0,2018-05-14 14:00:00,309732,,72.0122,13.77608,52
2018-05-14 08:00:00,1526310000.0,2018-05-14 15:00:00,309598,,71.85901,13.9854,52
2018-05-14 09:00:00,1526313600.0,2018-05-14 16:00:00,309827,,71.56448,14.25335,52
2018-05-14 10:00:00,1526317200.0,2018-05-14 17:00:00,309863,,69.96098,14.71015,52
2018-05-14 11:00:00,1526320800.0,2018-05-14 18:00:00,309754,,67.23117,15.30591,52
2018-05-14 12:00:00,1526324400.0,2018-05-14 19:00:00,309875,,64.79771,15.9982,52
2018-05-14 13:00:00,1526328000.0,2018-05-14 20:00:00,309901,,63.1185,16.4944,52
2018-05-14 14:00:00,1526331600.0,2018-05-14 21:00:00,309812,,62.11705,16.94233,52
2018-05-14 15:00:00,1526335200.0,2018-05-14 22:00:00,309872,,60.74017,17.41405,52
2018-05-14 16:00:00,1526338800.0,2018-05-14 23:00:00,309761,,59.69931,17.42098,52
2018-05-14 17:00:00,1526342400.0,2018-05-15 00:00:00,309824,,60.21443,17.36539,52
2018-05-14 18:00:00,1526346000.0,2018-05-15 01:00:00,309913,,63.51277,16.6214,52
2018-05-14 19:00:00,1526349600.0,2018-05-15 02:00:00,309720,,66.26693,15.87656,52
2018-05-14 20:00:00,1526353200.0,2018-05-15 03:00:00,309553,,68.37872,15.10986,52
2018-05-14 21:00:00,1526356800.0,2018-05-15 04:00:00,309656,,68.42785,14.88215,52
2018-05-14 22:00:00,1526360400.0,2018-05-15 05:00:00,309771,,70.03679,14.84087,52
2018-05-14 23:00:00,1526364000.0,2018-05-15 06:00:00,309534,,71.2579,14.79063,52
2018-05-15 00:00:00,1526367600.0,2018-05-15 07:00:00,309712,,69.57642,14.64061,52
2018-05-15 01:00:00,1526371200.0,2018-05-15 08:00:00,309641,,69.60547,14.52723,52
2018-05-15 02:00:00,1526374800.0,2018-05-15 09:00:00,309665,,69.33801,14.46651,52
2018-05-15 03:00:00,1526378400.0,2018-05-15 10:00:00,309728,,68.18717,14.42459,52
2018-05-15 04:00:00,1526382000.0,2018-05-15 11:00:00,309876,,68.70973,14.36297,52
2018-05-15 05:00:00,1526385600.0,2018-05-15 12:00:00,309937,,67.60309,14.35869,52
2018-05-15 06:00:00,1526389200.0,2018-05-15 13:00:00,309914,,68.16155,14.42987,52
2018-05-15 07:00:00,1526392800.0,2018-05-15 14:00:00,309658,,67.67488,14.62969,52
2018-05-15 08:00:00,1526396400.0,2018-05-15 15:00:00,309908,,65.62157,15.06462,52
2018-05-15 09:00:00,1526400000.0,2018-05-15 16:00:00,309596,,63.52693,15.69824,52
2018-05-15 10:00:00,1526403600.0,2018-05-15 17:00:00,309759,,60.21002,16.2513,52
2018-05-15 11:00:00,1526407200.0,2018-05-15 18:00:00,309871,,57.00534,16.988,52
2018-05-15 12:00:00,1526410800.0,2018-05-15 19:00:00,309810,,53.96298,18.44031,52
2018-05-15 13:00:00,1526414400.0,2018-05-15 20:00:00,309922,,53.0404,19.12456,52
2018-05-15 14:00:00,1526418000.0,2018-05-15 21:00:00,309900,,53.44506,18.35357,52
2018-05-15 15:00:00,1526421600.0,2018-05-15 22:00:00,309620,,54.8,18.46801,52
2018-05-15 16:00:00,1526425200.0,2018-05-15 23:00:00,309696,,57.50468,18.45796,52
2018-05-15 17:00:00,1526428800.0,2018-05-16 00:00:00,309591,,57.70438,18.46873,52
2018-05-15 18:00:00,1526432400.0,2018-05-16 01:00:00,309710,,59.11951,17.89947,52
2018-05-15 19:00:00,1526436000.0,2018-05-16 02:00:00,309817,,63.039,16.61402,52
2018-05-15 20:00:00,1526439600.0,2018-05-16 03:00:00,309670,,65.42857,15.71156,52
2018-05-15 21:00:00,1526443200.0,2018-05-16 04:00:00,309868,,65.78166,15.43355,52
2018-05-15 22:00:00,1526446800.0,2018-05-16 05:00:00,309847,,67.77524,15.2357,52
2018-05-15 23:00:00,1526450400.0,2018-05-16 06:00:00,309769,,69.19245,15.11992,52
2018-05-16 00:00:00,1526454000.0,2018-05-16 07:00:00,309910,,70.11479,15.14569,52
2018-05-16 01:00:00,1526457600.0,2018-05-16 08:00:00,309625,,70.02172,15.06495,52
2018-05-16 02:00:00,1526461200.0,2018-05-16 09:00:00,309855,,71.39231,15.05641,52
2018-05-16 03:00:00,1526464800.0,2018-05-16 10:00:00,309572,,70.3734,14.99317,52
2018-05-16 04:00:00,1526468400.0,2018-05-16 11:00:00,309717,,72.04472,14.51751,52
2018-05-16 05:00:00,1526472000.0,2018-05-16 12:00:00,309539,,72.31857,14.59717,52
2018-05-16 06:00:00,1526475600.0,2018-05-16 13:00:00,309907,,71.24876,14.61933,52
2018-05-16 07:00:00,1526479200.0,2018-05-16 14:00:00,309679,,70.2842,14.75793,52
2018-05-16 08:00:00,1526482800.0,2018-05-16 15:00:00,309959,,69.24779,15.65201,52
2018-05-16 09:00:00,1526486400.0,2018-05-16 16:00:00,309919,,65.95448,16.50245,52
2018-05-16 10:00:00,1526490000.0,2018-05-16 17:00:00,309933,,61.13157,17.20587,52
2018-05-16 11:00:00,1526493600.0,2018-05-16 18:00:00,309846,,57.17453,18.13896,52
2018-05-16 12:00:00,1526497200.0,2018-05-16 19:00:00,309935,,53.41695,19.60992,52
2018-05-16 15:00:00,1526508000.0,2018-05-16 22:00:00,309903,,60.38155,18.46896,52
2018-05-16 16:00:00,1526511600.0,2018-05-16 23:00:00,309645,,58.27481,18.21898,52
2018-05-16 17:00:00,1526515200.0,2018-05-17 00:00:00,309858,,57.40175,18.36766,52
2018-05-16 18:00:00,1526518800.0,2018-05-17 01:00:00,309634,,56.58536,19.11097,52
2018-05-16 19:00:00,1526522400.0,2018-05-17 02:00:00,309818,,61.55144,18.05972,52
2018-05-16 20:00:00,1526526000.0,2018-05-17 03:00:00,309835,,66.23027,17.04333,52
2018-05-16 21:00:00,1526529600.0,2018-05-17 04:00:00,309599,,62.15406,16.27272,52
2018-05-16 22:00:00,1526533200.0,2018-05-17 05:00:00,309576,,65.63761,15.63711,52
2018-05-16 23:00:00,1526536800.0,2018-05-17 06:00:00,309768,,66.47817,15.236,52
2018-05-17 00:00:00,1526540400.0,2018-05-17 07:00:00,309749,,70.51843,14.96266,52
2018-05-17 01:00:00,1526544000.0,2018-05-17 08:00:00,309660,,71.47735,14.86643,52
2018-05-17 02:00:00,1526547600.0,2018-05-17 09:00:00,309613,,71.96458,14.66062,52
2018-05-17 03:00:00,1526551200.0,2018-05-17 10:00:00,309739,,72.43886,14.60061,52
2018-05-17 04:00:00,1526554800.0,2018-05-17 11:00:00,309626,,73.20009,14.4357,52
2018-05-17 05:00:00,1526558400.0,2018-05-17 12:00:00,309928,,73.90199,14.44345,52
2018-05-17 06:00:00,1526562000.0,2018-05-17 13:00:00,309904,,74.72842,14.54388,52
2018-05-17 07:00:00,1526565600.0,2018-05-17 14:00:00,309571,,73.71836,15.18739,52
2018-05-17 08:00:00,1526569200.0,2018-05-17 15:00:00,309882,,70.72804,15.93997,52
2018-05-17 09:00:00,1526572800.0,2018-05-17 16:00:00,309550,,65.84195,17.1291,52
2018-05-17 10:00:00,1526576400.0,2018-05-17 17:00:00,309547,,61.19258,18.61097,52
2018-05-17 11:00:00,1526580000.0,2018-05-17 18:00:00,309541,,56.91579,20.32138,52
2018-05-17 12:00:00,1526583600.0,2018-05-17 19:00:00,309879,,52.18699,22.35058,52
2018-05-17 13:00:00,1526587200.0,2018-05-17 20:00:00,309707,,54.84758,21.18141,52
2018-05-17 14:00:00,1526590800.0,2018-05-17 21:00:00,309662,,58.5025,19.9769,52
2018-05-17 15:00:00,1526594400.0,2018-05-17 22:00:00,309677,,58.99786,19.76297,52
2018-05-17 16:00:00,1526598000.0,2018-05-17 23:00:00,309925,,60.11003,19.25184,52
2018-05-17 17:00:00,1526601600.0,2018-05-18 00:00:00,309948,,62.15362,18.6438,52
2018-05-17 18:00:00,1526605200.0,2018-05-18 01:00:00,309742,,61.96142,18.80612,52
2018-05-17 19:00:00,1526608800.0,2018-05-18 02:00:00,309640,,63.49699,17.88381,52
2018-05-17 20:00:00,1526612400.0,2018-05-18 03:00:00,309566,,66.49452,16.66436,52
2018-05-17 21:00:00,1526616000.0,2018-05-18 04:00:00,309649,,67.33411,16.17218,52
2018-05-17 22:00:00,1526619600.0,2018-05-18 05:00:00,309557,,69.73746,15.52433,52
2018-05-17 23:00:00,1526623200.0,2018-05-18 06:00:00,309605,,72.04455,15.10778,52
2018-05-18 00:00:00,1526626800.0,2018-05-18 07:00:00,309691,,73.11013,14.75835,52
2018-05-18 01:00:00,1526630400.0,2018-05-18 08:00:00,309952,,73.74216,14.47984,52
2018-05-18 02:00:00,1526634000.0,2018-05-18 09:00:00,309957,,74.20204,14.40854,52
2018-05-18 03:00:00,1526637600.0,2018-05-18 10:00:00,309704,,74.80811,14.2718,52
2018-05-18 04:00:00,1526641200.0,2018-05-18 11:00:00,309654,,76.2994,14.06679,52
2018-05-18 05:00:00,1526644800.0,2018-05-18 12:00:00,309859,,76.56424,14.10104,52
2018-05-18 06:00:00,1526648400.0,2018-05-18 13:00:00,309776,,77.18496,14.03997,52
2018-05-18 07:00:00,1526652000.0,2018-05-18 14:00:00,309893,,77.28189,14.15102,52
2018-05-18 08:00:00,1526655600.0,2018-05-18 15:00:00,309790,,77.43351,14.42167,52
2018-05-18 09:00:00,1526659200.0,2018-05-18 16:00:00,309556,,76.96711,14.62059,52
2018-05-18 10:00:00,1526662800.0,2018-05-18 17:00:00,309833,,74.34859,15.41242,52
2018-05-18 11:00:00,1526666400.0,2018-05-18 18:00:00,309862,,68.94713,16.88273,52
2018-05-18 12:00:00,1526670000.0,2018-05-18 19:00:00,309584,,64.27994,18.34188,52
2018-05-18 13:00:00,1526673600.0,2018-05-18 20:00:00,309636,,62.45281,18.56742,52
2018-05-18 14:00:00,1526677200.0,2018-05-18 21:00:00,309757,,62.28492,18.5939,52
2018-05-18 15:00:00,1526680800.0,2018-05-18 22:00:00,309646,,64.58363,17.96316,52
2018-05-18 16:00:00,1526684400.0,2018-05-18 23:00:00,309798,,62.84128,18.52666,52
2018-05-18 17:00:00,1526688000.0,2018-05-19 00:00:00,309668,,63.07205,18.2817,52
2018-05-18 18:00:00,1526691600.0,2018-05-19 01:00:00,309853,,62.97379,18.08509,52
2018-05-18 19:00:00,1526695200.0,2018-05-19 02:00:00,309532,,68.31063,16.1578,52
2018-05-18 20:00:00,1526698800.0,2018-05-19 03:00:00,309693,,72.31504,14.94663,52
2018-05-18 21:00:00,1526702400.0,2018-05-19 04:00:00,309971,,72.95844,14.50818,52
2018-05-18 22:00:00,1526706000.0,2018-05-19 05:00:00,309887,,72.41106,14.51581,52
2018-05-18 23:00:00,1526709600.0,2018-05-19 06:00:00,309845,,72.69955,14.28014,52
2018-05-19 00:00:00,1526713200.0,2018-05-19 07:00:00,309639,,73.48511,13.99326,52
2018-05-19 01:00:00,1526716800.0,2018-05-19 08:00:00,309834,,74.01645,13.7725,52
2018-05-19 02:00:00,1526720400.0,2018-05-19 09:00:00,309651,,74.20092,13.61134,52
2018-05-19 03:00:00,1526724000.0,2018-05-19 10:00:00,309737,,74.05692,13.60762,52
2018-05-19 04:00:00,1526727600.0,2018-05-19 11:00:00,309924,,73.85847,13.58966,52
2018-05-19 05:00:00,1526731200.0,2018-05-19 12:00:00,309819,,73.70624,13.57031,52
2018-05-19 06:00:00,1526734800.0,2018-05-19 13:00:00,309531,,73.17001,13.59645,52
2018-05-19 07:00:00,1526738400.0,2018-05-19 14:00:00,309970,,71.98953,14.04909,52
2018-05-19 08:00:00,1526742000.0,2018-05-19 15:00:00,309789,,70.72854,14.64071,52
2018-05-19 09:00:00,1526745600.0,2018-05-19 16:00:00,309766,,68.00507,15.53695,52
2018-05-19 10:00:00,1526749200.0,2018-05-19 17:00:00,309580,,65.21941,16.42718,52
2018-05-19 11:00:00,1526752800.0,2018-05-19 18:00:00,309964,,63.06212,17.16871,52
2018-05-19 12:00:00,1526756400.0,2018-05-19 19:00:00,309945,,60.12497,18.25624,52
2018-05-19 13:00:00,1526760000.0,2018-05-19 20:00:00,309946,,60.27814,18.13182,52
2018-05-19 14:00:00,1526763600.0,2018-05-19 21:00:00,309773,,58.92364,18.59302,52
2018-05-19 15:00:00,1526767200.0,2018-05-19 22:00:00,309606,,60.11677,18.18127,52
2018-05-19 16:00:00,1526770800.0,2018-05-19 23:00:00,309559,,59.24111,18.36269,52
2018-05-19 17:00:00,1526774400.0,2018-05-20 00:00:00,309886,,58.7696,18.23771,52
2018-05-19 18:00:00,1526778000.0,2018-05-20 01:00:00,309809,,59.21961,18.01355,52
2018-05-19 19:00:00,1526781600.0,2018-05-20 02:00:00,309713,,61.23426,17.09585,52
2018-05-19 20:00:00,1526785200.0,2018-05-20 03:00:00,309943,,67.72196,15.41172,52
2018-05-19 21:00:00,1526788800.0,2018-05-20 04:00:00,309941,,71.28135,14.58816,52
2018-05-19 22:00:00,1526792400.0,2018-05-20 05:00:00,309708,,71.55025,14.36769,52
2018-05-19 23:00:00,1526796000.0,2018-05-20 06:00:00,309874,,71.12368,14.21929,52
2018-05-20 00:00:00,1526799600.0,2018-05-20 07:00:00,309745,,71.1829,14.18943,52
2018-05-20 01:00:00,1526803200.0,2018-05-20 08:00:00,309563,,70.57444,14.47191,52
2018-05-20 02:00:00,1526806800.0,2018-05-20 09:00:00,309822,,69.4755,14.73678,52
2018-05-20 03:00:00,1526810400.0,2018-05-20 10:00:00,309878,,68.80887,14.81688,52
2018-05-20 04:00:00,1526814000.0,2018-05-20 11:00:00,309803,,69.8896,14.64664,52
2018-05-20 05:00:00,1526817600.0,2018-05-20 12:00:00,309802,,69.82113,14.36555,52
2018-05-20 06:00:00,1526821200.0,2018-05-20 13:00:00,309889,,68.6404,14.53761,52
2018-05-20 07:00:00,1526824800.0,2018-05-20 14:00:00,309779,,66.23492,14.86314,52
2018-05-20 08:00:00,1526828400.0,2018-05-20 15:00:00,309808,,66.67025,15.14957,52
2018-05-20 09:00:00,1526832000.0,2018-05-20 16:00:00,309955,,62.51721,16.22589,52
2018-05-20 10:00:00,1526835600.0,2018-05-20 17:00:00,309725,,59.80118,17.29909,52
2018-05-20 11:00:00,1526839200.0,2018-05-20 18:00:00,309888,,58.06116,18.27977,52
2018-05-20 12:00:00,1526842800.0,2018-05-20 19:00:00,309917,,54.62205,19.54975,52
2018-05-20 13:00:00,1526846400.0,2018-05-20 20:00:00,309760,,53.88582,19.28915,52
2018-05-20 14:00:00,1526850000.0,2018-05-20 21:00:00,309897,,54.86113,19.27123,52
2018-05-20 15:00:00,1526853600.0,2018-05-20 22:00:00,309852,,55.0379,19.35481,52
2018-05-20 16:00:00,1526857200.0,2018-05-20 23:00:00,309678,,55.75662,19.00401,52
2018-05-20 17:00:00,1526860800.0,2018-05-21 00:00:00,309734,,59.77368,17.92799,52
2018-05-20 18:00:00,1526864400.0,2018-05-21 01:00:00,309744,,58.90551,18.23592,52
2018-05-20 19:00:00,1526868000.0,2018-05-21 02:00:00,309915,,59.25923,17.70555,52
2018-05-20 20:00:00,1526871600.0,2018-05-21 03:00:00,309770,,63.14706,16.23767,52
2018-05-20 21:00:00,1526875200.0,2018-05-21 04:00:00,309794,,65.82409,15.37025,52
2018-05-20 22:00:00,1526878800.0,2018-05-21 05:00:00,309926,,67.37438,14.82175,52
2018-05-20 23:00:00,1526882400.0,2018-05-21 06:00:00,309832,,67.67987,14.68178,52
2018-05-21 00:00:00,1526886000.0,2018-05-21 07:00:00,309633,,68.37754,14.54617,52
2018-05-21 01:00:00,1526889600.0,2018-05-21 08:00:00,309921,,69.74247,14.40727,52
2018-05-21 02:00:00,1526893200.0,2018-05-21 09:00:00,309537,,71.65489,14.05062,52
2018-05-21 03:00:00,1526896800.0,2018-05-21 10:00:00,309954,,73.32225,13.80756,52
2018-05-21 04:00:00,1526900400.0,2018-05-21 11:00:00,309589,,73.88639,13.74272,52
2018-05-21 05:00:00,1526904000.0,2018-05-21 12:00:00,309619,,73.39868,13.65339,52
2018-05-21 06:00:00,1526907600.0,2018-05-21 13:00:00,309885,,74.02811,13.7665,52
2018-05-21 07:00:00,1526911200.0,2018-05-21 14:00:00,309687,,72.17475,14.52974,52
2018-05-21 08:00:00,1526914800.0,2018-05-21 15:00:00,309911,,68.67114,15.60014,52
2018-05-21 09:00:00,1526918400.0,2018-05-21 16:00:00,309823,,63.74981,17.1027,52
2018-05-21 10:00:00,1526922000.0,2018-05-21 17:00:00,309549,,57.17231,19.07485,52
2018-05-21 11:00:00,1526925600.0,2018-05-21 18:00:00,309675,,53.93209,20.5697,52
2018-05-21 14:00:00,1526936400.0,2018-05-21 21:00:00,309528,,53.16654,20.95735,52
2018-05-21 15:00:00,1526940000.0,2018-05-21 22:00:00,309638,,51.97097,21.26782,52
2018-05-21 17:00:00,1526947200.0,2018-05-22 00:00:00,309560,,56.40798,19.64178,52
2018-05-21 20:00:00,1526958000.0,2018-05-22 03:00:00,309644,,68.45408,15.50561,52
2018-05-21 22:00:00,1526965200.0,2018-05-22 05:00:00,309920,,71.00374,15.06047,52
2018-05-21 23:00:00,1526968800.0,2018-05-22 06:00:00,309702,,71.59703,14.97878,52
2018-05-22 01:00:00,1526976000.0,2018-05-22 08:00:00,309765,,72.5872,14.97514,52
2018-05-22 03:00:00,1526983200.0,2018-05-22 10:00:00,309816,,73.73165,14.76188,52
2018-05-22 04:00:00,1526986800.0,2018-05-22 11:00:00,309881,,73.88209,14.58393,52
2018-05-22 05:00:00,1526990400.0,2018-05-22 12:00:00,309561,,74.77847,14.37891,52
2018-05-22 08:00:00,1527001200.0,2018-05-22 15:00:00,309543,,73.22353,14.80635,52
2018-05-22 10:00:00,1527008400.0,2018-05-22 17:00:00,309569,,72.2301,15.49872,52
2018-05-22 11:00:00,1527012000.0,2018-05-22 18:00:00,309939,,71.30691,15.72891,52
2018-05-22 12:00:00,1527015600.0,2018-05-22 19:00:00,309830,,68.8516,16.34584,52
2018-05-22 14:00:00,1527022800.0,2018-05-22 21:00:00,309782,,66.6903,17.02958,52
2018-05-22 15:00:00,1527026400.0,2018-05-22 22:00:00,309574,,67.02086,16.85305,52
2018-05-22 16:00:00,1527030000.0,2018-05-22 23:00:00,309741,,69.3338,16.46623,52
2018-05-22 17:00:00,1527033600.0,2018-05-23 00:00:00,309965,,71.54791,16.2521,52
2018-05-22 19:00:00,1527040800.0,2018-05-23 02:00:00,309653,,74.94555,15.35311,52
2018-05-22 20:00:00,1527044400.0,2018-05-23 03:00:00,309585,,75.83548,15.20287,52
2018-05-22 21:00:00,1527048000.0,2018-05-23 04:00:00,309944,,76.67428,15.02646,52
2018-05-22 22:00:00,1527051600.0,2018-05-23 05:00:00,309786,,77.84297,14.82585,52
2018-05-22 23:00:00,1527055200.0,2018-05-23 06:00:00,309593,,78.6438,14.73443,52
2018-05-23 00:00:00,1527058800.0,2018-05-23 07:00:00,309815,,78.38183,14.72893,52
2018-05-23 03:00:00,1527069600.0,2018-05-23 10:00:00,309689,,78.34921,14.6148,52
2018-05-23 04:00:00,1527073200.0,2018-05-23 11:00:00,309594,,78.67709,14.58028,52
2018-05-23 05:00:00,1527076800.0,2018-05-23 12:00:00,309854,,79.82475,14.34816,52
2018-05-23 06:00:00,1527080400.0,2018-05-23 13:00:00,309706,,80.50406,14.22883,52
2018-05-23 08:00:00,1527087600.0,2018-05-23 15:00:00,309969,,79.52547,14.67007,52
2018-05-23 09:00:00,1527091200.0,2018-05-23 16:00:00,309583,,79.88294,14.64301,52
2018-05-23 10:00:00,1527094800.0,2018-05-23 17:00:00,309597,,79.81464,14.87637,52
2018-05-23 11:00:00,1527098400.0,2018-05-23 18:00:00,309738,,76.49499,15.64212,52
2018-05-23 12:00:00,1527102000.0,2018-05-23 19:00:00,309806,,71.85673,16.2813,52
2018-05-23 13:00:00,1527105600.0,2018-05-23 20:00:00,309796,,71.2738584090909,15.8886325,52
2018-08-07 10:00:00,1533661200.0,2018-08-07 17:00:00,895556,,69.59026,17.38864,52
2018-08-07 11:00:00,1533664800.0,2018-08-07 18:00:00,895557,,67.72233966666667,17.941732000000002,52
2018-08-07 12:00:00,1533668400.0,2018-08-07 19:00:00,895558,,62.85199016666667,19.645833833333334,52
2018-08-07 13:00:00,1533672000.0,2018-08-07 20:00:00,895559,,60.058422166666666,20.714881833333333,52
2018-08-07 14:00:00,1533675600.0,2018-08-07 21:00:00,895560,,62.66446216666667,20.28185,52
2018-08-07 15:00:00,1533679200.0,2018-08-07 22:00:00,895561,,61.98228916666667,20.625016666666667,52
2018-08-07 16:00:00,1533682800.0,2018-08-07 23:00:00,895562,,62.58651716666667,20.504929,52
2018-08-07 17:00:00,1533686400.0,2018-08-08 00:00:00,895563,,62.34684166666667,20.662878666666668,52
2018-08-07 18:00:00,1533690000.0,2018-08-08 01:00:00,895564,,62.704205,20.541639166666666,52
2018-08-07 19:00:00,1533693600.0,2018-08-08 02:00:00,895565,,70.49238383333334,18.328011166666666,52
2018-08-07 20:00:00,1533697200.0,2018-08-08 03:00:00,895566,,74.93011133333333,16.983323833333333,52
2018-08-07 21:00:00,1533700800.0,2018-08-08 04:00:00,895567,,77.9661305,16.266308,52
2018-08-07 22:00:00,1533704400.0,2018-08-08 05:00:00,895568,,79.2904145,15.984946833333334,52
2018-08-07 23:00:00,1533708000.0,2018-08-08 06:00:00,895569,,79.97014283333333,16.04672083333333,52
2018-08-08 00:00:00,1533711600.0,2018-08-08 07:00:00,895570,,80.51912183333333,15.598682333333333,52
2018-08-08 01:00:00,1533715200.0,2018-08-08 08:00:00,895571,,82.12010033333333,15.0373255,52
2018-08-08 02:00:00,1533718800.0,2018-08-08 09:00:00,895572,,82.955777,14.9735625,52
2018-08-08 03:00:00,1533722400.0,2018-08-08 10:00:00,895573,,82.96796366666666,14.653981,52
2018-08-08 04:00:00,1533726000.0,2018-08-08 11:00:00,895574,,83.41637933333334,14.500363166666666,52
2018-08-08 05:00:00,1533729600.0,2018-08-08 12:00:00,895575,,84.08306233333333,14.2256515,52
2018-08-08 07:00:00,1533736800.0,2018-08-08 14:00:00,895577,,84.48463166666667,14.599801166666667,52
2018-08-08 08:00:00,1533740400.0,2018-08-08 15:00:00,895578,,84.05363066666666,15.404443666666667,52
2018-08-08 09:00:00,1533744000.0,2018-08-08 16:00:00,895579,,84.26284766666667,15.847421833333334,52
2018-08-08 10:00:00,1533747600.0,2018-08-08 17:00:00,895580,,78.961114,17.548565833333335,52
2018-08-08 11:00:00,1533751200.0,2018-08-08 18:00:00,895581,,72.11453633333333,19.038973833333333,52
2018-08-08 12:00:00,1533754800.0,2018-08-08 19:00:00,895582,,64.8867795,21.372489,52
2018-08-08 13:00:00,1533758400.0,2018-08-08 20:00:00,895583,,58.51447983333333,23.054277166666665,52
2018-08-08 14:00:00,1533762000.0,2018-08-08 21:00:00,895584,,58.0209835,23.03846,52
2018-08-08 15:00:00,1533765600.0,2018-08-08 22:00:00,895585,,56.234902,23.147334333333333,52
2018-08-08 16:00:00,1533769200.0,2018-08-08 23:00:00,895586,,55.00739633333333,23.181682,52
2018-08-08 17:00:00,1533772800.0,2018-08-09 00:00:00,895587,,54.499773833333336,23.478634166666666,52
2018-08-08 18:00:00,1533776400.0,2018-08-09 01:00:00,895588,,54.506198,23.026658833333332,52
2018-08-08 19:00:00,1533780000.0,2018-08-09 02:00:00,895589,,64.56405016666666,19.364336,52
2018-08-08 20:00:00,1533783600.0,2018-08-09 03:00:00,895590,,74.82418233333334,16.660809333333333,52
2018-08-08 21:00:00,1533787200.0,2018-08-09 04:00:00,895591,,78.229968,16.013036833333334,52
2018-08-08 22:00:00,1533790800.0,2018-08-09 05:00:00,895592,,79.73805266666666,15.7648375,52
2018-08-08 23:00:00,1533794400.0,2018-08-09 06:00:00,895593,,80.44843833333333,15.639712666666666,52
2018-08-09 00:00:00,1533798000.0,2018-08-09 07:00:00,895594,,80.15415066666667,15.57292,52
2018-08-09 01:00:00,1533801600.0,2018-08-09 08:00:00,895595,,80.03195766666667,15.419895499999999,52
2018-08-09 02:00:00,1533805200.0,2018-08-09 09:00:00,895596,,80.51934883333334,15.271814166666667,52
2018-08-09 03:00:00,1533808800.0,2018-08-09 10:00:00,895597,,82.415023,15.0587455,52
2018-08-09 04:00:00,1533812400.0,2018-08-09 11:00:00,895598,,82.83212116666667,15.001941166666667,52
2018-08-09 05:00:00,1533816000.0,2018-08-09 12:00:00,895599,,83.003753,14.898908333333333,52
2018-08-09 06:00:00,1533819600.0,2018-08-09 13:00:00,895600,,82.16866916666666,14.880426666666667,52
2018-08-09 07:00:00,1533823200.0,2018-08-09 14:00:00,895601,,82.549645,15.352645666666668,52
2018-08-09 08:00:00,1533826800.0,2018-08-09 15:00:00,895602,,79.89393516666667,16.345479,52
2018-08-09 09:00:00,1533830400.0,2018-08-09 16:00:00,895603,,75.86079666666667,18.189775166666667,52
2018-08-09 10:00:00,1533834000.0,2018-08-09 17:00:00,895604,,67.34423366666667,20.7429055,52
2018-08-09 11:00:00,1533837600.0,2018-08-09 18:00:00,895605,,61.15650866666667,23.330955499999998,52
2018-08-09 12:00:00,1533841200.0,2018-08-09 19:00:00,895606,,52.393797166666666,26.624320833333332,52
2018-08-09 13:00:00,1533844800.0,2018-08-09 20:00:00,895607,,46.222864333333334,28.308258166666665,52
2018-08-09 14:00:00,1533848400.0,2018-08-09 21:00:00,895608,,46.355458,27.622014166666666,52
2018-08-09 15:00:00,1533852000.0,2018-08-09 22:00:00,895609,,43.729426833333335,28.6511935,52
2018-08-09 16:00:00,1533855600.0,2018-08-09 23:00:00,895610,,42.320514833333334,29.1598705,52
2018-08-09 17:00:00,1533859200.0,2018-08-10 00:00:00,895611,,45.34515416666667,27.272046666666668,52
2018-08-09 18:00:00,1533862800.0,2018-08-10 01:00:00,895612,,46.658373833333336,26.377473666666667,52
2018-08-09 19:00:00,1533866400.0,2018-08-10 02:00:00,895613,,51.226522833333334,24.0446865,52
2018-08-09 20:00:00,1533870000.0,2018-08-10 03:00:00,895614,,58.3166895,20.4151785,52
2018-08-09 21:00:00,1533873600.0,2018-08-10 04:00:00,895615,,54.520064833333336,21.242619833333332,52
2018-08-09 22:00:00,1533877200.0,2018-08-10 05:00:00,895616,,65.65508983333334,18.579735166666666,52
2018-08-09 23:00:00,1533880800.0,2018-08-10 06:00:00,895617,,76.15600633333334,16.180351,52
2018-08-10 00:00:00,1533884400.0,2018-08-10 07:00:00,895618,,78.388192,15.623124,52
2018-08-10 01:00:00,1533888000.0,2018-08-10 08:00:00,895619,,76.54267716666666,15.953645666666667,52
2018-08-10 02:00:00,1533891600.0,2018-08-10 09:00:00,895620,,71.9153575,16.562781166666667,52
2018-08-10 03:00:00,1533895200.0,2018-08-10 10:00:00,895621,,64.8142625,18.040126833333332,52
2018-08-10 04:00:00,1533898800.0,2018-08-10 11:00:00,895622,,51.212895833333334,20.797895166666667,52
2018-08-10 05:00:00,1533902400.0,2018-08-10 12:00:00,895623,,58.905910666666664,19.692407166666666,52
2018-08-10 06:00:00,1533906000.0,2018-08-10 13:00:00,895624,,65.44207916666667,18.4590845,52
2018-08-10 07:00:00,1533909600.0,2018-08-10 14:00:00,895625,,61.51793266666667,19.811110333333332,52
2018-08-10 08:00:00,1533913200.0,2018-08-10 15:00:00,895626,,58.851537,21.4437575,52
2018-08-10 09:00:00,1533916800.0,2018-08-10 16:00:00,895627,,65.15266766666666,20.502501,52
2018-08-10 10:00:00,1533920400.0,2018-08-10 17:00:00,895628,,64.87201183333333,20.531013833333333,52
2018-08-10 11:00:00,1533924000.0,2018-08-10 18:00:00,895629,,62.29244216666667,21.282097333333333,52
2018-08-10 12:00:00,1533927600.0,2018-08-10 19:00:00,895630,,54.7518245,24.10906,52
2018-08-10 13:00:00,1533931200.0,2018-08-10 20:00:00,895631,,49.1244225,26.191110166666668,52
2018-08-10 14:00:00,1533934800.0,2018-08-10 21:00:00,895632,,50.61095816666667,25.030991,52
2018-08-10 15:00:00,1533938400.0,2018-08-10 22:00:00,895633,,52.427223166666664,24.283246166666668,52
2018-08-10 16:00:00,1533942000.0,2018-08-10 23:00:00,895634,,53.130779152542374,24.588479152542373,52
2018-08-10 17:00:00,1533945600.0,2018-08-11 00:00:00,895635,,51.718021212121215,25.22655484848485,52
2018-08-10 18:00:00,1533949200.0,2018-08-11 01:00:00,895636,,51.73882,25.31195,52
2018-08-10 20:00:00,1533956400.0,2018-08-11 03:00:00,895638,,45.35821,25.81213,52
2018-08-10 21:00:00,1533960000.0,2018-08-11 04:00:00,895639,,,,52
2018-08-11 04:00:00,1533985200.0,2018-08-11 11:00:00,895646,,55.26804,21.08363,52
2018-08-11 05:00:00,1533988800.0,2018-08-11 12:00:00,895647,,,,52
2018-08-11 06:00:00,1533992400.0,2018-08-11 13:00:00,895648,,,,52
2018-08-11 07:00:00,1533996000.0,2018-08-11 14:00:00,895649,,69.9647329787234,18.57742659574468,52
2018-08-11 10:00:00,1534006800.0,2018-08-11 17:00:00,895652,,63.80722,21.35967,52
2018-08-11 11:00:00,1534010400.0,2018-08-11 18:00:00,895653,,57.69559,23.50726,52
2018-08-11 17:00:00,1534032000.0,2018-08-12 00:00:00,895659,,53.89147,24.34815,52
2018-08-11 18:00:00,1534035600.0,2018-08-12 01:00:00,895660,,,,52
2018-08-11 20:00:00,1534042800.0,2018-08-12 03:00:00,895662,,62.72864,21.01656,52
2018-08-11 21:00:00,1534046400.0,2018-08-12 04:00:00,895663,,66.5945,20.10563,52
2018-08-11 23:00:00,1534053600.0,2018-08-12 06:00:00,895665,,69.55056,19.24153,52
2018-08-12 00:00:00,1534057200.0,2018-08-12 07:00:00,895666,,73.29831,18.12157,52
2018-08-12 02:00:00,1534064400.0,2018-08-12 09:00:00,895668,,75.98706,17.49574,52
2018-08-12 03:00:00,1534068000.0,2018-08-12 10:00:00,895669,,,,52
2018-08-12 04:00:00,1534071600.0,2018-08-12 11:00:00,895670,,76.3222,17.1847,52
2018-08-12 05:00:00,1534075200.0,2018-08-12 12:00:00,895671,,,,52
2018-08-12 06:00:00,1534078800.0,2018-08-12 13:00:00,895672,,76.7226,17.04238,52
2018-08-12 07:00:00,1534082400.0,2018-08-12 14:00:00,895673,,,,52
2018-08-12 10:00:00,1534093200.0,2018-08-12 17:00:00,895676,,64.10497,21.35071,52
2018-08-12 11:00:00,1534096800.0,2018-08-12 18:00:00,895677,,59.31086,22.99736,52
2018-08-12 12:00:00,1534100400.0,2018-08-12 19:00:00,895678,,55.00712,24.14129,52
2018-08-12 13:00:00,1534104000.0,2018-08-12 20:00:00,895679,,55.80018,23.24355,52
2018-08-12 14:00:00,1534107600.0,2018-08-12 21:00:00,895680,,58.33061,22.30417,52
2018-08-12 18:00:00,1534122000.0,2018-08-13 01:00:00,895684,,65.30201,19.59838,52
2018-08-12 19:00:00,1534125600.0,2018-08-13 02:00:00,895685,,70.34374,18.23772,52
2018-08-12 22:00:00,1534136400.0,2018-08-13 05:00:00,895688,,75.96646,17.52722,52
2018-08-13 02:00:00,1534150800.0,2018-08-13 09:00:00,895692,,76.87138,17.14882,52
2018-08-13 04:00:00,1534158000.0,2018-08-13 11:00:00,895694,,78.62133,16.25316,52
2018-08-13 05:00:00,1534161600.0,2018-08-13 12:00:00,895695,,,,52
2018-08-13 06:00:00,1534165200.0,2018-08-13 13:00:00,895696,,,,52
2018-08-13 07:00:00,1534168800.0,2018-08-13 14:00:00,895697,,,,52
2018-08-13 10:00:00,1534179600.0,2018-08-13 17:00:00,895700,,77.18871,16.95847,52
2018-08-13 12:00:00,1534186800.0,2018-08-13 19:00:00,895702,,62.09391,21.04449,52
2018-08-13 14:00:00,1534194000.0,2018-08-13 21:00:00,895704,,64.70648,20.54979,52
2018-08-13 17:00:00,1534204800.0,2018-08-14 00:00:00,895707,,68.93377,19.34485,52
2018-08-13 18:00:00,1534208400.0,2018-08-14 01:00:00,895708,,,,52
2018-08-13 19:00:00,1534212000.0,2018-08-14 02:00:00,895709,,75.52313,17.31991,52
2018-08-13 20:00:00,1534215600.0,2018-08-14 03:00:00,895710,,,,52
2018-08-13 21:00:00,1534219200.0,2018-08-14 04:00:00,895711,,,,52
2018-08-13 22:00:00,1534222800.0,2018-08-14 05:00:00,895712,,,,52
2018-08-13 23:00:00,1534226400.0,2018-08-14 06:00:00,895713,,,,52
2018-08-14 00:00:00,1534230000.0,2018-08-14 07:00:00,895714,,,,52
2018-08-14 02:00:00,1534237200.0,2018-08-14 09:00:00,895716,,80.6631,16.18793,52
2018-08-14 03:00:00,1534240800.0,2018-08-14 10:00:00,895717,,,,52
2018-08-14 04:00:00,1534244400.0,2018-08-14 11:00:00,895718,,,,52
2018-08-14 06:00:00,1534251600.0,2018-08-14 13:00:00,895720,,81.45189,16.23049,52
2018-08-14 07:00:00,1534255200.0,2018-08-14 14:00:00,895721,,81.59446,16.34349,52
2018-08-14 08:00:00,1534258800.0,2018-08-14 15:00:00,895722,,,,52
2018-08-14 12:00:00,1534273200.0,2018-08-14 19:00:00,895726,,76.84042,18.00839,52
2018-08-14 14:00:00,1534280400.0,2018-08-14 21:00:00,895728,,70.52833,19.84973,52
2018-08-14 15:00:00,1534284000.0,2018-08-14 22:00:00,895729,,,,52
2018-08-14 16:00:00,1534287600.0,2018-08-14 23:00:00,895730,,,,52
2018-08-14 17:00:00,1534291200.0,2018-08-15 00:00:00,895731,,,,52
2018-08-14 19:00:00,1534298400.0,2018-08-15 02:00:00,895733,,75.43723,18.60664,52
2018-08-14 20:00:00,1534302000.0,2018-08-15 03:00:00,895734,,,,52
2018-08-15 00:00:00,1534316400.0,2018-08-15 07:00:00,895738,,78.84115,17.57513,52
2018-08-15 01:00:00,1534320000.0,2018-08-15 08:00:00,895739,,,,52
2018-08-15 02:00:00,1534323600.0,2018-08-15 09:00:00,895740,,,,52
2018-08-15 08:00:00,1534345200.0,2018-08-15 15:00:00,895746,,76.1791,17.71683,52
2018-08-15 09:00:00,1534348800.0,2018-08-15 16:00:00,895747,,73.04183,18.62764,52
2018-08-15 11:00:00,1534356000.0,2018-08-15 18:00:00,895749,,67.01222,20.44369,52
2018-08-15 13:00:00,1534363200.0,2018-08-15 20:00:00,895751,,60.59029,22.77364,52
2018-08-15 16:00:00,1534374000.0,2018-08-15 23:00:00,895754,,,,52
2018-08-15 17:00:00,1534377600.0,2018-08-16 00:00:00,895755,,,,52
2018-08-15 21:00:00,1534392000.0,2018-08-16 04:00:00,895759,,75.17105,19.08397,52
2018-08-15 23:00:00,1534399200.0,2018-08-16 06:00:00,895761,,77.02258,18.3491,52
2018-08-16 02:00:00,1534410000.0,2018-08-16 09:00:00,895764,,78.54221,17.60855,52
2018-08-16 03:00:00,1534413600.0,2018-08-16 10:00:00,895765,,,,52
2018-08-16 04:00:00,1534417200.0,2018-08-16 11:00:00,895766,,79.79059,17.06063,52
2018-08-16 06:00:00,1534424400.0,2018-08-16 13:00:00,895768,,,,52
2018-08-16 07:00:00,1534428000.0,2018-08-16 14:00:00,895769,,77.34009,17.51495,52
2018-08-16 09:00:00,1534435200.0,2018-08-16 16:00:00,895771,,69.66239,19.52914,52
2018-08-16 12:00:00,1534446000.0,2018-08-16 19:00:00,895774,,58.37496,22.79385,52
2018-08-16 14:00:00,1534453200.0,2018-08-16 21:00:00,895776,,58.87105,22.37821,52
2018-08-16 15:00:00,1534456800.0,2018-08-16 22:00:00,895777,,,,52
2018-08-16 16:00:00,1534460400.0,2018-08-16 23:00:00,895778,,,,52
2018-08-16 19:00:00,1534471200.0,2018-08-17 02:00:00,895781,,58.96023,21.84218,52
2018-08-16 20:00:00,1534474800.0,2018-08-17 03:00:00,895782,,,,52
2018-08-16 21:00:00,1534478400.0,2018-08-17 04:00:00,895783,,71.88171,18.62683,52
2018-08-16 23:00:00,1534485600.0,2018-08-17 06:00:00,895785,,76.6394,17.2637,52
2018-08-17 00:00:00,1534489200.0,2018-08-17 07:00:00,895786,,77.14266,17.19288,52
2018-08-17 01:00:00,1534492800.0,2018-08-17 08:00:00,895787,,,,52
2018-08-17 02:00:00,1534496400.0,2018-08-17 09:00:00,895788,,,,52
2018-08-17 03:00:00,1534500000.0,2018-08-17 10:00:00,895789,,,,52
2018-08-17 04:00:00,1534503600.0,2018-08-17 11:00:00,895790,,,,52
2018-08-17 06:00:00,1534510800.0,2018-08-17 13:00:00,895792,,76.90192,16.88955,52
2018-08-17 07:00:00,1534514400.0,2018-08-17 14:00:00,895793,,,,52
2018-08-17 10:00:00,1534525200.0,2018-08-17 17:00:00,895796,,68.91774,19.71472,52
2018-08-17 11:00:00,1534528800.0,2018-08-17 18:00:00,895797,,,,52
2018-08-17 12:00:00,1534532400.0,2018-08-17 19:00:00,895798,,,,52
2018-08-17 13:00:00,1534536000.0,2018-08-17 20:00:00,895799,,46.95836,27.12884,52
2018-08-17 14:00:00,1534539600.0,2018-08-17 21:00:00,895800,,,,52
2018-08-17 15:00:00,1534543200.0,2018-08-17 22:00:00,895801,,,,52
2018-08-17 19:00:00,1534557600.0,2018-08-18 02:00:00,895805,,,,52
2018-08-17 20:00:00,1534561200.0,2018-08-18 03:00:00,895806,,43.4517,21.715,52
2018-08-17 21:00:00,1534564800.0,2018-08-18 04:00:00,895807,,38.32007,22.24073,52
2018-08-18 00:00:00,1534575600.0,2018-08-18 07:00:00,895810,,40.11803,21.36363,52
2018-08-18 01:00:00,1534579200.0,2018-08-18 08:00:00,895811,,,,52
2018-08-18 02:00:00,1534582800.0,2018-08-18 09:00:00,895812,,,,52
2018-08-18 08:00:00,1534604400.0,2018-08-18 15:00:00,895818,,48.86546,22.98407,52
2018-08-18 09:00:00,1534608000.0,2018-08-18 16:00:00,895819,,57.49362,22.60511,52
2018-08-18 10:00:00,1534611600.0,2018-08-18 17:00:00,895820,,,,52
2018-08-18 12:00:00,1534618800.0,2018-08-18 19:00:00,895822,,44.77164,27.67333,52
2018-08-18 13:00:00,1534622400.0,2018-08-18 20:00:00,895823,,42.25022,28.19673,52
2018-08-18 16:00:00,1534633200.0,2018-08-18 23:00:00,895826,,,,52
2018-08-18 17:00:00,1534636800.0,2018-08-19 00:00:00,895827,,,,52
2018-08-18 18:00:00,1534640400.0,2018-08-19 01:00:00,895828,,,,52
2018-08-18 19:00:00,1534644000.0,2018-08-19 02:00:00,895829,,58.65895,20.57141,52
2018-08-18 20:00:00,1534647600.0,2018-08-19 03:00:00,895830,,,,52
2018-08-18 21:00:00,1534651200.0,2018-08-19 04:00:00,895831,,,,52
2018-08-18 23:00:00,1534658400.0,2018-08-19 06:00:00,895833,,65.52384,17.25161,52
2018-08-19 01:00:00,1534665600.0,2018-08-19 08:00:00,895835,,77.60189,15.63051,52
2018-08-19 03:00:00,1534672800.0,2018-08-19 10:00:00,895837,,78.61569,15.74059,52
2018-08-19 04:00:00,1534676400.0,2018-08-19 11:00:00,895838,,80.00181,15.5766,52
2018-08-19 06:00:00,1534683600.0,2018-08-19 13:00:00,895840,,81.2938,15.61406,52
2018-08-19 07:00:00,1534687200.0,2018-08-19 14:00:00,895841,,,,52
2018-08-19 08:00:00,1534690800.0,2018-08-19 15:00:00,895842,,,,52
2018-08-19 09:00:00,1534694400.0,2018-08-19 16:00:00,895843,,,,52
2018-08-19 10:00:00,1534698000.0,2018-08-19 17:00:00,895844,,,,52
2018-08-19 11:00:00,1534701600.0,2018-08-19 18:00:00,895845,,67.89448,20.42024,52
2018-08-19 12:00:00,1534705200.0,2018-08-19 19:00:00,895846,,,,52
2018-08-19 13:00:00,1534708800.0,2018-08-19 20:00:00,895847,,,,52
2018-08-19 15:00:00,1534716000.0,2018-08-19 22:00:00,895849,,59.53086,21.73222,52
2018-08-19 18:00:00,1534726800.0,2018-08-20 01:00:00,895852,,69.57286,18.16541,52
2018-08-19 19:00:00,1534730400.0,2018-08-20 02:00:00,895853,,,,52
2018-08-19 20:00:00,1534734000.0,2018-08-20 03:00:00,895854,,,,52
2018-08-19 21:00:00,1534737600.0,2018-08-20 04:00:00,895855,,76.27564,16.59545,52
2018-08-19 23:00:00,1534744800.0,2018-08-20 06:00:00,895857,,76.60985,16.34872,52
2018-08-20 00:00:00,1534748400.0,2018-08-20 07:00:00,895858,,77.40838,16.42692,52
2018-08-20 01:00:00,1534752000.0,2018-08-20 08:00:00,895859,,78.2368,16.57931,52
2018-08-20 04:00:00,1534762800.0,2018-08-20 11:00:00,895862,,77.96438,16.48126,52
2018-08-20 05:00:00,1534766400.0,2018-08-20 12:00:00,895863,,78.54973,15.96848,52
2018-08-20 07:00:00,1534773600.0,2018-08-20 14:00:00,895865,,78.25918,15.93235,52
2018-08-20 08:00:00,1534777200.0,2018-08-20 15:00:00,895866,,,,52
2018-08-20 09:00:00,1534780800.0,2018-08-20 16:00:00,895867,,,,52
2018-08-20 10:00:00,1534784400.0,2018-08-20 17:00:00,895868,,73.40157,17.35,52
2018-08-20 11:00:00,1534788000.0,2018-08-20 18:00:00,895869,,69.41608,18.42692,52
2018-08-20 12:00:00,1534791600.0,2018-08-20 19:00:00,895870,,67.5704140909091,19.087685,52
2018-08-20 13:00:00,1534795200.0,2018-08-20 20:00:00,895871,,,,52
2018-08-20 16:00:00,1534806000.0,2018-08-20 23:00:00,895874,,,,52
2018-08-20 17:00:00,1534809600.0,2018-08-21 00:00:00,895875,,,,52
2018-08-20 18:00:00,1534813200.0,2018-08-21 01:00:00,895876,,,,52
2018-08-20 19:00:00,1534816800.0,2018-08-21 02:00:00,895877,,77.51354,16.17772,52
2018-08-20 21:00:00,1534824000.0,2018-08-21 04:00:00,895879,,78.66414,15.51424,52
2018-08-20 23:00:00,1534831200.0,2018-08-21 06:00:00,895881,,79.99763,15.44041,52
2018-08-21 01:00:00,1534838400.0,2018-08-21 08:00:00,895883,,80.93561,15.50979,52
2018-08-21 02:00:00,1534842000.0,2018-08-21 09:00:00,895884,,81.22548,15.32115,52
2018-08-21 04:00:00,1534849200.0,2018-08-21 11:00:00,895886,,80.9244,15.3775,52
2018-08-21 05:00:00,1534852800.0,2018-08-21 12:00:00,895887,,81.1498,15.4529,52
2018-08-21 06:00:00,1534856400.0,2018-08-21 13:00:00,895888,,,,52
2018-08-21 07:00:00,1534860000.0,2018-08-21 14:00:00,895889,,,,52
2018-08-21 08:00:00,1534863600.0,2018-08-21 15:00:00,895890,,,,52
2018-08-21 09:00:00,1534867200.0,2018-08-21 16:00:00,895891,,79.77664,16.4363,52
2018-08-21 10:00:00,1534870800.0,2018-08-21 17:00:00,895892,,,,52
2018-08-21 12:00:00,1534878000.0,2018-08-21 19:00:00,895894,,74.0704,18.25033,52
2018-08-21 14:00:00,1534885200.0,2018-08-21 21:00:00,895896,,,,52
2018-08-21 16:00:00,1534892400.0,2018-08-21 23:00:00,895898,,,,52
2018-08-21 17:00:00,1534896000.0,2018-08-22 00:00:00,895899,,,,52
2018-08-21 19:00:00,1534903200.0,2018-08-22 02:00:00,895901,,,,52
2018-08-21 20:00:00,1534906800.0,2018-08-22 03:00:00,895902,,,,52
2018-08-21 21:00:00,1534910400.0,2018-08-22 04:00:00,895903,,,,52
2018-08-21 22:00:00,1534914000.0,2018-08-22 05:00:00,895904,,78.72026,18.1423,52
2018-08-22 00:00:00,1534921200.0,2018-08-22 07:00:00,895906,,,,52
2018-08-22 01:00:00,1534924800.0,2018-08-22 08:00:00,895907,,,,52
2018-08-22 02:00:00,1534928400.0,2018-08-22 09:00:00,895908,,77.04419697674419,17.85803418604651,52
2018-08-22 03:00:00,1534932000.0,2018-08-22 10:00:00,895909,,77.1985461904762,17.601721904761906,52
2018-08-22 04:00:00,1534935600.0,2018-08-22 11:00:00,895910,,76.71039,17.64458,52
2018-08-22 05:00:00,1534939200.0,2018-08-22 12:00:00,895911,,,,52
2018-08-22 06:00:00,1534942800.0,2018-08-22 13:00:00,895912,,76.84383894736843,17.626175263157894,52
2018-08-22 07:00:00,1534946400.0,2018-08-22 14:00:00,895913,,76.6129817948718,17.676120512820514,52
2018-08-22 08:00:00,1534950000.0,2018-08-22 15:00:00,895914,,75.55496,17.79048,52
2018-08-22 09:00:00,1534953600.0,2018-08-22 16:00:00,895915,,73.94291,18.29662,52
2018-08-22 10:00:00,1534957200.0,2018-08-22 17:00:00,895916,,,,52
2018-08-22 11:00:00,1534960800.0,2018-08-22 18:00:00,895917,,69.65176823529411,19.447169117647057,52
2018-08-22 12:00:00,1534964400.0,2018-08-22 19:00:00,895918,,67.75356020408164,20.200616530612244,52
2018-08-22 13:00:00,1534968000.0,2018-08-22 20:00:00,895919,,64.83112051282052,20.938249743589743,52
2018-08-22 14:00:00,1534971600.0,2018-08-22 21:00:00,895920,,63.42351658536585,21.12768975609756,52
2018-08-22 15:00:00,1534975200.0,2018-08-22 22:00:00,895921,,61.59108425,21.326945,52
2018-08-22 16:00:00,1534978800.0,2018-08-22 23:00:00,895922,,,,52
2018-08-22 17:00:00,1534982400.0,2018-08-23 00:00:00,895923,,62.266674242424244,21.024988787878787,52
2018-08-22 18:00:00,1534986000.0,2018-08-23 01:00:00,895924,,64.13562391304347,20.55457260869565,52
2018-08-22 19:00:00,1534989600.0,2018-08-23 02:00:00,895925,,,,52
2018-08-22 20:00:00,1534993200.0,2018-08-23 03:00:00,895926,,76.38956444444445,18.023379333333335,52
2018-08-22 21:00:00,1534996800.0,2018-08-23 04:00:00,895927,,77.69259,17.51089,52
2018-08-22 22:00:00,1535000400.0,2018-08-23 05:00:00,895928,,78.8986,17.272663095238094,52
2018-08-23 01:00:00,1535011200.0,2018-08-23 08:00:00,895931,,73.88236,17.6407,52
2018-08-23 02:00:00,1535014800.0,2018-08-23 09:00:00,895932,,,,52
2018-08-23 03:00:00,1535018400.0,2018-08-23 10:00:00,895933,,72.55997264705883,17.473793235294117,52
2018-08-23 04:00:00,1535022000.0,2018-08-23 11:00:00,895934,,,,52
2018-08-23 05:00:00,1535025600.0,2018-08-23 12:00:00,895935,,71.92963,17.21139,52
2018-08-23 07:00:00,1535032800.0,2018-08-23 14:00:00,895937,,71.59646,17.27105,52
2018-08-23 08:00:00,1535036400.0,2018-08-23 15:00:00,895938,,69.161,17.92408,52
2018-08-23 09:00:00,1535040000.0,2018-08-23 16:00:00,895939,,69.98835,17.712017435897437,52
2018-08-23 10:00:00,1535043600.0,2018-08-23 17:00:00,895940,,66.31714,18.5331,52
2018-08-23 11:00:00,1535047200.0,2018-08-23 18:00:00,895941,,64.63192,19.08369,52
2018-08-23 12:00:00,1535050800.0,2018-08-23 19:00:00,895942,,63.154138139534886,19.710883255813954,52
2018-08-23 13:00:00,1535054400.0,2018-08-23 20:00:00,895943,,58.6952,21.451,52
2018-08-23 14:00:00,1535058000.0,2018-08-23 21:00:00,895944,,59.75724019230769,21.13237730769231,52
2018-08-23 15:00:00,1535061600.0,2018-08-23 22:00:00,895945,,,,52
2018-08-23 16:00:00,1535065200.0,2018-08-23 23:00:00,895946,,58.63750739130435,21.243491739130434,52
2018-08-23 17:00:00,1535068800.0,2018-08-24 00:00:00,895947,,58.27978,21.17183,52
2018-08-23 18:00:00,1535072400.0,2018-08-24 01:00:00,895948,,62.488193333333335,20.056316,52
2018-08-23 19:00:00,1535076000.0,2018-08-24 02:00:00,895949,,70.470798,18.3976298,52
2018-08-23 22:00:00,1535086800.0,2018-08-24 05:00:00,895952,,74.45557,17.07665,52
2018-08-24 00:00:00,1535094000.0,2018-08-24 07:00:00,895954,,76.548,17.25867,52
2018-08-24 01:00:00,1535097600.0,2018-08-24 08:00:00,895955,,75.39973,17.36724,52
2018-08-24 02:00:00,1535101200.0,2018-08-24 09:00:00,895956,,75.45506,16.97898,52
2018-08-24 04:00:00,1535108400.0,2018-08-24 11:00:00,895958,,77.51058,16.53529,52
2018-08-24 05:00:00,1535112000.0,2018-08-24 12:00:00,895959,,,,52
2018-08-24 06:00:00,1535115600.0,2018-08-24 13:00:00,895960,,77.7789,16.46018,52
2018-08-24 07:00:00,1535119200.0,2018-08-24 14:00:00,895961,,,,52
2018-08-24 09:00:00,1535126400.0,2018-08-24 16:00:00,895963,,77.49305,16.96165,52
2018-08-24 10:00:00,1535130000.0,2018-08-24 17:00:00,895964,,76.37874897435897,17.44532076923077,52
2018-08-24 11:00:00,1535133600.0,2018-08-24 18:00:00,895965,,73.84682,18.30332,52
2018-08-24 12:00:00,1535137200.0,2018-08-24 19:00:00,895966,,70.56609,19.00042,52
2018-08-24 13:00:00,1535140800.0,2018-08-24 20:00:00,895967,,67.66207,19.73838,52
2018-08-24 14:00:00,1535144400.0,2018-08-24 21:00:00,895968,,65.178,20.61043,52
2018-08-24 15:00:00,1535148000.0,2018-08-24 22:00:00,895969,,64.26481,20.94814,52
2018-08-24 16:00:00,1535151600.0,2018-08-24 23:00:00,895970,,,,52
2018-08-24 17:00:00,1535155200.0,2018-08-25 00:00:00,895971,,68.75860511627907,19.354028837209302,52
2018-08-24 18:00:00,1535158800.0,2018-08-25 01:00:00,895972,,73.83347184210527,17.896302105263157,52
2018-08-24 19:00:00,1535162400.0,2018-08-25 02:00:00,895973,,76.75934,16.88579,52
2018-08-24 20:00:00,1535166000.0,2018-08-25 03:00:00,895974,,78.27147923076923,16.30560423076923,52
2018-08-24 21:00:00,1535169600.0,2018-08-25 04:00:00,895975,,79.52845,16.07162,52
2018-08-24 22:00:00,1535173200.0,2018-08-25 05:00:00,895976,,79.88661193548387,16.042161935483872,52
2018-08-24 23:00:00,1535176800.0,2018-08-25 06:00:00,895977,,80.45703,16.02428,52
2018-08-25 00:00:00,1535180400.0,2018-08-25 07:00:00,895978,,80.19786,16.08686,52
2018-08-25 01:00:00,1535184000.0,2018-08-25 08:00:00,895979,,80.32416,15.93652,52
2018-08-25 02:00:00,1535187600.0,2018-08-25 09:00:00,895980,,81.14918096774194,15.803534516129032,52
2018-08-25 03:00:00,1535191200.0,2018-08-25 10:00:00,895981,,82.7178825,15.600971833333332,52
2018-08-25 04:00:00,1535194800.0,2018-08-25 11:00:00,895982,,82.46136088235293,15.71781588235294,52
2018-08-25 05:00:00,1535198400.0,2018-08-25 12:00:00,895983,,80.62443,16.08887,52
2018-08-25 06:00:00,1535202000.0,2018-08-25 13:00:00,895984,,80.9520390909091,16.07842,52
2018-08-25 07:00:00,1535205600.0,2018-08-25 14:00:00,895985,,80.49123,16.11536,52
2018-08-25 09:00:00,1535212800.0,2018-08-25 16:00:00,895987,,77.82694,17.17516,52
2018-08-25 10:00:00,1535216400.0,2018-08-25 17:00:00,895988,,76.78395173076923,17.642355961538463,52
2018-08-25 11:00:00,1535220000.0,2018-08-25 18:00:00,895989,,70.14741,19.50612,52
2018-08-25 12:00:00,1535223600.0,2018-08-25 19:00:00,895990,,64.16071714285714,21.227237714285714,52
2018-08-25 14:00:00,1535230800.0,2018-08-25 21:00:00,895992,,64.67999,20.38932,52
2018-08-25 15:00:00,1535234400.0,2018-08-25 22:00:00,895993,,66.3243475,20.036453,52
2018-08-25 16:00:00,1535238000.0,2018-08-25 23:00:00,895994,,66.4793040677966,19.896396779661018,52
2018-08-25 17:00:00,1535241600.0,2018-08-26 00:00:00,895995,,67.15965125,19.529984791666667,52
2018-08-25 18:00:00,1535245200.0,2018-08-26 01:00:00,895996,,72.4532,17.44894,52
2018-08-25 19:00:00,1535248800.0,2018-08-26 02:00:00,895997,,76.71245261904762,16.265145,52
2018-08-25 20:00:00,1535252400.0,2018-08-26 03:00:00,895998,,80.9812665,15.281567166666667,52
2018-08-25 21:00:00,1535256000.0,2018-08-26 04:00:00,895999,,80.93379041666667,15.32379375,52
2018-08-25 22:00:00,1535259600.0,2018-08-26 05:00:00,896000,,79.17514029411765,15.441407352941177,52
2018-08-25 23:00:00,1535263200.0,2018-08-26 06:00:00,896001,,80.35238339285715,15.149812321428572,52
2018-08-26 00:00:00,1535266800.0,2018-08-26 07:00:00,896002,,79.79813785714286,15.326424523809523,52
2018-08-26 01:00:00,1535270400.0,2018-08-26 08:00:00,896003,,79.40959638888889,15.363925833333333,52
2018-08-26 02:00:00,1535274000.0,2018-08-26 09:00:00,896004,,79.72375,15.65615,52
2018-08-26 03:00:00,1535277600.0,2018-08-26 10:00:00,896005,,80.9079438,15.5419748,52
2018-08-26 04:00:00,1535281200.0,2018-08-26 11:00:00,896006,,80.84855,15.46385,52
2018-08-26 05:00:00,1535284800.0,2018-08-26 12:00:00,896007,,81.80815,15.12102,52
2018-08-26 06:00:00,1535288400.0,2018-08-26 13:00:00,896008,,80.66995363636364,15.369420909090909,52
2018-08-26 07:00:00,1535292000.0,2018-08-26 14:00:00,896009,,81.43737724137931,15.233696034482758,52
2018-08-26 08:00:00,1535295600.0,2018-08-26 15:00:00,896010,,79.858439375,15.5233690625,52
2018-08-26 09:00:00,1535299200.0,2018-08-26 16:00:00,896011,,,,52
2018-08-26 10:00:00,1535302800.0,2018-08-26 17:00:00,896012,,75.9007964,16.2149854,52
2018-08-26 11:00:00,1535306400.0,2018-08-26 18:00:00,896013,,71.309,17.43669,52
2018-08-26 13:00:00,1535313600.0,2018-08-26 20:00:00,896015,,66.47013,19.49426,52
2018-08-26 14:00:00,1535317200.0,2018-08-26 21:00:00,896016,,65.94086175,19.45217375,52
2018-08-26 16:00:00,1535324400.0,2018-08-26 23:00:00,896018,,65.93501,19.68049,52
2018-08-26 17:00:00,1535328000.0,2018-08-27 00:00:00,896019,,68.53285,18.91425,52
2018-08-26 18:00:00,1535331600.0,2018-08-27 01:00:00,896020,,73.47415607843138,17.587395686274508,52
2018-08-26 19:00:00,1535335200.0,2018-08-27 02:00:00,896021,,77.60068702702702,16.70393,52
2018-08-26 20:00:00,1535338800.0,2018-08-27 03:00:00,896022,,79.39872,16.45909,52
2018-08-26 21:00:00,1535342400.0,2018-08-27 04:00:00,896023,,79.84386,16.14041,52
2018-08-26 22:00:00,1535346000.0,2018-08-27 05:00:00,896024,,79.9819,15.96674,52
2018-08-26 23:00:00,1535349600.0,2018-08-27 06:00:00,896025,,80.997865,15.370609411764706,52
2018-08-27 00:00:00,1535353200.0,2018-08-27 07:00:00,896026,,,,52
2018-08-27 01:00:00,1535356800.0,2018-08-27 08:00:00,896027,,82.00309933333334,15.29845911111111,52
2018-08-27 02:00:00,1535360400.0,2018-08-27 09:00:00,896028,,,,52
2018-08-27 04:00:00,1535367600.0,2018-08-27 11:00:00,896030,,80.77449,16.08047,52
2018-08-27 06:00:00,1535374800.0,2018-08-27 13:00:00,896032,,78.08349,16.53541,52
2018-08-27 07:00:00,1535378400.0,2018-08-27 14:00:00,896033,,74.81579,17.2222,52
2018-08-27 08:00:00,1535382000.0,2018-08-27 15:00:00,896034,,73.49019,17.7039,52
2018-08-27 09:00:00,1535385600.0,2018-08-27 16:00:00,896035,,73.93589066666667,17.776303777777777,52
2018-08-27 11:00:00,1535392800.0,2018-08-27 18:00:00,896037,,75.79646,17.96034,52
2018-08-27 13:00:00,1535400000.0,2018-08-27 20:00:00,896039,,69.69257,19.7221,52
2018-08-27 14:00:00,1535403600.0,2018-08-27 21:00:00,896040,,67.21344235294117,20.237655294117648,52
2018-08-27 15:00:00,1535407200.0,2018-08-27 22:00:00,896041,,67.084796,20.34268,52
2018-08-27 17:00:00,1535414400.0,2018-08-28 00:00:00,896043,,74.96901,17.61353,52
2018-08-27 18:00:00,1535418000.0,2018-08-28 01:00:00,896044,,,,52
2018-08-27 19:00:00,1535421600.0,2018-08-28 02:00:00,896045,,78.42129709090909,16.31533818181818,52
2018-08-27 20:00:00,1535425200.0,2018-08-28 03:00:00,896046,,79.89878342857143,16.149166285714287,52
2018-08-27 21:00:00,1535428800.0,2018-08-28 04:00:00,896047,,80.53961450980393,16.042320588235295,52
2018-08-27 22:00:00,1535432400.0,2018-08-28 05:00:00,896048,,81.45179239130435,15.928950652173913,52
2018-08-28 00:00:00,1535439600.0,2018-08-28 07:00:00,896050,,82.38621,16.13044,52
2018-08-28 01:00:00,1535443200.0,2018-08-28 08:00:00,896051,,83.12879697674418,16.027817441860464,52
2018-08-28 02:00:00,1535446800.0,2018-08-28 09:00:00,896052,,82.60646,16.15957,52
2018-08-28 03:00:00,1535450400.0,2018-08-28 10:00:00,896053,,,,52
2018-08-28 04:00:00,1535454000.0,2018-08-28 11:00:00,896054,,83.39586754385965,15.873946140350878,52
2018-08-28 05:00:00,1535457600.0,2018-08-28 12:00:00,896055,,83.26256125,15.793906666666667,52
2018-08-28 06:00:00,1535461200.0,2018-08-28 13:00:00,896056,,83.10364585365853,15.847113902439025,52
2018-08-28 07:00:00,1535464800.0,2018-08-28 14:00:00,896057,,82.46191444444445,16.090766666666667,52
2018-08-28 08:00:00,1535468400.0,2018-08-28 15:00:00,896058,,82.36818,16.67592,52
2018-08-28 09:00:00,1535472000.0,2018-08-28 16:00:00,896059,,83.07366555555555,17.014020555555554,52
2018-08-28 10:00:00,1535475600.0,2018-08-28 17:00:00,896060,,80.68933,17.71502,52
2018-08-28 11:00:00,1535479200.0,2018-08-28 18:00:00,896061,,76.26383342105262,18.645358157894737,52
2018-08-28 12:00:00,1535482800.0,2018-08-28 19:00:00,896062,,72.44063102564103,19.204193846153846,52
2018-08-28 13:00:00,1535486400.0,2018-08-28 20:00:00,896063,,,,52
2018-08-28 14:00:00,1535490000.0,2018-08-28 21:00:00,896064,,68.18759,19.99784,52
2018-08-28 15:00:00,1535493600.0,2018-08-28 22:00:00,896065,,65.03791966101694,20.481603050847458,52
2018-08-28 17:00:00,1535500800.0,2018-08-29 00:00:00,896067,,61.12684,20.78357,52
2018-08-28 18:00:00,1535504400.0,2018-08-29 01:00:00,896068,,62.55521673913044,19.997301304347825,52
2018-08-28 19:00:00,1535508000.0,2018-08-29 02:00:00,896069,,,,52
2018-08-28 20:00:00,1535511600.0,2018-08-29 03:00:00,896070,,76.80437588235294,17.95891862745098,52
2018-08-28 21:00:00,1535515200.0,2018-08-29 04:00:00,896071,,78.03210526315789,17.994259736842107,52
2018-08-28 22:00:00,1535518800.0,2018-08-29 05:00:00,896072,,78.23928229166667,17.627049583333335,52
2018-08-28 23:00:00,1535522400.0,2018-08-29 06:00:00,896073,,78.803176,17.3198648,52
2018-08-29 00:00:00,1535526000.0,2018-08-29 07:00:00,896074,,79.20633648648649,17.493845135135135,52
2018-08-29 01:00:00,1535529600.0,2018-08-29 08:00:00,896075,,,,52
2018-08-29 02:00:00,1535533200.0,2018-08-29 09:00:00,896076,,78.11577484848485,17.679218484848484,52
2018-08-29 03:00:00,1535536800.0,2018-08-29 10:00:00,896077,,,,52
2018-08-29 04:00:00,1535540400.0,2018-08-29 11:00:00,896078,,78.11665,17.8696,52
2018-08-29 05:00:00,1535544000.0,2018-08-29 12:00:00,896079,,78.36235,17.71779,52
2018-08-29 06:00:00,1535547600.0,2018-08-29 13:00:00,896080,,78.47374528301887,17.27306037735849,52
2018-08-29 08:00:00,1535554800.0,2018-08-29 15:00:00,896082,,73.24418,18.29953,52
2018-08-29 09:00:00,1535558400.0,2018-08-29 16:00:00,896083,,69.49154088235294,19.17408705882353,52
2018-08-29 11:00:00,1535565600.0,2018-08-29 18:00:00,896085,,57.37677,21.90355,52
2018-08-29 12:00:00,1535569200.0,2018-08-29 19:00:00,896086,,51.74392,22.94674,52
2018-08-29 13:00:00,1535572800.0,2018-08-29 20:00:00,896087,,48.4123,23.87596,52
2018-08-29 14:00:00,1535576400.0,2018-08-29 21:00:00,896088,,51.451806274509806,23.128038823529412,52
2018-08-29 16:00:00,1535583600.0,2018-08-29 23:00:00,896090,,58.30129,22.6116,52
2018-08-29 17:00:00,1535587200.0,2018-08-30 00:00:00,896091,,,,52
2018-08-29 18:00:00,1535590800.0,2018-08-30 01:00:00,896092,,64.192656,21.506516,52
2018-08-29 19:00:00,1535594400.0,2018-08-30 02:00:00,896093,,76.15086,19.72367,52
2018-08-29 20:00:00,1535598000.0,2018-08-30 03:00:00,896094,,78.66087,19.13215,52
2018-08-29 21:00:00,1535601600.0,2018-08-30 04:00:00,896095,,80.2431565116279,18.81077976744186,52
2018-08-29 22:00:00,1535605200.0,2018-08-30 05:00:00,896096,,79.61682,18.82175,52
2018-08-29 23:00:00,1535608800.0,2018-08-30 06:00:00,896097,,79.18559788461539,18.87053269230769,52
2018-08-30 00:00:00,1535612400.0,2018-08-30 07:00:00,896098,,78.8439384,18.8538868,52
2018-08-30 01:00:00,1535616000.0,2018-08-30 08:00:00,896099,,,,52
2018-08-30 02:00:00,1535619600.0,2018-08-30 09:00:00,896100,,76.95195,19.25302,52
2018-08-30 03:00:00,1535623200.0,2018-08-30 10:00:00,896101,,78.01532,19.23193,52
2018-08-30 04:00:00,1535626800.0,2018-08-30 11:00:00,896102,,78.33812,19.08463,52
2018-08-30 05:00:00,1535630400.0,2018-08-30 12:00:00,896103,,,,52
2018-08-30 06:00:00,1535634000.0,2018-08-30 13:00:00,896104,,77.84797446428571,18.50206625,52
2018-08-30 07:00:00,1535637600.0,2018-08-30 14:00:00,896105,,,,52
2018-08-30 08:00:00,1535641200.0,2018-08-30 15:00:00,896106,,68.78915,19.11606,52
2018-08-30 09:00:00,1535644800.0,2018-08-30 16:00:00,896107,,64.30353678571429,19.00719964285714,52
2018-08-30 10:00:00,1535648400.0,2018-08-30 17:00:00,896108,,63.18712108108108,19.499634054054056,52
2018-08-30 11:00:00,1535652000.0,2018-08-30 18:00:00,896109,,58.01065,20.94765,52
2018-08-30 12:00:00,1535655600.0,2018-08-30 19:00:00,896110,,57.11660588235294,20.908405294117646,52
2018-08-30 13:00:00,1535659200.0,2018-08-30 20:00:00,896111,,,,52
2018-08-30 14:00:00,1535662800.0,2018-08-30 21:00:00,896112,,54.84587,21.92659,52
2018-08-30 15:00:00,1535666400.0,2018-08-30 22:00:00,896113,,55.87689125,21.98032175,52
2018-08-30 16:00:00,1535670000.0,2018-08-30 23:00:00,896114,,60.09182,21.76932,52
2018-08-30 17:00:00,1535673600.0,2018-08-31 00:00:00,896115,,60.1319290625,21.45218125,52
2018-08-30 18:00:00,1535677200.0,2018-08-31 01:00:00,896116,,63.811564473684214,20.556173157894737,52
2018-08-30 19:00:00,1535680800.0,2018-08-31 02:00:00,896117,,67.27179515151515,19.863446363636363,52
2018-08-30 20:00:00,1535684400.0,2018-08-31 03:00:00,896118,,73.16013885714285,18.88380942857143,52
2018-08-30 21:00:00,1535688000.0,2018-08-31 04:00:00,896119,,74.532082,18.4991585,52
2018-08-30 22:00:00,1535691600.0,2018-08-31 05:00:00,896120,,74.65442,18.50422,52
2018-08-30 23:00:00,1535695200.0,2018-08-31 06:00:00,896121,,,,52
2018-08-31 00:00:00,1535698800.0,2018-08-31 07:00:00,896122,,,,52
2018-08-31 01:00:00,1535702400.0,2018-08-31 08:00:00,896123,,,,52
2018-08-31 02:00:00,1535706000.0,2018-08-31 09:00:00,896124,,,,52
2018-08-31 03:00:00,1535709600.0,2018-08-31 10:00:00,896125,,,,52
2018-08-31 05:00:00,1535716800.0,2018-08-31 12:00:00,896127,,79.55359,16.58238,52
2018-08-31 06:00:00,1535720400.0,2018-08-31 13:00:00,896128,,,,52
2018-08-31 08:00:00,1535727600.0,2018-08-31 15:00:00,896130,,78.09398,17.44352,52
2018-08-31 09:00:00,1535731200.0,2018-08-31 16:00:00,896131,,,,52
2018-08-31 10:00:00,1535734800.0,2018-08-31 17:00:00,896132,,,,52
2018-08-31 11:00:00,1535738400.0,2018-08-31 18:00:00,896133,,,,52
2018-08-31 13:00:00,1535745600.0,2018-08-31 20:00:00,896135,,56.88893,23.83015,52
2018-08-31 14:00:00,1535749200.0,2018-08-31 21:00:00,896136,,57.652,22.92411,52
2018-08-31 15:00:00,1535752800.0,2018-08-31 22:00:00,896137,,,,52
2018-08-31 16:00:00,1535756400.0,2018-08-31 23:00:00,896138,,,,52
2018-08-31 18:00:00,1535763600.0,2018-09-01 01:00:00,896140,,59.91901,22.3575,52
2018-08-31 19:00:00,1535767200.0,2018-09-01 02:00:00,896141,,,,52
2018-08-31 20:00:00,1535770800.0,2018-09-01 03:00:00,896142,,,,52
2018-08-31 21:00:00,1535774400.0,2018-09-01 04:00:00,896143,,,,52
2018-08-31 22:00:00,1535778000.0,2018-09-01 05:00:00,896144,,,,52
2018-08-31 23:00:00,1535781600.0,2018-09-01 06:00:00,896145,,,,52
2018-09-01 00:00:00,1535785200.0,2018-09-01 07:00:00,896146,,,,52
2018-09-01 01:00:00,1535788800.0,2018-09-01 08:00:00,896147,,,,52
2018-09-01 02:00:00,1535792400.0,2018-09-01 09:00:00,896148,,,,52
2018-09-01 03:00:00,1535796000.0,2018-09-01 10:00:00,896149,,,,52
2018-09-01 06:00:00,1535806800.0,2018-09-01 13:00:00,896152,,76.8766,15.949,52
2018-09-01 07:00:00,1535810400.0,2018-09-01 14:00:00,896153,,,,52
2018-09-01 08:00:00,1535814000.0,2018-09-01 15:00:00,896154,,,,52
2018-09-01 09:00:00,1535817600.0,2018-09-01 16:00:00,896155,,,,52
2018-09-01 10:00:00,1535821200.0,2018-09-01 17:00:00,896156,,,,52
2018-09-01 11:00:00,1535824800.0,2018-09-01 18:00:00,896157,,,,52
2018-09-01 12:00:00,1535828400.0,2018-09-01 19:00:00,896158,,58.05124,22.47824,52
2018-09-01 13:00:00,1535832000.0,2018-09-01 20:00:00,896159,,,,52
2018-09-01 14:00:00,1535835600.0,2018-09-01 21:00:00,896160,,,,52
2018-09-01 15:00:00,1535839200.0,2018-09-01 22:00:00,896161,,,,52
2018-09-01 16:00:00,1535842800.0,2018-09-01 23:00:00,896162,,,,52
2018-09-01 17:00:00,1535846400.0,2018-09-02 00:00:00,896163,,,,52
2018-09-01 19:00:00,1535853600.0,2018-09-02 02:00:00,896165,,69.83594,18.12125,52
2018-09-01 20:00:00,1535857200.0,2018-09-02 03:00:00,896166,,,,52
2018-09-01 22:00:00,1535864400.0,2018-09-02 05:00:00,896168,,75.80103,16.66583,52
2018-09-01 23:00:00,1535868000.0,2018-09-02 06:00:00,896169,,,,52
2018-09-02 00:00:00,1535871600.0,2018-09-02 07:00:00,896170,,,,52
2018-09-02 01:00:00,1535875200.0,2018-09-02 08:00:00,896171,,77.54639,16.22321,52
2018-09-02 02:00:00,1535878800.0,2018-09-02 09:00:00,896172,,77.96926,16.27088,52
2018-09-02 04:00:00,1535886000.0,2018-09-02 11:00:00,896174,,77.39967,16.43892,52
2018-09-02 05:00:00,1535889600.0,2018-09-02 12:00:00,896175,,,,52
2018-09-02 06:00:00,1535893200.0,2018-09-02 13:00:00,896176,,,,52
2018-09-02 07:00:00,1535896800.0,2018-09-02 14:00:00,896177,,,,52
2018-09-02 08:00:00,1535900400.0,2018-09-02 15:00:00,896178,,,,52
2018-09-02 09:00:00,1535904000.0,2018-09-02 16:00:00,896179,,72.80924,19.05905,52
2018-09-02 10:00:00,1535907600.0,2018-09-02 17:00:00,896180,,,,52
2018-09-02 11:00:00,1535911200.0,2018-09-02 18:00:00,896181,,,,52
2018-09-02 12:00:00,1535914800.0,2018-09-02 19:00:00,896182,,,,52
2018-09-02 13:00:00,1535918400.0,2018-09-02 20:00:00,896183,,,,52
2018-09-02 16:00:00,1535929200.0,2018-09-02 23:00:00,896186,,62.18173,21.08037,52
2018-09-02 17:00:00,1535932800.0,2018-09-03 00:00:00,896187,,,,52
2018-09-02 18:00:00,1535936400.0,2018-09-03 01:00:00,896188,,68.57073,18.73179,52
2018-09-02 19:00:00,1535940000.0,2018-09-03 02:00:00,896189,,74.11039,17.14798,52
2018-09-02 21:00:00,1535947200.0,2018-09-03 04:00:00,896191,,76.80406,16.47815,52
2018-09-02 23:00:00,1535954400.0,2018-09-03 06:00:00,896193,,76.51125,16.59466,52
2018-09-03 00:00:00,1535958000.0,2018-09-03 07:00:00,896194,,76.87949,16.49061,52
2018-09-03 01:00:00,1535961600.0,2018-09-03 08:00:00,896195,,,,52
2018-09-03 03:00:00,1535968800.0,2018-09-03 10:00:00,896197,,76.87961,16.5728,52
2018-09-03 04:00:00,1535972400.0,2018-09-03 11:00:00,896198,,,,52
2018-09-03 08:00:00,1535986800.0,2018-09-03 15:00:00,896202,,75.24172,16.81008,52
2018-09-03 10:00:00,1535994000.0,2018-09-03 17:00:00,896204,,69.45292,18.92908,52
2018-09-03 14:00:00,1536008400.0,2018-09-03 21:00:00,896208,,,,52
2018-09-03 15:00:00,1536012000.0,2018-09-03 22:00:00,896209,,,,52
2018-09-03 16:00:00,1536015600.0,2018-09-03 23:00:00,896210,,,,52
2018-09-03 17:00:00,1536019200.0,2018-09-04 00:00:00,896211,,,,52
2018-09-03 20:00:00,1536030000.0,2018-09-04 03:00:00,896214,,76.1893,17.37871,52
2018-09-03 21:00:00,1536033600.0,2018-09-04 04:00:00,896215,,76.96368,17.21288,52
2018-09-03 22:00:00,1536037200.0,2018-09-04 05:00:00,896216,,,,52
2018-09-03 23:00:00,1536040800.0,2018-09-04 06:00:00,896217,,,,52
2018-09-04 01:00:00,1536048000.0,2018-09-04 08:00:00,896219,,,,52
2018-09-04 02:00:00,1536051600.0,2018-09-04 09:00:00,896220,,,,52
2018-09-04 04:00:00,1536058800.0,2018-09-04 11:00:00,896222,,79.51995,16.66303,52
2018-09-04 05:00:00,1536062400.0,2018-09-04 12:00:00,896223,,,,52
2018-09-04 06:00:00,1536066000.0,2018-09-04 13:00:00,896224,,79.95157,16.3641,52
2018-09-04 07:00:00,1536069600.0,2018-09-04 14:00:00,896225,,79.38221,16.45123,52
2018-09-04 10:00:00,1536080400.0,2018-09-04 17:00:00,896228,,75.84027,17.84008,52
2018-09-04 16:00:00,1536102000.0,2018-09-04 23:00:00,896234,,64.05364,21.25474,52
2018-09-04 17:00:00,1536105600.0,2018-09-05 00:00:00,896235,,69.65425,19.25603,52
2018-09-04 18:00:00,1536109200.0,2018-09-05 01:00:00,896236,,73.20828,18.12882,52
2018-09-04 19:00:00,1536112800.0,2018-09-05 02:00:00,896237,,,,52
2018-09-04 20:00:00,1536116400.0,2018-09-05 03:00:00,896238,,,,52
2018-09-04 23:00:00,1536127200.0,2018-09-05 06:00:00,896241,,80.3755,16.44477,52
2018-09-05 00:00:00,1536130800.0,2018-09-05 07:00:00,896242,,,,52
2018-09-05 01:00:00,1536134400.0,2018-09-05 08:00:00,896243,,,,52
2018-09-05 02:00:00,1536138000.0,2018-09-05 09:00:00,896244,,80.71355,16.52018,52
2018-09-05 03:00:00,1536141600.0,2018-09-05 10:00:00,896245,,,,52
2018-09-05 04:00:00,1536145200.0,2018-09-05 11:00:00,896246,,,,52
2018-09-05 07:00:00,1536156000.0,2018-09-05 14:00:00,896249,,81.13836,16.53987,52
2018-09-05 09:00:00,1536163200.0,2018-09-05 16:00:00,896251,,82.02166,16.37936,52
2018-09-05 10:00:00,1536166800.0,2018-09-05 17:00:00,896252,,82.148883,16.36464475,52
2018-09-05 11:00:00,1536170400.0,2018-09-05 18:00:00,896253,,81.54784581395349,16.52703581395349,52
2018-09-05 12:00:00,1536174000.0,2018-09-05 19:00:00,896254,,,,52
2018-09-05 13:00:00,1536177600.0,2018-09-05 20:00:00,896255,,80.64303393939394,16.527983636363636,52
2018-09-05 14:00:00,1536181200.0,2018-09-05 21:00:00,896256,,78.35547,16.78946,52
2018-09-05 15:00:00,1536184800.0,2018-09-05 22:00:00,896257,,77.69694,16.72957,52
2018-09-05 16:00:00,1536188400.0,2018-09-05 23:00:00,896258,,76.3363276744186,16.80985906976744,52
2018-09-05 17:00:00,1536192000.0,2018-09-06 00:00:00,896259,,76.24495,16.73386,52
2018-09-05 18:00:00,1536195600.0,2018-09-06 01:00:00,896260,,78.527371875,15.977102291666666,52
2018-09-05 19:00:00,1536199200.0,2018-09-06 02:00:00,896261,,79.65162,15.44705,52
2018-09-05 20:00:00,1536202800.0,2018-09-06 03:00:00,896262,,,,52
2018-09-05 21:00:00,1536206400.0,2018-09-06 04:00:00,896263,,80.02433,15.49689,52
2018-09-05 22:00:00,1536210000.0,2018-09-06 05:00:00,896264,,81.53209195121951,15.400573414634147,52
2018-09-05 23:00:00,1536213600.0,2018-09-06 06:00:00,896265,,,,52
2018-09-06 10:00:00,1536253200.0,2018-09-06 17:00:00,896274,,76.75816,17.4495,52
2018-09-06 11:00:00,1536256800.0,2018-09-06 18:00:00,896275,,75.98414,17.5973,52
2018-09-06 12:00:00,1536260400.0,2018-09-06 19:00:00,896276,,73.46194838709677,18.288513548387098,52
2018-09-06 13:00:00,1536264000.0,2018-09-06 20:00:00,896277,,65.75814,20.74536,52
2018-09-06 14:00:00,1536267600.0,2018-09-06 21:00:00,896278,,,,52
2018-09-06 16:00:00,1536274800.0,2018-09-06 23:00:00,896280,,64.13314,21.04469,52
2018-09-06 18:00:00,1536282000.0,2018-09-07 01:00:00,896282,,66.65656,19.93181,52
2018-09-06 19:00:00,1536285600.0,2018-09-07 02:00:00,896283,,69.51481,18.87661,52
2018-09-06 20:00:00,1536289200.0,2018-09-07 03:00:00,896284,,,,52
2018-09-06 21:00:00,1536292800.0,2018-09-07 04:00:00,896285,,,,52
2018-09-06 23:00:00,1536300000.0,2018-09-07 06:00:00,896287,,77.55837,16.18699,52
2018-09-07 00:00:00,1536303600.0,2018-09-07 07:00:00,896288,,77.87684358974359,16.18611641025641,52
2018-09-07 02:00:00,1536310800.0,2018-09-07 09:00:00,896290,,74.47998,16.63537,52
2018-09-07 03:00:00,1536314400.0,2018-09-07 10:00:00,896291,,73.84882852941176,16.532805,52
2018-09-07 04:00:00,1536318000.0,2018-09-07 11:00:00,896292,,78.47514,15.86191,52
2018-09-07 05:00:00,1536321600.0,2018-09-07 12:00:00,896293,,78.29338326086956,15.624468043478261,52
2018-09-07 07:00:00,1536328800.0,2018-09-07 14:00:00,896294,,80.00837,15.72036,52
2018-09-07 09:00:00,1536336000.0,2018-09-07 16:00:00,896296,,77.9424,18.0429,52
2018-09-07 10:00:00,1536339600.0,2018-09-07 17:00:00,896297,,,,52
2018-09-07 11:00:00,1536343200.0,2018-09-07 18:00:00,896298,,,,52
2018-09-07 12:00:00,1536346800.0,2018-09-07 19:00:00,896299,,,,52
2018-09-07 13:00:00,1536350400.0,2018-09-07 20:00:00,896300,,,,52
2018-09-07 14:00:00,1536354000.0,2018-09-07 21:00:00,896301,,50.59332742857143,25.78308942857143,52
2018-09-07 17:00:00,1536364800.0,2018-09-08 00:00:00,896303,,59.65913,21.62907,52
2018-09-07 18:00:00,1536368400.0,2018-09-08 01:00:00,896304,,,,52
2018-09-07 19:00:00,1536372000.0,2018-09-08 02:00:00,896305,,,,52
2018-09-07 20:00:00,1536375600.0,2018-09-08 03:00:00,896306,,,,52
2018-09-07 21:00:00,1536379200.0,2018-09-08 04:00:00,896307,,,,52
2018-09-07 22:00:00,1536382800.0,2018-09-08 05:00:00,896308,,,,52
2018-09-08 00:00:00,1536390000.0,2018-09-08 07:00:00,896310,,67.83602,18.31479,52
2018-09-08 01:00:00,1536393600.0,2018-09-08 08:00:00,896311,,,,52
2018-09-08 02:00:00,1536397200.0,2018-09-08 09:00:00,896312,,,,52
2018-09-08 03:00:00,1536400800.0,2018-09-08 10:00:00,896313,,,,52
2018-09-08 05:00:00,1536408000.0,2018-09-08 12:00:00,896315,,76.96175,16.58615,52
2018-09-08 06:00:00,1536411600.0,2018-09-08 13:00:00,896316,,,,52
2018-09-08 07:00:00,1536415200.0,2018-09-08 14:00:00,896317,,78.58678,16.6314,52
2018-09-08 09:00:00,1536422400.0,2018-09-08 16:00:00,896319,,69.53789,20.03889,52
2018-09-08 10:00:00,1536426000.0,2018-09-08 17:00:00,896320,,61.58331,21.9993,52
2018-09-08 11:00:00,1536429600.0,2018-09-08 18:00:00,896321,,,,52
2018-09-08 13:00:00,1536436800.0,2018-09-08 20:00:00,896323,,49.08667,26.22912,52
2018-09-08 15:00:00,1536444000.0,2018-09-08 22:00:00,896325,,45.57333,27.33416,52
2018-09-08 16:00:00,1536447600.0,2018-09-08 23:00:00,896326,,,,52
2018-09-08 17:00:00,1536451200.0,2018-09-09 00:00:00,896327,,,,52
2018-09-08 18:00:00,1536454800.0,2018-09-09 01:00:00,896328,,51.47769,24.72708,52
2018-09-08 19:00:00,1536458400.0,2018-09-09 02:00:00,896329,,58.31578,22.16385,52
2018-09-08 20:00:00,1536462000.0,2018-09-09 03:00:00,896330,,,,52
2018-09-08 22:00:00,1536469200.0,2018-09-09 05:00:00,896332,,67.23588,19.0132,52
2018-09-08 23:00:00,1536472800.0,2018-09-09 06:00:00,896333,,62.68076,18.86736,52
2018-09-09 01:00:00,1536480000.0,2018-09-09 08:00:00,896335,,68.38905,17.83134,52
2018-09-09 02:00:00,1536483600.0,2018-09-09 09:00:00,896336,,,,52
2018-09-09 03:00:00,1536487200.0,2018-09-09 10:00:00,896337,,,,52
2018-09-09 04:00:00,1536490800.0,2018-09-09 11:00:00,896338,,75.23402,16.6871,52
2018-09-09 07:00:00,1536501600.0,2018-09-09 14:00:00,896341,,76.56591,16.53882,52
2018-09-09 09:00:00,1536508800.0,2018-09-09 16:00:00,896343,,67.93428,19.948,52
2018-09-09 10:00:00,1536512400.0,2018-09-09 17:00:00,896344,,,,52
2018-09-09 11:00:00,1536516000.0,2018-09-09 18:00:00,896345,,,,52
2018-09-09 12:00:00,1536519600.0,2018-09-09 19:00:00,896346,,,,52
2018-09-09 13:00:00,1536523200.0,2018-09-09 20:00:00,896347,,,,52
2018-09-09 14:00:00,1536526800.0,2018-09-09 21:00:00,896348,,,,52
2018-09-09 15:00:00,1536530400.0,2018-09-09 22:00:00,896349,,,,52
2018-09-09 18:00:00,1536541200.0,2018-09-10 01:00:00,896352,,48.97082,24.98792,52
2018-09-09 19:00:00,1536544800.0,2018-09-10 02:00:00,896353,,,,52
2018-09-09 20:00:00,1536548400.0,2018-09-10 03:00:00,896354,,,,52
2018-09-09 21:00:00,1536552000.0,2018-09-10 04:00:00,896355,,48.96721,21.14415,52
2018-09-10 16:00:00,1536620400.0,2018-09-10 23:00:00,896358,,41.09372,28.45186,52
2018-09-10 17:00:00,1536624000.0,2018-09-11 00:00:00,896359,,43.67485941176471,28.277344705882353,52
2018-09-10 19:00:00,1536631200.0,2018-09-11 02:00:00,896361,,54.28658,23.26512,52
2018-09-10 20:00:00,1536634800.0,2018-09-11 03:00:00,896362,,55.655262,22.45909766666667,52
2018-09-10 21:00:00,1536638400.0,2018-09-11 04:00:00,896363,,49.49217771929825,22.782372807017545,52
2018-09-10 23:00:00,1536645600.0,2018-09-11 06:00:00,896365,,55.89754,20.93851,52
2018-09-11 00:00:00,1536649200.0,2018-09-11 07:00:00,896366,,60.7256955,19.541060333333334,52
2018-09-11 01:00:00,1536652800.0,2018-09-11 08:00:00,896367,,63.97932196428572,18.998025714285713,52
2018-09-11 05:00:00,1536667200.0,2018-09-11 12:00:00,896370,,66.35886,17.37346,52
2018-09-11 06:00:00,1536670800.0,2018-09-11 13:00:00,896371,,65.20520533333334,17.3480975,52
2018-09-11 07:00:00,1536674400.0,2018-09-11 14:00:00,896372,,65.45114966666667,17.213673333333332,52
2018-09-11 08:00:00,1536678000.0,2018-09-11 15:00:00,896373,,69.34623033898305,17.622741525423727,52
2018-09-11 11:00:00,1536688800.0,2018-09-11 18:00:00,896375,,47.07653,24.26511,52
2018-09-11 12:00:00,1536692400.0,2018-09-11 19:00:00,896376,,44.743570166666665,25.2183025,52
2018-09-11 13:00:00,1536696000.0,2018-09-11 20:00:00,896377,,40.070835333333335,26.834046333333333,52
2018-09-11 14:00:00,1536699600.0,2018-09-11 21:00:00,896378,,36.80952388888889,26.95615,52
2018-09-11 16:00:00,1536706800.0,2018-09-11 23:00:00,896380,,38.40907,26.79413,52
2018-09-11 17:00:00,1536710400.0,2018-09-12 00:00:00,896381,,40.67034474576271,26.16790779661017,52
2018-09-11 18:00:00,1536714000.0,2018-09-12 01:00:00,896382,,43.11154043478261,25.369508695652176,52
2018-09-11 20:00:00,1536721200.0,2018-09-12 03:00:00,896384,,52.96429,20.754,52
2018-09-11 21:00:00,1536724800.0,2018-09-12 04:00:00,896385,,55.383560714285714,20.0596775,52
2018-09-12 01:00:00,1536739200.0,2018-09-12 08:00:00,896387,,56.28332,18.29417,52
2018-09-12 02:00:00,1536742800.0,2018-09-12 09:00:00,896388,,56.67472883333333,18.087118333333333,52
2018-09-12 03:00:00,1536746400.0,2018-09-12 10:00:00,896389,,58.01448666666667,17.837357666666666,52
2018-09-12 04:00:00,1536750000.0,2018-09-12 11:00:00,896390,,59.691009666666666,17.544921666666667,52
2018-09-12 05:00:00,1536753600.0,2018-09-12 12:00:00,896391,,62.940349491525424,17.131883050847456,52
2018-09-12 06:00:00,1536757200.0,2018-09-12 13:00:00,896392,,64.51868942857143,16.847179714285716,52
2018-09-12 07:00:00,1536760800.0,2018-09-12 14:00:00,896393,,62.84028,17.20564,52
2018-09-12 08:00:00,1536764400.0,2018-09-12 15:00:00,896394,,61.90219619047619,17.686890476190477,52
2018-09-12 11:00:00,1536775200.0,2018-09-12 18:00:00,896396,,49.21114,22.6199,52
2018-09-12 12:00:00,1536778800.0,2018-09-12 19:00:00,896397,,48.938329333333336,22.959714333333334,52
2018-09-12 13:00:00,1536782400.0,2018-09-12 20:00:00,896398,,49.422180833333336,23.52307233333333,52
2018-09-12 14:00:00,1536786000.0,2018-09-12 21:00:00,896399,,52.46626166666667,22.638370333333334,52
2018-09-12 15:00:00,1536789600.0,2018-09-12 22:00:00,896400,,53.78076925925926,22.363035925925924,52
2018-09-12 18:00:00,1536800400.0,2018-09-13 01:00:00,896402,,57.8335,19.65051,52
2018-09-12 19:00:00,1536804000.0,2018-09-13 02:00:00,896403,,61.11960783333333,19.189084,52
2018-09-12 20:00:00,1536807600.0,2018-09-13 03:00:00,896404,,65.4534455,18.420639666666666,52
2018-09-12 21:00:00,1536811200.0,2018-09-13 04:00:00,896405,,61.64235320754717,18.42508886792453,52
2018-09-13 00:00:00,1536822000.0,2018-09-13 07:00:00,896407,,68.08912,17.64903,52
2018-09-13 01:00:00,1536825600.0,2018-09-13 08:00:00,896408,,69.997899,17.3873835,52
2018-09-13 02:00:00,1536829200.0,2018-09-13 09:00:00,896409,,72.27721166666667,17.029511166666666,52
2018-09-13 03:00:00,1536832800.0,2018-09-13 10:00:00,896410,,74.25984533333333,16.607412,52
2018-09-13 04:00:00,1536836400.0,2018-09-13 11:00:00,896411,,75.71041116666666,16.3320515,52
2018-09-13 05:00:00,1536840000.0,2018-09-13 12:00:00,896412,,76.2758513888889,16.212503055555555,52
2018-09-13 07:00:00,1536847200.0,2018-09-13 14:00:00,896413,,72.60703,16.35706,52
2018-09-13 08:00:00,1536850800.0,2018-09-13 15:00:00,896414,,71.37175816666667,16.549359833333334,52
2018-09-13 09:00:00,1536854400.0,2018-09-13 16:00:00,896415,,64.49219183333334,18.010346666666667,52
2018-09-13 10:00:00,1536858000.0,2018-09-13 17:00:00,896416,,60.79525418181818,19.572553454545453,52
2018-09-13 11:00:00,1536861600.0,2018-09-13 18:00:00,896417,,54.701538235294116,20.884585,52
2018-09-13 12:00:00,1536865200.0,2018-09-13 19:00:00,896418,,47.81999,23.32062,52
2018-09-13 13:00:00,1536868800.0,2018-09-13 20:00:00,896419,,47.14776406779661,24.136294915254236,52
2018-09-13 16:00:00,1536879600.0,2018-09-13 23:00:00,896421,,53.79436,22.66968,52
2018-09-13 17:00:00,1536883200.0,2018-09-14 00:00:00,896422,,54.78963383333333,22.615135666666667,52
2018-09-13 18:00:00,1536886800.0,2018-09-14 01:00:00,896423,,55.7173885,22.335591333333333,52
2018-09-13 19:00:00,1536890400.0,2018-09-14 02:00:00,896424,,64.64315516666667,19.782409833333332,52
2018-09-13 20:00:00,1536894000.0,2018-09-14 03:00:00,896425,,69.702253,18.5352495,52
2018-09-13 21:00:00,1536897600.0,2018-09-14 04:00:00,896426,,71.45158615384615,18.10446641025641,52
2018-09-14 00:00:00,1536908400.0,2018-09-14 07:00:00,896428,,73.72387,16.80677,52
2018-09-14 01:00:00,1536912000.0,2018-09-14 08:00:00,896429,,74.01842866666667,16.663700666666667,52
2018-09-14 02:00:00,1536915600.0,2018-09-14 09:00:00,896430,,74.38607616666667,16.5712645,52
2018-09-14 03:00:00,1536919200.0,2018-09-14 10:00:00,896431,,74.9351835,16.217033999999998,52
2018-09-14 04:00:00,1536922800.0,2018-09-14 11:00:00,896432,,75.52012732142857,16.079119285714285,52
2018-09-14 07:00:00,1536933600.0,2018-09-14 14:00:00,896434,,75.17629,15.75893,52
2018-09-14 08:00:00,1536937200.0,2018-09-14 15:00:00,896435,,75.3388685,15.984584166666666,52
2018-09-14 09:00:00,1536940800.0,2018-09-14 16:00:00,896436,,71.48376966101695,17.07210525423729,52
2018-09-14 11:00:00,1536948000.0,2018-09-14 18:00:00,896438,,61.35748,20.92098,52
2018-09-14 12:00:00,1536951600.0,2018-09-14 19:00:00,896439,,58.880703898305086,21.70788881355932,52
2018-09-14 13:00:00,1536955200.0,2018-09-14 20:00:00,896440,,54.3766285,23.00980225,52
2018-09-14 15:00:00,1536962400.0,2018-09-14 22:00:00,896441,,53.99876,22.35834,52
2018-09-14 16:00:00,1536966000.0,2018-09-14 23:00:00,896442,,55.297149833333336,21.3635015,52
2018-09-14 17:00:00,1536969600.0,2018-09-15 00:00:00,896443,,60.320153166666664,20.118686833333335,52
2018-09-14 18:00:00,1536973200.0,2018-09-15 01:00:00,896444,,62.715925740740744,19.43308425925926,52
2018-09-14 19:00:00,1536976800.0,2018-09-15 02:00:00,896445,,55.90371294117647,19.787342647058825,52
2018-09-14 20:00:00,1536980400.0,2018-09-15 03:00:00,896446,,56.75007,19.16905,52
2018-09-14 23:00:00,1536991200.0,2018-09-15 06:00:00,896447,,67.55915,17.29923,52
2018-09-15 00:00:00,1536994800.0,2018-09-15 07:00:00,896448,,65.51957833333333,17.233164666666667,52
2018-09-15 01:00:00,1536998400.0,2018-09-15 08:00:00,896449,,64.98109216666667,17.033284166666668,52
2018-09-15 02:00:00,1537002000.0,2018-09-15 09:00:00,896450,,68.13083406779661,16.542111525423728,52
2018-09-15 04:00:00,1537009200.0,2018-09-15 11:00:00,896452,,74.59297,15.58004,52
2018-09-15 05:00:00,1537012800.0,2018-09-15 12:00:00,896453,,75.99522133333333,15.341297166666667,52
2018-09-15 06:00:00,1537016400.0,2018-09-15 13:00:00,896454,,77.06004928571429,15.181581666666666,52
2018-09-15 08:00:00,1537023600.0,2018-09-15 15:00:00,896455,,74.64378,15.78252,52
2018-09-15 09:00:00,1537027200.0,2018-09-15 16:00:00,896456,,72.30147133333334,16.313712666666667,52
2018-09-15 10:00:00,1537030800.0,2018-09-15 17:00:00,896457,,69.1310735,17.294168166666665,52
2018-09-15 11:00:00,1537034400.0,2018-09-15 18:00:00,896458,,67.44404092592593,17.91976111111111,52
2018-09-15 14:00:00,1537045200.0,2018-09-15 21:00:00,896460,,58.00755,21.34328,52
2018-09-15 15:00:00,1537048800.0,2018-09-15 22:00:00,896461,,59.5291715,20.8436425,52
2018-09-15 16:00:00,1537052400.0,2018-09-15 23:00:00,896462,,62.3486785,20.31286516666667,52
2018-09-15 17:00:00,1537056000.0,2018-09-16 00:00:00,896463,,62.59294533333333,19.977627333333334,52
2018-09-15 18:00:00,1537059600.0,2018-09-16 01:00:00,896464,,70.11047235294117,17.91279137254902,52
2018-09-15 21:00:00,1537070400.0,2018-09-16 04:00:00,896466,,73.08279,16.78261,52
2018-09-15 22:00:00,1537074000.0,2018-09-16 05:00:00,896467,,73.13921983333333,16.581874666666668,52
2018-09-15 23:00:00,1537077600.0,2018-09-16 06:00:00,896468,,70.17023523809524,16.730136428571427,52
2018-09-16 01:00:00,1537084800.0,2018-09-16 08:00:00,896470,,68.59166,16.64224,52
2018-09-16 02:00:00,1537088400.0,2018-09-16 09:00:00,896471,,69.97897916666666,16.3154125,52
2018-09-16 03:00:00,1537092000.0,2018-09-16 10:00:00,896472,,71.61925945945946,16.24439108108108,52
2018-09-16 05:00:00,1537099200.0,2018-09-16 12:00:00,896473,,73.16617,16.3387,52
2018-09-16 06:00:00,1537102800.0,2018-09-16 13:00:00,896474,,72.12433266666666,16.034451,52
2018-09-16 07:00:00,1537106400.0,2018-09-16 14:00:00,896475,,73.1962545,15.947703166666667,52
2018-09-16 08:00:00,1537110000.0,2018-09-16 15:00:00,896476,,66.77720066666667,16.848717666666666,52
2018-09-16 09:00:00,1537113600.0,2018-09-16 16:00:00,896477,,62.68925363636364,17.886563636363636,52
2018-09-16 12:00:00,1537124400.0,2018-09-16 19:00:00,896478,,49.66673,23.41039,52
2018-09-16 13:00:00,1537128000.0,2018-09-16 20:00:00,896479,,47.35086416666667,24.428462,52
2018-09-16 14:00:00,1537131600.0,2018-09-16 21:00:00,896480,,52.7143835,23.389990333333333,52
2018-09-16 15:00:00,1537135200.0,2018-09-16 22:00:00,896481,,55.02372962264151,23.102155283018867,52
2018-09-16 17:00:00,1537142400.0,2018-09-17 00:00:00,896483,,56.26389,23.36217,52
2018-09-16 18:00:00,1537146000.0,2018-09-17 01:00:00,896484,,57.52743683333333,22.790407166666668,52
2018-09-16 19:00:00,1537149600.0,2018-09-17 02:00:00,896485,,65.98375375,20.11264,52
2018-09-16 22:00:00,1537160400.0,2018-09-17 05:00:00,896487,,73.18284,17.74774,52
2018-09-16 23:00:00,1537164000.0,2018-09-17 06:00:00,896488,,75.10895066666667,17.230506,52
2018-09-17 00:00:00,1537167600.0,2018-09-17 07:00:00,896489,,76.33715183333334,17.108927666666666,52
2018-09-17 01:00:00,1537171200.0,2018-09-17 08:00:00,896490,,75.8429225,16.86002433333333,52
2018-09-17 02:00:00,1537174800.0,2018-09-17 09:00:00,896491,,76.51796981818183,16.59092109090909,52
2018-09-17 05:00:00,1537185600.0,2018-09-17 12:00:00,896493,,77.06624,16.34365,52
2018-09-17 06:00:00,1537189200.0,2018-09-17 13:00:00,896494,,77.930926,16.0827425,52
2018-09-17 07:00:00,1537192800.0,2018-09-17 14:00:00,896495,,78.22813633333334,16.071557666666667,52
2018-09-17 08:00:00,1537196400.0,2018-09-17 15:00:00,896496,,77.17983591836735,16.454040408163266,52
2018-09-17 11:00:00,1537207200.0,2018-09-17 18:00:00,896498,,63.57594,20.01658,52
2018-09-17 12:00:00,1537210800.0,2018-09-17 19:00:00,896499,,62.94704866666667,20.438905166666668,52
2018-09-17 13:00:00,1537214400.0,2018-09-17 20:00:00,896500,,58.50508216666667,21.5974965,52
2018-09-17 14:00:00,1537218000.0,2018-09-17 21:00:00,896501,,60.495602833333336,20.573630166666668,52
2018-09-17 15:00:00,1537221600.0,2018-09-17 22:00:00,896502,,60.72024965517241,20.460858103448277,52
2018-09-17 18:00:00,1537232400.0,2018-09-18 01:00:00,896504,,64.46024,19.64414,52
2018-09-17 19:00:00,1537236000.0,2018-09-18 02:00:00,896505,,70.86746816666667,17.838462333333332,52
2018-09-17 20:00:00,1537239600.0,2018-09-18 03:00:00,896506,,72.766663,17.208307333333334,52
2018-09-17 21:00:00,1537243200.0,2018-09-18 04:00:00,896507,,73.67844816666667,16.907409666666666,52
2018-09-17 22:00:00,1537246800.0,2018-09-18 05:00:00,896508,,74.70549547169811,16.40329962264151,52
2018-09-18 00:00:00,1537254000.0,2018-09-18 07:00:00,896510,,75.1696,15.91894,52
2018-09-18 01:00:00,1537257600.0,2018-09-18 08:00:00,896511,,76.01387,15.80808,52
2018-09-18 02:00:00,1537261200.0,2018-09-18 09:00:00,896512,,76.87843963636364,15.692959636363636,52
2018-09-18 05:00:00,1537272000.0,2018-09-18 12:00:00,896514,,74.6071,15.8993,52
2018-09-18 06:00:00,1537275600.0,2018-09-18 13:00:00,896515,,74.92077666666667,15.8501885,52
2018-09-18 07:00:00,1537279200.0,2018-09-18 14:00:00,896516,,74.5936425,15.972044499999999,52
2018-09-18 08:00:00,1537282800.0,2018-09-18 15:00:00,896517,,73.1090825,16.38165431818182,52
2018-09-18 11:00:00,1537293600.0,2018-09-18 18:00:00,896519,,62.86719,19.6248,52
2018-09-18 12:00:00,1537297200.0,2018-09-18 19:00:00,896520,,60.978561666666664,20.299137333333334,52
2018-09-18 13:00:00,1537300800.0,2018-09-18 20:00:00,896521,,57.68757566666667,21.488711333333335,52
2018-09-18 14:00:00,1537304400.0,2018-09-18 21:00:00,896522,,56.8442225,21.5367453125,52
2018-09-18 15:00:00,1537308000.0,2018-09-18 22:00:00,896523,,61.93183,19.96873,52
2018-09-18 16:00:00,1537311600.0,2018-09-18 23:00:00,896524,,62.93183366666667,19.343200833333334,52
2018-09-18 17:00:00,1537315200.0,2018-09-19 00:00:00,896525,,62.42986034482759,19.35643327586207,52
2018-09-18 18:00:00,1537318800.0,2018-09-19 01:00:00,896526,,58.429635454545455,20.58117840909091,52
2018-09-18 20:00:00,1537326000.0,2018-09-19 03:00:00,896528,,69.83674,16.8852,52
2018-09-18 21:00:00,1537329600.0,2018-09-19 04:00:00,896529,,70.28440016949152,16.50494813559322,52
2018-09-18 22:00:00,1537333200.0,2018-09-19 05:00:00,896530,,72.53517270270271,16.057103513513514,52
2018-09-18 23:00:00,1537336800.0,2018-09-19 06:00:00,896531,,73.93005,15.67913,52
2018-09-19 00:00:00,1537340400.0,2018-09-19 07:00:00,896532,,69.9731745,15.899752833333334,52
2018-09-19 01:00:00,1537344000.0,2018-09-19 08:00:00,896533,,72.34575358490567,15.587768113207547,52
2018-09-19 03:00:00,1537351200.0,2018-09-19 10:00:00,896535,,71.2116,15.70456,52
2018-09-19 04:00:00,1537354800.0,2018-09-19 11:00:00,896536,,69.41379683333334,15.936699333333333,52
2018-09-19 05:00:00,1537358400.0,2018-09-19 12:00:00,896537,,76.02411275,15.052754,52
2018-09-19 06:00:00,1537362000.0,2018-09-19 13:00:00,896538,,70.98649,15.49143,52
2018-09-19 09:00:00,1537372800.0,2018-09-19 16:00:00,896540,,70.45059,17.36352,52
2018-09-19 10:00:00,1537376400.0,2018-09-19 17:00:00,896541,,64.01096283333334,19.301061,52
2018-09-19 11:00:00,1537380000.0,2018-09-19 18:00:00,896542,,59.58640306122449,21.37326326530612,52
2018-09-19 14:00:00,1537390800.0,2018-09-19 21:00:00,896544,,45.95937,26.28757,52
2018-09-19 15:00:00,1537394400.0,2018-09-19 22:00:00,896545,,45.76130066666666,26.261103333333335,52
2018-09-19 16:00:00,1537398000.0,2018-09-19 23:00:00,896546,,46.49722050847458,25.402283220338983,52
2018-09-19 18:00:00,1537405200.0,2018-09-20 01:00:00,896548,,38.9884,28.05329,52
2018-09-19 21:00:00,1537416000.0,2018-09-20 04:00:00,896550,,39.25851,22.91758,52
2018-09-19 22:00:00,1537419600.0,2018-09-20 05:00:00,896551,,39.02937383333333,23.108170666666666,52
2018-09-19 23:00:00,1537423200.0,2018-09-20 06:00:00,896552,,41.620241166666666,22.757,52
2018-09-20 00:00:00,1537426800.0,2018-09-20 07:00:00,896553,,41.98892428571428,22.37361476190476,52
2018-09-20 03:00:00,1537437600.0,2018-09-20 10:00:00,896555,,44.08098,20.23278,52
2018-09-20 04:00:00,1537441200.0,2018-09-20 11:00:00,896556,,46.80530016666667,19.945522666666665,52
2018-09-20 05:00:00,1537444800.0,2018-09-20 12:00:00,896557,,45.52013266666667,19.82590666666667,52
2018-09-20 06:00:00,1537448400.0,2018-09-20 13:00:00,896558,,44.80189283333333,19.876695833333333,52
2018-09-20 07:00:00,1537452000.0,2018-09-20 14:00:00,896559,,44.737115675675675,19.90074972972973,52
2018-09-20 09:00:00,1537459200.0,2018-09-20 16:00:00,896561,,44.38303,22.90455,52
2018-09-20 13:00:00,1537473600.0,2018-09-20 20:00:00,896562,,24.43416,31.17044,52
2018-09-20 14:00:00,1537477200.0,2018-09-20 21:00:00,896563,,24.406704166666668,30.811498666666665,52
2018-09-20 15:00:00,1537480800.0,2018-09-20 22:00:00,896564,,28.1861305,30.3108905,52
2018-09-20 16:00:00,1537484400.0,2018-09-20 23:00:00,896565,,27.981382413793103,30.221136896551723,52
2018-09-20 18:00:00,1537491600.0,2018-09-21 01:00:00,896567,,29.08337,32.03518,52
2018-09-20 19:00:00,1537495200.0,2018-09-21 02:00:00,896568,,25.958106153846153,28.412131538461537,52
2018-09-20 21:00:00,1537502400.0,2018-09-21 04:00:00,896570,,28.76927,24.56387,52
2018-09-20 22:00:00,1537506000.0,2018-09-21 05:00:00,896571,,27.886923,24.15506166666667,52
2018-09-20 23:00:00,1537509600.0,2018-09-21 06:00:00,896572,,24.57781775862069,24.20519275862069,52
2018-09-21 00:00:00,1537513200.0,2018-09-21 07:00:00,896573,,23.288876444444444,24.446354,52
2018-09-21 02:00:00,1537520400.0,2018-09-21 09:00:00,896575,,27.86508,24.11737,52
2018-09-21 03:00:00,1537524000.0,2018-09-21 10:00:00,896576,,26.23734596491228,23.93534912280702,52
2018-09-21 05:00:00,1537531200.0,2018-09-21 12:00:00,896578,,26.49179,23.96984,52
2018-09-21 06:00:00,1537534800.0,2018-09-21 13:00:00,896579,,30.109549666666666,23.788997833333333,52
2018-09-21 07:00:00,1537538400.0,2018-09-21 14:00:00,896580,,34.44779166666667,22.92018814814815,52
2018-09-21 09:00:00,1537545600.0,2018-09-21 16:00:00,896582,,46.25367,22.91803,52
2018-09-21 10:00:00,1537549200.0,2018-09-21 17:00:00,896583,,49.26735566666667,22.886341166666668,52
2018-09-21 11:00:00,1537552800.0,2018-09-21 18:00:00,896584,,53.631921818181816,22.696911818181817,52
2018-09-21 13:00:00,1537560000.0,2018-09-21 20:00:00,896586,,55.6126,22.50147,52
2018-09-21 14:00:00,1537563600.0,2018-09-21 21:00:00,896587,,59.64933666666667,21.298176833333333,52
2018-09-21 15:00:00,1537567200.0,2018-09-21 22:00:00,896588,,62.48921459459459,20.46369162162162,52
2018-09-21 17:00:00,1537574400.0,2018-09-22 00:00:00,896589,,63.76484,19.75068,52
2018-09-21 18:00:00,1537578000.0,2018-09-22 01:00:00,896590,,69.310918,18.0058145,52
2018-09-21 19:00:00,1537581600.0,2018-09-22 02:00:00,896591,,73.94306883333333,17.047695166666667,52
2018-09-21 20:00:00,1537585200.0,2018-09-22 03:00:00,896592,,76.33316433333333,16.723655166666667,52
2018-09-21 23:00:00,1537596000.0,2018-09-22 06:00:00,896594,,73.11247,16.64834,52
2018-09-22 00:00:00,1537599600.0,2018-09-22 07:00:00,896595,,75.958301,16.178901333333332,52
2018-09-22 01:00:00,1537603200.0,2018-09-22 08:00:00,896596,,77.700452,16.0087925,52
2018-09-22 02:00:00,1537606800.0,2018-09-22 09:00:00,896597,,77.614063,16.042371833333334,52
2018-09-22 03:00:00,1537610400.0,2018-09-22 10:00:00,896598,,77.79032534482758,15.858463965517242,52
2018-09-22 06:00:00,1537621200.0,2018-09-22 13:00:00,896600,,77.88973,15.59554,52
2018-09-22 07:00:00,1537624800.0,2018-09-22 14:00:00,896601,,78.77949166666667,15.531315166666667,52
2018-09-22 08:00:00,1537628400.0,2018-09-22 15:00:00,896602,,79.38188733333334,15.823349666666667,52
2018-09-22 09:00:00,1537632000.0,2018-09-22 16:00:00,896603,,77.86954034482758,16.443181724137933,52
2018-09-22 11:00:00,1537639200.0,2018-09-22 18:00:00,896605,,62.46795,20.77868,52
2018-09-22 12:00:00,1537642800.0,2018-09-22 19:00:00,896606,,57.989645333333335,21.998587166666667,52
2018-09-22 13:00:00,1537646400.0,2018-09-22 20:00:00,896607,,54.6190565625,22.96624625,52
2018-09-22 15:00:00,1537653600.0,2018-09-22 22:00:00,896608,,53.00349,23.35192,52
2018-09-22 16:00:00,1537657200.0,2018-09-22 23:00:00,896609,,54.93433566666667,22.563591666666667,52
2018-09-22 17:00:00,1537660800.0,2018-09-23 00:00:00,896610,,54.52443916666667,22.622526666666666,52
2018-09-22 18:00:00,1537664400.0,2018-09-23 01:00:00,896611,,53.124789666666665,22.291951333333333,52
2018-09-22 19:00:00,1537668000.0,2018-09-23 02:00:00,896612,,57.15916283018868,20.192766981132074,52
2018-09-22 22:00:00,1537678800.0,2018-09-23 05:00:00,896614,,64.42512,18.38179,52
2018-09-22 23:00:00,1537682400.0,2018-09-23 06:00:00,896615,,60.68038166666667,18.2270975,52
2018-09-23 00:00:00,1537686000.0,2018-09-23 07:00:00,896616,,51.685856666666666,19.137574166666667,52
2018-09-23 01:00:00,1537689600.0,2018-09-23 08:00:00,896617,,53.363188888888885,18.90160037037037,52
2018-09-23 03:00:00,1537696800.0,2018-09-23 10:00:00,896619,,65.51015,17.70648,52
2018-09-23 04:00:00,1537700400.0,2018-09-23 11:00:00,896620,,63.99195516666666,17.6357985,52
2018-09-23 05:00:00,1537704000.0,2018-09-23 12:00:00,896621,,72.69912902439025,16.72029804878049,52
2018-09-23 07:00:00,1537711200.0,2018-09-23 14:00:00,896623,,77.14283,16.03172,52
2018-09-23 08:00:00,1537714800.0,2018-09-23 15:00:00,896624,,79.24959321428571,16.286313214285713,52
2018-09-23 11:00:00,1537725600.0,2018-09-23 18:00:00,896626,,60.57006,21.64936,52
2018-09-23 12:00:00,1537729200.0,2018-09-23 19:00:00,896627,,57.041042166666664,22.473735833333333,52
2018-09-23 13:00:00,1537732800.0,2018-09-23 20:00:00,896628,,54.10028230769231,23.49312769230769,52
2018-09-23 16:00:00,1537743600.0,2018-09-23 23:00:00,896630,,51.6142,23.13706,52
2018-09-23 17:00:00,1537747200.0,2018-09-24 00:00:00,896631,,51.685742166666664,23.179610333333333,52
2018-09-23 18:00:00,1537750800.0,2018-09-24 01:00:00,896632,,52.91956866666667,22.237656,52
2018-09-23 19:00:00,1537754400.0,2018-09-24 02:00:00,896633,,62.465741904761906,18.664989285714285,52
2018-09-23 21:00:00,1537761600.0,2018-09-24 04:00:00,896635,,66.17701,17.0788,52
2018-09-23 22:00:00,1537765200.0,2018-09-24 05:00:00,896636,,69.516017,16.7197775,52
2018-09-23 23:00:00,1537768800.0,2018-09-24 06:00:00,896637,,70.81704644067797,16.224763559322035,52
2018-09-24 01:00:00,1537776000.0,2018-09-24 08:00:00,896639,,52.38329,17.52791,52
2018-09-24 02:00:00,1537779600.0,2018-09-24 09:00:00,896640,,52.18127666666667,17.355990877192983,52
2018-09-24 05:00:00,1537790400.0,2018-09-24 12:00:00,896642,,47.22055,18.28136,52
2018-09-24 06:00:00,1537794000.0,2018-09-24 13:00:00,896643,,47.8492885,18.510540833333334,52
2018-09-24 07:00:00,1537797600.0,2018-09-24 14:00:00,896644,,50.699149152542375,18.532319830508474,52
2018-09-24 08:00:00,1537801200.0,2018-09-24 15:00:00,896645,,53.37144591836735,18.922952448979593,52
2018-09-24 11:00:00,1537812000.0,2018-09-24 18:00:00,896647,,53.09701,24.63288,52
2018-09-24 12:00:00,1537815600.0,2018-09-24 19:00:00,896648,,51.287870833333336,25.303196166666666,52
2018-09-24 13:00:00,1537819200.0,2018-09-24 20:00:00,896649,,44.092025666666665,27.2793105,52
2018-09-24 14:00:00,1537822800.0,2018-09-24 21:00:00,896650,,42.75067116666666,26.9171785,52
2018-09-24 15:00:00,1537826400.0,2018-09-24 22:00:00,896651,,50.110997,23.685099333333334,52
2018-09-24 16:00:00,1537830000.0,2018-09-24 23:00:00,896652,,54.82739315789474,22.23488710526316,52
2018-09-24 19:00:00,1537840800.0,2018-09-25 02:00:00,896654,,66.12967,18.08828,52
2018-09-24 20:00:00,1537844400.0,2018-09-25 03:00:00,896655,,60.3018955,18.4964905,52
2018-09-24 21:00:00,1537848000.0,2018-09-25 04:00:00,896656,,51.886002,19.741549,52
2018-09-24 22:00:00,1537851600.0,2018-09-25 05:00:00,896657,,56.58149471698113,18.85391905660377,52
2018-09-25 00:00:00,1537858800.0,2018-09-25 07:00:00,896659,,68.206,17.0268,52
2018-09-25 01:00:00,1537862400.0,2018-09-25 08:00:00,896660,,75.32423783783784,16.36439108108108,52
2018-09-25 02:00:00,1537866000.0,2018-09-25 09:00:00,896661,,77.33845,16.20613,52
2018-09-25 03:00:00,1537869600.0,2018-09-25 10:00:00,896662,,77.74934418181819,16.084865636363638,52
2018-09-25 05:00:00,1537876800.0,2018-09-25 12:00:00,896664,,77.21189,16.05589,52
2018-09-25 06:00:00,1537880400.0,2018-09-25 13:00:00,896665,,77.446464,15.972873666666667,52
2018-09-25 07:00:00,1537884000.0,2018-09-25 14:00:00,896666,,78.4286,15.87243435897436,52
2018-09-25 10:00:00,1537894800.0,2018-09-25 17:00:00,896667,,68.20804,20.1936,52
2018-09-25 11:00:00,1537898400.0,2018-09-25 18:00:00,896668,,63.6571015,21.788166,52
2018-09-25 12:00:00,1537902000.0,2018-09-25 19:00:00,896669,,56.17871433333333,24.092585166666666,52
2018-09-25 13:00:00,1537905600.0,2018-09-25 20:00:00,896670,,52.360597,23.813372166666667,52
2018-09-25 14:00:00,1537909200.0,2018-09-25 21:00:00,896671,,54.83035366666667,22.262639333333333,52
2018-09-25 15:00:00,1537912800.0,2018-09-25 22:00:00,896672,,58.89143052631579,20.861786842105264,52
2018-09-25 16:00:00,1537916400.0,2018-09-25 23:00:00,896673,,56.54406,22.14672,52
2018-09-25 17:00:00,1537920000.0,2018-09-26 00:00:00,896674,,54.947503833333336,23.082252,52
2019-01-16 15:00:00,1547679600.0,2019-01-16 23:00:00,896676,,86.09452,15.26896,52
2019-01-16 16:00:00,1547683200.0,2019-01-17 00:00:00,896677,,86.4138955,15.6162045,52
2019-01-16 17:00:00,1547686800.0,2019-01-17 01:00:00,896678,,83.59967316666666,16.340067833333332,52
2019-01-16 18:00:00,1547690400.0,2019-01-17 02:00:00,896679,,86.83851433333334,16.0402475,52
2019-01-16 21:00:00,1547701200.0,2019-01-17 05:00:00,896682,,88.014062,16.022169666666667,52
2019-01-16 22:00:00,1547704800.0,2019-01-17 06:00:00,896683,,87.37716666666667,15.629982666666667,52
2019-01-17 00:00:00,1547712000.0,2019-01-17 08:00:00,896685,,82.66329766666667,15.062657833333333,52
2019-01-17 01:00:00,1547715600.0,2019-01-17 09:00:00,896686,,80.76106,14.965075,52
2019-01-17 04:00:00,1547726400.0,2019-01-17 12:00:00,896689,,75.06140683333334,15.117901666666667,52
2019-01-17 05:00:00,1547730000.0,2019-01-17 13:00:00,896690,,76.22620583333334,15.114900833333333,52
2019-01-17 06:00:00,1547733600.0,2019-01-17 14:00:00,896691,,75.75483483333333,15.025192333333333,52
2019-01-17 07:00:00,1547737200.0,2019-01-17 15:00:00,896692,,76.99958933333333,13.521423500000001,52
2019-01-17 08:00:00,1547740800.0,2019-01-17 16:00:00,896693,,84.6886245,12.794826,52
2019-01-17 09:00:00,1547744400.0,2019-01-17 17:00:00,896694,,84.23968833333333,13.1733165,52
2019-01-17 10:00:00,1547748000.0,2019-01-17 18:00:00,896695,,84.14217716666667,14.137743833333333,52
2019-01-17 11:00:00,1547751600.0,2019-01-17 19:00:00,896696,,81.94725833333334,15.471499666666666,52
2019-01-17 12:00:00,1547755200.0,2019-01-17 20:00:00,896697,,75.795329,15.490930666666667,52
2019-01-17 13:00:00,1547758800.0,2019-01-17 21:00:00,896698,,72.193018,15.308151166666667,52
2019-01-17 14:00:00,1547762400.0,2019-01-17 22:00:00,896699,,76.42525383333333,15.2746195,52
2019-01-17 15:00:00,1547766000.0,2019-01-17 23:00:00,896700,,72.67485366666666,15.388053833333334,52
2019-01-17 16:00:00,1547769600.0,2019-01-18 00:00:00,896701,,77.21797316666667,15.155863666666667,52
2019-01-17 17:00:00,1547773200.0,2019-01-18 01:00:00,896702,,78.35957216666667,14.695408333333333,52
2019-01-17 18:00:00,1547776800.0,2019-01-18 02:00:00,896703,,79.80566316666666,14.390590666666666,52
2019-01-17 19:00:00,1547780400.0,2019-01-18 03:00:00,896704,,79.95680933333334,14.589109166666667,52
2019-01-17 20:00:00,1547784000.0,2019-01-18 04:00:00,896705,,79.40625316666667,14.700640333333332,52
2019-01-17 21:00:00,1547787600.0,2019-01-18 05:00:00,896706,,78.88573333333333,14.584638333333332,52
2019-01-17 22:00:00,1547791200.0,2019-01-18 06:00:00,896707,,78.63514,14.589066333333333,52
2019-01-17 23:00:00,1547794800.0,2019-01-18 07:00:00,896708,,78.39409916666666,14.635089,52
2019-01-18 00:00:00,1547798400.0,2019-01-18 08:00:00,896709,,77.48557716666667,14.7045045,52
2019-01-18 01:00:00,1547802000.0,2019-01-18 09:00:00,896710,,77.02460033333334,14.716213,52
2019-01-18 02:00:00,1547805600.0,2019-01-18 10:00:00,896711,,76.77411866666667,14.682504333333334,52
2019-01-18 03:00:00,1547809200.0,2019-01-18 11:00:00,896712,,75.61971683333333,14.880611666666667,52
2019-01-18 04:00:00,1547812800.0,2019-01-18 12:00:00,896713,,75.63004883333333,14.955999666666667,52
2019-01-18 05:00:00,1547816400.0,2019-01-18 13:00:00,896714,,76.28865066666667,14.967003833333333,52
2019-01-18 06:00:00,1547820000.0,2019-01-18 14:00:00,896715,,76.92460933333334,14.7519875,52
2019-01-18 07:00:00,1547823600.0,2019-01-18 15:00:00,896716,,75.9204665,14.641967,52
2019-01-18 08:00:00,1547827200.0,2019-01-18 16:00:00,896717,,74.87089466666667,14.9779855,52
2019-01-18 09:00:00,1547830800.0,2019-01-18 17:00:00,896718,,72.10825566666666,15.506610833333333,52
2019-01-18 10:00:00,1547834400.0,2019-01-18 18:00:00,896719,,69.83892566666667,16.647388333333332,52
2019-01-18 11:00:00,1547838000.0,2019-01-18 19:00:00,896720,,66.10167033333333,17.625623833333332,52
2019-01-18 12:00:00,1547841600.0,2019-01-18 20:00:00,896721,,64.68235766666666,18.2488225,52
2019-01-18 13:00:00,1547845200.0,2019-01-18 21:00:00,896722,,61.96431066666667,19.16421233333333,52
2019-01-18 14:00:00,1547848800.0,2019-01-18 22:00:00,896723,,60.054483,19.5915255,52
2019-01-18 15:00:00,1547852400.0,2019-01-18 23:00:00,896724,,60.46735566666667,18.90242466666667,52
2019-01-18 16:00:00,1547856000.0,2019-01-19 00:00:00,896725,,60.44902033333334,18.200576166666668,52
2019-01-18 17:00:00,1547859600.0,2019-01-19 01:00:00,896726,,57.99033983333333,16.920554166666665,52
2019-01-18 19:00:00,1547866800.0,2019-01-19 03:00:00,896728,,54.326574,17.142283166666665,52
2019-01-18 20:00:00,1547870400.0,2019-01-19 04:00:00,896729,,56.015481,17.016205666666668,52
2019-01-18 21:00:00,1547874000.0,2019-01-19 05:00:00,896730,,64.76936533333334,16.5313175,52
2019-01-18 22:00:00,1547877600.0,2019-01-19 06:00:00,896731,,65.89556533333334,16.234107166666668,52
2019-01-18 23:00:00,1547881200.0,2019-01-19 07:00:00,896732,,72.12763366666667,15.592124333333333,52
2019-01-19 00:00:00,1547884800.0,2019-01-19 08:00:00,896733,,67.67292833333333,15.559397166666667,52
2019-01-19 01:00:00,1547888400.0,2019-01-19 09:00:00,896734,,62.436019333333334,16.051968833333333,52
2019-01-19 02:00:00,1547892000.0,2019-01-19 10:00:00,896735,,69.430776,15.880680333333334,52
2019-01-19 03:00:00,1547895600.0,2019-01-19 11:00:00,896736,,72.109453,15.7291825,52
2019-01-19 04:00:00,1547899200.0,2019-01-19 12:00:00,896737,,70.81922683333333,16.0595005,52
2019-01-19 05:00:00,1547902800.0,2019-01-19 13:00:00,896738,,73.05909216666667,15.756821666666667,52
2019-01-19 06:00:00,1547906400.0,2019-01-19 14:00:00,896739,,67.72493133333333,16.287573666666667,52
2019-01-19 07:00:00,1547910000.0,2019-01-19 15:00:00,896740,,69.50781833333333,16.387617833333334,52
2019-01-19 08:00:00,1547913600.0,2019-01-19 16:00:00,896741,,68.9383755,16.653729833333333,52
2019-01-19 09:00:00,1547917200.0,2019-01-19 17:00:00,896742,,63.757124166666664,17.836825833333332,52
2019-01-19 10:00:00,1547920800.0,2019-01-19 18:00:00,896743,,63.42394766666666,18.8767015,52
2019-01-19 11:00:00,1547924400.0,2019-01-19 19:00:00,896744,,62.013414833333336,20.036919666666666,52
2019-01-19 12:00:00,1547928000.0,2019-01-19 20:00:00,896745,,59.12989233333333,21.303409666666667,52
2019-01-19 13:00:00,1547931600.0,2019-01-19 21:00:00,896746,,56.326476,22.437128,52
2019-01-19 14:00:00,1547935200.0,2019-01-19 22:00:00,896747,,59.489932333333336,21.739208833333333,52
2019-01-19 15:00:00,1547938800.0,2019-01-19 23:00:00,896748,,63.85964666666667,21.0977635,52
2019-01-19 16:00:00,1547942400.0,2019-01-20 00:00:00,896749,,64.28743783333333,20.315659,52
2019-01-19 17:00:00,1547946000.0,2019-01-20 01:00:00,896750,,67.13396116666667,19.307310833333332,52
2019-01-19 18:00:00,1547949600.0,2019-01-20 02:00:00,896751,,71.52582566666666,18.1422355,52
2019-01-19 19:00:00,1547953200.0,2019-01-20 03:00:00,896752,,73.40037716666667,17.933563666666668,52
2019-01-19 20:00:00,1547956800.0,2019-01-20 04:00:00,896753,,74.25691516666667,17.710912166666667,52
2019-01-19 21:00:00,1547960400.0,2019-01-20 05:00:00,896754,,74.1379185,17.943471833333334,52
2019-01-19 22:00:00,1547964000.0,2019-01-20 06:00:00,896755,,73.40697483333334,18.016078166666667,52
2019-01-19 23:00:00,1547967600.0,2019-01-20 07:00:00,896756,,74.31029316666667,17.6692385,52
2019-01-20 00:00:00,1547971200.0,2019-01-20 08:00:00,896757,,74.00222183333334,17.488187166666666,52
2019-01-20 01:00:00,1547974800.0,2019-01-20 09:00:00,896758,,75.33410233333333,16.87307716666667,52
2019-01-20 02:00:00,1547978400.0,2019-01-20 10:00:00,896759,,78.49064,16.490715333333334,52
2019-01-20 03:00:00,1547982000.0,2019-01-20 11:00:00,896760,,82.53975866666667,16.047363166666667,52
2019-01-20 04:00:00,1547985600.0,2019-01-20 12:00:00,896761,,85.21095866666667,16.2039265,52
2019-01-20 05:00:00,1547989200.0,2019-01-20 13:00:00,896762,,85.26196633333333,16.249089166666668,52
2019-01-20 06:00:00,1547992800.0,2019-01-20 14:00:00,896763,,85.89125266666667,16.040203166666668,52
2019-01-20 07:00:00,1547996400.0,2019-01-20 15:00:00,896764,,86.295156,16.010572166666666,52
2019-01-20 08:00:00,1548000000.0,2019-01-20 16:00:00,896765,,86.54076783333333,15.817141,52
2019-01-20 09:00:00,1548003600.0,2019-01-20 17:00:00,896766,,86.54263533333334,15.828227333333334,52
2019-01-20 10:00:00,1548007200.0,2019-01-20 18:00:00,896767,,87.4850905,15.982706833333333,52
2019-01-20 11:00:00,1548010800.0,2019-01-20 19:00:00,896768,,86.7719765,15.713479166666668,52
2019-01-20 12:00:00,1548014400.0,2019-01-20 20:00:00,896769,,86.74300566666666,15.414076666666666,52
2019-01-20 14:00:00,1548021600.0,2019-01-20 22:00:00,896771,,84.26346183333334,14.393914333333333,52
2019-01-20 15:00:00,1548025200.0,2019-01-20 23:00:00,896772,,84.09985933333333,13.985547833333333,52
2019-01-20 16:00:00,1548028800.0,2019-01-21 00:00:00,896773,,83.36609916666667,13.557497166666666,52
2019-01-20 17:00:00,1548032400.0,2019-01-21 01:00:00,896774,,80.87350783333333,12.222932333333333,52
2019-01-20 19:00:00,1548039600.0,2019-01-21 03:00:00,896776,,76.4758025,11.118832666666666,52
2019-01-20 20:00:00,1548043200.0,2019-01-21 04:00:00,896777,,77.39289333333333,11.134875333333333,52
2019-01-20 21:00:00,1548046800.0,2019-01-21 05:00:00,896778,,77.31836683333333,10.705039166666667,52
2019-01-20 22:00:00,1548050400.0,2019-01-21 06:00:00,896779,,77.13567466666667,10.676826666666667,52
2019-01-20 23:00:00,1548054000.0,2019-01-21 07:00:00,896780,,76.41981216666667,10.816847833333334,52
2019-01-21 00:00:00,1548057600.0,2019-01-21 08:00:00,896781,,77.3040515,10.754537166666667,52
2019-01-21 01:00:00,1548061200.0,2019-01-21 09:00:00,896782,,77.164476,10.481988833333334,52
2019-01-21 02:00:00,1548064800.0,2019-01-21 10:00:00,896783,,77.64480766666667,10.342163166666667,52
2019-01-21 03:00:00,1548068400.0,2019-01-21 11:00:00,896784,,76.03599433333333,10.641579,52
2019-01-21 05:00:00,1548075600.0,2019-01-21 13:00:00,896786,,75.2713875,10.902292666666666,52
2019-01-21 06:00:00,1548079200.0,2019-01-21 14:00:00,896787,,75.20557033333333,10.775603333333333,52
2019-01-21 08:00:00,1548086400.0,2019-01-21 16:00:00,896789,,72.1930365,11.103089666666667,52
2019-01-21 09:00:00,1548090000.0,2019-01-21 17:00:00,896790,,70.58120133333334,11.799724333333334,52
2019-01-21 10:00:00,1548093600.0,2019-01-21 18:00:00,896791,,66.19147220338984,12.488487796610169,52
2019-01-21 11:00:00,1548097200.0,2019-01-21 19:00:00,896792,,63.33261490909091,13.682327454545455,52
2019-01-21 12:00:00,1548100800.0,2019-01-21 20:00:00,896793,,59.80781145454546,15.346339454545454,52
2019-01-21 13:00:00,1548104400.0,2019-01-21 21:00:00,896794,,53.90687888888889,17.505957407407408,52
2019-01-21 14:00:00,1548108000.0,2019-01-21 22:00:00,896795,,44.259457777777776,20.143861296296297,52
2019-01-21 15:00:00,1548111600.0,2019-01-21 23:00:00,896796,,47.352619814814815,17.746575185185186,52
2019-01-21 16:00:00,1548115200.0,2019-01-22 00:00:00,896797,,53.2792075,16.1598625,52
2019-01-21 17:00:00,1548118800.0,2019-01-22 01:00:00,896798,,61.34652666666667,14.663977666666666,52
2019-01-21 18:00:00,1548122400.0,2019-01-22 02:00:00,896799,,66.67060119047619,14.035696428571429,52
2019-01-29 12:00:00,1548792000.0,2019-01-29 20:00:00,891923,,62.39861,19.25838,52
2019-01-30 13:00:00,1548882000.0,2019-01-30 21:00:00,918569,,54.47821366666667,21.328501833333334,52
2019-01-30 14:00:00,1548885600.0,2019-01-30 22:00:00,918570,,49.61987,23.1450965,52
2019-01-30 15:00:00,1548889200.0,2019-01-30 23:00:00,918571,,49.6692515,22.618175666666666,52
2019-02-03 08:00:00,1549209600.0,2019-02-03 16:00:00,918660,,82.91149796610169,13.821309152542373,52
2019-02-03 09:00:00,1549213200.0,2019-02-03 17:00:00,918661,,81.52984982456141,14.03592350877193,52
2019-02-03 10:00:00,1549216800.0,2019-02-03 18:00:00,918662,,80.68005854545454,14.411076909090909,52
2019-02-03 11:00:00,1549220400.0,2019-02-03 19:00:00,918663,,82.10970133333333,13.684757166666667,52
2019-02-03 12:00:00,1549224000.0,2019-02-03 20:00:00,918664,,82.00102589285714,12.975771785714286,52
2019-02-03 13:00:00,1549227600.0,2019-02-03 21:00:00,918665,,81.92164017241379,12.781659310344828,52
2019-02-03 14:00:00,1549231200.0,2019-02-03 22:00:00,918666,,77.6751605,12.932908,52
2019-02-03 15:00:00,1549234800.0,2019-02-03 23:00:00,918667,,74.21078677966102,13.234495423728813,52
2019-02-03 16:00:00,1549238400.0,2019-02-04 00:00:00,918668,,68.07043758620689,13.616881724137931,52
2019-02-03 17:00:00,1549242000.0,2019-02-04 01:00:00,918669,,70.2946605263158,13.090057543859649,52
2019-02-03 18:00:00,1549245600.0,2019-02-04 02:00:00,918670,,71.19539816666666,12.891929,52
2019-02-03 19:00:00,1549249200.0,2019-02-04 03:00:00,918671,,71.65781084745763,12.75419372881356,52
2019-02-03 20:00:00,1549252800.0,2019-02-04 04:00:00,918672,,70.81980810344828,12.80054551724138,52
2019-02-03 21:00:00,1549256400.0,2019-02-04 05:00:00,918673,,68.60782576271187,12.817438983050847,52
2019-02-03 22:00:00,1549260000.0,2019-02-04 06:00:00,918674,,72.20764,12.45568,52
2019-02-03 23:00:00,1549263600.0,2019-02-04 07:00:00,918675,,76.1343495,12.270012666666666,52
2019-02-04 00:00:00,1549267200.0,2019-02-04 08:00:00,918676,,79.16991206896552,11.958068448275862,52
2019-02-04 01:00:00,1549270800.0,2019-02-04 09:00:00,918677,,80.09823762711865,11.740286101694915,52
2019-02-04 02:00:00,1549274400.0,2019-02-04 10:00:00,918678,,82.14072842105263,11.46517350877193,52
2019-02-04 03:00:00,1549278000.0,2019-02-04 11:00:00,918679,,83.65533,11.783577166666667,52
2019-02-04 04:00:00,1549281600.0,2019-02-04 12:00:00,918680,,82.58976633333333,11.627112,52
2019-02-04 05:00:00,1549285200.0,2019-02-04 13:00:00,918681,,81.9672598275862,11.516061379310345,52
2019-02-04 06:00:00,1549288800.0,2019-02-04 14:00:00,918682,,80.38726423728814,10.948761186440677,52
2019-02-04 07:00:00,1549292400.0,2019-02-04 15:00:00,918683,,78.54395068965518,10.757925689655172,52
2019-02-04 08:00:00,1549296000.0,2019-02-04 16:00:00,918684,,77.8363425,10.576118333333334,52
2019-02-04 09:00:00,1549299600.0,2019-02-04 17:00:00,918685,,76.61925847457627,10.565301186440678,52
2019-02-04 10:00:00,1549303200.0,2019-02-04 18:00:00,918686,,75.11000237288135,10.179926440677967,52
2019-02-04 11:00:00,1549306800.0,2019-02-04 19:00:00,918687,,70.69837824561404,11.145509122807018,52
2019-02-04 12:00:00,1549310400.0,2019-02-04 20:00:00,918688,,67.38392894736842,11.165900350877193,52
2019-02-04 13:00:00,1549314000.0,2019-02-04 21:00:00,918689,,58.64358883333333,12.557432,52
2019-02-04 14:00:00,1549317600.0,2019-02-04 22:00:00,918690,,62.40128793103448,12.012083965517242,52
2019-02-04 15:00:00,1549321200.0,2019-02-04 23:00:00,918691,,62.274366666666666,11.868767543859649,52
2019-02-04 16:00:00,1549324800.0,2019-02-05 00:00:00,918692,,58.49116118644068,11.067516779661016,52
2019-02-04 17:00:00,1549328400.0,2019-02-05 01:00:00,918693,,65.50143309090909,10.237244363636364,52
2019-02-04 18:00:00,1549332000.0,2019-02-05 02:00:00,918694,,67.157718,9.010921166666666,52
2019-02-04 19:00:00,1549335600.0,2019-02-05 03:00:00,918695,,71.84984829268292,8.740217804878048,52
2019-02-04 20:00:00,1549339200.0,2019-02-05 04:00:00,918696,,,,52
2019-02-04 21:00:00,1549342800.0,2019-02-05 05:00:00,918697,,,,52
2019-02-04 23:00:00,1549350000.0,2019-02-05 07:00:00,918699,,69.59925,8.553,52
2019-02-05 00:00:00,1549353600.0,2019-02-05 08:00:00,918700,,,,52
2019-02-05 01:00:00,1549357200.0,2019-02-05 09:00:00,918701,,,,52
2019-02-05 02:00:00,1549360800.0,2019-02-05 10:00:00,918702,,69.89309,7.534,52
2019-02-05 04:00:00,1549368000.0,2019-02-05 12:00:00,918704,,68.32345,7.90756,52
2019-02-05 05:00:00,1549371600.0,2019-02-05 13:00:00,918705,,68.56643022222222,7.492271333333333,52
2019-02-05 06:00:00,1549375200.0,2019-02-05 14:00:00,918706,,69.9077076744186,7.334288837209303,52
2019-02-05 07:00:00,1549378800.0,2019-02-05 15:00:00,918707,,70.93348,7.26061,52
2019-02-05 08:00:00,1549382400.0,2019-02-05 16:00:00,918708,,70.82162066666666,7.491125555555556,52
2019-02-05 09:00:00,1549386000.0,2019-02-05 17:00:00,918709,,68.0076,8.47878,52
2019-02-05 10:00:00,1549389600.0,2019-02-05 18:00:00,918710,,66.00611904761905,9.031065,52
2019-02-05 11:00:00,1549393200.0,2019-02-05 19:00:00,918711,,,,52
2019-02-05 12:00:00,1549396800.0,2019-02-05 20:00:00,918712,,47.3597615625,13.097575625,52
2019-02-05 13:00:00,1549400400.0,2019-02-05 21:00:00,918713,,40.50798638888889,14.916095,52
2019-02-05 14:00:00,1549404000.0,2019-02-05 22:00:00,918714,,38.471577567567564,14.334424324324324,52
2019-02-05 15:00:00,1549407600.0,2019-02-05 23:00:00,918715,,37.922958108108105,14.376936756756757,52
2019-02-05 16:00:00,1549411200.0,2019-02-06 00:00:00,918716,,39.50902741935484,14.11731870967742,52
2019-02-05 17:00:00,1549414800.0,2019-02-06 01:00:00,918717,,46.82365547169811,11.913083018867924,52
2019-02-05 18:00:00,1549418400.0,2019-02-06 02:00:00,918718,,51.20471270833333,10.979575416666666,52
2019-02-05 19:00:00,1549422000.0,2019-02-06 03:00:00,918719,,54.032499607843135,10.523715098039215,52
2019-02-05 20:00:00,1549425600.0,2019-02-06 04:00:00,918720,,54.154736,10.142702181818182,52
2019-02-05 21:00:00,1549429200.0,2019-02-06 05:00:00,918721,,55.28120416666667,9.782230416666668,52
2019-02-05 22:00:00,1549432800.0,2019-02-06 06:00:00,918722,,55.108792692307695,9.33442826923077,52
2019-02-05 23:00:00,1549436400.0,2019-02-06 07:00:00,918723,,56.86307133333333,9.014544444444445,52
2019-02-06 00:00:00,1549440000.0,2019-02-06 08:00:00,918724,,58.019022790697676,8.937454186046512,52
2019-02-06 01:00:00,1549443600.0,2019-02-06 09:00:00,918725,,59.2417775,8.97828625,52
2019-02-06 02:00:00,1549447200.0,2019-02-06 10:00:00,918726,,61.185462666666666,8.779581333333333,52
2019-02-06 03:00:00,1549450800.0,2019-02-06 11:00:00,918727,,62.2709395,8.5477145,52
2019-02-06 04:00:00,1549454400.0,2019-02-06 12:00:00,918728,,64.31316488888889,8.073461777777778,52
2019-02-06 05:00:00,1549458000.0,2019-02-06 13:00:00,918729,,64.50889333333333,7.857678333333333,52
2019-02-06 06:00:00,1549461600.0,2019-02-06 14:00:00,918730,,63.31817,7.800307837837837,52
2019-02-06 07:00:00,1549465200.0,2019-02-06 15:00:00,918731,,62.24652,7.95293,52
2019-02-06 08:00:00,1549468800.0,2019-02-06 16:00:00,918732,,57.084308666666665,9.644522,52
2019-02-06 09:00:00,1549472400.0,2019-02-06 17:00:00,918733,,54.66273720930233,11.095081860465116,52
2019-02-06 10:00:00,1549476000.0,2019-02-06 18:00:00,918734,,51.391996666666664,12.751877777777779,52
2019-02-06 11:00:00,1549479600.0,2019-02-06 19:00:00,918735,,47.8192488,14.3449124,52
2019-02-06 12:00:00,1549483200.0,2019-02-06 20:00:00,918736,,43.70327465116279,16.120707906976744,52
2019-02-06 13:00:00,1549486800.0,2019-02-06 21:00:00,918737,,40.26360365853659,17.642976829268292,52
2019-02-06 14:00:00,1549490400.0,2019-02-06 22:00:00,918738,,40.458822142857144,16.684380476190476,52
2019-02-06 15:00:00,1549494000.0,2019-02-06 23:00:00,918739,,43.59509235294118,15.481978235294118,52
2019-02-06 16:00:00,1549497600.0,2019-02-07 00:00:00,918740,,,,52
2019-02-06 17:00:00,1549501200.0,2019-02-07 01:00:00,918741,,,,52
2019-02-06 18:00:00,1549504800.0,2019-02-07 02:00:00,918742,,52.09565325,12.338057000000001,52
2019-02-06 19:00:00,1549508400.0,2019-02-07 03:00:00,918743,,54.66890659574468,11.75848744680851,52
2019-02-06 20:00:00,1549512000.0,2019-02-07 04:00:00,918744,,,,52
2019-02-06 21:00:00,1549515600.0,2019-02-07 05:00:00,918745,,54.07856,11.015057906976745,52
2019-02-06 22:00:00,1549519200.0,2019-02-07 06:00:00,918746,,54.02723869565217,10.59788304347826,52
2019-02-06 23:00:00,1549522800.0,2019-02-07 07:00:00,944122,,54.338696545454546,10.48143109090909,52
2019-02-07 00:00:00,1549526400.0,2019-02-07 08:00:00,944123,,55.285139111111114,10.593162666666666,52
2019-02-07 01:00:00,1549530000.0,2019-02-07 09:00:00,944124,,56.024419583333334,10.495472291666667,52
2019-02-07 02:00:00,1549533600.0,2019-02-07 10:00:00,944125,,56.076455625,10.50439625,52
2019-02-07 03:00:00,1549537200.0,2019-02-07 11:00:00,944126,,56.90569547619047,10.364679285714285,52
2019-02-07 04:00:00,1549540800.0,2019-02-07 12:00:00,944127,,58.10051625,10.039648333333334,52
2019-02-07 05:00:00,1549544400.0,2019-02-07 13:00:00,944128,,59.83933972972973,10.098357567567568,52
2019-02-07 07:00:00,1549551600.0,2019-02-07 15:00:00,944130,,60.152671315789476,10.310906315789474,52
2019-02-07 08:00:00,1549555200.0,2019-02-07 16:00:00,944131,,57.59021,11.17728,52
2019-02-07 09:00:00,1549558800.0,2019-02-07 17:00:00,944132,,52.61590390243902,12.274588780487806,52
2019-02-07 10:00:00,1549562400.0,2019-02-07 18:00:00,944133,,49.36440589285714,13.3179875,52
2019-02-07 11:00:00,1549566000.0,2019-02-07 19:00:00,944134,,50.550924888888886,14.387968222222222,52
2019-02-07 12:00:00,1549569600.0,2019-02-07 20:00:00,944135,,48.47960139534884,15.30780953488372,52
2019-02-07 13:00:00,1549573200.0,2019-02-07 21:00:00,944136,,45.50876083333333,17.532529166666666,52
2019-02-07 14:00:00,1549576800.0,2019-02-07 22:00:00,944137,,47.27370169491525,15.979526101694915,52
2019-02-07 15:00:00,1549580400.0,2019-02-07 23:00:00,944138,,49.91115214285714,14.972906666666667,52
2019-02-07 16:00:00,1549584000.0,2019-02-08 00:00:00,944139,,51.4455275,14.331213035714285,52
2019-02-07 17:00:00,1549587600.0,2019-02-08 01:00:00,944140,,53.867969607843136,13.116549411764705,52
2019-02-07 18:00:00,1549591200.0,2019-02-08 02:00:00,944141,,54.278739375,12.261910208333333,52
2019-02-07 19:00:00,1549594800.0,2019-02-08 03:00:00,944142,,55.36938318181818,11.984562045454545,52
2019-02-07 20:00:00,1549598400.0,2019-02-08 04:00:00,944143,,55.25599,11.83113,52
2019-02-07 21:00:00,1549602000.0,2019-02-08 05:00:00,944144,,54.118167575757575,11.943115151515151,52
2019-02-07 22:00:00,1549605600.0,2019-02-08 06:00:00,944145,,54.10221,11.86725,52
2019-02-07 23:00:00,1549609200.0,2019-02-08 07:00:00,944146,,54.62211777777778,11.859876296296296,52
2019-02-08 00:00:00,1549612800.0,2019-02-08 08:00:00,944147,,55.424555897435894,11.769826666666667,52
2019-02-08 01:00:00,1549616400.0,2019-02-08 09:00:00,944148,,57.086910961538464,11.285504423076922,52
2019-02-08 02:00:00,1549620000.0,2019-02-08 10:00:00,944149,,58.44906088888889,11.193045333333334,52
2019-02-08 03:00:00,1549623600.0,2019-02-08 11:00:00,944150,,60.13555,10.8441,52
2019-02-08 04:00:00,1549627200.0,2019-02-08 12:00:00,944151,,63.27242096153846,10.089808076923077,52
2019-02-08 05:00:00,1549630800.0,2019-02-08 13:00:00,944152,,64.01281363636363,9.755325681818181,52
2019-02-08 06:00:00,1549634400.0,2019-02-08 14:00:00,944153,,64.2270706122449,9.82032775510204,52
2019-02-08 07:00:00,1549638000.0,2019-02-08 15:00:00,944154,,64.3843812244898,10.051789795918367,52
2019-02-08 08:00:00,1549641600.0,2019-02-08 16:00:00,944155,,63.572275833333336,10.633714791666666,52
2019-02-08 09:00:00,1549645200.0,2019-02-08 17:00:00,944156,,61.472049166666665,11.735075,52
2019-02-08 10:00:00,1549648800.0,2019-02-08 18:00:00,944157,,57.96728,13.51209,52
2019-02-08 11:00:00,1549652400.0,2019-02-08 19:00:00,944158,,58.12959425,13.702318,52
2019-02-08 12:00:00,1549656000.0,2019-02-08 20:00:00,944159,,61.48069,12.90291,52
2019-02-08 13:00:00,1549659600.0,2019-02-08 21:00:00,944160,,71.04149,11.48393,52
2019-02-08 14:00:00,1549663200.0,2019-02-08 22:00:00,944161,,76.48505891304347,10.980489130434783,52
2019-02-08 15:00:00,1549666800.0,2019-02-08 23:00:00,944162,,,,52
2019-02-08 16:00:00,1549670400.0,2019-02-09 00:00:00,944163,,77.16165564102565,10.907649743589744,52
2019-02-08 17:00:00,1549674000.0,2019-02-09 01:00:00,944164,,77.20310489361702,10.76368829787234,52
2019-02-08 18:00:00,1549677600.0,2019-02-09 02:00:00,944165,,75.83786641509434,10.922819433962264,52
2019-02-08 19:00:00,1549681200.0,2019-02-09 03:00:00,944166,,76.17792297297298,11.07318918918919,52
2019-02-08 20:00:00,1549684800.0,2019-02-09 04:00:00,944167,,76.01699697674418,10.80846465116279,52
2019-02-08 21:00:00,1549688400.0,2019-02-09 05:00:00,944168,,75.71876,10.61122,52
2019-02-08 22:00:00,1549692000.0,2019-02-09 06:00:00,944169,,76.89878414634147,10.262168536585365,52
2019-02-08 23:00:00,1549695600.0,2019-02-09 07:00:00,944170,,76.75553022222222,10.26618,52
2019-02-09 00:00:00,1549699200.0,2019-02-09 08:00:00,944171,,75.17328242424243,10.535572727272728,52
2019-02-09 01:00:00,1549702800.0,2019-02-09 09:00:00,944172,,74.20253,10.43027,52
2019-02-09 02:00:00,1549706400.0,2019-02-09 10:00:00,944173,,74.50300804347826,10.285621086956521,52
2019-02-09 03:00:00,1549710000.0,2019-02-09 11:00:00,944174,,73.44143317073171,10.552140975609756,52
2019-02-09 04:00:00,1549713600.0,2019-02-09 12:00:00,944175,,73.62302714285714,10.427945142857142,52
2019-02-09 05:00:00,1549717200.0,2019-02-09 13:00:00,944176,,74.74195333333333,10.344041875,52
2019-02-09 06:00:00,1549720800.0,2019-02-09 14:00:00,944177,,74.56644765957446,10.003920638297872,52
2019-02-09 07:00:00,1549724400.0,2019-02-09 15:00:00,944178,,74.94270777777778,9.630892777777778,52
2019-02-09 08:00:00,1549728000.0,2019-02-09 16:00:00,944179,,73.73793916666666,10.218256944444445,52
2019-02-09 09:00:00,1549731600.0,2019-02-09 17:00:00,944180,,73.69907634615384,10.937170576923076,52
2019-02-09 10:00:00,1549735200.0,2019-02-09 18:00:00,944181,,69.26379,12.275740416666666,52
2019-02-09 11:00:00,1549738800.0,2019-02-09 19:00:00,944182,,,,52
2019-02-09 12:00:00,1549742400.0,2019-02-09 20:00:00,944183,,,,52
2019-02-09 13:00:00,1549746000.0,2019-02-09 21:00:00,944184,,71.40483,12.67369,52
2019-02-09 14:00:00,1549749600.0,2019-02-09 22:00:00,944185,,73.19196181818182,12.41089090909091,52
2019-02-09 15:00:00,1549753200.0,2019-02-09 23:00:00,944186,,71.5359352,13.0791836,52
2019-02-09 16:00:00,1549756800.0,2019-02-10 00:00:00,944187,,71.4163343902439,12.190889268292683,52
2019-02-09 17:00:00,1549760400.0,2019-02-10 01:00:00,944188,,73.02951060606061,12.376556666666666,52
2019-02-09 18:00:00,1549764000.0,2019-02-10 02:00:00,944189,,75.764343125,11.514995416666666,52
2019-02-09 19:00:00,1549767600.0,2019-02-10 03:00:00,944190,,74.61444840909091,11.59782090909091,52
2019-02-09 20:00:00,1549771200.0,2019-02-10 04:00:00,944191,,77.58050860465116,11.158441395348838,52
2019-02-09 21:00:00,1549774800.0,2019-02-10 05:00:00,944192,,76.03670146341463,11.170765853658537,52
2019-02-09 22:00:00,1549778400.0,2019-02-10 06:00:00,944193,,74.25901193548387,10.468844193548387,52
2019-02-09 23:00:00,1549782000.0,2019-02-10 07:00:00,944194,,73.41517,10.1719,52
2019-02-10 00:00:00,1549785600.0,2019-02-10 08:00:00,944195,,72.574861,9.898594,52
2019-02-10 01:00:00,1549789200.0,2019-02-10 09:00:00,944196,,71.73186925925926,9.321762222222223,52
2019-02-10 03:00:00,1549796400.0,2019-02-10 11:00:00,944198,,70.71403,9.49794,52
2019-02-10 04:00:00,1549800000.0,2019-02-10 12:00:00,944199,,73.70687,8.3888,52
2019-02-10 05:00:00,1549803600.0,2019-02-10 13:00:00,944200,,72.79656822222222,8.300128222222222,52
2019-02-10 06:00:00,1549807200.0,2019-02-10 14:00:00,944201,,70.87938342105264,8.216102894736842,52
2019-02-10 07:00:00,1549810800.0,2019-02-10 15:00:00,944202,,70.90802634146341,7.911508536585366,52
2019-02-10 08:00:00,1549814400.0,2019-02-10 16:00:00,944203,,69.9500645,8.536005,52
2019-02-10 10:00:00,1549821600.0,2019-02-10 18:00:00,944205,,58.76551,10.74073,52
2019-02-10 11:00:00,1549825200.0,2019-02-10 19:00:00,944206,,52.60460257142857,12.45507857142857,52
2019-02-10 12:00:00,1549828800.0,2019-02-10 20:00:00,944207,,52.377135161290326,12.717018709677419,52
2019-02-10 13:00:00,1549832400.0,2019-02-10 21:00:00,944208,,49.94054,13.0105,52
2019-02-10 14:00:00,1549836000.0,2019-02-10 22:00:00,944209,,,,52
2019-02-10 17:00:00,1549846800.0,2019-02-11 01:00:00,944212,,50.84257,12.44991,52
2019-02-10 18:00:00,1549850400.0,2019-02-11 02:00:00,944213,,57.32605,11.443786428571428,52
2019-02-10 19:00:00,1549854000.0,2019-02-11 03:00:00,944214,,60.68971,11.01748,52
2019-02-10 20:00:00,1549857600.0,2019-02-11 04:00:00,944215,,63.396420166666665,10.4546035,52
2019-02-10 21:00:00,1549861200.0,2019-02-11 05:00:00,944216,,62.677985,10.408004523809524,52
2019-02-10 22:00:00,1549864800.0,2019-02-11 06:00:00,944217,,63.961896,10.011090666666666,52
2019-02-10 23:00:00,1549868400.0,2019-02-11 07:00:00,944218,,64.3365518,9.8796268,52
2019-02-11 00:00:00,1549872000.0,2019-02-11 08:00:00,944219,,63.644698793103444,9.585381551724138,52
2019-02-11 01:00:00,1549875600.0,2019-02-11 09:00:00,944220,,63.49602,9.447033,52
2019-02-11 02:00:00,1549879200.0,2019-02-11 10:00:00,944221,,,,52
2019-02-11 04:00:00,1549886400.0,2019-02-11 12:00:00,944223,,62.29291,9.85218,52
2019-02-11 05:00:00,1549890000.0,2019-02-11 13:00:00,944224,,62.26278,9.49643,52
2019-02-11 06:00:00,1549893600.0,2019-02-11 14:00:00,944225,,62.98807,9.50109,52
2019-02-11 07:00:00,1549897200.0,2019-02-11 15:00:00,944226,,,,52
2019-02-11 08:00:00,1549900800.0,2019-02-11 16:00:00,944227,,58.6201458974359,11.304468974358974,52
2019-02-11 09:00:00,1549904400.0,2019-02-11 17:00:00,944228,,55.75088744186046,12.302257209302326,52
2019-02-11 10:00:00,1549908000.0,2019-02-11 18:00:00,944229,,,,52
2019-02-11 11:00:00,1549911600.0,2019-02-11 19:00:00,944230,,47.74152239130435,14.38029195652174,52
2019-02-11 12:00:00,1549915200.0,2019-02-11 20:00:00,944231,,,,52
2019-02-11 13:00:00,1549918800.0,2019-02-11 21:00:00,944232,,41.45226,16.51338523809524,52
2019-02-11 14:00:00,1549922400.0,2019-02-11 22:00:00,944233,,46.58649,15.44888,52
2019-02-11 15:00:00,1549926000.0,2019-02-11 23:00:00,944234,,50.787296363636365,14.428744545454546,52
2019-02-11 16:00:00,1549929600.0,2019-02-12 00:00:00,944235,,53.124090833333334,13.973258055555556,52
2019-02-11 17:00:00,1549933200.0,2019-02-12 01:00:00,944236,,60.03879,13.06615,52
2019-02-11 18:00:00,1549936800.0,2019-02-12 02:00:00,944237,,63.23842,12.27997,52
2019-02-11 19:00:00,1549940400.0,2019-02-12 03:00:00,944238,,64.92623981481482,11.504012222222222,52
2019-02-11 20:00:00,1549944000.0,2019-02-12 04:00:00,944239,,65.00797906976744,11.13025976744186,52
2019-02-11 21:00:00,1549947600.0,2019-02-12 05:00:00,944240,,64.76679270833333,10.742177083333333,52
2019-02-11 22:00:00,1549951200.0,2019-02-12 06:00:00,944241,,63.77299,10.77582,52
2019-02-11 23:00:00,1549954800.0,2019-02-12 07:00:00,944242,,59.8361041509434,11.006215471698113,52
2019-02-12 00:00:00,1549958400.0,2019-02-12 08:00:00,944243,,58.13986547619047,10.945605476190476,52
2019-02-12 01:00:00,1549962000.0,2019-02-12 09:00:00,944244,,58.55903396226415,11.012142641509433,52
2019-02-12 02:00:00,1549965600.0,2019-02-12 10:00:00,944245,,55.89812577777778,11.298010222222223,52
2019-02-12 03:00:00,1549969200.0,2019-02-12 11:00:00,944246,,52.56134458333334,11.429133958333333,52
2019-02-12 04:00:00,1549972800.0,2019-02-12 12:00:00,944247,,54.47125595238095,11.246415952380952,52
2019-02-12 05:00:00,1549976400.0,2019-02-12 13:00:00,944248,,59.282875918367345,10.585997346938775,52
2019-02-12 06:00:00,1549980000.0,2019-02-12 14:00:00,944249,,,,52
2019-02-12 07:00:00,1549983600.0,2019-02-12 15:00:00,944250,,50.54759591836735,11.36183530612245,52
2019-02-12 08:00:00,1549987200.0,2019-02-12 16:00:00,944251,,48.610209024390244,11.769699512195123,52
2019-02-12 09:00:00,1549990800.0,2019-02-12 17:00:00,944252,,49.23152243902439,12.1162,52
2019-02-12 10:00:00,1549994400.0,2019-02-12 18:00:00,944253,,45.88946487804878,12.890755365853659,52
2019-02-12 11:00:00,1549998000.0,2019-02-12 19:00:00,944254,,52.64879849056604,13.328208679245282,52
2019-02-12 12:00:00,1550001600.0,2019-02-12 20:00:00,944255,,56.88614195652174,12.948715869565218,52
2019-02-12 13:00:00,1550005200.0,2019-02-12 21:00:00,944256,,48.73433,13.5198,52
2019-02-12 14:00:00,1550008800.0,2019-02-12 22:00:00,944257,,50.85067432432432,13.036067567567567,52
2019-02-12 15:00:00,1550012400.0,2019-02-12 23:00:00,944258,,49.79295048780488,13.04360487804878,52
2019-02-12 16:00:00,1550016000.0,2019-02-13 00:00:00,944259,,53.161702972972975,13.578761891891892,52
2019-02-12 18:00:00,1550023200.0,2019-02-13 02:00:00,944261,,44.14277,13.94173,52
2019-02-12 19:00:00,1550026800.0,2019-02-13 03:00:00,944262,,48.80326,14.2258125,52
2019-02-12 20:00:00,1550030400.0,2019-02-13 04:00:00,944263,,50.066551764705885,13.281417647058824,52
2019-02-12 21:00:00,1550034000.0,2019-02-13 05:00:00,944264,,68.69140441176471,11.439615294117647,52
2019-02-12 23:00:00,1550041200.0,2019-02-13 07:00:00,944266,,,,52
2019-02-13 00:00:00,1550044800.0,2019-02-13 08:00:00,944267,,,,52
2019-02-13 01:00:00,1550048400.0,2019-02-13 09:00:00,944268,,76.99060131578948,10.791255263157895,52
2019-02-13 02:00:00,1550052000.0,2019-02-13 10:00:00,944269,,77.2316725,11.053247954545455,52
2019-02-13 03:00:00,1550055600.0,2019-02-13 11:00:00,944270,,77.33273857142858,11.044837959183674,52
2019-02-13 04:00:00,1550059200.0,2019-02-13 12:00:00,944271,,78.41521583333333,10.703229375,52
2019-02-13 05:00:00,1550062800.0,2019-02-13 13:00:00,944272,,80.05917,10.80466,52
2019-02-13 06:00:00,1550066400.0,2019-02-13 14:00:00,944273,,81.46165071428571,11.075535238095238,52
2019-02-13 07:00:00,1550070000.0,2019-02-13 15:00:00,944274,,81.3546396969697,10.710431212121213,52
2019-02-13 08:00:00,1550073600.0,2019-02-13 16:00:00,944275,,82.43587458333333,10.771002708333333,52
2019-02-13 09:00:00,1550077200.0,2019-02-13 17:00:00,944276,,83.11013068181818,12.137490681818182,52
2019-02-13 10:00:00,1550080800.0,2019-02-13 18:00:00,944277,,83.45912303030303,13.362595151515151,52
2019-02-13 11:00:00,1550084400.0,2019-02-13 19:00:00,944278,,84.35561,14.15996,52
2019-02-13 12:00:00,1550088000.0,2019-02-13 20:00:00,944279,,84.6779423076923,15.05932717948718,52
2019-02-13 13:00:00,1550091600.0,2019-02-13 21:00:00,944280,,85.47418428571429,15.423398392857143,52
2019-02-13 14:00:00,1550095200.0,2019-02-13 22:00:00,944281,,85.24218222222223,16.021685185185184,52
2019-02-13 15:00:00,1550098800.0,2019-02-13 23:00:00,944282,,84.84537089285715,16.40477392857143,52
2019-02-13 16:00:00,1550102400.0,2019-02-14 00:00:00,944283,,81.41903,17.1561,52
2019-02-13 17:00:00,1550106000.0,2019-02-14 01:00:00,944284,,82.02656,16.94812,52
2019-02-13 18:00:00,1550109600.0,2019-02-14 02:00:00,944285,,82.97687,17.22175,52
2019-02-13 19:00:00,1550113200.0,2019-02-14 03:00:00,944286,,84.81974193548388,17.276412903225808,52
2019-02-13 20:00:00,1550116800.0,2019-02-14 04:00:00,944287,,85.506296,17.2549876,52
2019-02-13 21:00:00,1550120400.0,2019-02-14 05:00:00,944288,,83.72052528301887,17.492800566037737,52
2019-02-13 22:00:00,1550124000.0,2019-02-14 06:00:00,944289,,83.73273,17.42437,52
2019-02-13 23:00:00,1550127600.0,2019-02-14 07:00:00,944290,,83.50122446808511,17.633977234042554,52
2019-02-14 00:00:00,1550131200.0,2019-02-14 08:00:00,944291,,,,52
2019-02-14 01:00:00,1550134800.0,2019-02-14 09:00:00,944292,,85.41691367346938,17.543214897959185,52
2019-02-16 04:00:00,1550318400.0,2019-02-16 12:00:00,952816,,74.9821535,9.768093,52
2019-02-18 21:00:00,1550552400.0,2019-02-19 05:00:00,952881,,45.83375915254237,9.722058305084746,52
2019-02-18 22:00:00,1550556000.0,2019-02-19 06:00:00,952882,,46.525249821428574,9.678504464285714,52
2019-02-18 23:00:00,1550559600.0,2019-02-19 07:00:00,952883,,48.272339333333335,9.271995500000001,52
2019-02-19 00:00:00,1550563200.0,2019-02-19 08:00:00,952884,,46.37196862068966,9.366602586206897,52
2019-02-19 01:00:00,1550566800.0,2019-02-19 09:00:00,952885,,47.29769210526316,9.392421754385964,52
2019-02-19 02:00:00,1550570400.0,2019-02-19 10:00:00,952886,,47.64283535714286,9.130392321428571,52
2019-02-19 03:00:00,1550574000.0,2019-02-19 11:00:00,952887,,47.26510928571429,8.722839107142857,52
2019-02-19 04:00:00,1550577600.0,2019-02-19 12:00:00,952888,,44.654077627118646,8.532676440677966,52
2019-02-19 05:00:00,1550581200.0,2019-02-19 13:00:00,952889,,46.9383652631579,8.57394456140351,52
2019-02-19 06:00:00,1550584800.0,2019-02-19 14:00:00,952890,,48.328244833333336,8.695174833333333,52
2019-02-19 07:00:00,1550588400.0,2019-02-19 15:00:00,952891,,43.421836666666664,10.237279122807017,52
2019-02-19 08:00:00,1550592000.0,2019-02-19 16:00:00,952892,,39.21372413793103,11.966379827586207,52
2019-02-19 09:00:00,1550595600.0,2019-02-19 17:00:00,952893,,36.71537118644068,13.41920593220339,52
2019-02-19 10:00:00,1550599200.0,2019-02-19 18:00:00,952894,,35.39780867924528,14.924524528301887,52
2019-02-19 11:00:00,1550602800.0,2019-02-19 19:00:00,952895,,31.716406833333334,16.701925666666668,52
2019-02-19 12:00:00,1550606400.0,2019-02-19 20:00:00,952896,,25.839325666666667,19.598957333333335,52
2019-02-19 13:00:00,1550610000.0,2019-02-19 21:00:00,952897,,30.297102833333334,18.01318716666667,52
2019-02-19 14:00:00,1550613600.0,2019-02-19 22:00:00,952898,,37.260693333333336,16.2802995,52
2019-02-19 15:00:00,1550617200.0,2019-02-19 23:00:00,952899,,38.932286833333336,16.0406715,52
2019-02-19 16:00:00,1550620800.0,2019-02-20 00:00:00,952900,,44.86354157894737,14.889609122807018,52
2019-02-19 17:00:00,1550624400.0,2019-02-20 01:00:00,952901,,53.297513448275865,13.073553103448276,52
2019-02-19 18:00:00,1550628000.0,2019-02-20 02:00:00,952902,,56.83664196428571,12.49213642857143,52
2019-02-19 19:00:00,1550631600.0,2019-02-20 03:00:00,952903,,57.87732116666667,12.303903833333333,52
2019-02-19 20:00:00,1550635200.0,2019-02-20 04:00:00,952904,,61.65008267857143,12.364030714285715,52
2019-02-19 21:00:00,1550638800.0,2019-02-20 05:00:00,952905,,62.16026054545455,12.384116727272728,52
2019-02-19 22:00:00,1550642400.0,2019-02-20 06:00:00,952906,,63.62924771929825,11.85199894736842,52
2019-02-19 23:00:00,1550646000.0,2019-02-20 07:00:00,952907,,64.35659810344828,11.281888965517242,52
2019-02-20 00:00:00,1550649600.0,2019-02-20 08:00:00,952908,,62.49476672413793,11.395176034482759,52
2019-02-20 01:00:00,1550653200.0,2019-02-20 09:00:00,952909,,56.969596964285714,11.531758035714285,52
2019-02-20 02:00:00,1550656800.0,2019-02-20 10:00:00,952910,,53.033532413793104,11.721667241379311,52
2019-02-20 03:00:00,1550660400.0,2019-02-20 11:00:00,952911,,53.52126236363636,11.837485090909091,52
2019-02-20 04:00:00,1550664000.0,2019-02-20 12:00:00,952912,,55.81455116666667,11.409892833333334,52
2019-02-20 05:00:00,1550667600.0,2019-02-20 13:00:00,952913,,57.74167344827586,11.17423172413793,52
2019-02-20 06:00:00,1550671200.0,2019-02-20 14:00:00,952914,,56.641603454545454,11.587181454545455,52
2019-02-20 07:00:00,1550674800.0,2019-02-20 15:00:00,952915,,55.78271933333333,12.143628833333333,52
2019-02-20 08:00:00,1550678400.0,2019-02-20 16:00:00,952916,,54.66306267857143,12.984229107142857,52
2019-02-20 09:00:00,1550682000.0,2019-02-20 17:00:00,952917,,50.777309649122806,14.172662456140351,52
2019-02-20 10:00:00,1550685600.0,2019-02-20 18:00:00,952918,,47.230889636363635,15.425642909090909,52
2019-02-25 07:00:00,1551106800.0,2019-02-25 15:00:00,953035,,63.50329631578948,13.037512807017544,52
2019-02-25 08:00:00,1551110400.0,2019-02-25 16:00:00,953036,,65.27419,13.092387500000001,52
2019-02-25 09:00:00,1551114000.0,2019-02-25 17:00:00,953037,,63.696269666666666,13.838015333333333,52
2019-02-25 10:00:00,1551117600.0,2019-02-25 18:00:00,953038,,61.675487333333336,14.673405166666667,52
2019-02-25 11:00:00,1551121200.0,2019-02-25 19:00:00,953039,,64.15021303571429,14.572325,52
2019-02-25 12:00:00,1551124800.0,2019-02-25 20:00:00,953040,,70.69153166666666,13.6645975,52
2019-02-25 13:00:00,1551128400.0,2019-02-25 21:00:00,953041,,75.21648736842106,13.371686315789473,52
2019-02-25 14:00:00,1551132000.0,2019-02-25 22:00:00,953042,,79.65045578947368,13.227355263157895,52
2019-02-25 15:00:00,1551135600.0,2019-02-25 23:00:00,953043,,79.22186867924529,13.38749396226415,52
2019-02-25 16:00:00,1551139200.0,2019-02-26 00:00:00,953044,,79.0653376744186,13.300351395348837,52
2019-02-26 16:00:00,1551225600.0,2019-02-27 00:00:00,953065,,77.80657,13.90329,52
2019-02-26 18:00:00,1551232800.0,2019-02-27 02:00:00,953067,,76.62528,14.12767,52
2019-02-26 21:00:00,1551243600.0,2019-02-27 05:00:00,953070,,80.04977,13.64253,52
2019-02-27 01:00:00,1551258000.0,2019-02-27 09:00:00,953073,,81.92011,13.76758,52
2019-02-27 03:00:00,1551265200.0,2019-02-27 11:00:00,953075,,82.68686,14.10038,52
2019-02-27 08:00:00,1551283200.0,2019-02-27 16:00:00,953080,,83.83837,15.44708,52
2019-02-27 10:00:00,1551290400.0,2019-02-27 18:00:00,953082,,83.18569,15.91556,52
2019-02-27 14:00:00,1551304800.0,2019-02-27 22:00:00,953086,,82.69942,13.926,52
2019-02-28 00:00:00,1551340800.0,2019-02-28 08:00:00,953095,,77.77901,12.46534,52
2019-02-28 02:00:00,1551348000.0,2019-02-28 10:00:00,953097,,73.46338,12.43603,52
2019-02-28 10:00:00,1551376800.0,2019-02-28 18:00:00,953105,,56.11807,14.3325,52
2019-02-28 11:00:00,1551380400.0,2019-02-28 19:00:00,953106,,55.27652,15.48691,52
2019-02-28 14:00:00,1551391200.0,2019-02-28 22:00:00,953109,,46.38884,16.1831,52
2019-02-28 16:00:00,1551398400.0,2019-03-01 00:00:00,953111,,54.58558,14.53181,52
2019-02-28 17:00:00,1551402000.0,2019-03-01 01:00:00,953112,,,,52
2019-02-28 18:00:00,1551405600.0,2019-03-01 02:00:00,953113,,,,52
2019-02-28 19:00:00,1551409200.0,2019-03-01 03:00:00,953114,,,,52
2019-02-28 20:00:00,1551412800.0,2019-03-01 04:00:00,953115,,,,52
2019-02-28 23:00:00,1551423600.0,2019-03-01 07:00:00,953118,,65.9870344736842,11.361585526315789,52
2019-03-01 00:00:00,1551427200.0,2019-03-01 08:00:00,953119,,63.56970121212121,11.366221515151516,52
2019-03-01 01:00:00,1551430800.0,2019-03-01 09:00:00,953120,,63.94020060606061,11.368237272727272,52
2019-03-01 02:00:00,1551434400.0,2019-03-01 10:00:00,953121,,63.39703,11.51912,52
2019-03-01 03:00:00,1551438000.0,2019-03-01 11:00:00,953122,,61.75691416666667,11.618574166666667,52
2019-03-01 04:00:00,1551441600.0,2019-03-01 12:00:00,953123,,64.16373,11.60429,52
2019-03-01 05:00:00,1551445200.0,2019-03-01 13:00:00,953124,,66.384635,11.271007307692308,52
2019-03-01 06:00:00,1551448800.0,2019-03-01 14:00:00,953125,,67.54853086956521,11.294248913043479,52
2019-03-01 07:00:00,1551452400.0,2019-03-01 15:00:00,953126,,63.90447590909091,11.855468636363636,52
2019-03-01 08:00:00,1551456000.0,2019-03-01 16:00:00,953127,,59.43671487804878,13.253696585365853,52
2019-03-01 09:00:00,1551459600.0,2019-03-01 17:00:00,953128,,57.399734,14.159885333333333,52
2019-03-01 10:00:00,1551463200.0,2019-03-01 18:00:00,953129,,59.084044,14.29778142857143,52
2019-03-01 11:00:00,1551466800.0,2019-03-01 19:00:00,953130,,61.14842828571429,14.106940285714286,52
2019-03-01 12:00:00,1551470400.0,2019-03-01 20:00:00,953131,,60.94907333333333,14.772612222222222,52
2019-03-01 13:00:00,1551474000.0,2019-03-01 21:00:00,953132,,54.82137,16.06199,52
2019-03-01 14:00:00,1551477600.0,2019-03-01 22:00:00,953133,,49.21442,16.79427,52
2019-03-01 15:00:00,1551481200.0,2019-03-01 23:00:00,953134,,50.25657423076923,16.181556923076922,52
2019-03-01 16:00:00,1551484800.0,2019-03-02 00:00:00,953135,,59.48064212765957,15.38147085106383,52
2019-03-01 17:00:00,1551488400.0,2019-03-02 01:00:00,953136,,60.76258238095238,14.854356428571428,52
2019-03-01 18:00:00,1551492000.0,2019-03-02 02:00:00,953137,,62.65544,14.52727,52
2019-03-01 19:00:00,1551495600.0,2019-03-02 03:00:00,953138,,63.484891764705885,14.489160588235293,52
2019-03-01 20:00:00,1551499200.0,2019-03-02 04:00:00,953139,,63.41605,14.47374,52
2019-03-01 21:00:00,1551502800.0,2019-03-02 05:00:00,953140,,65.26247157894737,14.169648684210527,52
2019-03-01 23:00:00,1551510000.0,2019-03-02 07:00:00,953142,,73.88917915254237,13.168156949152543,52
2019-03-02 00:00:00,1551513600.0,2019-03-02 08:00:00,953143,,80.45992863636364,12.327767727272727,52
2019-03-02 01:00:00,1551517200.0,2019-03-02 09:00:00,953144,,81.19017795918367,12.396811836734694,52
2019-03-02 02:00:00,1551520800.0,2019-03-02 10:00:00,953145,,81.8796868627451,12.300089607843137,52
2019-03-02 03:00:00,1551524400.0,2019-03-02 11:00:00,953146,,,,52
2019-03-02 04:00:00,1551528000.0,2019-03-02 12:00:00,953147,,82.56327885714286,12.447056,52
2019-03-02 05:00:00,1551531600.0,2019-03-02 13:00:00,953148,,83.42876020833333,12.353511458333333,52
2019-03-02 06:00:00,1551535200.0,2019-03-02 14:00:00,953149,,83.5575076923077,12.33419326923077,52
2019-03-02 07:00:00,1551538800.0,2019-03-02 15:00:00,953150,,83.6753605,12.170136166666667,52
2019-03-02 10:00:00,1551549600.0,2019-03-02 18:00:00,953153,,81.22941,13.74448,52
2019-03-02 12:00:00,1551556800.0,2019-03-02 20:00:00,953155,,81.54011,14.68111,52
2019-03-02 13:00:00,1551560400.0,2019-03-02 21:00:00,953156,,,,52
2019-03-02 14:00:00,1551564000.0,2019-03-02 22:00:00,953157,,,,52
2019-03-02 15:00:00,1551567600.0,2019-03-02 23:00:00,953158,,78.79136382352941,16.516309411764706,52
2019-03-02 16:00:00,1551571200.0,2019-03-03 00:00:00,953159,,76.35739,16.44846,52
2019-03-02 17:00:00,1551574800.0,2019-03-03 01:00:00,953160,,77.12537297297297,15.992573513513513,52
2019-03-02 18:00:00,1551578400.0,2019-03-03 02:00:00,953161,,78.07359,15.47207,52
2019-03-02 19:00:00,1551582000.0,2019-03-03 03:00:00,953162,,79.13341405405406,15.09500918918919,52
2019-03-02 20:00:00,1551585600.0,2019-03-03 04:00:00,953163,,79.68833520833333,14.828330833333334,52
2019-03-02 21:00:00,1551589200.0,2019-03-03 05:00:00,953164,,79.26702846153846,14.825493076923077,52
2019-03-02 22:00:00,1551592800.0,2019-03-03 06:00:00,953165,,77.93397114285715,14.644530571428572,52
2019-03-02 23:00:00,1551596400.0,2019-03-03 07:00:00,953166,,,,52
2019-03-03 01:00:00,1551603600.0,2019-03-03 09:00:00,953168,,79.09468756756756,15.571184054054054,52
2019-03-03 02:00:00,1551607200.0,2019-03-03 10:00:00,953169,,80.15615897435897,15.26025358974359,52
2019-03-03 03:00:00,1551610800.0,2019-03-03 11:00:00,953170,,80.42297571428571,15.041854285714285,52
2019-03-03 04:00:00,1551614400.0,2019-03-03 12:00:00,953171,,81.16489869565217,14.809913478260869,52
2019-03-03 05:00:00,1551618000.0,2019-03-03 13:00:00,953172,,80.66161,14.75561,52
2019-03-03 06:00:00,1551621600.0,2019-03-03 14:00:00,953173,,81.5298841025641,14.572341282051282,52
2019-03-03 07:00:00,1551625200.0,2019-03-03 15:00:00,953174,,82.699225625,14.4847296875,52
2019-03-03 08:00:00,1551628800.0,2019-03-03 16:00:00,953175,,83.07827828571429,14.974568857142858,52
2019-03-03 09:00:00,1551632400.0,2019-03-03 17:00:00,953176,,80.34874666666667,15.422337555555556,52
2019-03-03 10:00:00,1551636000.0,2019-03-03 18:00:00,953177,,79.74071138888888,15.432973055555555,52
2019-03-03 11:00:00,1551639600.0,2019-03-03 19:00:00,953178,,80.76663,15.15708,52
2019-03-03 12:00:00,1551643200.0,2019-03-03 20:00:00,953179,,78.59949,15.14585,52
2019-03-03 13:00:00,1551646800.0,2019-03-03 21:00:00,953180,,79.584072,14.452182888888888,52
2019-03-03 14:00:00,1551650400.0,2019-03-03 22:00:00,953181,,78.85487,14.0492,52
2019-03-03 15:00:00,1551654000.0,2019-03-03 23:00:00,953182,,78.43698,13.98429,52
2019-03-03 16:00:00,1551657600.0,2019-03-04 00:00:00,953183,,75.85729,14.15272,52
2019-03-03 18:00:00,1551664800.0,2019-03-04 02:00:00,953185,,76.47933,13.27798,52
2019-03-03 19:00:00,1551668400.0,2019-03-04 03:00:00,953186,,76.5478425,12.986123653846153,52
2019-03-03 20:00:00,1551672000.0,2019-03-04 04:00:00,953187,,78.042032,12.911376222222222,52
2019-03-03 22:00:00,1551679200.0,2019-03-04 06:00:00,953189,,78.53042,12.84219,52
2019-03-03 23:00:00,1551682800.0,2019-03-04 07:00:00,953190,,78.31535,12.7243,52
2019-03-04 00:00:00,1551686400.0,2019-03-04 08:00:00,953191,,78.4722268627451,12.79276980392157,52
2019-03-04 01:00:00,1551690000.0,2019-03-04 09:00:00,953192,,78.984604,12.861949,52
2019-03-04 02:00:00,1551693600.0,2019-03-04 10:00:00,953193,,78.10183051282051,12.70591564102564,52
2019-03-04 03:00:00,1551697200.0,2019-03-04 11:00:00,953194,,78.4684869047619,12.533297857142857,52
2019-03-04 04:00:00,1551700800.0,2019-03-04 12:00:00,953195,,78.17451,12.64612,52
2019-03-04 05:00:00,1551704400.0,2019-03-04 13:00:00,953196,,,,52
2019-03-04 06:00:00,1551708000.0,2019-03-04 14:00:00,953197,,80.71242971428572,11.974156285714285,52
2019-03-04 08:00:00,1551715200.0,2019-03-04 16:00:00,953199,,81.75609,12.43305,52
2019-03-04 09:00:00,1551718800.0,2019-03-04 17:00:00,953200,,80.74667108108108,13.418043513513513,52
2019-03-04 10:00:00,1551722400.0,2019-03-04 18:00:00,953201,,75.00954820512821,14.706735641025642,52
2019-03-04 11:00:00,1551726000.0,2019-03-04 19:00:00,953202,,71.58378,14.83267,52
2019-03-04 12:00:00,1551729600.0,2019-03-04 20:00:00,953203,,71.22985,14.7301,52
2019-03-04 13:00:00,1551733200.0,2019-03-04 21:00:00,953204,,68.78414735294118,15.252089411764706,52
2019-03-04 14:00:00,1551736800.0,2019-03-04 22:00:00,953205,,67.48775510204082,15.14324612244898,52
2019-03-04 15:00:00,1551740400.0,2019-03-04 23:00:00,953206,,66.92611,15.35609,52
2019-03-04 16:00:00,1551744000.0,2019-03-05 00:00:00,953207,,64.82137,14.70501,52
2019-03-04 17:00:00,1551747600.0,2019-03-05 01:00:00,953208,,67.637879,14.0723295,52
2019-03-04 19:00:00,1551754800.0,2019-03-05 03:00:00,953210,,71.98928,13.78753,52
2019-03-04 20:00:00,1551758400.0,2019-03-05 04:00:00,953211,,72.14773116279069,13.495070697674418,52
2019-03-04 21:00:00,1551762000.0,2019-03-05 05:00:00,953212,,72.70236774193549,13.134749354838709,52
2019-03-04 22:00:00,1551765600.0,2019-03-05 06:00:00,953213,,70.96172,13.37372,52
2019-03-04 23:00:00,1551769200.0,2019-03-05 07:00:00,953214,,68.05562,13.8556,52
2019-03-05 00:00:00,1551772800.0,2019-03-05 08:00:00,953215,,71.09256906976744,13.408531395348838,52
2019-03-05 01:00:00,1551776400.0,2019-03-05 09:00:00,953216,,73.03023888888889,13.143905555555556,52
2019-03-05 02:00:00,1551780000.0,2019-03-05 10:00:00,953217,,,,52
2019-03-05 03:00:00,1551783600.0,2019-03-05 11:00:00,953218,,70.52007790697674,13.651809302325582,52
2019-03-05 04:00:00,1551787200.0,2019-03-05 12:00:00,953219,,69.49754512820513,13.759718974358975,52
2019-03-05 05:00:00,1551790800.0,2019-03-05 13:00:00,953220,,72.2949611764706,13.647809117647059,52
2019-03-05 07:00:00,1551798000.0,2019-03-05 15:00:00,953222,,74.63453,13.91234,52
2019-03-05 08:00:00,1551801600.0,2019-03-05 16:00:00,953223,,73.8586165625,14.6520521875,52
2019-03-05 09:00:00,1551805200.0,2019-03-05 17:00:00,953224,,75.62699604651162,14.406392325581395,52
2019-03-05 10:00:00,1551808800.0,2019-03-05 18:00:00,953225,,77.67431,14.21574,52
2019-03-05 13:00:00,1551819600.0,2019-03-05 21:00:00,953228,,,,52
2019-03-05 16:00:00,1551830400.0,2019-03-06 00:00:00,953231,,,,52
2019-03-05 19:00:00,1551841200.0,2019-03-06 03:00:00,953234,,79.85351,14.95362,52
2019-03-05 20:00:00,1551844800.0,2019-03-06 04:00:00,953235,,,,52
2019-03-05 22:00:00,1551852000.0,2019-03-06 06:00:00,953237,,72.62565,16.16109,52
2019-03-06 00:00:00,1551859200.0,2019-03-06 08:00:00,953239,,75.86922,15.21043,52
2019-03-06 01:00:00,1551862800.0,2019-03-06 09:00:00,953240,,81.19092814814815,14.152591481481481,52
2019-03-06 03:00:00,1551870000.0,2019-03-06 11:00:00,953242,,83.50818,13.69867,52
2019-03-06 04:00:00,1551873600.0,2019-03-06 12:00:00,953243,,84.59767,13.73185,52
2019-03-06 05:00:00,1551877200.0,2019-03-06 13:00:00,953244,,,,52
2019-03-06 06:00:00,1551880800.0,2019-03-06 14:00:00,953245,,85.14592219512195,14.264215853658536,52
2019-03-06 08:00:00,1551888000.0,2019-03-06 16:00:00,953247,,,,52
2019-03-06 09:00:00,1551891600.0,2019-03-06 17:00:00,953248,,84.57291,14.82616,52
2019-03-06 10:00:00,1551895200.0,2019-03-06 18:00:00,953249,,85.30956035714286,14.427559285714286,52
2019-03-06 11:00:00,1551898800.0,2019-03-06 19:00:00,953250,,83.80192942857143,13.736644571428572,52
2019-03-06 12:00:00,1551902400.0,2019-03-06 20:00:00,953251,,82.69306,13.44779,52
2019-03-06 14:00:00,1551909600.0,2019-03-06 22:00:00,953253,,66.09490448979592,15.616172653061225,52
2019-03-06 15:00:00,1551913200.0,2019-03-06 23:00:00,953254,,70.52778714285714,14.748950952380952,52
2019-03-06 16:00:00,1551916800.0,2019-03-07 00:00:00,953255,,74.93292057692308,14.276936153846155,52
2019-03-06 17:00:00,1551920400.0,2019-03-07 01:00:00,953256,,81.04763644444445,13.779162,52
2019-03-06 18:00:00,1551924000.0,2019-03-07 02:00:00,953257,,82.84266,13.93143,52
2019-03-06 19:00:00,1551927600.0,2019-03-07 03:00:00,953258,,81.549477,14.34217725,52
2019-03-06 21:00:00,1551934800.0,2019-03-07 05:00:00,953260,,,,52
2019-03-06 22:00:00,1551938400.0,2019-03-07 06:00:00,953261,,79.97246432432432,13.360686216216216,52
2019-03-06 23:00:00,1551942000.0,2019-03-07 07:00:00,953262,,78.96770063829787,13.071791489361702,52
2019-03-07 00:00:00,1551945600.0,2019-03-07 08:00:00,953263,,79.34472276595744,12.705116382978723,52
2019-03-07 01:00:00,1551949200.0,2019-03-07 09:00:00,953264,,79.56994510638297,12.746369574468085,52
2019-03-07 02:00:00,1551952800.0,2019-03-07 10:00:00,953265,,79.42316137931034,12.382618620689655,52
2019-03-07 04:00:00,1551960000.0,2019-03-07 12:00:00,953267,,78.47359,12.60438,52
2019-03-07 06:00:00,1551967200.0,2019-03-07 14:00:00,953269,,74.50598,12.628091111111111,52
2019-03-07 07:00:00,1551970800.0,2019-03-07 15:00:00,953270,,74.20298,12.57102,52
2019-03-07 08:00:00,1551974400.0,2019-03-07 16:00:00,953271,,70.50105294117647,12.745109411764705,52
2019-03-07 09:00:00,1551978000.0,2019-03-07 17:00:00,953272,,63.02821837209302,13.409509302325581,52
2019-03-07 10:00:00,1551981600.0,2019-03-07 18:00:00,953273,,56.99946,14.16234,52
2019-03-07 11:00:00,1551985200.0,2019-03-07 19:00:00,953274,,,,52
2019-03-07 12:00:00,1551988800.0,2019-03-07 20:00:00,953275,,59.47855755102041,14.682108775510205,52
2019-03-07 13:00:00,1551992400.0,2019-03-07 21:00:00,953276,,55.431574545454545,15.037160227272727,52
2019-03-07 14:00:00,1551996000.0,2019-03-07 22:00:00,953277,,56.28174823529412,14.482744117647059,52
2019-03-07 16:00:00,1552003200.0,2019-03-08 00:00:00,953279,,53.63452,13.69382,52
2019-03-07 17:00:00,1552006800.0,2019-03-08 01:00:00,953280,,55.837687714285714,12.855854857142857,52
2019-03-07 18:00:00,1552010400.0,2019-03-08 02:00:00,953281,,57.315805625,11.819233333333333,52
2019-03-07 19:00:00,1552014000.0,2019-03-08 03:00:00,953282,,,,52
2019-03-07 20:00:00,1552017600.0,2019-03-08 04:00:00,953283,,61.05036352941176,11.45275205882353,52
2019-03-07 21:00:00,1552021200.0,2019-03-08 05:00:00,953284,,62.32924756756757,11.267521351351352,52
2019-03-07 22:00:00,1552024800.0,2019-03-08 06:00:00,953285,,63.41714146341464,11.13786268292683,52
2019-03-07 23:00:00,1552028400.0,2019-03-08 07:00:00,953286,,66.38746038461538,10.932082692307691,52
2019-03-08 00:00:00,1552032000.0,2019-03-08 08:00:00,953287,,63.7767578,11.0234024,52
2019-03-08 01:00:00,1552035600.0,2019-03-08 09:00:00,953288,,62.465542121212124,10.970921818181818,52
2019-03-08 02:00:00,1552039200.0,2019-03-08 10:00:00,953289,,60.92319333333333,10.432531944444444,52
2019-03-08 03:00:00,1552042800.0,2019-03-08 11:00:00,953290,,59.02576,9.95492,52
2019-03-08 04:00:00,1552046400.0,2019-03-08 12:00:00,953291,,,,52
2019-03-08 05:00:00,1552050000.0,2019-03-08 13:00:00,953292,,60.62493,9.31057,52
2019-03-08 06:00:00,1552053600.0,2019-03-08 14:00:00,953293,,,,52
2019-03-08 10:00:00,1552068000.0,2019-03-08 18:00:00,953297,,45.9888,14.38449,52
2019-03-08 11:00:00,1552071600.0,2019-03-08 19:00:00,953298,,45.7117571875,15.6093734375,52
2019-03-08 12:00:00,1552075200.0,2019-03-08 20:00:00,953299,,45.42874,15.71974,52
2019-03-08 13:00:00,1552078800.0,2019-03-08 21:00:00,953300,,46.71308,15.1561,52
2019-03-08 14:00:00,1552082400.0,2019-03-08 22:00:00,953301,,45.3942045,14.71234725,52
2019-03-08 15:00:00,1552086000.0,2019-03-08 23:00:00,953302,,,,52
2019-03-08 17:00:00,1552093200.0,2019-03-09 01:00:00,953304,,52.2815,12.37858,52
2019-03-08 18:00:00,1552096800.0,2019-03-09 02:00:00,953305,,55.337265405405404,11.659061621621621,52
2019-03-08 19:00:00,1552100400.0,2019-03-09 03:00:00,953306,,57.52880306122449,11.211014285714286,52
2019-03-08 20:00:00,1552104000.0,2019-03-09 04:00:00,953307,,,,52
2019-03-08 22:00:00,1552111200.0,2019-03-09 06:00:00,953309,,60.30815,11.31977,52
2019-03-08 23:00:00,1552114800.0,2019-03-09 07:00:00,953310,,60.62964967741935,11.340018387096775,52
2019-03-09 00:00:00,1552118400.0,2019-03-09 08:00:00,953311,,63.890043870967745,11.22139935483871,52
2019-03-09 01:00:00,1552122000.0,2019-03-09 09:00:00,953312,,65.7200456862745,10.859248823529411,52
2019-03-09 02:00:00,1552125600.0,2019-03-09 10:00:00,953313,,,,52
2019-03-09 03:00:00,1552129200.0,2019-03-09 11:00:00,953314,,62.71177,10.52864,52
2019-03-09 04:00:00,1552132800.0,2019-03-09 12:00:00,953315,,61.92209515151515,10.759506666666667,52
2019-03-09 05:00:00,1552136400.0,2019-03-09 13:00:00,953316,,,,52
2019-03-09 06:00:00,1552140000.0,2019-03-09 14:00:00,953317,,62.532730188679245,11.00730433962264,52
2019-03-09 07:00:00,1552143600.0,2019-03-09 15:00:00,953318,,65.38454441860465,11.080029534883721,52
2019-03-09 08:00:00,1552147200.0,2019-03-09 16:00:00,953319,,73.88349,10.3897,52
2019-03-09 09:00:00,1552150800.0,2019-03-09 17:00:00,953320,,78.63981294117647,9.803805588235294,52
2019-03-09 10:00:00,1552154400.0,2019-03-09 18:00:00,953321,,75.00608,11.30623,52
2019-03-09 11:00:00,1552158000.0,2019-03-09 19:00:00,953322,,63.858184411764704,13.851377941176471,52
2019-03-09 12:00:00,1552161600.0,2019-03-09 20:00:00,953323,,58.19893571428571,14.64427,52
2019-03-09 13:00:00,1552165200.0,2019-03-09 21:00:00,953324,,62.306736,13.624172333333334,52
2019-03-09 14:00:00,1552168800.0,2019-03-09 22:00:00,953325,,61.60936681818182,13.853309545454545,52
2019-03-09 15:00:00,1552172400.0,2019-03-09 23:00:00,953326,,59.910293548387095,13.974073870967741,52
2019-03-09 16:00:00,1552176000.0,2019-03-10 00:00:00,953327,,64.4046,13.55185,52
2019-03-09 18:00:00,1552183200.0,2019-03-10 02:00:00,953329,,68.09445,12.33746,52
2019-03-09 19:00:00,1552186800.0,2019-03-10 03:00:00,953330,,,,52
2019-03-09 20:00:00,1552190400.0,2019-03-10 04:00:00,953331,,,,52
2019-03-09 21:00:00,1552194000.0,2019-03-10 05:00:00,953332,,67.76187638297873,11.033761489361702,52
2019-03-09 22:00:00,1552197600.0,2019-03-10 06:00:00,953333,,65.98567,11.13077,52
2019-03-09 23:00:00,1552201200.0,2019-03-10 07:00:00,953334,,70.79564838709678,10.742117741935484,52
2019-03-10 00:00:00,1552204800.0,2019-03-10 08:00:00,953335,,74.90864,10.1946,52
2019-03-10 01:00:00,1552208400.0,2019-03-10 09:00:00,953336,,73.20095441176471,10.443296470588235,52
2019-03-10 03:00:00,1552212000.0,2019-03-10 10:00:00,953337,,,,52
2019-03-10 04:00:00,1552215600.0,2019-03-10 11:00:00,953338,,75.37851,10.62314,52
2019-03-10 05:00:00,1552219200.0,2019-03-10 12:00:00,953339,,75.04230125,10.6872134375,52
2019-03-10 08:00:00,1552230000.0,2019-03-10 15:00:00,953342,,68.79726,12.87754,52
2019-03-10 10:00:00,1552237200.0,2019-03-10 17:00:00,953344,,65.00859205882352,14.450052647058824,52
2019-03-10 11:00:00,1552240800.0,2019-03-10 18:00:00,953345,,,,52
2019-03-10 13:00:00,1552248000.0,2019-03-10 20:00:00,953347,,79.94381,13.37904,52
2019-03-10 14:00:00,1552251600.0,2019-03-10 21:00:00,953348,,,,52
2019-03-10 15:00:00,1552255200.0,2019-03-10 22:00:00,953349,,80.37704545454545,11.841018409090909,52
2019-03-10 16:00:00,1552258800.0,2019-03-10 23:00:00,953350,,71.15177,13.80127,52
2019-03-10 19:00:00,1552269600.0,2019-03-11 02:00:00,953353,,70.87919,11.92793,52
2019-03-10 20:00:00,1552273200.0,2019-03-11 03:00:00,953354,,,,52
2019-03-10 21:00:00,1552276800.0,2019-03-11 04:00:00,953355,,,,52
2019-03-10 22:00:00,1552280400.0,2019-03-11 05:00:00,953356,,72.11064942307692,11.37023,52
2019-03-11 00:00:00,1552287600.0,2019-03-11 07:00:00,953358,,71.70176,10.98919,52
2019-03-11 04:00:00,1552302000.0,2019-03-11 11:00:00,953362,,71.76094,10.26662,52
2019-03-11 05:00:00,1552305600.0,2019-03-11 12:00:00,953363,,71.89335,10.07031,52
2019-03-11 06:00:00,1552309200.0,2019-03-11 13:00:00,953364,,,,52
2019-03-11 07:00:00,1552312800.0,2019-03-11 14:00:00,953365,,,,52
2019-03-11 09:00:00,1552320000.0,2019-03-11 16:00:00,953367,,56.28389,14.1111,52
2019-03-11 10:00:00,1552323600.0,2019-03-11 17:00:00,953368,,,,52
2019-03-11 11:00:00,1552327200.0,2019-03-11 18:00:00,953369,,47.89531509803921,16.378386666666668,52
2019-03-11 12:00:00,1552330800.0,2019-03-11 19:00:00,953370,,45.14364805555555,17.63423138888889,52
2019-03-11 13:00:00,1552334400.0,2019-03-11 20:00:00,953371,,36.69637,22.20654,52
2019-03-11 14:00:00,1552338000.0,2019-03-11 21:00:00,953372,,,,52
2019-03-11 15:00:00,1552341600.0,2019-03-11 22:00:00,953373,,39.81342054054054,20.24833162162162,52
2019-03-11 16:00:00,1552345200.0,2019-03-11 23:00:00,953374,,,,52
2019-03-11 19:00:00,1552356000.0,2019-03-12 02:00:00,953377,,50.44035,16.20358,52
2019-03-11 20:00:00,1552359600.0,2019-03-12 03:00:00,953378,,53.487444,15.105698444444444,52
2019-03-11 21:00:00,1552363200.0,2019-03-12 04:00:00,953379,,52.86841,14.6744,52
2019-03-11 22:00:00,1552366800.0,2019-03-12 05:00:00,953380,,57.444706153846155,14.374955384615385,52
2019-03-11 23:00:00,1552370400.0,2019-03-12 06:00:00,953381,,,,52
2019-03-12 00:00:00,1552374000.0,2019-03-12 07:00:00,953382,,56.43303,14.1105085,52
2019-03-12 01:00:00,1552377600.0,2019-03-12 08:00:00,953383,,57.16263905660377,13.61348679245283,52
2019-03-12 02:00:00,1552381200.0,2019-03-12 09:00:00,953384,,59.125667941176474,13.19276205882353,52
2019-03-12 03:00:00,1552384800.0,2019-03-12 10:00:00,953385,,61.083555294117645,13.197490882352941,52
2019-03-12 06:00:00,1552395600.0,2019-03-12 13:00:00,953388,,68.51164,12.35433,52
2019-03-12 07:00:00,1552399200.0,2019-03-12 14:00:00,953389,,69.59121,12.0949,52
2019-03-12 08:00:00,1552402800.0,2019-03-12 15:00:00,953390,,67.10123466666667,13.100638444444444,52
2019-03-12 10:00:00,1552410000.0,2019-03-12 17:00:00,953392,,54.98459,16.83228,52
2019-03-12 11:00:00,1552413600.0,2019-03-12 18:00:00,953393,,,,52
2019-03-12 12:00:00,1552417200.0,2019-03-12 19:00:00,953394,,,,52
2019-03-12 13:00:00,1552420800.0,2019-03-12 20:00:00,953395,,,,52
2019-03-12 14:00:00,1552424400.0,2019-03-12 21:00:00,953396,,,,52
2019-03-12 22:00:00,1552453200.0,2019-03-13 05:00:00,953404,,49.9654,12.50085,52
2019-03-12 23:00:00,1552456800.0,2019-03-13 06:00:00,953405,,51.29078921052631,11.870973947368421,52
2019-03-13 00:00:00,1552460400.0,2019-03-13 07:00:00,953406,,52.7788703125,11.2776140625,52
2019-03-13 01:00:00,1552464000.0,2019-03-13 08:00:00,953407,,,,52
2019-03-13 02:00:00,1552467600.0,2019-03-13 09:00:00,953408,,,,52
2019-03-13 03:00:00,1552471200.0,2019-03-13 10:00:00,953409,,58.45173,10.1315,52
2019-03-13 04:00:00,1552474800.0,2019-03-13 11:00:00,953410,,,,52
2019-03-13 06:00:00,1552482000.0,2019-03-13 13:00:00,953412,,,,52
2019-03-13 07:00:00,1552485600.0,2019-03-13 14:00:00,953413,,,,52
2019-03-13 08:00:00,1552489200.0,2019-03-13 15:00:00,953414,,52.89721,11.13693,52
2019-03-13 09:00:00,1552492800.0,2019-03-13 16:00:00,953415,,46.25323608695652,12.600391956521738,52
2019-03-13 10:00:00,1552496400.0,2019-03-13 17:00:00,953416,,36.96886,15.48503,52
2019-03-13 11:00:00,1552500000.0,2019-03-13 18:00:00,953417,,33.06268363636364,16.607322424242426,52
2019-03-13 13:00:00,1552507200.0,2019-03-13 20:00:00,953419,,24.5365,21.74122,52
2019-03-13 15:00:00,1552514400.0,2019-03-13 22:00:00,953421,,22.94145,19.59638,52
2019-03-13 16:00:00,1552518000.0,2019-03-13 23:00:00,953422,,25.60492,20.190927647058825,52
2019-03-13 17:00:00,1552521600.0,2019-03-14 00:00:00,953423,,28.235608,21.841325,52
2019-03-13 18:00:00,1552525200.0,2019-03-14 01:00:00,953424,,37.81220303030303,18.917214545454545,52
2019-03-13 19:00:00,1552528800.0,2019-03-14 02:00:00,953425,,48.42267,15.0657,52
2019-03-13 20:00:00,1552532400.0,2019-03-14 03:00:00,953426,,52.86308975,13.76795475,52
2019-03-13 21:00:00,1552536000.0,2019-03-14 04:00:00,953427,,54.59859,13.18148,52
2019-03-14 00:00:00,1552546800.0,2019-03-14 07:00:00,953430,,,,52
2019-03-14 01:00:00,1552550400.0,2019-03-14 08:00:00,953431,,49.02793,11.87119,52
2019-03-14 02:00:00,1552554000.0,2019-03-14 09:00:00,953432,,52.182476666666666,11.55303111111111,52
2019-03-14 03:00:00,1552557600.0,2019-03-14 10:00:00,953433,,48.065783255813955,11.675561162790698,52
2019-03-14 04:00:00,1552561200.0,2019-03-14 11:00:00,953434,,44.79544774193548,11.789135161290323,52
2019-03-14 05:00:00,1552564800.0,2019-03-14 12:00:00,953435,,40.77417,12.216,52
2019-03-14 06:00:00,1552568400.0,2019-03-14 13:00:00,953436,,38.98906,12.13657,52
2019-03-14 08:00:00,1552575600.0,2019-03-14 15:00:00,953438,,34.25231,14.27988,52
2019-03-14 09:00:00,1552579200.0,2019-03-14 16:00:00,953439,,33.03909576923077,15.724219807692307,52
2019-03-14 10:00:00,1552582800.0,2019-03-14 17:00:00,953440,,30.195781470588233,17.111568823529414,52
2019-03-14 11:00:00,1552586400.0,2019-03-14 18:00:00,953441,,28.85166,18.39536,52
2019-03-14 12:00:00,1552590000.0,2019-03-14 19:00:00,953442,,,,52
2019-03-14 13:00:00,1552593600.0,2019-03-14 20:00:00,953443,,27.06422,21.18611,52
2019-03-15 14:00:00,1552683600.0,2019-03-15 21:00:00,953468,,27.967650166666665,25.493320166666667,52
2019-03-15 18:00:00,1552698000.0,2019-03-16 01:00:00,953472,,28.679928833333335,24.561267,52
2019-03-16 14:00:00,1552770000.0,2019-03-16 21:00:00,953492,,27.1739765,27.292275166666666,52
2019-03-17 15:00:00,1552860000.0,2019-03-17 22:00:00,953517,,38.117490333333336,25.636629666666668,52
2019-03-18 13:00:00,1552939200.0,2019-03-18 20:00:00,953539,,35.87629033333333,27.569255333333334,52
2019-03-18 14:00:00,1552942800.0,2019-03-18 21:00:00,953540,,36.825391833333335,27.386081,52
2019-03-19 08:00:00,1553007600.0,2019-03-19 15:00:00,953558,,42.357600701754386,18.32530456140351,52
2019-03-19 09:00:00,1553011200.0,2019-03-19 16:00:00,953559,,51.176481333333335,19.466834833333333,52
2019-03-19 10:00:00,1553014800.0,2019-03-19 17:00:00,953560,,46.81689896551724,20.036745862068965,52
2019-03-19 11:00:00,1553018400.0,2019-03-19 18:00:00,953561,,46.3938014,21.4552142,52
2019-03-19 12:00:00,1553022000.0,2019-03-19 19:00:00,953562,,32.43090392857143,24.09337,52
2019-03-19 20:00:00,1553050800.0,2019-03-20 03:00:00,953568,,56.99053,16.80233,52
2019-03-20 00:00:00,1553065200.0,2019-03-20 07:00:00,953571,,68.99227,15.44303,52
2019-03-20 14:00:00,1553115600.0,2019-03-20 21:00:00,953583,,54.95851,16.77766,52
2019-03-20 15:00:00,1553119200.0,2019-03-20 22:00:00,953584,,,,52
2019-03-21 08:00:00,1553180400.0,2019-03-21 15:00:00,953596,,65.38477,14.14,52
2019-03-21 14:00:00,1553202000.0,2019-03-21 21:00:00,953600,,52.43951,18.24233,52
2019-03-24 04:00:00,1553425200.0,2019-03-24 11:00:00,1254152,,70.12400666666667,11.802610833333333,52
2019-03-26 05:00:00,1553601600.0,2019-03-26 12:00:00,1254201,,79.45290733333333,12.402887,52
2019-03-26 09:00:00,1553616000.0,2019-03-26 16:00:00,1254205,,76.7884735,13.832405833333333,52
2019-03-26 11:00:00,1553623200.0,2019-03-26 18:00:00,1254207,,68.35797425925927,16.37969962962963,52
2019-03-26 12:00:00,1553626800.0,2019-03-26 19:00:00,1254208,,63.84906333333333,17.384250877192983,52
2019-03-26 13:00:00,1553630400.0,2019-03-26 20:00:00,1254209,,52.542073928571426,19.15397482142857,52
2019-03-26 14:00:00,1553634000.0,2019-03-26 21:00:00,1254210,,48.926254166666666,19.4584815,52
2019-03-26 15:00:00,1553637600.0,2019-03-26 22:00:00,1254211,,52.835351,19.030292166666666,52
2019-03-26 16:00:00,1553641200.0,2019-03-26 23:00:00,1254212,,56.1380775,18.105474107142857,52
2019-03-26 17:00:00,1553644800.0,2019-03-27 00:00:00,1254213,,55.213869333333335,18.045568166666666,52
2019-03-26 18:00:00,1553648400.0,2019-03-27 01:00:00,1254214,,55.882486166666666,17.887744,52
2019-03-26 19:00:00,1553652000.0,2019-03-27 02:00:00,1254215,,62.88817537037037,17.290754814814814,52
2019-03-26 20:00:00,1553655600.0,2019-03-27 03:00:00,1254216,,66.909428,16.080397833333333,52
2019-03-26 21:00:00,1553659200.0,2019-03-27 04:00:00,1254217,,72.34289933333334,14.702416166666668,52
2019-03-26 22:00:00,1553662800.0,2019-03-27 05:00:00,1254218,,76.28125070175439,14.302199298245615,52
2019-03-26 23:00:00,1553666400.0,2019-03-27 06:00:00,1254219,,76.24186413793103,14.544465862068966,52
2019-03-27 00:00:00,1553670000.0,2019-03-27 07:00:00,1254220,,75.78765781818181,15.45578890909091,52
2019-03-27 01:00:00,1553673600.0,2019-03-27 08:00:00,1254221,,74.8957855,15.895102166666666,52
2019-03-27 02:00:00,1553677200.0,2019-03-27 09:00:00,1254222,,68.7236175862069,15.993075344827586,52
2019-03-27 03:00:00,1553680800.0,2019-03-27 10:00:00,1254223,,78.90517338983051,14.850560508474576,52
2019-03-27 04:00:00,1553684400.0,2019-03-27 11:00:00,1254224,,82.04487087719298,14.544451929824561,52
2019-03-27 05:00:00,1553688000.0,2019-03-27 12:00:00,1254225,,75.98783366666667,14.4260055,52
2019-03-27 06:00:00,1553691600.0,2019-03-27 13:00:00,1254226,,69.13870111111112,14.601660555555556,52
2019-03-27 07:00:00,1553695200.0,2019-03-27 14:00:00,1254227,,63.68294866666667,14.944887833333333,52
2019-03-27 08:00:00,1553698800.0,2019-03-27 15:00:00,1254228,,68.37070316666667,15.278965,52
2019-03-27 09:00:00,1553702400.0,2019-03-27 16:00:00,1254229,,77.30537383333333,15.255006666666667,52
2019-03-27 10:00:00,1553706000.0,2019-03-27 17:00:00,1254230,,80.60084896551724,14.561378448275862,52
2019-03-27 11:00:00,1553709600.0,2019-03-27 18:00:00,1254231,,78.42356631578947,14.77285298245614,52
2019-03-27 12:00:00,1553713200.0,2019-03-27 19:00:00,1254232,,69.89368543859649,16.320277192982456,52
2019-03-27 14:00:00,1553720400.0,2019-03-27 21:00:00,1254234,,,,52
2019-03-28 01:00:00,1553760000.0,2019-03-28 08:00:00,1254245,,74.44812530612245,13.718695306122449,52
2019-03-28 02:00:00,1553763600.0,2019-03-28 09:00:00,1254246,,,,52
2019-03-28 04:00:00,1553770800.0,2019-03-28 11:00:00,1254248,,69.98065760869565,13.695226739130435,52
2019-03-28 05:00:00,1553774400.0,2019-03-28 12:00:00,1254249,,73.9820952173913,13.586147826086956,52
2019-03-28 06:00:00,1553778000.0,2019-03-28 13:00:00,1254250,,73.97133795918367,13.510953877551021,52
2019-03-28 07:00:00,1553781600.0,2019-03-28 14:00:00,1254251,,72.84787145833333,13.463485625,52
2019-03-28 09:00:00,1553788800.0,2019-03-28 16:00:00,1254253,,68.11261619047619,15.207795714285714,52
2019-03-28 10:00:00,1553792400.0,2019-03-28 17:00:00,1254254,,64.92544023809523,15.983028095238096,52
2019-03-28 11:00:00,1553796000.0,2019-03-28 18:00:00,1254255,,59.23786451612903,16.38861451612903,52
2019-03-28 12:00:00,1553799600.0,2019-03-28 19:00:00,1254256,,52.53749,17.14816,52
2019-03-28 13:00:00,1553803200.0,2019-03-28 20:00:00,1254257,,49.019361034482756,18.121797413793104,52
2019-03-28 14:00:00,1553806800.0,2019-03-28 21:00:00,1254258,,57.289905576923076,17.306339615384616,52
2019-03-28 15:00:00,1553810400.0,2019-03-28 22:00:00,1254259,,,,52
2019-03-28 16:00:00,1553814000.0,2019-03-28 23:00:00,1254260,,67.1958504,15.7453604,52
2019-03-28 17:00:00,1553817600.0,2019-03-29 00:00:00,1254261,,73.80076342857143,14.607053142857144,52
2019-03-28 18:00:00,1553821200.0,2019-03-29 01:00:00,1254262,,,,52
2019-03-28 19:00:00,1553824800.0,2019-03-29 02:00:00,1254263,,67.460195,14.373025192307692,52
2019-03-28 20:00:00,1553828400.0,2019-03-29 03:00:00,1254264,,71.90767652173913,13.841840652173913,52
2019-03-28 21:00:00,1553832000.0,2019-03-29 04:00:00,1254265,,74.26884477272728,14.063178181818182,52
2019-03-28 22:00:00,1553835600.0,2019-03-29 05:00:00,1254266,,74.40317,13.98398,52
2019-03-28 23:00:00,1553839200.0,2019-03-29 06:00:00,1254267,,74.34599511627907,13.77825046511628,52
2019-03-29 00:00:00,1553842800.0,2019-03-29 07:00:00,1254268,,74.57622073170732,13.809167804878049,52
2019-03-29 01:00:00,1553846400.0,2019-03-29 08:00:00,1254269,,74.01432384615384,13.753915769230769,52
2019-03-29 03:00:00,1553853600.0,2019-03-29 10:00:00,1254271,,72.97951,12.87056,52
2019-03-29 04:00:00,1553857200.0,2019-03-29 11:00:00,1254272,,73.83104319148936,12.56101829787234,52
2019-03-29 05:00:00,1553860800.0,2019-03-29 12:00:00,1254273,,74.31873089285715,12.151659821428572,52
2019-03-29 06:00:00,1553864400.0,2019-03-29 13:00:00,1254274,,75.19705596153845,11.756796730769231,52
2019-03-29 07:00:00,1553868000.0,2019-03-29 14:00:00,1254275,,76.50811875,12.108424375,52
2019-03-29 08:00:00,1553871600.0,2019-03-29 15:00:00,1254276,,73.8871759375,13.42053625,52
2019-03-29 09:00:00,1553875200.0,2019-03-29 16:00:00,1254277,,69.5747576923077,14.485278205128205,52
2019-03-29 10:00:00,1553878800.0,2019-03-29 17:00:00,1254278,,65.28712634146342,15.254503658536585,52
2019-03-29 11:00:00,1553882400.0,2019-03-29 18:00:00,1254279,,57.429002,16.1581935,52
2019-03-29 12:00:00,1553886000.0,2019-03-29 19:00:00,1254280,,55.00806975609756,17.085016341463415,52
2019-03-29 13:00:00,1553889600.0,2019-03-29 20:00:00,1254281,,55.73694846153846,17.41232205128205,52
2019-03-29 14:00:00,1553893200.0,2019-03-29 21:00:00,1254282,,,,52
2019-03-29 15:00:00,1553896800.0,2019-03-29 22:00:00,1254283,,54.01693777777778,18.70814777777778,52
2019-03-29 16:00:00,1553900400.0,2019-03-29 23:00:00,1254284,,54.1510403030303,18.765268484848484,52
2019-03-29 17:00:00,1553904000.0,2019-03-30 00:00:00,1254285,,53.58859,19.06644,52
2019-03-29 19:00:00,1553911200.0,2019-03-30 02:00:00,1254287,,55.8634615625,17.193826875,52
2019-03-29 20:00:00,1553914800.0,2019-03-30 03:00:00,1254288,,60.82917405405406,15.43710864864865,52
2019-03-29 22:00:00,1553922000.0,2019-03-30 05:00:00,1254290,,66.77137,13.95869,52
2019-03-29 23:00:00,1553925600.0,2019-03-30 06:00:00,1254291,,,,52
2019-03-30 01:00:00,1553932800.0,2019-03-30 08:00:00,1254293,,71.81415375,13.28030475,52
2019-03-30 02:00:00,1553936400.0,2019-03-30 09:00:00,1254294,,73.20428396226416,13.001134716981133,52
2019-03-30 03:00:00,1553940000.0,2019-03-30 10:00:00,1254295,,74.5991665,12.80356525,52
2019-03-30 04:00:00,1553943600.0,2019-03-30 11:00:00,1254296,,74.8796519047619,12.762931904761905,52
2019-03-30 05:00:00,1553947200.0,2019-03-30 12:00:00,1254297,,73.5803053125,12.7634375,52
2019-03-30 06:00:00,1553950800.0,2019-03-30 13:00:00,1254298,,72.31675,12.40552,52
2019-03-30 10:00:00,1553965200.0,2019-03-30 17:00:00,1254302,,51.88642,17.146261707317073,52
2019-03-30 11:00:00,1553968800.0,2019-03-30 18:00:00,1254303,,45.09413,18.67009,52
2019-03-30 14:00:00,1553979600.0,2019-03-30 21:00:00,1254306,,48.78877,20.52862,52
2019-03-30 15:00:00,1553983200.0,2019-03-30 22:00:00,1254307,,48.75978734693877,19.994904897959184,52
2019-03-30 16:00:00,1553986800.0,2019-03-30 23:00:00,1254308,,48.10671475,20.32458975,52
2019-03-30 17:00:00,1553990400.0,2019-03-31 00:00:00,1254309,,,,52
2019-03-30 18:00:00,1553994000.0,2019-03-31 01:00:00,1254310,,46.3352,21.49492,52
2019-03-30 19:00:00,1553997600.0,2019-03-31 02:00:00,1254311,,50.162063055555556,18.65112472222222,52
2019-03-30 20:00:00,1554001200.0,2019-03-31 03:00:00,1254312,,,,52
2019-03-30 21:00:00,1554004800.0,2019-03-31 04:00:00,1254313,,,,52
2019-03-30 22:00:00,1554008400.0,2019-03-31 05:00:00,1254314,,50.08281,15.76899,52
2019-03-30 23:00:00,1554012000.0,2019-03-31 06:00:00,1254315,,,,52
2019-03-31 00:00:00,1554015600.0,2019-03-31 07:00:00,1254316,,,,52
2019-03-31 01:00:00,1554019200.0,2019-03-31 08:00:00,1254317,,51.89789,15.80092,52
2019-03-31 02:00:00,1554022800.0,2019-03-31 09:00:00,1254318,,58.72920235294118,15.431583529411764,52
2019-03-31 04:00:00,1554030000.0,2019-03-31 11:00:00,1254320,,64.74891,15.0914,52
2019-03-31 05:00:00,1554033600.0,2019-03-31 12:00:00,1254321,,61.134545238095235,14.644947857142856,52
2019-03-31 06:00:00,1554037200.0,2019-03-31 13:00:00,1254322,,65.4806480952381,14.373110476190476,52
2019-03-31 08:00:00,1554044400.0,2019-03-31 15:00:00,1254324,,,,52
2019-03-31 09:00:00,1554048000.0,2019-03-31 16:00:00,1254325,,64.35151760869566,17.16082304347826,52
2019-03-31 10:00:00,1554051600.0,2019-03-31 17:00:00,1254326,,61.677725,18.537024090909092,52
2019-03-31 11:00:00,1554055200.0,2019-03-31 18:00:00,1254327,,58.138043829787236,20.718163617021276,52
2019-03-31 12:00:00,1554058800.0,2019-03-31 19:00:00,1254328,,53.38387475,22.44177875,52
2019-03-31 13:00:00,1554062400.0,2019-03-31 20:00:00,1254329,,43.78435,24.16,52
2019-03-31 14:00:00,1554066000.0,2019-03-31 21:00:00,1254330,,,,52
2019-03-31 15:00:00,1554069600.0,2019-03-31 22:00:00,1254331,,,,52
2019-03-31 16:00:00,1554073200.0,2019-03-31 23:00:00,1254332,,38.39054,23.18645,52
2019-03-31 17:00:00,1554076800.0,2019-04-01 00:00:00,1254333,,43.649500256410256,21.61334358974359,52
2019-03-31 18:00:00,1554080400.0,2019-04-01 01:00:00,1254334,,,,52
2019-03-31 20:00:00,1554087600.0,2019-04-01 03:00:00,1254336,,55.43376,18.45839,52
2019-03-31 21:00:00,1554091200.0,2019-04-01 04:00:00,1254337,,52.18313319148936,17.98626063829787,52
2019-03-31 22:00:00,1554094800.0,2019-04-01 05:00:00,1254338,,43.910177777777776,17.63824,52
2019-03-31 23:00:00,1554098400.0,2019-04-01 06:00:00,1254339,,41.941425686274506,17.511044313725492,52
2019-04-01 00:00:00,1554102000.0,2019-04-01 07:00:00,1254340,,66.4634135897436,16.38863282051282,52
2019-04-01 01:00:00,1554105600.0,2019-04-01 08:00:00,1254341,,55.923116,15.9723072,52
2019-04-01 02:00:00,1554109200.0,2019-04-01 09:00:00,1254342,,51.966700930232555,16.745502093023255,52
2019-04-01 03:00:00,1554112800.0,2019-04-01 10:00:00,1254343,,48.89999,16.873004444444444,52
2019-04-01 05:00:00,1554120000.0,2019-04-01 12:00:00,1254345,,37.2253,18.06008,52
2019-04-01 06:00:00,1554123600.0,2019-04-01 13:00:00,1254346,,,,52
2019-04-01 07:00:00,1554127200.0,2019-04-01 14:00:00,1254347,,42.58227090909091,17.82856787878788,52
2019-04-01 08:00:00,1554130800.0,2019-04-01 15:00:00,1254348,,41.719379,18.5545605,52
2019-04-01 10:00:00,1554138000.0,2019-04-01 17:00:00,1254350,,63.95575,18.97974,52
2019-04-01 11:00:00,1554141600.0,2019-04-01 18:00:00,1254351,,62.19973,20.04746,52
2019-04-01 14:00:00,1554152400.0,2019-04-01 21:00:00,1254354,,57.35993604651163,19.993973255813952,52
2019-04-01 15:00:00,1554156000.0,2019-04-01 22:00:00,1254355,,67.70519,18.76331,52
2019-04-01 16:00:00,1554159600.0,2019-04-01 23:00:00,1254356,,73.96120238095239,16.95395619047619,52
2019-04-01 17:00:00,1554163200.0,2019-04-02 00:00:00,1254357,,67.93536204081633,17.75798469387755,52
2019-04-01 18:00:00,1554166800.0,2019-04-02 01:00:00,1254358,,64.03085533333334,17.79385088888889,52
2019-04-01 19:00:00,1554170400.0,2019-04-02 02:00:00,1254359,,67.27885512195122,17.36709780487805,52
2019-04-01 22:00:00,1554181200.0,2019-04-02 05:00:00,1254362,,69.12618,16.87308,52
2019-04-01 23:00:00,1554184800.0,2019-04-02 06:00:00,1254363,,70.81013,15.99608,52
2019-04-02 00:00:00,1554188400.0,2019-04-02 07:00:00,1254364,,,,52
2019-04-02 01:00:00,1554192000.0,2019-04-02 08:00:00,1254365,,73.29911555555556,15.792717555555555,52
2019-04-02 02:00:00,1554195600.0,2019-04-02 09:00:00,1254366,,71.30972957446808,15.602012978723405,52
2019-04-02 03:00:00,1554199200.0,2019-04-02 10:00:00,1254367,,76.76704745762711,14.69752745762712,52
2019-04-02 04:00:00,1554202800.0,2019-04-02 11:00:00,1254368,,77.13796904761905,14.790682619047619,52
2019-04-02 05:00:00,1554206400.0,2019-04-02 12:00:00,1254369,,73.99518952380953,14.738110238095238,52
2019-04-02 06:00:00,1554210000.0,2019-04-02 13:00:00,1254370,,75.95206720930233,14.579533720930232,52
2019-04-02 07:00:00,1554213600.0,2019-04-02 14:00:00,1254371,,80.2743696969697,14.385915151515151,52
2019-04-02 08:00:00,1554217200.0,2019-04-02 15:00:00,1254372,,83.46448755555555,14.54606688888889,52
2019-04-02 09:00:00,1554220800.0,2019-04-02 16:00:00,1254373,,83.68011046511627,14.922902093023255,52
2019-04-02 10:00:00,1554224400.0,2019-04-02 17:00:00,1254374,,,,52
2019-04-02 11:00:00,1554228000.0,2019-04-02 18:00:00,1254375,,,,52
2019-04-02 12:00:00,1554231600.0,2019-04-02 19:00:00,1254376,,,,52
2019-04-02 13:00:00,1554235200.0,2019-04-02 20:00:00,1254377,,77.36425967741935,16.289498387096774,52
2019-04-02 14:00:00,1554238800.0,2019-04-02 21:00:00,1254378,,74.17039472727272,16.301285636363637,52
2019-04-02 15:00:00,1554242400.0,2019-04-02 22:00:00,1254379,,72.80470972222223,16.03103388888889,52
2019-04-02 16:00:00,1554246000.0,2019-04-02 23:00:00,1254380,,75.30596,15.738051794871796,52
2019-04-02 17:00:00,1554249600.0,2019-04-03 00:00:00,1254381,,73.8926870212766,15.784935957446809,52
2019-04-02 18:00:00,1554253200.0,2019-04-03 01:00:00,1254382,,75.50457104166667,15.739065208333333,52
2019-04-02 19:00:00,1554256800.0,2019-04-03 02:00:00,1254383,,78.57547756756757,15.350467837837838,52
2019-04-02 21:00:00,1554264000.0,2019-04-03 04:00:00,1254385,,81.80442,14.94003,52
2019-04-02 22:00:00,1554267600.0,2019-04-03 05:00:00,1254386,,82.12047085106383,14.932430638297872,52
2019-04-02 23:00:00,1554271200.0,2019-04-03 06:00:00,1254387,,80.94493243902438,15.101519512195122,52
2019-04-03 00:00:00,1554274800.0,2019-04-03 07:00:00,1254388,,79.38034764705883,15.057304117647059,52
2019-04-03 01:00:00,1554278400.0,2019-04-03 08:00:00,1254389,,80.2240725,14.871192708333334,52
2019-04-03 02:00:00,1554282000.0,2019-04-03 09:00:00,1254390,,80.90828936170213,14.67195085106383,52
2019-04-03 03:00:00,1554285600.0,2019-04-03 10:00:00,1254391,,79.8704,14.773,52
2019-04-03 04:00:00,1554289200.0,2019-04-03 11:00:00,1254392,,79.76880315789474,14.740771578947369,52
2019-04-03 05:00:00,1554292800.0,2019-04-03 12:00:00,1254393,,80.20533594594595,14.449580270270271,52
2019-04-03 06:00:00,1554296400.0,2019-04-03 13:00:00,1254394,,79.04467825,14.592725,52
2019-04-03 07:00:00,1554300000.0,2019-04-03 14:00:00,1254395,,80.050485,14.462214464285715,52
2019-04-03 08:00:00,1554303600.0,2019-04-03 15:00:00,1254396,,79.0106825,14.9998535,52
2019-04-03 09:00:00,1554307200.0,2019-04-03 16:00:00,1254397,,77.04673902439025,15.500642195121952,52
2019-04-03 10:00:00,1554310800.0,2019-04-03 17:00:00,1254398,,74.53977309523809,15.955585714285714,52
2019-04-03 12:00:00,1554318000.0,2019-04-03 19:00:00,1254400,,72.05153333333334,16.305893125,52
2019-04-03 13:00:00,1554321600.0,2019-04-03 20:00:00,1254401,,72.7519225,16.309257884615384,52
2019-04-03 15:00:00,1554328800.0,2019-04-03 22:00:00,1254403,,69.11686405405405,17.015892162162164,52
2019-04-03 16:00:00,1554332400.0,2019-04-03 23:00:00,1254404,,69.96367,16.91328,52
2019-04-03 17:00:00,1554336000.0,2019-04-04 00:00:00,1254405,,72.0104742,16.3678202,52
2019-04-03 18:00:00,1554339600.0,2019-04-04 01:00:00,1254406,,,,52
2019-04-03 19:00:00,1554343200.0,2019-04-04 02:00:00,1254407,,75.35003627906977,15.601342558139535,52
2019-04-03 20:00:00,1554346800.0,2019-04-04 03:00:00,1254408,,76.90865916666667,15.251337083333333,52
2019-04-03 21:00:00,1554350400.0,2019-04-04 04:00:00,1254409,,77.5499441025641,15.121960512820513,52
2019-04-03 22:00:00,1554354000.0,2019-04-04 05:00:00,1254410,,76.7275009090909,15.249703939393939,52
2019-04-03 23:00:00,1554357600.0,2019-04-04 06:00:00,1254411,,76.006,15.3553,52
2019-04-04 00:00:00,1554361200.0,2019-04-04 07:00:00,1254412,,74.46858660377359,15.052686981132075,52
2019-04-04 01:00:00,1554364800.0,2019-04-04 08:00:00,1254413,,73.98238414634146,15.313719512195123,52
2019-04-04 03:00:00,1554372000.0,2019-04-04 10:00:00,1254415,,,,52
2019-04-04 04:00:00,1554375600.0,2019-04-04 11:00:00,1254416,,77.32178163265306,14.778047959183674,52
2019-04-04 06:00:00,1554382800.0,2019-04-04 13:00:00,1254418,,76.69794,14.70554,52
2019-04-04 07:00:00,1554386400.0,2019-04-04 14:00:00,1254419,,78.49371,14.51863,52
2019-04-04 08:00:00,1554390000.0,2019-04-04 15:00:00,1254420,,78.20684232558139,14.668453488372093,52
2019-04-04 12:00:00,1554404400.0,2019-04-04 19:00:00,1254424,,71.10757,15.93547,52
2019-04-04 13:00:00,1554408000.0,2019-04-04 20:00:00,1254425,,65.25756804878048,17.051099512195123,52
2019-04-04 14:00:00,1554411600.0,2019-04-04 21:00:00,1254426,,58.94567911764706,18.24174705882353,52
2019-04-04 15:00:00,1554415200.0,2019-04-04 22:00:00,1254427,,60.8650934,17.9717284,52
2019-04-04 16:00:00,1554418800.0,2019-04-04 23:00:00,1254428,,59.349124807692306,17.957859423076922,52
2019-04-04 17:00:00,1554422400.0,2019-04-05 00:00:00,1254429,,62.13899151515152,17.894925454545454,52
2019-04-04 19:00:00,1554429600.0,2019-04-05 02:00:00,1254431,,65.38705,16.49058,52
2019-04-04 21:00:00,1554436800.0,2019-04-05 04:00:00,1254433,,68.21318,15.91759,52
2019-04-04 22:00:00,1554440400.0,2019-04-05 05:00:00,1254434,,70.58343705882353,15.538198235294118,52
2019-04-04 23:00:00,1554444000.0,2019-04-05 06:00:00,1254435,,,,52
2019-04-05 02:00:00,1554454800.0,2019-04-05 09:00:00,1254438,,72.55078,15.39577,52
2019-04-05 03:00:00,1554458400.0,2019-04-05 10:00:00,1254439,,73.33705,15.118600512820512,52
2019-04-05 04:00:00,1554462000.0,2019-04-05 11:00:00,1254440,,69.46498596491229,15.129928947368422,52
2019-04-05 05:00:00,1554465600.0,2019-04-05 12:00:00,1254441,,67.37271757575758,15.299463636363637,52
2019-04-05 06:00:00,1554469200.0,2019-04-05 13:00:00,1254442,,,,52
2019-04-05 07:00:00,1554472800.0,2019-04-05 14:00:00,1254443,,71.50660823529412,14.998180980392156,52
2019-04-05 11:00:00,1554487200.0,2019-04-05 18:00:00,1254447,,83.63736,15.26565,52
2019-04-05 13:00:00,1554494400.0,2019-04-05 20:00:00,1254449,,79.50564787234043,15.522576808510639,52
2019-04-05 14:00:00,1554498000.0,2019-04-05 21:00:00,1254450,,71.20972568627451,16.80854745098039,52
2019-04-05 16:00:00,1554505200.0,2019-04-05 23:00:00,1254452,,66.55144,17.05971,52
2019-04-05 17:00:00,1554508800.0,2019-04-06 00:00:00,1254453,,69.52557853658537,16.76903731707317,52
2019-04-05 18:00:00,1554512400.0,2019-04-06 01:00:00,1254454,,72.64093,16.3161,52
2019-04-05 19:00:00,1554516000.0,2019-04-06 02:00:00,1254455,,71.62683622222222,16.199683333333333,52
2019-04-05 20:00:00,1554519600.0,2019-04-06 03:00:00,1254456,,,,52
2019-04-05 21:00:00,1554523200.0,2019-04-06 04:00:00,1254457,,72.02407657142857,16.45895057142857,52
2019-04-05 23:00:00,1554530400.0,2019-04-06 06:00:00,1254459,,73.49648391304348,15.731573913043478,52
2019-04-06 00:00:00,1554534000.0,2019-04-06 07:00:00,1254460,,,,52
2019-04-06 01:00:00,1554537600.0,2019-04-06 08:00:00,1254461,,71.95666731707317,15.423665853658537,52
2019-04-06 02:00:00,1554541200.0,2019-04-06 09:00:00,1254462,,72.85731,15.4209,52
2019-04-06 03:00:00,1554544800.0,2019-04-06 10:00:00,1254463,,,,52
2019-04-06 04:00:00,1554548400.0,2019-04-06 11:00:00,1254464,,,,52
2019-04-06 07:00:00,1554559200.0,2019-04-06 14:00:00,1254467,,72.38391,15.57861,52
2019-04-06 08:00:00,1554562800.0,2019-04-06 15:00:00,1254468,,69.74263209302326,16.50915,52
2019-04-06 09:00:00,1554566400.0,2019-04-06 16:00:00,1254469,,73.79630363636363,16.392888181818183,52
2019-04-06 11:00:00,1554573600.0,2019-04-06 18:00:00,1254471,,66.06882516129032,18.748245483870967,52
2019-04-06 13:00:00,1554580800.0,2019-04-06 20:00:00,1254473,,61.97588486486487,19.829267567567566,52
2019-04-06 14:00:00,1554584400.0,2019-04-06 21:00:00,1254474,,58.09704145833334,20.300028541666666,52
2019-04-06 15:00:00,1554588000.0,2019-04-06 22:00:00,1254475,,60.32473901960784,20.39446862745098,52
2019-04-06 16:00:00,1554591600.0,2019-04-06 23:00:00,1254476,,65.49814035714286,20.002387857142857,52
2019-04-06 17:00:00,1554595200.0,2019-04-07 00:00:00,1254477,,,,52
2019-04-06 18:00:00,1554598800.0,2019-04-07 01:00:00,1254478,,,,52
2019-04-06 19:00:00,1554602400.0,2019-04-07 02:00:00,1254479,,74.35307470588235,17.561755294117646,52
2019-04-06 20:00:00,1554606000.0,2019-04-07 03:00:00,1254480,,,,52
2019-04-07 00:00:00,1554620400.0,2019-04-07 07:00:00,1254484,,79.8462,16.66249,52
2019-04-07 01:00:00,1554624000.0,2019-04-07 08:00:00,1254485,,,,52
2019-04-07 02:00:00,1554627600.0,2019-04-07 09:00:00,1254486,,77.04706,17.18463,52
2019-04-07 03:00:00,1554631200.0,2019-04-07 10:00:00,1254487,,,,52
2019-04-07 04:00:00,1554634800.0,2019-04-07 11:00:00,1254488,,,,52
2019-04-07 07:00:00,1554645600.0,2019-04-07 14:00:00,1254491,,74.06273350000001,16.89999975,52
2019-04-07 08:00:00,1554649200.0,2019-04-07 15:00:00,1254492,,74.2777428,17.25575,52
2019-04-07 09:00:00,1554652800.0,2019-04-07 16:00:00,1254493,,,,52
2019-04-07 13:00:00,1554667200.0,2019-04-07 20:00:00,1254497,,55.98661,22.92461,52
2019-04-07 14:00:00,1554670800.0,2019-04-07 21:00:00,1254498,,56.190845227272725,22.45348659090909,52
2019-04-07 15:00:00,1554674400.0,2019-04-07 22:00:00,1254499,,54.43467,22.72514,52
2019-04-07 17:00:00,1554681600.0,2019-04-08 00:00:00,1254501,,61.63513203703704,21.48466388888889,52
2019-04-07 18:00:00,1554685200.0,2019-04-08 01:00:00,1254502,,69.59072333333333,19.63009977777778,52
2019-04-07 19:00:00,1554688800.0,2019-04-08 02:00:00,1254503,,77.56375,17.63834,52
2019-04-07 20:00:00,1554692400.0,2019-04-08 03:00:00,1254504,,79.51531377358491,17.22221886792453,52
2019-04-07 22:00:00,1554699600.0,2019-04-08 05:00:00,1254506,,,,52
2019-04-07 23:00:00,1554703200.0,2019-04-08 06:00:00,1254507,,,,52
2019-04-08 00:00:00,1554706800.0,2019-04-08 07:00:00,1254508,,76.14289,17.87771,52
2019-04-08 01:00:00,1554710400.0,2019-04-08 08:00:00,1254509,,76.80182081081081,17.555475945945947,52
2019-04-08 02:00:00,1554714000.0,2019-04-08 09:00:00,1254510,,,,52
2019-04-08 04:00:00,1554721200.0,2019-04-08 11:00:00,1254512,,,,52
2019-04-08 05:00:00,1554724800.0,2019-04-08 12:00:00,1254513,,,,52
2019-04-08 06:00:00,1554728400.0,2019-04-08 13:00:00,1254514,,,,52
2019-04-08 08:00:00,1554735600.0,2019-04-08 15:00:00,1254516,,73.57529,18.54783,52
2019-04-08 11:00:00,1554746400.0,2019-04-08 18:00:00,1254519,,67.539518,21.0102416,52
2019-04-08 12:00:00,1554750000.0,2019-04-08 19:00:00,1254520,,65.8141,21.60278,52
2019-04-08 13:00:00,1554753600.0,2019-04-08 20:00:00,1254521,,,,52
2019-04-08 15:00:00,1554760800.0,2019-04-08 22:00:00,1254523,,70.91891,20.5,52
2019-04-08 17:00:00,1554768000.0,2019-04-09 00:00:00,1254525,,79.83237,18.30106,52
2019-04-08 19:00:00,1554775200.0,2019-04-09 02:00:00,1254527,,82.45969,17.6909,52
2019-04-08 21:00:00,1554782400.0,2019-04-09 04:00:00,1254529,,84.87077619047619,16.94614095238095,52
2019-04-08 23:00:00,1554789600.0,2019-04-09 06:00:00,1254531,,,,52
2019-04-09 00:00:00,1554793200.0,2019-04-09 07:00:00,1254532,,77.3582,15.6498,52
2019-04-09 01:00:00,1554796800.0,2019-04-09 08:00:00,1254533,,76.60862,15.20625,52
2019-04-09 02:00:00,1554800400.0,2019-04-09 09:00:00,1254534,,73.86873,15.06834,52
2019-04-09 03:00:00,1554804000.0,2019-04-09 10:00:00,1254535,,73.9795628125,14.805590625,52
2019-04-09 05:00:00,1554811200.0,2019-04-09 12:00:00,1254537,,73.35828,14.19525,52
2019-04-09 06:00:00,1554814800.0,2019-04-09 13:00:00,1254538,,,,52
2019-04-09 09:00:00,1554825600.0,2019-04-09 16:00:00,1254541,,60.70202,15.07308,52
2019-04-09 11:00:00,1554832800.0,2019-04-09 18:00:00,1254543,,50.12643,18.10648,52
2019-04-09 13:00:00,1554840000.0,2019-04-09 20:00:00,1254545,,37.01391,21.76003,52
2019-04-09 14:00:00,1554843600.0,2019-04-09 21:00:00,1254546,,43.83618,20.52044,52
2019-04-09 15:00:00,1554847200.0,2019-04-09 22:00:00,1254547,,43.34247651162791,20.317103720930234,52
2019-04-09 16:00:00,1554850800.0,2019-04-09 23:00:00,1254548,,,,52
2019-04-09 17:00:00,1554854400.0,2019-04-10 00:00:00,1254549,,42.77415,20.93872,52
2019-04-09 18:00:00,1554858000.0,2019-04-10 01:00:00,1254550,,,,52
2019-04-09 20:00:00,1554865200.0,2019-04-10 03:00:00,1254552,,56.43293558139535,16.7153911627907,52
2019-04-09 21:00:00,1554868800.0,2019-04-10 04:00:00,1254553,,56.82934222222222,16.006375555555557,52
2019-04-09 22:00:00,1554872400.0,2019-04-10 05:00:00,1254554,,57.64715488372093,15.386767674418605,52
2019-04-09 23:00:00,1554876000.0,2019-04-10 06:00:00,1254555,,59.785982,14.626722888888889,52
2019-04-10 00:00:00,1554879600.0,2019-04-10 07:00:00,1254556,,,,52
2019-04-10 01:00:00,1554883200.0,2019-04-10 08:00:00,1254557,,61.79669536585366,13.73453512195122,52
2019-04-10 02:00:00,1554886800.0,2019-04-10 09:00:00,1254558,,,,52
2019-04-10 04:00:00,1554894000.0,2019-04-10 11:00:00,1254560,,64.71112833333333,12.309216875,52
2019-04-10 05:00:00,1554897600.0,2019-04-10 12:00:00,1254561,,63.4342,11.933209767441861,52
2019-04-10 06:00:00,1554901200.0,2019-04-10 13:00:00,1254562,,64.10766959183674,11.726812857142857,52
2019-04-10 07:00:00,1554904800.0,2019-04-10 14:00:00,1254563,,64.69333638297873,12.203578936170214,52
2019-04-10 08:00:00,1554908400.0,2019-04-10 15:00:00,1254564,,,,52
2019-04-10 10:00:00,1554915600.0,2019-04-10 17:00:00,1254566,,44.90283,17.31242,52
2019-04-10 11:00:00,1554919200.0,2019-04-10 18:00:00,1254567,,42.307507966101696,18.316445423728812,52
2019-04-10 12:00:00,1554922800.0,2019-04-10 19:00:00,1254568,,38.3698346,20.2878708,52
2019-04-10 13:00:00,1554926400.0,2019-04-10 20:00:00,1254569,,34.399373617021276,23.032475319148936,52
2019-04-10 14:00:00,1554930000.0,2019-04-10 21:00:00,1254570,,37.114687727272724,22.163899772727273,52
2019-04-10 15:00:00,1554933600.0,2019-04-10 22:00:00,1254571,,38.97180854545454,22.091634727272726,52
2019-04-10 16:00:00,1554937200.0,2019-04-10 23:00:00,1254572,,37.64952595744681,22.90417255319149,52
2019-04-10 17:00:00,1554940800.0,2019-04-11 00:00:00,1254573,,36.05225757575757,23.589673333333334,52
2019-04-10 18:00:00,1554944400.0,2019-04-11 01:00:00,1254574,,,,52
2019-04-10 20:00:00,1554951600.0,2019-04-11 03:00:00,1254576,,53.17196,18.57097,52
2019-04-10 22:00:00,1554958800.0,2019-04-11 05:00:00,1254578,,55.81872,17.74858,52
2019-04-10 23:00:00,1554962400.0,2019-04-11 06:00:00,1254579,,56.38591605263158,17.265877894736843,52
2019-04-11 00:00:00,1554966000.0,2019-04-11 07:00:00,1254580,,58.67942565217391,16.422730434782608,52
2019-04-11 02:00:00,1554973200.0,2019-04-11 09:00:00,1254582,,61.36536,15.4052,52
2019-04-11 04:00:00,1554980400.0,2019-04-11 11:00:00,1254584,,62.03742,15.15541,52
2019-04-11 05:00:00,1554984000.0,2019-04-11 12:00:00,1254585,,60.72906,15.06108,52
2019-04-11 06:00:00,1554987600.0,2019-04-11 13:00:00,1254586,,,,52
2019-04-11 08:00:00,1554994800.0,2019-04-11 15:00:00,1254588,,53.2385,16.5366,52
2019-04-11 09:00:00,1554998400.0,2019-04-11 16:00:00,1254589,,,,52
2019-04-11 12:00:00,1555009200.0,2019-04-11 19:00:00,1254592,,47.61586,18.67688325,52
2019-04-11 13:00:00,1555012800.0,2019-04-11 20:00:00,1254593,,48.37451744680851,18.366065957446807,52
2019-04-11 14:00:00,1555016400.0,2019-04-11 21:00:00,1254594,,47.314187234042556,19.214437234042553,52
2019-04-11 15:00:00,1555020000.0,2019-04-11 22:00:00,1254595,,,,52
2019-04-11 16:00:00,1555023600.0,2019-04-11 23:00:00,1254596,,48.5473,19.84607,52
2019-04-11 18:00:00,1555030800.0,2019-04-12 01:00:00,1254598,,49.5296074,19.0227742,52
2019-04-11 19:00:00,1555034400.0,2019-04-12 02:00:00,1254599,,54.80155,16.9766,52
2019-04-11 20:00:00,1555038000.0,2019-04-12 03:00:00,1254600,,57.6360905,15.78462625,52
2019-04-11 21:00:00,1555041600.0,2019-04-12 04:00:00,1254601,,59.69962163636364,14.989519454545455,52
2019-04-11 22:00:00,1555045200.0,2019-04-12 05:00:00,1254602,,59.40741714285714,14.803529428571428,52
2019-04-11 23:00:00,1555048800.0,2019-04-12 06:00:00,1254603,,,,52
2019-04-12 00:00:00,1555052400.0,2019-04-12 07:00:00,1254604,,60.04398,14.25549,52
2019-04-12 03:00:00,1555063200.0,2019-04-12 10:00:00,1254607,,63.41995303030303,13.316391212121212,52
2019-04-12 04:00:00,1555066800.0,2019-04-12 11:00:00,1254608,,,,52
2019-04-12 05:00:00,1555070400.0,2019-04-12 12:00:00,1254609,,66.00462441176471,12.960472647058824,52
2019-04-12 06:00:00,1555074000.0,2019-04-12 13:00:00,1254610,,67.25340322580645,12.841560645161291,52
2019-04-12 07:00:00,1555077600.0,2019-04-12 14:00:00,1254611,,67.73806432432433,13.370951351351351,52
2019-04-12 08:00:00,1555081200.0,2019-04-12 15:00:00,1254612,,,,52
2019-04-12 09:00:00,1555084800.0,2019-04-12 16:00:00,1254613,,,,52
2019-04-12 10:00:00,1555088400.0,2019-04-12 17:00:00,1254614,,49.3607054,18.3039048,52
2019-04-12 11:00:00,1555092000.0,2019-04-12 18:00:00,1254615,,45.540414081632655,19.95612591836735,52
2019-04-12 12:00:00,1555095600.0,2019-04-12 19:00:00,1254616,,44.195482702702705,21.74401918918919,52
2019-04-12 14:00:00,1555102800.0,2019-04-12 21:00:00,1254618,,43.1470096875,22.447306875,52
2019-04-12 15:00:00,1555106400.0,2019-04-12 22:00:00,1254619,,,,52
2019-04-12 16:00:00,1555110000.0,2019-04-12 23:00:00,1254620,,,,52
2019-04-12 17:00:00,1555113600.0,2019-04-13 00:00:00,1254621,,41.82817622222222,23.975086444444443,52
2019-04-12 18:00:00,1555117200.0,2019-04-13 01:00:00,1254622,,43.75948346938775,23.452862857142858,52
2019-04-12 19:00:00,1555120800.0,2019-04-13 02:00:00,1254623,,,,52
2019-04-12 20:00:00,1555124400.0,2019-04-13 03:00:00,1254624,,50.221254,20.044945666666667,52
2019-04-12 22:00:00,1555131600.0,2019-04-13 05:00:00,1254626,,,,52
2019-04-12 23:00:00,1555135200.0,2019-04-13 06:00:00,1254627,,60.34837928571429,17.684926666666666,52
2019-04-13 00:00:00,1555138800.0,2019-04-13 07:00:00,1254628,,63.05596081081081,17.218754864864863,52
2019-04-13 05:00:00,1555156800.0,2019-04-13 12:00:00,1254633,,69.7201,15.24852,52
2019-04-13 07:00:00,1555164000.0,2019-04-13 14:00:00,1254635,,58.88056,17.24739,52
2019-04-13 08:00:00,1555167600.0,2019-04-13 15:00:00,1254636,,60.91427,17.63358,52
2019-04-13 09:00:00,1555171200.0,2019-04-13 16:00:00,1254637,,60.15234,18.45914,52
2019-04-13 10:00:00,1555174800.0,2019-04-13 17:00:00,1254638,,,,52
2019-04-13 11:00:00,1555178400.0,2019-04-13 18:00:00,1254639,,,,52
2019-04-13 12:00:00,1555182000.0,2019-04-13 19:00:00,1254640,,54.79549,22.30721,52
2019-04-13 13:00:00,1555185600.0,2019-04-13 20:00:00,1254641,,50.96791761904762,22.77921380952381,52
2019-04-13 15:00:00,1555192800.0,2019-04-13 22:00:00,1254643,,,,52
2019-04-13 16:00:00,1555196400.0,2019-04-13 23:00:00,1254644,,51.264360869565216,21.469447391304346,52
2019-04-13 18:00:00,1555203600.0,2019-04-14 01:00:00,1254646,,55.43583,19.0171,52
2019-04-13 19:00:00,1555207200.0,2019-04-14 02:00:00,1254647,,62.11904358974359,17.36323846153846,52
2019-04-13 20:00:00,1555210800.0,2019-04-14 03:00:00,1254648,,,,52
2019-04-13 21:00:00,1555214400.0,2019-04-14 04:00:00,1254649,,69.24978257142857,15.156622857142857,52
2019-04-13 22:00:00,1555218000.0,2019-04-14 05:00:00,1254650,,73.53524735294118,14.061581470588235,52
2019-04-13 23:00:00,1555221600.0,2019-04-14 06:00:00,1254651,,76.7314875,13.442512,52
2019-04-14 01:00:00,1555228800.0,2019-04-14 08:00:00,1254653,,77.20602,13.1167,52
2019-04-14 03:00:00,1555236000.0,2019-04-14 10:00:00,1254655,,77.92344,12.78242,52
2019-04-14 05:00:00,1555243200.0,2019-04-14 12:00:00,1254657,,77.5187,12.46129,52
2019-04-14 07:00:00,1555250400.0,2019-04-14 14:00:00,1254659,,77.02967,12.69986,52
2019-04-14 09:00:00,1555257600.0,2019-04-14 16:00:00,1254661,,70.19828,14.78079,52
2019-04-14 11:00:00,1555264800.0,2019-04-14 18:00:00,1254663,,65.39656,17.0824,52
2019-04-14 12:00:00,1555268400.0,2019-04-14 19:00:00,1254664,,63.98094238095238,17.78128023809524,52
2019-04-14 14:00:00,1555275600.0,2019-04-14 21:00:00,1254666,,65.69448,17.18102,52
2019-04-14 15:00:00,1555279200.0,2019-04-14 22:00:00,1254667,,,,52
2019-04-14 16:00:00,1555282800.0,2019-04-14 23:00:00,1254668,,64.37746105263157,17.43295447368421,52
2019-04-14 17:00:00,1555286400.0,2019-04-15 00:00:00,1254669,,61.82413555555556,17.97550638888889,52
2019-04-14 18:00:00,1555290000.0,2019-04-15 01:00:00,1254670,,60.7688,17.54626,52
2019-04-14 19:00:00,1555293600.0,2019-04-15 02:00:00,1254671,,62.54664,16.49915,52
2019-04-14 22:00:00,1555304400.0,2019-04-15 05:00:00,1254674,,52.34299,15.02117,52
2019-04-14 23:00:00,1555308000.0,2019-04-15 06:00:00,1254675,,44.9209735,15.00656875,52
2019-04-15 01:00:00,1555315200.0,2019-04-15 08:00:00,1254677,,57.69465,14.25338,52
2019-04-15 02:00:00,1555318800.0,2019-04-15 09:00:00,1254678,,59.38304977777778,13.617300444444444,52
2019-04-15 03:00:00,1555322400.0,2019-04-15 10:00:00,1254679,,60.14126040816326,13.163613673469388,52
2019-04-15 06:00:00,1555333200.0,2019-04-15 13:00:00,1254682,,65.85205,12.75281,52
2019-04-15 07:00:00,1555336800.0,2019-04-15 14:00:00,1254683,,67.59855666666667,12.551197647058823,52
2019-04-15 08:00:00,1555340400.0,2019-04-15 15:00:00,1254684,,67.79991820512821,12.994982307692307,52
2019-04-15 09:00:00,1555344000.0,2019-04-15 16:00:00,1254685,,67.38714068181818,13.58244909090909,52
2019-04-15 10:00:00,1555347600.0,2019-04-15 17:00:00,1254686,,,,52
2019-04-15 12:00:00,1555354800.0,2019-04-15 19:00:00,1254688,,57.53199301886792,16.06383320754717,52
2019-04-15 13:00:00,1555358400.0,2019-04-15 20:00:00,1254689,,57.66089743589744,16.01496564102564,52
2019-04-15 14:00:00,1555362000.0,2019-04-15 21:00:00,1254690,,60.875502340425534,15.45917170212766,52
2019-04-15 15:00:00,1555365600.0,2019-04-15 22:00:00,1254691,,65.57748615384615,14.939321538461538,52
2019-04-15 16:00:00,1555369200.0,2019-04-15 23:00:00,1254692,,76.7102342,13.7501782,52
2019-04-15 17:00:00,1555372800.0,2019-04-16 00:00:00,1254693,,,,52
2019-04-15 18:00:00,1555376400.0,2019-04-16 01:00:00,1254694,,77.75526717391304,13.48706,52
2019-04-15 19:00:00,1555380000.0,2019-04-16 02:00:00,1254695,,79.13059264705882,13.616361470588235,52
2019-04-15 21:00:00,1555387200.0,2019-04-16 04:00:00,1254697,,,,52
2019-04-15 22:00:00,1555390800.0,2019-04-16 05:00:00,1254698,,84.13147,13.39713,52
2019-04-15 23:00:00,1555394400.0,2019-04-16 06:00:00,1254699,,85.28029261904761,13.601492142857143,52
2019-04-16 00:00:00,1555398000.0,2019-04-16 07:00:00,1254700,,86.58337189655172,13.459394827586207,52
2019-04-16 01:00:00,1555401600.0,2019-04-16 08:00:00,1254701,,86.01064135135135,13.866120810810811,52
2019-04-16 05:00:00,1555416000.0,2019-04-16 12:00:00,1254705,,78.84861,12.50557,52
2019-04-16 06:00:00,1555419600.0,2019-04-16 13:00:00,1254706,,79.05912575757576,12.293212424242425,52
2019-04-16 09:00:00,1555430400.0,2019-04-16 16:00:00,1254709,,70.35146,15.04659,52
2019-04-16 12:00:00,1555441200.0,2019-04-16 19:00:00,1254712,,59.38463391304348,18.219979130434783,52
2019-04-16 13:00:00,1555444800.0,2019-04-16 20:00:00,1254713,,56.6191794,18.9279242,52
2019-04-16 15:00:00,1555452000.0,2019-04-16 22:00:00,1254715,,,,52
2019-04-16 16:00:00,1555455600.0,2019-04-16 23:00:00,1254716,,,,52
2019-04-16 20:00:00,1555470000.0,2019-04-17 03:00:00,1254720,,61.24082,16.80918,52
2019-04-16 21:00:00,1555473600.0,2019-04-17 04:00:00,1254721,,64.45056452380952,15.559650476190477,52
2019-04-16 22:00:00,1555477200.0,2019-04-17 05:00:00,1254722,,,,52
2019-04-16 23:00:00,1555480800.0,2019-04-17 06:00:00,1254723,,,,52
2019-04-17 01:00:00,1555488000.0,2019-04-17 08:00:00,1254725,,66.69979,15.1641,52
2019-04-17 03:00:00,1555495200.0,2019-04-17 10:00:00,1254727,,,,52
2019-04-17 04:00:00,1555498800.0,2019-04-17 11:00:00,1254728,,74.5595627027027,13.877754864864865,52
2019-04-17 06:00:00,1555506000.0,2019-04-17 13:00:00,1254730,,,,52
2019-04-17 09:00:00,1555516800.0,2019-04-17 16:00:00,1254733,,67.74205,16.37818,52
2019-04-17 10:00:00,1555520400.0,2019-04-17 17:00:00,1254734,,,,52
2019-04-17 11:00:00,1555524000.0,2019-04-17 18:00:00,1254735,,60.689807419354835,19.030905483870967,52
2019-04-17 12:00:00,1555527600.0,2019-04-17 19:00:00,1254736,,,,52
2019-04-17 15:00:00,1555538400.0,2019-04-17 22:00:00,1254739,,49.32142352941177,20.72241,52
2019-04-17 20:00:00,1555556400.0,2019-04-18 03:00:00,1254744,,57.14282,17.20615,52
2019-04-18 00:00:00,1555570800.0,2019-04-18 07:00:00,1254748,,55.90472,17.15976,52
2019-04-18 02:00:00,1555578000.0,2019-04-18 09:00:00,1254750,,60.6853675,16.060866944444445,52
2019-04-18 03:00:00,1555581600.0,2019-04-18 10:00:00,1254751,,56.95673222222222,17.275424444444443,52
2019-04-18 04:00:00,1555585200.0,2019-04-18 11:00:00,1254752,,61.52666,16.35879,52
2019-04-18 05:00:00,1555588800.0,2019-04-18 12:00:00,1254753,,53.683544857142856,17.439272857142857,52
2019-04-18 06:00:00,1555592400.0,2019-04-18 13:00:00,1254754,,55.970382,17.38384,52
2019-04-18 07:00:00,1555596000.0,2019-04-18 14:00:00,1254755,,59.39893911111111,17.51364688888889,52
2019-04-18 08:00:00,1555599600.0,2019-04-18 15:00:00,1254756,,50.85810757575758,19.232221818181817,52
2019-04-18 09:00:00,1555603200.0,2019-04-18 16:00:00,1254757,,46.78815465116279,21.406188837209303,52
2019-04-18 10:00:00,1555606800.0,2019-04-18 17:00:00,1254758,,48.14701215686274,23.16131294117647,52
2019-04-18 12:00:00,1555614000.0,2019-04-18 19:00:00,1254760,,40.16413,27.85023,52
2019-04-18 14:00:00,1555621200.0,2019-04-18 21:00:00,1254762,,41.03688,27.70268,52
2019-04-18 15:00:00,1555624800.0,2019-04-18 22:00:00,1254763,,44.27859,27.35932,52
2019-04-18 16:00:00,1555628400.0,2019-04-18 23:00:00,1254764,,,,52
2019-04-18 18:00:00,1555635600.0,2019-04-19 01:00:00,1254766,,43.64814,27.483,52
2019-04-18 19:00:00,1555639200.0,2019-04-19 02:00:00,1254767,,49.00455628571429,24.828154285714284,52
2019-04-18 20:00:00,1555642800.0,2019-04-19 03:00:00,1254768,,47.04463,23.55592,52
2019-04-18 21:00:00,1555646400.0,2019-04-19 04:00:00,1254769,,48.65377177777778,22.672450444444443,52
2019-04-18 22:00:00,1555650000.0,2019-04-19 05:00:00,1254770,,52.87910297297297,21.755307837837837,52
2019-04-18 23:00:00,1555653600.0,2019-04-19 06:00:00,1254771,,57.14925306122449,20.73510673469388,52
2019-04-19 00:00:00,1555657200.0,2019-04-19 07:00:00,1254772,,55.561118484848485,20.54344181818182,52
2019-04-19 01:00:00,1555660800.0,2019-04-19 08:00:00,1254773,,53.392804857142856,20.755889142857143,52
2019-04-19 03:00:00,1555668000.0,2019-04-19 10:00:00,1254775,,56.0474154054054,18.823293513513512,52
2019-04-19 05:00:00,1555675200.0,2019-04-19 12:00:00,1254777,,56.5869,19.91217,52
2019-04-19 08:00:00,1555686000.0,2019-04-19 15:00:00,1254780,,59.75458,19.958,52
2019-04-19 09:00:00,1555689600.0,2019-04-19 16:00:00,1254781,,63.31109285714286,19.423629795918366,52
2019-04-19 10:00:00,1555693200.0,2019-04-19 17:00:00,1254782,,,,52
2019-04-19 12:00:00,1555700400.0,2019-04-19 19:00:00,1254784,,51.500382093023255,23.369327906976743,52
2019-04-19 13:00:00,1555704000.0,2019-04-19 20:00:00,1254785,,,,52
2019-04-19 14:00:00,1555707600.0,2019-04-19 21:00:00,1254786,,58.7415194,20.5378496,52
2019-04-19 15:00:00,1555711200.0,2019-04-19 22:00:00,1254787,,64.33331,19.17327,52
2019-04-19 16:00:00,1555714800.0,2019-04-19 23:00:00,1254788,,67.60972,18.02272,52
2019-04-19 17:00:00,1555718400.0,2019-04-20 00:00:00,1254789,,69.56109966101695,17.54380966101695,52
2019-04-19 18:00:00,1555722000.0,2019-04-20 01:00:00,1254790,,73.41403934782609,16.384446304347826,52
2019-04-19 19:00:00,1555725600.0,2019-04-20 02:00:00,1254791,,77.4765217948718,15.031752307692308,52
2019-04-19 20:00:00,1555729200.0,2019-04-20 03:00:00,1254792,,80.37307229166666,14.658205208333333,52
2019-04-19 21:00:00,1555732800.0,2019-04-20 04:00:00,1254793,,,,52
2019-04-19 22:00:00,1555736400.0,2019-04-20 05:00:00,1254794,,82.30658,14.1192,52
2019-04-19 23:00:00,1555740000.0,2019-04-20 06:00:00,1254795,,83.5714393939394,14.015219696969696,52
2019-04-20 00:00:00,1555743600.0,2019-04-20 07:00:00,1254796,,,,52
2019-04-20 01:00:00,1555747200.0,2019-04-20 08:00:00,1254797,,85.14728,13.40825,52
2019-04-20 03:00:00,1555754400.0,2019-04-20 10:00:00,1254799,,84.93319,13.6012,52
2019-04-20 04:00:00,1555758000.0,2019-04-20 11:00:00,1254800,,85.72326659090909,13.518275,52
2019-04-20 05:00:00,1555761600.0,2019-04-20 12:00:00,1254801,,87.13545302325582,13.421906976744186,52
2019-04-20 06:00:00,1555765200.0,2019-04-20 13:00:00,1254802,,85.54953,14.1652309375,52
2019-04-20 09:00:00,1555776000.0,2019-04-20 16:00:00,1254805,,,,52
2019-04-20 10:00:00,1555779600.0,2019-04-20 17:00:00,1254806,,71.39607,17.34619,52
2019-04-20 11:00:00,1555783200.0,2019-04-20 18:00:00,1254807,,66.1896605882353,18.30586970588235,52
2019-04-20 12:00:00,1555786800.0,2019-04-20 19:00:00,1254808,,61.12198375,19.528581250000002,52
2019-04-20 13:00:00,1555790400.0,2019-04-20 20:00:00,1254809,,58.84881,19.22139,52
2019-04-20 14:00:00,1555794000.0,2019-04-20 21:00:00,1254810,,60.209728695652174,18.41754304347826,52
2019-04-20 15:00:00,1555797600.0,2019-04-20 22:00:00,1254811,,,,52
2019-04-20 16:00:00,1555801200.0,2019-04-20 23:00:00,1254812,,55.5867,18.762503958333333,52
2019-04-20 17:00:00,1555804800.0,2019-04-21 00:00:00,1254813,,52.6065812,18.2559596,52
2019-04-20 18:00:00,1555808400.0,2019-04-21 01:00:00,1254814,,56.13762,17.360515454545453,52
2019-04-20 19:00:00,1555812000.0,2019-04-21 02:00:00,1254815,,63.47612,15.44485,52
2019-04-20 20:00:00,1555815600.0,2019-04-21 03:00:00,1254816,,,,52
2019-04-20 21:00:00,1555819200.0,2019-04-21 04:00:00,1254817,,67.37614297297297,14.415189729729729,52
2019-04-20 23:00:00,1555826400.0,2019-04-21 06:00:00,1254819,,71.06342,14.16528,52
2019-04-21 01:00:00,1555833600.0,2019-04-21 08:00:00,1254821,,70.59094,14.06957,52
2019-04-21 02:00:00,1555837200.0,2019-04-21 09:00:00,1254822,,69.47192666666666,14.116787619047619,52
2019-04-21 03:00:00,1555840800.0,2019-04-21 10:00:00,1254823,,70.35733,13.7729792,52
2019-04-21 04:00:00,1555844400.0,2019-04-21 11:00:00,1254824,,,,52
2019-04-21 05:00:00,1555848000.0,2019-04-21 12:00:00,1254825,,71.16536340425532,13.622264893617022,52
2019-04-21 06:00:00,1555851600.0,2019-04-21 13:00:00,1254826,,72.41368222222222,13.567348333333333,52
2019-04-21 07:00:00,1555855200.0,2019-04-21 14:00:00,1254827,,76.0496068,13.715194,52
2019-04-21 09:00:00,1555862400.0,2019-04-21 16:00:00,1254829,,68.18252,16.36571,52
2019-04-21 10:00:00,1555866000.0,2019-04-21 17:00:00,1254830,,64.52080076923077,17.764185576923076,52
2019-04-21 11:00:00,1555869600.0,2019-04-21 18:00:00,1254831,,59.22470461538462,19.367285384615386,52
2019-04-21 12:00:00,1555873200.0,2019-04-21 19:00:00,1254832,,52.69465588235294,20.786395,52
2019-04-21 13:00:00,1555876800.0,2019-04-21 20:00:00,1254833,,50.49997226415094,20.276880566037736,52
2019-04-21 15:00:00,1555884000.0,2019-04-21 22:00:00,1254835,,48.09136,21.02077,52
2019-04-21 18:00:00,1555894800.0,2019-04-22 01:00:00,1254838,,50.33786,20.31336,52
2019-04-21 20:00:00,1555902000.0,2019-04-22 03:00:00,1254840,,53.59804,18.70275,52
2019-04-21 21:00:00,1555905600.0,2019-04-22 04:00:00,1254841,,61.8583428,17.4432888,52
2019-04-21 22:00:00,1555909200.0,2019-04-22 05:00:00,1254842,,66.68271155172414,16.082768793103448,52
2019-04-21 23:00:00,1555912800.0,2019-04-22 06:00:00,1254843,,66.79615,15.84896,52
2019-04-22 00:00:00,1555916400.0,2019-04-22 07:00:00,1254844,,64.26212595744681,16.2749685106383,52
2019-04-22 01:00:00,1555920000.0,2019-04-22 08:00:00,1254845,,64.95905113636364,16.036517045454545,52
2019-04-22 02:00:00,1555923600.0,2019-04-22 09:00:00,1254846,,66.33640525,15.737461249999999,52
2019-04-22 03:00:00,1555927200.0,2019-04-22 10:00:00,1254847,,66.0154,15.67413,52
2019-04-22 04:00:00,1555930800.0,2019-04-22 11:00:00,1254848,,66.541268,15.39496175,52
2019-04-22 05:00:00,1555934400.0,2019-04-22 12:00:00,1254849,,,,52
2019-04-22 08:00:00,1555945200.0,2019-04-22 15:00:00,1254852,,59.43793042553192,18.69373914893617,52
2019-04-22 09:00:00,1555948800.0,2019-04-22 16:00:00,1254853,,,,52
2019-04-22 10:00:00,1555952400.0,2019-04-22 17:00:00,1254854,,43.45795342105263,23.110568157894736,52
2019-04-22 11:00:00,1555956000.0,2019-04-22 18:00:00,1254855,,40.22603,25.80926,52
2019-04-22 12:00:00,1555959600.0,2019-04-22 19:00:00,1254856,,,,52
2019-04-22 13:00:00,1555963200.0,2019-04-22 20:00:00,1254857,,,,52
2019-04-22 14:00:00,1555966800.0,2019-04-22 21:00:00,1254858,,,,52
2019-04-22 15:00:00,1555970400.0,2019-04-22 22:00:00,1254859,,41.67592,27.07808,52
2019-04-22 16:00:00,1555974000.0,2019-04-22 23:00:00,1254860,,37.45052,28.22771,52
2019-04-22 17:00:00,1555977600.0,2019-04-23 00:00:00,1254861,,33.39448028571429,28.839582571428572,52
2019-04-22 18:00:00,1555981200.0,2019-04-23 01:00:00,1254862,,,,52
2019-04-22 23:00:00,1555999200.0,2019-04-23 06:00:00,1254867,,45.54014,22.41983,52
2019-04-23 01:00:00,1556006400.0,2019-04-23 08:00:00,1254869,,48.712116585365855,21.544850975609755,52
2019-04-23 03:00:00,1556013600.0,2019-04-23 10:00:00,1254871,,51.30279,20.6839,52
2019-04-23 04:00:00,1556017200.0,2019-04-23 11:00:00,1254872,,,,52
2019-04-23 05:00:00,1556020800.0,2019-04-23 12:00:00,1254873,,52.48736608695652,20.02530152173913,52
2019-04-23 06:00:00,1556024400.0,2019-04-23 13:00:00,1254874,,52.82970244444444,20.270018,52
2019-04-23 07:00:00,1556028000.0,2019-04-23 14:00:00,1254875,,51.1653909375,21.49486875,52
2019-04-23 08:00:00,1556031600.0,2019-04-23 15:00:00,1254876,,47.89514023809524,23.656659047619048,52
2019-04-23 09:00:00,1556035200.0,2019-04-23 16:00:00,1254877,,,,52
2019-04-23 10:00:00,1556038800.0,2019-04-23 17:00:00,1254878,,48.94784649122807,26.375740350877194,52
2019-04-23 11:00:00,1556042400.0,2019-04-23 18:00:00,1254879,,37.958841666666665,28.884069047619047,52
2019-04-23 12:00:00,1556046000.0,2019-04-23 19:00:00,1254880,,32.32140382352941,32.35731588235294,52
2019-04-23 13:00:00,1556049600.0,2019-04-23 20:00:00,1254881,,32.76284380952381,32.201412142857144,52
2019-04-23 14:00:00,1556053200.0,2019-04-23 21:00:00,1254882,,,,52
2019-04-23 15:00:00,1556056800.0,2019-04-23 22:00:00,1254883,,,,52
2019-04-23 17:00:00,1556064000.0,2019-04-24 00:00:00,1254885,,29.43127,29.88664,52
2019-04-23 19:00:00,1556071200.0,2019-04-24 02:00:00,1254887,,,,52
2019-04-23 22:00:00,1556082000.0,2019-04-24 05:00:00,1254890,,,,52
2019-04-24 00:00:00,1556089200.0,2019-04-24 07:00:00,1254892,,37.70536,26.21951,52
2019-04-24 01:00:00,1556092800.0,2019-04-24 08:00:00,1254893,,,,52
2019-04-24 03:00:00,1556100000.0,2019-04-24 10:00:00,1254895,,44.19504,24.94623,52
2019-04-24 04:00:00,1556103600.0,2019-04-24 11:00:00,1254896,,45.863590227272724,24.48443681818182,52
2019-04-24 05:00:00,1556107200.0,2019-04-24 12:00:00,1254897,,,,52
2019-04-24 06:00:00,1556110800.0,2019-04-24 13:00:00,1254898,,51.496290256410255,23.627801794871793,52
2019-04-24 08:00:00,1556118000.0,2019-04-24 15:00:00,1254900,,48.28524,25.48911,52
2019-04-24 09:00:00,1556121600.0,2019-04-24 16:00:00,1254901,,49.6385652173913,26.371946739130436,52
2019-04-24 10:00:00,1556125200.0,2019-04-24 17:00:00,1254902,,47.27483216216216,27.29661972972973,52
2019-04-24 11:00:00,1556128800.0,2019-04-24 18:00:00,1254903,,,,52
2019-04-24 13:00:00,1556136000.0,2019-04-24 20:00:00,1254905,,41.21306,28.84761,52
2019-04-24 15:00:00,1556143200.0,2019-04-24 22:00:00,1254907,,46.03554,26.83341,52
2019-04-24 16:00:00,1556146800.0,2019-04-24 23:00:00,1254908,,45.82044978723404,25.86649829787234,52
2019-04-24 17:00:00,1556150400.0,2019-04-25 00:00:00,1254909,,38.772334375,26.77697125,52
2019-04-24 20:00:00,1556161200.0,2019-04-25 03:00:00,1254912,,46.82652,23.02681,52
2019-04-24 21:00:00,1556164800.0,2019-04-25 04:00:00,1254913,,56.40625,20.51983,52
2019-04-24 22:00:00,1556168400.0,2019-04-25 05:00:00,1254914,,68.20829,17.07282,52
2019-04-24 23:00:00,1556172000.0,2019-04-25 06:00:00,1254915,,,,52
2019-04-25 00:00:00,1556175600.0,2019-04-25 07:00:00,1254916,,73.69515,15.63952,52
2019-04-25 03:00:00,1556186400.0,2019-04-25 10:00:00,1254919,,75.39107,15.31697,52
2019-04-25 04:00:00,1556190000.0,2019-04-25 11:00:00,1254920,,77.02382955555555,14.911179333333333,52
2019-04-25 05:00:00,1556193600.0,2019-04-25 12:00:00,1254921,,,,52
2019-04-25 06:00:00,1556197200.0,2019-04-25 13:00:00,1254922,,,,52
2019-04-25 07:00:00,1556200800.0,2019-04-25 14:00:00,1254923,,,,52
2019-04-25 08:00:00,1556204400.0,2019-04-25 15:00:00,1254924,,72.39953,16.70983,52
2019-04-25 09:00:00,1556208000.0,2019-04-25 16:00:00,1254925,,67.57184,18.36236,52
2019-04-25 11:00:00,1556215200.0,2019-04-25 18:00:00,1254927,,62.69657,19.74844,52
2019-04-25 12:00:00,1556218800.0,2019-04-25 19:00:00,1254928,,56.55904,21.64724,52
2019-04-25 14:00:00,1556226000.0,2019-04-25 21:00:00,1254930,,,,52
2019-04-25 15:00:00,1556229600.0,2019-04-25 22:00:00,1254931,,60.9502532,19.6403752,52
2019-04-25 17:00:00,1556236800.0,2019-04-26 00:00:00,1254933,,,,52
2019-04-25 18:00:00,1556240400.0,2019-04-26 01:00:00,1254934,,,,52
2019-04-25 19:00:00,1556244000.0,2019-04-26 02:00:00,1254935,,,,52
2019-04-25 20:00:00,1556247600.0,2019-04-26 03:00:00,1254936,,76.25419411764706,14.731526176470588,52
2019-04-25 21:00:00,1556251200.0,2019-04-26 04:00:00,1254937,,77.34405642857143,14.518127857142858,52
2019-04-26 00:00:00,1556262000.0,2019-04-26 07:00:00,1254940,,,,52
2019-04-26 02:00:00,1556269200.0,2019-04-26 09:00:00,1254942,,78.0864,14.26884,52
2019-04-26 05:00:00,1556280000.0,2019-04-26 12:00:00,1254945,,77.83522,14.24516,52
2019-04-26 06:00:00,1556283600.0,2019-04-26 13:00:00,1254946,,77.75730783783784,14.308618108108108,52
2019-04-26 09:00:00,1556294400.0,2019-04-26 16:00:00,1254949,,68.69486,17.24926,52
2019-04-26 10:00:00,1556298000.0,2019-04-26 17:00:00,1254950,,,,52
2019-04-26 11:00:00,1556301600.0,2019-04-26 18:00:00,1254951,,,,52
2019-04-26 13:00:00,1556308800.0,2019-04-26 20:00:00,1254953,,49.60155,24.49371,52
2019-04-26 14:00:00,1556312400.0,2019-04-26 21:00:00,1254954,,51.98223542857143,23.32946857142857,52
2019-04-26 15:00:00,1556316000.0,2019-04-26 22:00:00,1254955,,,,52
2019-04-26 18:00:00,1556326800.0,2019-04-27 01:00:00,1254958,,69.64242142857142,17.102387959183673,52
2019-04-26 19:00:00,1556330400.0,2019-04-27 02:00:00,1254959,,75.53897,15.65777,52
2019-04-26 20:00:00,1556334000.0,2019-04-27 03:00:00,1254960,,,,52
2019-04-26 21:00:00,1556337600.0,2019-04-27 04:00:00,1254961,,76.95283,15.49628,52
2019-04-26 22:00:00,1556341200.0,2019-04-27 05:00:00,1254962,,77.40693928571429,15.232376428571428,52
2019-04-27 00:00:00,1556348400.0,2019-04-27 07:00:00,1254964,,73.39793,14.74939,52
2019-04-27 05:00:00,1556366400.0,2019-04-27 12:00:00,1254969,,77.87005,14.33922,52
2019-04-27 06:00:00,1556370000.0,2019-04-27 13:00:00,1254970,,,,52
2019-04-27 07:00:00,1556373600.0,2019-04-27 14:00:00,1254971,,,,52
2019-04-27 08:00:00,1556377200.0,2019-04-27 15:00:00,1254972,,,,52
2019-04-27 10:00:00,1556384400.0,2019-04-27 17:00:00,1254974,,70.68012,16.57093,52
2019-04-27 11:00:00,1556388000.0,2019-04-27 18:00:00,1254975,,69.40965515151515,16.666118484848486,52
2019-04-27 13:00:00,1556395200.0,2019-04-27 20:00:00,1254977,,65.02843,17.95736,52
2019-04-27 14:00:00,1556398800.0,2019-04-27 21:00:00,1254978,,64.59461525,18.248558,52
2019-04-27 15:00:00,1556402400.0,2019-04-27 22:00:00,1254979,,64.22679624999999,18.3199253125,52
2019-04-27 17:00:00,1556409600.0,2019-04-28 00:00:00,1254981,,69.49215,16.31742,52
2019-04-27 18:00:00,1556413200.0,2019-04-28 01:00:00,1254982,,,,52
2019-04-27 19:00:00,1556416800.0,2019-04-28 02:00:00,1254983,,,,52
2019-04-27 22:00:00,1556427600.0,2019-04-28 05:00:00,1254986,,76.48159,14.31756,52
2019-04-27 23:00:00,1556431200.0,2019-04-28 06:00:00,1254987,,,,52
2019-04-28 00:00:00,1556434800.0,2019-04-28 07:00:00,1254988,,,,52
2019-04-28 02:00:00,1556442000.0,2019-04-28 09:00:00,1254990,,,,52
2019-04-28 03:00:00,1556445600.0,2019-04-28 10:00:00,1254991,,76.5833731372549,13.257668235294117,52
2019-04-28 04:00:00,1556449200.0,2019-04-28 11:00:00,1254992,,75.63397,13.3477,52
2019-04-28 05:00:00,1556452800.0,2019-04-28 12:00:00,1254993,,75.30128,13.34657,52
2019-04-28 06:00:00,1556456400.0,2019-04-28 13:00:00,1254994,,74.4164525,13.2219303125,52
2019-04-28 07:00:00,1556460000.0,2019-04-28 14:00:00,1254995,,,,52
2019-04-28 08:00:00,1556463600.0,2019-04-28 15:00:00,1254996,,,,52
2019-04-28 11:00:00,1556474400.0,2019-04-28 18:00:00,1254999,,61.3493,17.66556,52
2019-04-28 12:00:00,1556478000.0,2019-04-28 19:00:00,1255000,,59.79548693877551,18.197770816326532,52
2019-04-28 13:00:00,1556481600.0,2019-04-28 20:00:00,1255001,,61.280160256410255,17.77229564102564,52
2019-04-28 14:00:00,1556485200.0,2019-04-28 21:00:00,1255002,,61.911413095238096,17.569825714285713,52
2019-04-28 15:00:00,1556488800.0,2019-04-28 22:00:00,1255003,,61.96160666666667,17.476047843137255,52
2019-04-28 16:00:00,1556492400.0,2019-04-28 23:00:00,1255004,,63.35046152173913,17.018841304347827,52
2019-04-28 19:00:00,1556503200.0,2019-04-29 02:00:00,1255007,,,,52
2019-04-28 21:00:00,1556510400.0,2019-04-29 04:00:00,1255009,,,,52
2019-04-28 22:00:00,1556514000.0,2019-04-29 05:00:00,1255010,,,,52
2019-04-28 23:00:00,1556517600.0,2019-04-29 06:00:00,1255011,,74.99699040816327,13.628169795918367,52
2019-04-29 00:00:00,1556521200.0,2019-04-29 07:00:00,1255012,,75.75872257142856,13.581202571428571,52
2019-04-29 02:00:00,1556528400.0,2019-04-29 09:00:00,1255014,,74.79395,13.5112,52
2019-04-29 07:00:00,1556546400.0,2019-04-29 14:00:00,1255019,,69.60809,14.65893,52
2019-04-29 11:00:00,1556560800.0,2019-04-29 18:00:00,1255023,,60.78623,18.55605,52
2019-04-29 12:00:00,1556564400.0,2019-04-29 19:00:00,1255024,,58.919052564102564,19.199911282051282,52
2019-04-29 14:00:00,1556571600.0,2019-04-29 21:00:00,1255026,,60.3735,18.51018,52
2019-04-29 15:00:00,1556575200.0,2019-04-29 22:00:00,1255027,,,,52
2019-04-29 17:00:00,1556582400.0,2019-04-30 00:00:00,1255029,,63.41794,17.42355,52
2019-04-29 19:00:00,1556589600.0,2019-04-30 02:00:00,1255031,,70.03157,15.41653,52
2019-04-29 20:00:00,1556593200.0,2019-04-30 03:00:00,1255032,,,,52
2019-04-29 21:00:00,1556596800.0,2019-04-30 04:00:00,1255033,,73.48562166666666,14.557480555555555,52
2019-04-30 00:00:00,1556607600.0,2019-04-30 07:00:00,1255036,,72.66796,14.64441,52
2019-04-30 01:00:00,1556611200.0,2019-04-30 08:00:00,1255037,,,,52
2019-04-30 05:00:00,1556625600.0,2019-04-30 12:00:00,1255041,,73.5105,14.44834,52
2019-04-30 09:00:00,1556640000.0,2019-04-30 16:00:00,1255045,,67.46994,15.07099,52
2019-04-30 10:00:00,1556643600.0,2019-04-30 17:00:00,1255046,,63.25993,16.24211,52
2019-04-30 11:00:00,1556647200.0,2019-04-30 18:00:00,1255047,,,,52
2019-04-30 17:00:00,1556668800.0,2019-05-01 00:00:00,1255053,,58.29153,18.07706,52
2019-04-30 18:00:00,1556672400.0,2019-05-01 01:00:00,1255054,,,,52
2019-04-30 19:00:00,1556676000.0,2019-05-01 02:00:00,1255055,,,,52
2019-04-30 23:00:00,1556690400.0,2019-05-01 06:00:00,1255059,,72.78159,14.74401,52
2019-05-01 01:00:00,1556697600.0,2019-05-01 08:00:00,1255061,,,,52
2019-05-01 02:00:00,1556701200.0,2019-05-01 09:00:00,1255062,,,,52
2019-05-01 03:00:00,1556704800.0,2019-05-01 10:00:00,1255063,,75.00524048780488,13.679754390243902,52
2019-05-01 04:00:00,1556708400.0,2019-05-01 11:00:00,1255064,,74.97888147058823,13.584629705882353,52
2019-05-01 05:00:00,1556712000.0,2019-05-01 12:00:00,1255065,,,,52
2019-05-01 06:00:00,1556715600.0,2019-05-01 13:00:00,1255066,,,,52
2019-05-01 07:00:00,1556719200.0,2019-05-01 14:00:00,1255067,,,,52
2019-05-01 10:00:00,1556730000.0,2019-05-01 17:00:00,1255070,,64.45074,18.17013,52
2019-05-01 11:00:00,1556733600.0,2019-05-01 18:00:00,1255071,,61.31891462962963,18.91436537037037,52
2019-05-01 12:00:00,1556737200.0,2019-05-01 19:00:00,1255072,,55.19128,20.86889,52
2019-05-01 13:00:00,1556740800.0,2019-05-01 20:00:00,1255073,,,,52
2019-05-01 15:00:00,1556748000.0,2019-05-01 22:00:00,1255075,,53.977353529411765,20.561334705882352,52
2019-05-01 16:00:00,1556751600.0,2019-05-01 23:00:00,1255076,,54.953942653061226,19.688178571428573,52
2019-05-01 17:00:00,1556755200.0,2019-05-02 00:00:00,1255077,,56.22678425,19.59694725,52
2019-05-01 18:00:00,1556758800.0,2019-05-02 01:00:00,1255078,,56.361858181818185,20.13983181818182,52
2019-05-01 19:00:00,1556762400.0,2019-05-02 02:00:00,1255079,,63.50356625,18.343978125,52
2019-05-01 20:00:00,1556766000.0,2019-05-02 03:00:00,1255080,,69.83884977777778,17.003831333333334,52
2019-05-01 23:00:00,1556776800.0,2019-05-02 06:00:00,1255083,,77.8812,15.66942,52
2019-05-02 00:00:00,1556780400.0,2019-05-02 07:00:00,1255084,,77.26798111111111,15.336841111111111,52
2019-05-02 01:00:00,1556784000.0,2019-05-02 08:00:00,1255085,,,,52
2019-05-02 02:00:00,1556787600.0,2019-05-02 09:00:00,1255086,,77.27689473684211,14.61654052631579,52
2019-05-02 03:00:00,1556791200.0,2019-05-02 10:00:00,1255087,,77.27609393939395,14.33235303030303,52
2019-05-02 05:00:00,1556798400.0,2019-05-02 12:00:00,1255089,,71.18651660377358,14.080465283018867,52
2019-05-02 06:00:00,1556802000.0,2019-05-02 13:00:00,1255090,,75.87626142857142,14.108824,52
2019-05-02 07:00:00,1556805600.0,2019-05-02 14:00:00,1255091,,76.31278575,14.73783275,52
2019-05-02 08:00:00,1556809200.0,2019-05-02 15:00:00,1255092,,73.46546,15.84271,52
2019-05-02 09:00:00,1556812800.0,2019-05-02 16:00:00,1255093,,,,52
2019-05-02 12:00:00,1556823600.0,2019-05-02 19:00:00,1255096,,35.00721,24.05566,52
2019-05-02 13:00:00,1556827200.0,2019-05-02 20:00:00,1255097,,,,52
2019-05-02 14:00:00,1556830800.0,2019-05-02 21:00:00,1255098,,,,52
2019-05-02 15:00:00,1556834400.0,2019-05-02 22:00:00,1255099,,,,52
2019-05-02 16:00:00,1556838000.0,2019-05-02 23:00:00,1255100,,30.436365185185185,21.141172037037038,52
2019-05-02 17:00:00,1556841600.0,2019-05-03 00:00:00,1255101,,,,52
2019-05-02 19:00:00,1556848800.0,2019-05-03 02:00:00,1255103,,,,52
2019-05-02 20:00:00,1556852400.0,2019-05-03 03:00:00,1255104,,56.83417,17.21991,52
2019-05-02 21:00:00,1556856000.0,2019-05-03 04:00:00,1255105,,67.62254,16.49531,52
2019-05-02 22:00:00,1556859600.0,2019-05-03 05:00:00,1255106,,,,52
2019-05-03 01:00:00,1556870400.0,2019-05-03 08:00:00,1255109,,65.30153,14.62118,52
2019-05-03 03:00:00,1556877600.0,2019-05-03 10:00:00,1255111,,70.48197,14.38146,52
2019-05-03 05:00:00,1556884800.0,2019-05-03 12:00:00,1255113,,76.34856,14.1154,52
2019-05-03 06:00:00,1556888400.0,2019-05-03 13:00:00,1255114,,77.51146173913044,14.036461086956521,52
2019-05-03 07:00:00,1556892000.0,2019-05-03 14:00:00,1255115,,77.24507266666667,14.413338,52
2019-05-03 08:00:00,1556895600.0,2019-05-03 15:00:00,1255116,,,,52
2019-05-03 10:00:00,1556902800.0,2019-05-03 17:00:00,1255118,,63.66619,18.54393,52
2019-05-03 11:00:00,1556906400.0,2019-05-03 18:00:00,1255119,,60.58893272727273,19.48661393939394,52
2019-05-03 12:00:00,1556910000.0,2019-05-03 19:00:00,1255120,,52.49588717948718,21.77150846153846,52
2019-05-03 15:00:00,1556920800.0,2019-05-03 22:00:00,1255123,,54.23969,20.65456,52
2019-05-03 16:00:00,1556924400.0,2019-05-03 23:00:00,1255124,,,,52
2019-05-03 17:00:00,1556928000.0,2019-05-04 00:00:00,1255125,,55.43377,19.46179,52
2019-05-03 18:00:00,1556931600.0,2019-05-04 01:00:00,1255126,,56.690485,18.586615789473683,52
2019-05-03 20:00:00,1556938800.0,2019-05-04 03:00:00,1255128,,74.51137,14.97385,52
2019-05-03 21:00:00,1556942400.0,2019-05-04 04:00:00,1255129,,75.565606875,14.22019625,52
2019-05-03 22:00:00,1556946000.0,2019-05-04 05:00:00,1255130,,75.616695,13.902568055555555,52
2019-05-03 23:00:00,1556949600.0,2019-05-04 06:00:00,1255131,,,,52
2019-05-04 00:00:00,1556953200.0,2019-05-04 07:00:00,1255132,,,,52
2019-05-04 01:00:00,1556956800.0,2019-05-04 08:00:00,1255133,,74.480713,13.3632065,52
2019-05-04 02:00:00,1556960400.0,2019-05-04 09:00:00,1255134,,75.48039432432432,12.938367297297297,52
2019-05-04 03:00:00,1556964000.0,2019-05-04 10:00:00,1255135,,76.289364375,12.8846671875,52
2019-05-04 04:00:00,1556967600.0,2019-05-04 11:00:00,1255136,,76.35579514285715,12.879005428571428,52
2019-05-04 05:00:00,1556971200.0,2019-05-04 12:00:00,1255137,,77.2175025531915,12.697247446808511,52
2019-05-04 06:00:00,1556974800.0,2019-05-04 13:00:00,1255138,,77.22731481481482,12.773346666666667,52
2019-05-04 08:00:00,1556982000.0,2019-05-04 15:00:00,1255140,,73.94639702702703,13.595986756756757,52
2019-05-04 10:00:00,1556989200.0,2019-05-04 17:00:00,1255142,,66.74595,15.87646,52
2019-05-04 12:00:00,1556996400.0,2019-05-04 19:00:00,1255144,,,,52
2019-05-04 13:00:00,1557000000.0,2019-05-04 20:00:00,1255145,,57.39777018181818,18.15364218181818,52
2019-05-04 14:00:00,1557003600.0,2019-05-04 21:00:00,1255146,,58.673885166666665,17.932981666666667,52
2019-05-04 15:00:00,1557007200.0,2019-05-04 22:00:00,1255147,,60.95105976744186,17.67012511627907,52
2019-05-04 16:00:00,1557010800.0,2019-05-04 23:00:00,1255148,,64.88948139534884,16.890602558139534,52
2019-05-04 17:00:00,1557014400.0,2019-05-05 00:00:00,1255149,,,,52
2019-05-04 20:00:00,1557025200.0,2019-05-05 03:00:00,1255152,,72.92365,13.9832,52
2019-05-04 22:00:00,1557032400.0,2019-05-05 05:00:00,1255154,,72.8324,13.55407,52
2019-05-04 23:00:00,1557036000.0,2019-05-05 06:00:00,1255155,,74.27852352941177,13.329966764705883,52
2019-05-05 00:00:00,1557039600.0,2019-05-05 07:00:00,1255156,,74.55871102564103,13.20694076923077,52
2019-05-05 02:00:00,1557046800.0,2019-05-05 09:00:00,1255158,,73.83829926829269,12.977321463414635,52
2019-05-05 03:00:00,1557050400.0,2019-05-05 10:00:00,1255159,,72.77428581395348,12.942461395348838,52
2019-05-05 04:00:00,1557054000.0,2019-05-05 11:00:00,1255160,,71.7584775,13.07933475,52
2019-05-05 05:00:00,1557057600.0,2019-05-05 12:00:00,1255161,,71.21669369565217,12.929012391304347,52
2019-05-05 08:00:00,1557068400.0,2019-05-05 15:00:00,1255164,,65.99468,14.28577,52
2019-05-05 10:00:00,1557075600.0,2019-05-05 17:00:00,1255166,,60.73535,16.48572,52
2019-05-05 11:00:00,1557079200.0,2019-05-05 18:00:00,1255167,,,,52
2019-05-05 12:00:00,1557082800.0,2019-05-05 19:00:00,1255168,,55.1131,17.75585,52
2019-05-05 13:00:00,1557086400.0,2019-05-05 20:00:00,1255169,,57.2599,17.1019,52
2019-05-05 14:00:00,1557090000.0,2019-05-05 21:00:00,1255170,,58.56687608695652,17.02495804347826,52
2019-05-05 16:00:00,1557097200.0,2019-05-05 23:00:00,1255172,,59.12404575757576,17.043352727272726,52
2019-05-05 18:00:00,1557104400.0,2019-05-06 01:00:00,1255174,,68.85068,15.15094,52
2019-05-05 19:00:00,1557108000.0,2019-05-06 02:00:00,1255175,,72.6333192857143,14.194308035714286,52
2019-05-05 21:00:00,1557115200.0,2019-05-06 04:00:00,1255177,,70.00147,13.96585,52
2019-05-05 22:00:00,1557118800.0,2019-05-06 05:00:00,1255178,,,,52
2019-05-05 23:00:00,1557122400.0,2019-05-06 06:00:00,1255179,,71.34017,13.58337,52
2019-05-06 00:00:00,1557126000.0,2019-05-06 07:00:00,1255180,,,,52
2019-05-06 01:00:00,1557129600.0,2019-05-06 08:00:00,1255181,,,,52
2019-05-06 03:00:00,1557136800.0,2019-05-06 10:00:00,1255183,,78.43695325,13.891142,52
2019-05-06 04:00:00,1557140400.0,2019-05-06 11:00:00,1255184,,79.07714085714285,13.944866,52
2019-05-06 05:00:00,1557144000.0,2019-05-06 12:00:00,1255185,,,,52
2019-05-06 08:00:00,1557154800.0,2019-05-06 15:00:00,1255188,,,,52
2019-05-06 09:00:00,1557158400.0,2019-05-06 16:00:00,1255189,,74.53069,14.97268,52
2019-05-06 10:00:00,1557162000.0,2019-05-06 17:00:00,1255190,,71.71273727272727,15.377697045454546,52
2019-05-06 11:00:00,1557165600.0,2019-05-06 18:00:00,1255191,,69.64478114285714,16.245692857142856,52
2019-05-06 14:00:00,1557176400.0,2019-05-06 21:00:00,1255194,,68.08097,16.63822,52
2019-05-06 15:00:00,1557180000.0,2019-05-06 22:00:00,1255195,,,,52
2019-05-06 16:00:00,1557183600.0,2019-05-06 23:00:00,1255196,,,,52
2019-05-06 19:00:00,1557194400.0,2019-05-07 02:00:00,1255199,,72.81617,14.68304,52
2019-05-06 20:00:00,1557198000.0,2019-05-07 03:00:00,1255200,,73.46445,14.48687,52
2019-05-06 21:00:00,1557201600.0,2019-05-07 04:00:00,1255201,,74.7435725,14.38875775,52
2019-05-06 22:00:00,1557205200.0,2019-05-07 05:00:00,1255202,,75.26543424242425,14.36752,52
2019-05-06 23:00:00,1557208800.0,2019-05-07 06:00:00,1255203,,,,52
2019-05-07 03:00:00,1557223200.0,2019-05-07 10:00:00,1255207,,77.41585,14.40727,52
2019-05-07 04:00:00,1557226800.0,2019-05-07 11:00:00,1255208,,77.18458694444445,14.372245277777777,52
2019-05-07 05:00:00,1557230400.0,2019-05-07 12:00:00,1255209,,75.25413,14.64434,52
2019-05-07 06:00:00,1557234000.0,2019-05-07 13:00:00,1255210,,77.85661710526315,14.795541578947368,52
2019-05-07 08:00:00,1557241200.0,2019-05-07 15:00:00,1255212,,73.3775,15.55781,52
2019-05-07 10:00:00,1557248400.0,2019-05-07 17:00:00,1255214,,,,52
2019-05-07 11:00:00,1557252000.0,2019-05-07 18:00:00,1255215,,66.15275844444444,17.072822,52
2019-05-07 13:00:00,1557259200.0,2019-05-07 20:00:00,1255217,,61.70703,18.17565,52
2019-05-07 17:00:00,1557273600.0,2019-05-08 00:00:00,1255221,,65.05165,17.44157,52
2019-05-07 19:00:00,1557280800.0,2019-05-08 02:00:00,1255223,,,,52
2019-05-07 21:00:00,1557288000.0,2019-05-08 04:00:00,1255225,,75.25897,14.49223,52
2019-05-07 23:00:00,1557295200.0,2019-05-08 06:00:00,1255227,,76.45765,14.4631,52
2019-05-08 01:00:00,1557302400.0,2019-05-08 08:00:00,1255229,,78.34731,14.60585,52
2019-05-08 02:00:00,1557306000.0,2019-05-08 09:00:00,1255230,,78.36369303030303,14.433637878787879,52
2019-05-08 04:00:00,1557313200.0,2019-05-08 11:00:00,1255232,,78.84433,14.34507,52
2019-05-08 05:00:00,1557316800.0,2019-05-08 12:00:00,1255233,,78.80692,14.38244,52
2019-05-08 06:00:00,1557320400.0,2019-05-08 13:00:00,1255234,,79.45277078431373,14.39974568627451,52
2019-05-08 07:00:00,1557324000.0,2019-05-08 14:00:00,1255235,,79.26902916666667,14.6822625,52
2019-05-08 08:00:00,1557327600.0,2019-05-08 15:00:00,1255236,,,,52
2019-05-08 11:00:00,1557338400.0,2019-05-08 18:00:00,1255239,,67.58923,18.07549,52
2019-05-08 12:00:00,1557342000.0,2019-05-08 19:00:00,1255240,,62.6687,19.47233736842105,52
2019-05-08 13:00:00,1557345600.0,2019-05-08 20:00:00,1255241,,,,52
2019-05-08 17:00:00,1557360000.0,2019-05-09 00:00:00,1255245,,70.74415,17.30221,52
2019-05-08 18:00:00,1557363600.0,2019-05-09 01:00:00,1255246,,72.28392,16.85822,52
2019-05-08 19:00:00,1557367200.0,2019-05-09 02:00:00,1255247,,,,52
2019-05-08 21:00:00,1557374400.0,2019-05-09 04:00:00,1255249,,78.95493,15.10528,52
2019-05-08 23:00:00,1557381600.0,2019-05-09 06:00:00,1255251,,80.17684,14.57387,52
2019-05-09 00:00:00,1557385200.0,2019-05-09 07:00:00,1255252,,,,52
2019-05-09 01:00:00,1557388800.0,2019-05-09 08:00:00,1255253,,,,52
2019-05-09 02:00:00,1557392400.0,2019-05-09 09:00:00,1255254,,,,52
2019-05-09 03:00:00,1557396000.0,2019-05-09 10:00:00,1255255,,84.95461,13.85851,52
2019-05-09 05:00:00,1557403200.0,2019-05-09 12:00:00,1255257,,84.9889,14.12184,52
2019-05-09 06:00:00,1557406800.0,2019-05-09 13:00:00,1255258,,85.2855525,14.025480312500001,52
2019-05-09 07:00:00,1557410400.0,2019-05-09 14:00:00,1255259,,85.23089138888889,14.221723888888889,52
2019-05-09 08:00:00,1557414000.0,2019-05-09 15:00:00,1255260,,,,52
2019-05-09 09:00:00,1557417600.0,2019-05-09 16:00:00,1255261,,84.30007166666667,14.685620238095238,52
2019-05-09 11:00:00,1557424800.0,2019-05-09 18:00:00,1255263,,78.0803479245283,15.853297735849056,52
2019-05-09 13:00:00,1557432000.0,2019-05-09 20:00:00,1255265,,73.86037,16.76843,52
2019-05-09 14:00:00,1557435600.0,2019-05-09 21:00:00,1255266,,74.13216475,16.5671215,52
2019-05-09 15:00:00,1557439200.0,2019-05-09 22:00:00,1255267,,74.63440448275863,16.32675672413793,52
2019-05-09 16:00:00,1557442800.0,2019-05-09 23:00:00,1255268,,74.201319375,16.2352990625,52
2019-05-09 17:00:00,1557446400.0,2019-05-10 00:00:00,1255269,,74.65714135135136,16.01558972972973,52
2019-05-09 18:00:00,1557450000.0,2019-05-10 01:00:00,1255270,,74.33313125,15.801018125,52
2019-05-09 19:00:00,1557453600.0,2019-05-10 02:00:00,1255271,,75.33143025641026,15.451901282051281,52
2019-05-09 20:00:00,1557457200.0,2019-05-10 03:00:00,1255272,,76.57906,15.21956,52
2019-05-09 21:00:00,1557460800.0,2019-05-10 04:00:00,1255273,,77.40591032258064,15.087980322580645,52
2019-05-09 22:00:00,1557464400.0,2019-05-10 05:00:00,1255274,,78.38635956521739,14.839189782608695,52
2019-05-09 23:00:00,1557468000.0,2019-05-10 06:00:00,1255275,,78.06106727272727,14.799374545454546,52
2019-05-10 00:00:00,1557471600.0,2019-05-10 07:00:00,1255276,,78.45874,14.70164,52
2019-05-10 01:00:00,1557475200.0,2019-05-10 08:00:00,1255277,,78.738555,14.769424761904762,52
2019-05-10 02:00:00,1557478800.0,2019-05-10 09:00:00,1255278,,77.89647456521739,14.747259130434783,52
2019-05-10 05:00:00,1557489600.0,2019-05-10 12:00:00,1255281,,75.31596,15.3883,52
2019-05-10 06:00:00,1557493200.0,2019-05-10 13:00:00,1255282,,76.75517309523809,15.13919357142857,52
2019-05-10 07:00:00,1557496800.0,2019-05-10 14:00:00,1255283,,,,52
2019-05-10 08:00:00,1557500400.0,2019-05-10 15:00:00,1255284,,76.40724913043478,15.86460347826087,52
2019-05-10 09:00:00,1557504000.0,2019-05-10 16:00:00,1255285,,72.61835194444444,16.836060833333335,52
2019-05-10 10:00:00,1557507600.0,2019-05-10 17:00:00,1255286,,68.9951364102564,17.769437692307694,52
2019-05-10 12:00:00,1557514800.0,2019-05-10 19:00:00,1255288,,60.43665205128205,20.486565641025642,52
2019-05-10 13:00:00,1557518400.0,2019-05-10 20:00:00,1255289,,63.39351,19.22381225,52
2019-05-10 15:00:00,1557525600.0,2019-05-10 22:00:00,1255291,,63.25817,18.98187,52
2019-05-10 17:00:00,1557532800.0,2019-05-11 00:00:00,1255293,,64.37457,18.74603,52
2019-05-10 18:00:00,1557536400.0,2019-05-11 01:00:00,1255294,,,,52
2019-05-10 19:00:00,1557540000.0,2019-05-11 02:00:00,1255295,,,,52
2019-05-10 23:00:00,1557554400.0,2019-05-11 06:00:00,1255299,,78.53,15.24721125,52
2019-05-11 01:00:00,1557561600.0,2019-05-11 08:00:00,1255301,,78.64095,14.97028,52
2019-05-11 02:00:00,1557565200.0,2019-05-11 09:00:00,1255302,,,,52
2019-05-11 03:00:00,1557568800.0,2019-05-11 10:00:00,1255303,,79.13688459459459,14.685844594594595,52
2019-05-11 04:00:00,1557572400.0,2019-05-11 11:00:00,1255304,,79.19210939393939,14.617160303030303,52
2019-05-11 05:00:00,1557576000.0,2019-05-11 12:00:00,1255305,,79.944515,14.3764955,52
2019-05-11 07:00:00,1557583200.0,2019-05-11 14:00:00,1255307,,74.78933,14.77294,52
2019-05-11 08:00:00,1557586800.0,2019-05-11 15:00:00,1255308,,,,52
2019-05-11 10:00:00,1557594000.0,2019-05-11 17:00:00,1255310,,66.12114,17.37027,52
2019-05-11 11:00:00,1557597600.0,2019-05-11 18:00:00,1255311,,62.019661142857146,18.975904285714286,52
2019-05-11 12:00:00,1557601200.0,2019-05-11 19:00:00,1255312,,57.5741209375,20.777316875,52
2019-05-11 15:00:00,1557612000.0,2019-05-11 22:00:00,1255315,,63.86392,19.18914,52
2019-05-11 17:00:00,1557619200.0,2019-05-12 00:00:00,1255317,,71.71534,17.31408,52
2019-05-11 18:00:00,1557622800.0,2019-05-12 01:00:00,1255318,,74.23124,16.54395619047619,52
2019-05-11 19:00:00,1557626400.0,2019-05-12 02:00:00,1255319,,,,52
2019-05-11 20:00:00,1557630000.0,2019-05-12 03:00:00,1255320,,77.16183095238095,15.128185714285713,52
2019-05-11 22:00:00,1557637200.0,2019-05-12 05:00:00,1255322,,,,52
2019-05-11 23:00:00,1557640800.0,2019-05-12 06:00:00,1255323,,,,52
2019-05-12 03:00:00,1557655200.0,2019-05-12 10:00:00,1255327,,79.01599,14.28164,52
2019-05-12 05:00:00,1557662400.0,2019-05-12 12:00:00,1255329,,78.60664,14.2385,52
2019-05-12 06:00:00,1557666000.0,2019-05-12 13:00:00,1255330,,79.06974315789473,14.313226315789473,52
2019-05-12 12:00:00,1557687600.0,2019-05-12 19:00:00,1255336,,59.90849,20.56324,52
2019-05-12 17:00:00,1557705600.0,2019-05-13 00:00:00,1255341,,64.76242,18.58769,52
2019-05-12 23:00:00,1557727200.0,2019-05-13 06:00:00,1255347,,78.34453,14.35987,52
2019-05-13 02:00:00,1557738000.0,2019-05-13 09:00:00,1255350,,77.20565,14.30657,52
2019-05-13 05:00:00,1557748800.0,2019-05-13 12:00:00,1255353,,77.06947,13.93416,52
2019-05-13 10:00:00,1557766800.0,2019-05-13 17:00:00,1255358,,71.31667,15.77895,52
2019-05-13 11:00:00,1557770400.0,2019-05-13 18:00:00,1255359,,,,52
2019-05-13 13:00:00,1557777600.0,2019-05-13 20:00:00,1255361,,,,52
2019-05-13 14:00:00,1557781200.0,2019-05-13 21:00:00,1255362,,,,52
2019-05-13 15:00:00,1557784800.0,2019-05-13 22:00:00,1255363,,62.65585934782609,18.589925217391304,52
2019-05-13 16:00:00,1557788400.0,2019-05-13 23:00:00,1255364,,65.98143777777777,17.617013333333333,52
2019-05-13 17:00:00,1557792000.0,2019-05-14 00:00:00,1255365,,,,52
2019-05-13 23:00:00,1557813600.0,2019-05-14 06:00:00,1255370,,,,52
2019-05-14 01:00:00,1557820800.0,2019-05-14 08:00:00,1255372,,74.34558,14.73042,52
2019-05-14 03:00:00,1557828000.0,2019-05-14 10:00:00,1255374,,73.23183,14.78665,52
2019-05-14 05:00:00,1557835200.0,2019-05-14 12:00:00,1255376,,73.09351,14.8416,52
2019-05-14 16:00:00,1557874800.0,2019-05-14 23:00:00,1255387,,64.11702175,18.33652575,52
2019-05-14 18:00:00,1557882000.0,2019-05-15 01:00:00,1255389,,66.03591,17.56561,52
2019-05-14 23:00:00,1557900000.0,2019-05-15 06:00:00,1255394,,75.80697,16.4019,52
2019-05-15 00:00:00,1557903600.0,2019-05-15 07:00:00,1255395,,,,52
2019-05-15 02:00:00,1557910800.0,2019-05-15 09:00:00,1255397,,75.29601,16.33514,52
2019-05-15 09:00:00,1557936000.0,2019-05-15 16:00:00,1255404,,80.47836,16.58073,52
2019-05-15 12:00:00,1557946800.0,2019-05-15 19:00:00,1255407,,,,52
2019-05-15 20:00:00,1557975600.0,2019-05-16 03:00:00,1255415,,85.94125,15.51461,52
2019-05-15 21:00:00,1557979200.0,2019-05-16 04:00:00,1255416,,86.90170605263158,15.560847105263157,52
2019-05-15 22:00:00,1557982800.0,2019-05-16 05:00:00,1255417,,85.74774839285715,14.723320357142857,52
2019-05-15 23:00:00,1557986400.0,2019-05-16 06:00:00,1255418,,,,52
2019-05-16 01:00:00,1557993600.0,2019-05-16 08:00:00,1255420,,83.096171875,13.86158,52
2019-05-16 02:00:00,1557997200.0,2019-05-16 09:00:00,1255421,,82.35455891304348,13.782099130434782,52
2019-05-16 03:00:00,1558000800.0,2019-05-16 10:00:00,1255422,,83.1315112,13.6984542,52
2019-05-16 06:00:00,1558011600.0,2019-05-16 13:00:00,1255425,,78.66333,13.80871,52
2019-05-16 07:00:00,1558015200.0,2019-05-16 14:00:00,1255426,,,,52
2019-05-16 08:00:00,1558018800.0,2019-05-16 15:00:00,1255427,,,,52
2019-05-16 10:00:00,1558026000.0,2019-05-16 17:00:00,1255429,,73.41883,15.09049,52
2019-05-16 12:00:00,1558033200.0,2019-05-16 19:00:00,1255431,,,,52
2019-05-16 13:00:00,1558036800.0,2019-05-16 20:00:00,1255432,,80.38636568627452,14.363571176470588,52
2019-05-16 14:00:00,1558040400.0,2019-05-16 21:00:00,1255433,,,,52
2019-05-16 15:00:00,1558044000.0,2019-05-16 22:00:00,1255434,,73.90272277777778,14.868503333333333,52
2019-05-16 17:00:00,1558051200.0,2019-05-17 00:00:00,1255436,,71.84028,14.66747,52
2019-05-16 18:00:00,1558054800.0,2019-05-17 01:00:00,1255437,,75.12686016949152,13.77304406779661,52
2019-05-16 19:00:00,1558058400.0,2019-05-17 02:00:00,1255438,,74.52318634146341,13.714377073170732,52
2019-05-16 20:00:00,1558062000.0,2019-05-17 03:00:00,1255439,,,,52
2019-05-16 22:00:00,1558069200.0,2019-05-17 05:00:00,1255441,,72.59851,13.66654,52
2019-05-16 23:00:00,1558072800.0,2019-05-17 06:00:00,1255442,,74.3655193877551,13.511785510204081,52
2019-05-17 00:00:00,1558076400.0,2019-05-17 07:00:00,1255443,,,,52
2019-05-17 04:00:00,1558090800.0,2019-05-17 11:00:00,1255447,,69.54339,13.63209,52
2019-05-17 07:00:00,1558101600.0,2019-05-17 14:00:00,1255450,,68.33951,14.49675,52
2019-05-17 08:00:00,1558105200.0,2019-05-17 15:00:00,1255451,,66.56806181818182,14.86311606060606,52
2019-05-17 09:00:00,1558108800.0,2019-05-17 16:00:00,1255452,,63.84009,15.43703,52
2019-05-17 11:00:00,1558116000.0,2019-05-17 18:00:00,1255454,,57.80156,17.36226,52
2019-05-17 12:00:00,1558119600.0,2019-05-17 19:00:00,1255455,,,,52
2019-05-17 13:00:00,1558123200.0,2019-05-17 20:00:00,1255456,,56.892004285714286,17.846506285714284,52
2019-05-17 14:00:00,1558126800.0,2019-05-17 21:00:00,1255457,,56.22789711111111,18.196923555555557,52
2019-05-17 15:00:00,1558130400.0,2019-05-17 22:00:00,1255458,,57.395063023255815,18.11649046511628,52
2019-05-17 16:00:00,1558134000.0,2019-05-17 23:00:00,1255459,,55.36255,18.24666,52
2019-05-17 17:00:00,1558137600.0,2019-05-18 00:00:00,1255460,,56.73514,17.86564,52
2019-05-17 18:00:00,1558141200.0,2019-05-18 01:00:00,1255461,,60.60703783333334,16.875969166666668,52
2019-05-17 19:00:00,1558144800.0,2019-05-18 02:00:00,1255462,,66.91615295454545,15.680908181818182,52
2019-05-17 21:00:00,1558152000.0,2019-05-18 04:00:00,1255464,,,,52
2019-05-17 22:00:00,1558155600.0,2019-05-18 05:00:00,1255465,,65.22064,14.82428,52
2019-05-18 01:00:00,1558166400.0,2019-05-18 08:00:00,1255468,,65.7028903030303,14.127722424242425,52
2019-05-18 02:00:00,1558170000.0,2019-05-18 09:00:00,1255469,,,,52
2019-05-18 03:00:00,1558173600.0,2019-05-18 10:00:00,1255470,,,,52
2019-05-18 04:00:00,1558177200.0,2019-05-18 11:00:00,1255471,,,,52
2019-05-18 06:00:00,1558184400.0,2019-05-18 13:00:00,1255473,,74.28662,14.37109,52
2019-05-18 09:00:00,1558195200.0,2019-05-18 16:00:00,1255476,,65.57765,14.6903,52
2019-05-18 10:00:00,1558198800.0,2019-05-18 17:00:00,1255477,,65.18048410256411,15.043430256410257,52
2019-05-18 12:00:00,1558206000.0,2019-05-18 19:00:00,1255479,,75.74485,13.60918,52
2019-05-18 13:00:00,1558209600.0,2019-05-18 20:00:00,1255480,,79.40472,12.6829,52
2019-05-18 14:00:00,1558213200.0,2019-05-18 21:00:00,1255481,,76.78572027027028,13.783117837837837,52
2019-05-18 15:00:00,1558216800.0,2019-05-18 22:00:00,1255482,,75.97379,13.94422,52
2019-05-18 17:00:00,1558224000.0,2019-05-19 00:00:00,1255484,,77.22433,13.94301,52
2019-05-18 18:00:00,1558227600.0,2019-05-19 01:00:00,1255485,,80.20312225806451,13.881812580645162,52
2019-05-18 19:00:00,1558231200.0,2019-05-19 02:00:00,1255486,,,,52
2019-05-18 20:00:00,1558234800.0,2019-05-19 03:00:00,1255487,,83.90785,13.74894,52
2019-05-18 21:00:00,1558238400.0,2019-05-19 04:00:00,1255488,,85.20313216216216,13.780866756756756,52
2019-05-18 22:00:00,1558242000.0,2019-05-19 05:00:00,1255489,,85.91000742857143,13.75907857142857,52
2019-05-19 01:00:00,1558252800.0,2019-05-19 08:00:00,1255492,,83.65496,14.2389,52
2019-05-19 02:00:00,1558256400.0,2019-05-19 09:00:00,1255493,,,,52
2019-05-19 05:00:00,1558267200.0,2019-05-19 12:00:00,1255496,,,,52
2019-05-19 07:00:00,1558274400.0,2019-05-19 14:00:00,1255498,,77.82311,11.94352,52
2019-05-19 08:00:00,1558278000.0,2019-05-19 15:00:00,1255499,,,,52
2019-05-19 11:00:00,1558288800.0,2019-05-19 18:00:00,1255502,,59.33651,17.01284,52
2019-05-19 12:00:00,1558292400.0,2019-05-19 19:00:00,1255503,,58.18834268292683,17.75559756097561,52
2019-05-19 13:00:00,1558296000.0,2019-05-19 20:00:00,1255504,,,,52
2019-05-19 16:00:00,1558306800.0,2019-05-19 23:00:00,1255507,,60.5822,16.60862,52
2019-05-19 19:00:00,1558317600.0,2019-05-20 02:00:00,1255510,,70.88876,15.33969,52
2019-05-19 20:00:00,1558321200.0,2019-05-20 03:00:00,1255511,,,,52
2019-05-19 21:00:00,1558324800.0,2019-05-20 04:00:00,1255512,,,,52
2019-05-19 22:00:00,1558328400.0,2019-05-20 05:00:00,1255513,,72.7776,15.03437,52
2019-05-19 23:00:00,1558332000.0,2019-05-20 06:00:00,1255514,,71.68227,14.97582,52
2019-05-20 00:00:00,1558335600.0,2019-05-20 07:00:00,1255515,,,,52
2019-05-20 03:00:00,1558346400.0,2019-05-20 10:00:00,1255518,,,,52
2019-05-20 05:00:00,1558353600.0,2019-05-20 12:00:00,1255520,,73.41012,13.15936,52
2019-05-20 16:00:00,1558393200.0,2019-05-20 23:00:00,1255531,,62.65374,17.55859,52
2019-05-20 18:00:00,1558400400.0,2019-05-21 01:00:00,1255533,,65.34497,16.80457,52
2019-05-20 19:00:00,1558404000.0,2019-05-21 02:00:00,1255534,,,,52
2019-05-20 20:00:00,1558407600.0,2019-05-21 03:00:00,1255535,,71.07020913043479,15.306874130434782,52
2019-05-20 22:00:00,1558414800.0,2019-05-21 05:00:00,1255537,,69.64862,15.32646,52
2019-05-20 23:00:00,1558418400.0,2019-05-21 06:00:00,1255539,,,,52
2019-05-21 01:00:00,1558425600.0,2019-05-21 08:00:00,1255541,,80.21076,14.13161,52
2019-05-21 02:00:00,1558429200.0,2019-05-21 09:00:00,1255542,,78.43831,14.53514,52
2019-05-21 07:00:00,1558447200.0,2019-05-21 14:00:00,1255547,,,,52
2019-05-21 08:00:00,1558450800.0,2019-05-21 15:00:00,1255548,,,,52
2019-05-21 09:00:00,1558454400.0,2019-05-21 16:00:00,1255549,,,,52
2019-05-21 10:00:00,1558458000.0,2019-05-21 17:00:00,1255550,,,,52
2019-05-21 11:00:00,1558461600.0,2019-05-21 18:00:00,1255551,,,,52
2019-05-21 12:00:00,1558465200.0,2019-05-21 19:00:00,1255552,,64.22244914285714,16.418297142857142,52
2019-05-21 19:00:00,1558490400.0,2019-05-22 02:00:00,1255559,,63.37916,15.73725,52
2019-05-21 22:00:00,1558501200.0,2019-05-22 05:00:00,1255562,,70.66442,14.9122,52
2019-05-21 23:00:00,1558504800.0,2019-05-22 06:00:00,1255563,,,,52
2019-05-22 00:00:00,1558508400.0,2019-05-22 07:00:00,1255564,,72.47662,14.52077,52
2019-05-22 01:00:00,1558512000.0,2019-05-22 08:00:00,1255565,,,,52
2019-05-22 02:00:00,1558515600.0,2019-05-22 09:00:00,1255566,,,,52
2019-05-22 04:00:00,1558522800.0,2019-05-22 11:00:00,1255568,,,,52
2019-05-22 05:00:00,1558526400.0,2019-05-22 12:00:00,1255569,,,,52
2019-05-22 07:00:00,1558533600.0,2019-05-22 14:00:00,1255571,,72.60671,14.78135,52
2019-05-22 09:00:00,1558540800.0,2019-05-22 16:00:00,1255573,,60.18175,17.43481,52
2019-05-22 10:00:00,1558544400.0,2019-05-22 17:00:00,1255574,,54.05186534883721,18.59641069767442,52
2019-05-22 11:00:00,1558548000.0,2019-05-22 18:00:00,1255575,,,,52
2019-05-22 14:00:00,1558558800.0,2019-05-22 21:00:00,1255578,,,,52
2019-05-22 15:00:00,1558562400.0,2019-05-22 22:00:00,1255579,,,,52
2019-05-22 16:00:00,1558566000.0,2019-05-22 23:00:00,1255580,,53.00517,22.23749,52
2019-05-22 22:00:00,1558587600.0,2019-05-23 05:00:00,1255586,,,,52
2019-05-23 00:00:00,1558594800.0,2019-05-23 07:00:00,1255588,,68.80669,18.26108,52
2019-05-23 01:00:00,1558598400.0,2019-05-23 08:00:00,1255589,,68.48777,18.0945,52
2019-05-23 03:00:00,1558605600.0,2019-05-23 10:00:00,1255591,,75.16807,16.26686,52
2019-05-23 05:00:00,1558612800.0,2019-05-23 12:00:00,1255593,,69.995,16.92573,52
2019-05-23 07:00:00,1558620000.0,2019-05-23 14:00:00,1255595,,72.92235,16.94395,52
2019-05-23 08:00:00,1558623600.0,2019-05-23 15:00:00,1255596,,,,52
2019-05-23 10:00:00,1558630800.0,2019-05-23 17:00:00,1255598,,67.95956,19.00785,52
2019-05-23 11:00:00,1558634400.0,2019-05-23 18:00:00,1255599,,,,52
2019-05-23 12:00:00,1558638000.0,2019-05-23 19:00:00,1255600,,57.87982469387755,21.941125714285715,52
2019-05-23 14:00:00,1558645200.0,2019-05-23 21:00:00,1255602,,,,52
2019-05-23 15:00:00,1558648800.0,2019-05-23 22:00:00,1255603,,64.06461057692307,19.441498653846153,52
2019-05-23 17:00:00,1558656000.0,2019-05-24 00:00:00,1255605,,66.59597,18.35148,52
2019-05-23 18:00:00,1558659600.0,2019-05-24 01:00:00,1255606,,,,52
2019-05-23 19:00:00,1558663200.0,2019-05-24 02:00:00,1255607,,68.93934,17.53021,52
2019-05-23 22:00:00,1558674000.0,2019-05-24 05:00:00,1255610,,74.73664,16.23294,52
2019-05-24 00:00:00,1558681200.0,2019-05-24 07:00:00,1255612,,,,52
2019-05-24 01:00:00,1558684800.0,2019-05-24 08:00:00,1255613,,,,52
2019-05-24 05:00:00,1558699200.0,2019-05-24 12:00:00,1255617,,74.53339,15.77995,52
2019-05-24 07:00:00,1558706400.0,2019-05-24 14:00:00,1255619,,71.59243,16.29246,52
2019-05-24 08:00:00,1558710000.0,2019-05-24 15:00:00,1255620,,68.75963,17.22778,52
2019-05-24 09:00:00,1558713600.0,2019-05-24 16:00:00,1255621,,70.61093947368421,17.554793421052633,52
2019-05-24 10:00:00,1558717200.0,2019-05-24 17:00:00,1255622,,68.46716021739131,17.748116739130435,52
2019-05-24 11:00:00,1558720800.0,2019-05-24 18:00:00,1255623,,67.10996909090909,18.04586515151515,52
2019-05-24 13:00:00,1558728000.0,2019-05-24 20:00:00,1255625,,,,52
2019-05-24 14:00:00,1558731600.0,2019-05-24 21:00:00,1255626,,65.32308815789473,18.90395105263158,52
2019-05-24 15:00:00,1558735200.0,2019-05-24 22:00:00,1255627,,65.35656,18.73306,52
2019-05-24 18:00:00,1558746000.0,2019-05-25 01:00:00,1255630,,,,52
2019-05-24 19:00:00,1558749600.0,2019-05-25 02:00:00,1255631,,,,52
2019-05-24 20:00:00,1558753200.0,2019-05-25 03:00:00,1255632,,,,52
2019-05-24 22:00:00,1558760400.0,2019-05-25 05:00:00,1255634,,,,52
2019-05-25 00:00:00,1558767600.0,2019-05-25 07:00:00,1255636,,,,52
2019-05-25 04:00:00,1558782000.0,2019-05-25 11:00:00,1255640,,80.15035,13.78796,52
2019-05-25 05:00:00,1558785600.0,2019-05-25 12:00:00,1255641,,79.02375729166667,13.574270416666666,52
2019-05-25 06:00:00,1558789200.0,2019-05-25 13:00:00,1255642,,,,52
2019-05-25 11:00:00,1558807200.0,2019-05-25 18:00:00,1255647,,54.58672,18.926,52
2019-05-25 12:00:00,1558810800.0,2019-05-25 19:00:00,1255648,,,,52
2019-05-25 15:00:00,1558821600.0,2019-05-25 22:00:00,1255651,,57.91674,19.56272,52
2019-05-25 16:00:00,1558825200.0,2019-05-25 23:00:00,1255652,,60.065094333333334,18.950886833333332,52
2019-05-25 17:00:00,1558828800.0,2019-05-26 00:00:00,1255653,,58.888259444444444,18.80925722222222,52
2019-05-25 18:00:00,1558832400.0,2019-05-26 01:00:00,1255654,,56.48474,18.39194,52
2019-05-25 19:00:00,1558836000.0,2019-05-26 02:00:00,1255655,,67.90056128205129,16.748316153846154,52
2019-05-25 20:00:00,1558839600.0,2019-05-26 03:00:00,1255656,,72.20336297297297,15.137125675675676,52
2019-05-25 21:00:00,1558843200.0,2019-05-26 04:00:00,1255657,,,,52
2019-05-26 00:00:00,1558854000.0,2019-05-26 07:00:00,1255660,,,,52
2019-05-26 01:00:00,1558857600.0,2019-05-26 08:00:00,1255661,,76.61890875,14.411135833333333,52
2019-05-26 02:00:00,1558861200.0,2019-05-26 09:00:00,1255662,,69.15556128205128,14.07020358974359,52
2019-05-26 03:00:00,1558864800.0,2019-05-26 10:00:00,1255663,,68.94584953488372,13.741451395348838,52
2019-05-26 04:00:00,1558868400.0,2019-05-26 11:00:00,1255664,,67.54419232142857,13.4367625,52
2019-05-26 05:00:00,1558872000.0,2019-05-26 12:00:00,1255665,,67.25091666666667,13.245463095238096,52
2019-05-26 06:00:00,1558875600.0,2019-05-26 13:00:00,1255666,,61.680852307692305,13.530574871794872,52
2019-05-26 08:00:00,1558882800.0,2019-05-26 15:00:00,1255668,,59.40307,14.48589,52
2019-05-26 09:00:00,1558886400.0,2019-05-26 16:00:00,1255669,,59.73337708333333,15.012506666666667,52
2019-05-26 10:00:00,1558890000.0,2019-05-26 17:00:00,1255670,,58.34444,15.85132,52
2019-05-26 14:00:00,1558904400.0,2019-05-26 21:00:00,1255674,,,,52
2019-05-26 15:00:00,1558908000.0,2019-05-26 22:00:00,1255675,,60.94446580645161,15.66264870967742,52
2019-05-26 17:00:00,1558915200.0,2019-05-27 00:00:00,1255677,,68.33978,15.19473,52
2019-05-26 19:00:00,1558922400.0,2019-05-27 02:00:00,1255679,,70.38688,14.79885,52
2019-05-26 20:00:00,1558926000.0,2019-05-27 03:00:00,1255680,,,,52
2019-05-26 21:00:00,1558929600.0,2019-05-27 04:00:00,1255681,,72.06232,14.59467,52
2019-05-26 22:00:00,1558933200.0,2019-05-27 05:00:00,1255682,,70.92529697674418,14.250726744186046,52
2019-05-26 23:00:00,1558936800.0,2019-05-27 06:00:00,1255683,,73.63598927272727,13.751278363636363,52
2019-05-27 00:00:00,1558940400.0,2019-05-27 07:00:00,1255684,,74.1344225,13.71464159090909,52
2019-05-27 01:00:00,1558944000.0,2019-05-27 08:00:00,1255685,,,,52
2019-05-27 02:00:00,1558947600.0,2019-05-27 09:00:00,1255686,,72.3878,13.76516,52
2019-05-27 03:00:00,1558951200.0,2019-05-27 10:00:00,1255687,,75.79853294117648,13.701823823529411,52
2019-05-27 04:00:00,1558954800.0,2019-05-27 11:00:00,1255688,,76.10114125,13.681014375,52
2019-05-27 05:00:00,1558958400.0,2019-05-27 12:00:00,1255689,,76.66528133333334,13.557343555555555,52
2019-05-27 06:00:00,1558962000.0,2019-05-27 13:00:00,1255690,,78.56469315789474,13.755966578947369,52
2019-05-27 07:00:00,1558965600.0,2019-05-27 14:00:00,1255691,,76.98272027027026,13.730605405405406,52
2019-05-27 09:00:00,1558972800.0,2019-05-27 16:00:00,1255693,,66.83759,16.26214,52
2019-05-27 10:00:00,1558976400.0,2019-05-27 17:00:00,1255694,,,,52
2019-05-27 11:00:00,1558980000.0,2019-05-27 18:00:00,1255695,,,,52
2019-05-27 12:00:00,1558983600.0,2019-05-27 19:00:00,1255696,,,,52
2019-05-27 13:00:00,1558987200.0,2019-05-27 20:00:00,1255697,,62.26257,18.71357,52
2019-05-27 15:00:00,1558994400.0,2019-05-27 22:00:00,1255699,,63.45205,18.67604,52
2019-05-27 16:00:00,1558998000.0,2019-05-27 23:00:00,1255700,,,,52
2019-05-27 17:00:00,1559001600.0,2019-05-28 00:00:00,1255701,,62.653331891891895,18.668072972972972,52
2019-05-27 19:00:00,1559008800.0,2019-05-28 02:00:00,1255703,,69.43542,16.412,52
2019-05-28 02:00:00,1559034000.0,2019-05-28 09:00:00,1255710,,76.14389,14.90699,52
2019-05-28 03:00:00,1559037600.0,2019-05-28 10:00:00,1255711,,,,52
2019-05-28 07:00:00,1559052000.0,2019-05-28 14:00:00,1255715,,73.96301,16.11074,52
2019-05-28 08:00:00,1559055600.0,2019-05-28 15:00:00,1255716,,73.42699490566038,16.450967924528303,52
2019-05-28 09:00:00,1559059200.0,2019-05-28 16:00:00,1255717,,70.19305230769231,17.718531538461537,52
2019-05-28 10:00:00,1559062800.0,2019-05-28 17:00:00,1255718,,67.2287714,18.8174452,52
2019-05-28 12:00:00,1559070000.0,2019-05-28 19:00:00,1255720,,60.34539,20.62237,52
2019-05-28 13:00:00,1559073600.0,2019-05-28 20:00:00,1255721,,61.28977,20.12726,52
2019-05-28 14:00:00,1559077200.0,2019-05-28 21:00:00,1255722,,,,52
2019-05-28 15:00:00,1559080800.0,2019-05-28 22:00:00,1255723,,62.84094852941176,19.701462352941178,52
2019-05-28 16:00:00,1559084400.0,2019-05-28 23:00:00,1255724,,64.758544,19.003911833333333,52
2019-05-28 17:00:00,1559088000.0,2019-05-29 00:00:00,1255725,,65.84552897435897,18.427275897435898,52
2019-05-28 18:00:00,1559091600.0,2019-05-29 01:00:00,1255726,,63.96902,18.97701,52
2019-05-28 19:00:00,1559095200.0,2019-05-29 02:00:00,1255727,,67.97986706896552,17.513929655172415,52
2019-05-28 21:00:00,1559102400.0,2019-05-29 04:00:00,1255729,,,,52
2019-05-28 22:00:00,1559106000.0,2019-05-29 05:00:00,1255730,,76.88867,15.1463,52
2019-05-28 23:00:00,1559109600.0,2019-05-29 06:00:00,1255731,,76.91485676470589,15.232190882352942,52
2019-05-29 00:00:00,1559113200.0,2019-05-29 07:00:00,1255732,,76.17199604166666,15.083933333333333,52
2019-05-29 01:00:00,1559116800.0,2019-05-29 08:00:00,1255733,,,,52
2019-05-29 03:00:00,1559124000.0,2019-05-29 10:00:00,1255735,,76.95797,15.03209,52
2019-05-29 04:00:00,1559127600.0,2019-05-29 11:00:00,1255736,,79.072281875,14.7534009375,52
2019-05-29 06:00:00,1559134800.0,2019-05-29 13:00:00,1255738,,,,52
2019-05-29 07:00:00,1559138400.0,2019-05-29 14:00:00,1255739,,77.44223,15.41379,52
2019-05-29 08:00:00,1559142000.0,2019-05-29 15:00:00,1255740,,74.05354,16.55022,52
2019-05-29 09:00:00,1559145600.0,2019-05-29 16:00:00,1255741,,67.8453175,18.5617105,52
2019-05-29 10:00:00,1559149200.0,2019-05-29 17:00:00,1255742,,63.57096705882353,20.202334705882354,52
2019-05-29 11:00:00,1559152800.0,2019-05-29 18:00:00,1255743,,59.52082225806451,22.011813870967742,52
2019-05-29 12:00:00,1559156400.0,2019-05-29 19:00:00,1255744,,,,52
2019-05-29 13:00:00,1559160000.0,2019-05-29 20:00:00,1255745,,,,52
2019-05-29 14:00:00,1559163600.0,2019-05-29 21:00:00,1255746,,,,52
2019-05-29 16:00:00,1559170800.0,2019-05-29 23:00:00,1255748,,,,52
2019-05-29 17:00:00,1559174400.0,2019-05-30 00:00:00,1255749,,55.4756,22.55166,52
2019-05-29 18:00:00,1559178000.0,2019-05-30 01:00:00,1255750,,,,52
2019-05-29 19:00:00,1559181600.0,2019-05-30 02:00:00,1255751,,66.28857473684211,17.83264842105263,52
2019-05-29 21:00:00,1559188800.0,2019-05-30 04:00:00,1255753,,79.2378,14.66444,52
2019-05-29 22:00:00,1559192400.0,2019-05-30 05:00:00,1255754,,80.91512921568628,14.37148431372549,52
2019-05-29 23:00:00,1559196000.0,2019-05-30 06:00:00,1255755,,,,52
2019-05-30 00:00:00,1559199600.0,2019-05-30 07:00:00,1255756,,,,52
2019-05-30 02:00:00,1559206800.0,2019-05-30 09:00:00,1255758,,85.87399,13.22865,52
2019-05-30 03:00:00,1559210400.0,2019-05-30 10:00:00,1255759,,86.43172078947369,13.044191052631579,52
2019-05-30 04:00:00,1559214000.0,2019-05-30 11:00:00,1255760,,86.21052,12.95429,52
2019-05-30 11:00:00,1559239200.0,2019-05-30 18:00:00,1255767,,71.78214,16.91384,52
2019-05-30 12:00:00,1559242800.0,2019-05-30 19:00:00,1255768,,,,52
2019-05-30 13:00:00,1559246400.0,2019-05-30 20:00:00,1255769,,,,52
2019-05-30 14:00:00,1559250000.0,2019-05-30 21:00:00,1255770,,71.01183450980392,16.995942156862746,52
2019-05-30 15:00:00,1559253600.0,2019-05-30 22:00:00,1255771,,,,52
2019-05-30 16:00:00,1559257200.0,2019-05-30 23:00:00,1255772,,,,52
2019-05-30 17:00:00,1559260800.0,2019-05-31 00:00:00,1255773,,72.9874605882353,16.40816431372549,52
2019-05-30 18:00:00,1559264400.0,2019-05-31 01:00:00,1255774,,,,52
2019-05-30 19:00:00,1559268000.0,2019-05-31 02:00:00,1255775,,75.29249,15.56672,52
2019-05-30 23:00:00,1559282400.0,2019-05-31 06:00:00,1255779,,79.25960264705883,14.532999705882354,52
2019-05-31 00:00:00,1559286000.0,2019-05-31 07:00:00,1255780,,,,52
2019-05-31 02:00:00,1559293200.0,2019-05-31 09:00:00,1255782,,79.34274,14.70501,52
2019-05-31 04:00:00,1559300400.0,2019-05-31 11:00:00,1255784,,80.73996,14.34592,52
2019-05-31 05:00:00,1559304000.0,2019-05-31 12:00:00,1255785,,80.47686,14.34671,52
2019-05-31 06:00:00,1559307600.0,2019-05-31 13:00:00,1255786,,,,52
2019-05-31 08:00:00,1559314800.0,2019-05-31 15:00:00,1255788,,79.60037,16.13806,52
2019-05-31 13:00:00,1559332800.0,2019-05-31 20:00:00,1255793,,59.98675466666667,21.417239,52
2019-06-01 11:00:00,1559412000.0,2019-06-01 18:00:00,1255815,,70.42205133333333,18.953668,52
2019-06-01 12:00:00,1559415600.0,2019-06-01 19:00:00,1255816,,66.27943916666666,19.813636166666665,52
2019-06-02 11:00:00,1559498400.0,2019-06-02 18:00:00,1255839,,87.209418,15.8131285,52
2019-06-02 12:00:00,1559502000.0,2019-06-02 19:00:00,1255840,,83.870791,16.213596,52
2019-06-03 05:00:00,1559563200.0,2019-06-03 12:00:00,1255857,,87.70042066666667,13.852323833333333,52
2019-06-03 14:00:00,1559595600.0,2019-06-03 21:00:00,1255866,,70.89913183333333,19.028803833333335,52
2019-06-03 15:00:00,1559599200.0,2019-06-03 22:00:00,1255867,,66.965131,20.220964666666667,52
2019-06-03 16:00:00,1559602800.0,2019-06-03 23:00:00,1255868,,67.15010683333334,19.676394666666667,52
2019-06-03 17:00:00,1559606400.0,2019-06-04 00:00:00,1255869,,68.39643916666667,19.0251115,52
2019-06-03 18:00:00,1559610000.0,2019-06-04 01:00:00,1255870,,66.08958816666667,19.583969333333332,52
2019-06-04 11:00:00,1559671200.0,2019-06-04 18:00:00,1255887,,59.308566,24.13029016666667,52
2019-06-04 12:00:00,1559674800.0,2019-06-04 19:00:00,1255888,,51.54917583333334,26.723765833333335,52
2019-06-04 13:00:00,1559678400.0,2019-06-04 20:00:00,1255889,,51.380582,26.3578085,52
2019-06-04 14:00:00,1559682000.0,2019-06-04 21:00:00,1255890,,50.39830116666667,26.347377,52
2019-06-04 15:00:00,1559685600.0,2019-06-04 22:00:00,1255891,,49.070271,27.156466833333333,52
2019-06-04 16:00:00,1559689200.0,2019-06-04 23:00:00,1255892,,49.317139833333336,26.760938,52
2019-06-04 17:00:00,1559692800.0,2019-06-05 00:00:00,1255893,,48.494755,26.511828,52
2019-06-04 18:00:00,1559696400.0,2019-06-05 01:00:00,1255894,,46.530655,26.511149833333334,52
2019-06-04 19:00:00,1559700000.0,2019-06-05 02:00:00,1255895,,48.10134266666667,25.838561666666667,52
2019-06-04 21:00:00,1559707200.0,2019-06-05 04:00:00,1255897,,53.60791183333333,23.181067666666667,52
2019-06-05 01:00:00,1559721600.0,2019-06-05 08:00:00,1255901,,52.5516635,23.822780833333333,52
2019-06-05 03:00:00,1559728800.0,2019-06-05 10:00:00,1255903,,51.40750033333333,23.906138333333335,52
2019-06-05 04:00:00,1559732400.0,2019-06-05 11:00:00,1255904,,58.20196983333333,21.673590833333332,52
2019-06-05 05:00:00,1559736000.0,2019-06-05 12:00:00,1255905,,61.04782525423729,21.2641586440678,52
2019-06-05 06:00:00,1559739600.0,2019-06-05 13:00:00,1255906,,60.100263725490194,21.168749019607844,52
2019-06-05 07:00:00,1559743200.0,2019-06-05 14:00:00,1255907,,62.73462578947368,21.40410052631579,52
2019-06-05 08:00:00,1559746800.0,2019-06-05 15:00:00,1255908,,65.00408166666666,20.693105,52
2019-06-05 09:00:00,1559750400.0,2019-06-05 16:00:00,1255909,,61.12588,22.02425357142857,52
2019-06-05 10:00:00,1559754000.0,2019-06-05 17:00:00,1255910,,57.43863411764706,22.69467294117647,52
2019-06-05 11:00:00,1559757600.0,2019-06-05 18:00:00,1255911,,53.955679411764706,24.289369411764707,52
2019-06-05 12:00:00,1559761200.0,2019-06-05 19:00:00,1255912,,46.281657833333334,26.117285833333334,52
2019-06-05 13:00:00,1559764800.0,2019-06-05 20:00:00,1255913,,46.8068325,25.349714333333335,52
2019-06-05 14:00:00,1559768400.0,2019-06-05 21:00:00,1255914,,50.02859803571429,24.94669089285714,52
2019-06-05 15:00:00,1559772000.0,2019-06-05 22:00:00,1255915,,53.41673298245614,24.21748105263158,52
2019-06-05 16:00:00,1559775600.0,2019-06-05 23:00:00,1255916,,53.96417666666667,23.977371,52
2019-06-05 17:00:00,1559779200.0,2019-06-06 00:00:00,1255917,,54.12634344827586,24.000579655172412,52
2019-06-05 18:00:00,1559782800.0,2019-06-06 01:00:00,1255918,,51.59244232142857,24.83488392857143,52
2019-06-05 19:00:00,1559786400.0,2019-06-06 02:00:00,1255919,,54.55539509090909,22.62996836363636,52
2019-06-05 20:00:00,1559790000.0,2019-06-06 03:00:00,1255920,,62.4285805,20.204546166666667,52
2019-06-05 21:00:00,1559793600.0,2019-06-06 04:00:00,1255921,,67.38412016666666,19.072896166666666,52
2019-06-05 22:00:00,1559797200.0,2019-06-06 05:00:00,1255922,,69.838302,18.035198833333332,52
2019-06-05 23:00:00,1559800800.0,2019-06-06 06:00:00,1255923,,68.94386896551724,17.825711724137932,52
2019-06-06 00:00:00,1559804400.0,2019-06-06 07:00:00,1255924,,70.48498210526316,17.48934385964912,52
2019-06-06 01:00:00,1559808000.0,2019-06-06 08:00:00,1255925,,75.41364916666667,16.23571116666667,52
2019-06-06 02:00:00,1559811600.0,2019-06-06 09:00:00,1255926,,79.50798052631579,15.161354912280702,52
2019-06-06 03:00:00,1559815200.0,2019-06-06 10:00:00,1255927,,81.3990675471698,14.67377716981132,52
2019-06-06 04:00:00,1559818800.0,2019-06-06 11:00:00,1255928,,82.10006254237288,14.354863220338983,52
2019-06-06 05:00:00,1559822400.0,2019-06-06 12:00:00,1255929,,82.86030833333334,14.132084444444445,52
2019-06-06 06:00:00,1559826000.0,2019-06-06 13:00:00,1255930,,82.27384483333333,14.224009166666667,52
2019-06-06 07:00:00,1559829600.0,2019-06-06 14:00:00,1255931,,81.01474928571429,14.739834107142856,52
2019-06-06 10:00:00,1559840400.0,2019-06-06 17:00:00,1255934,,63.13291,19.44578,52
2019-06-06 11:00:00,1559844000.0,2019-06-06 18:00:00,1255935,,,,52
2019-06-06 15:00:00,1559858400.0,2019-06-06 22:00:00,1255939,,55.13986,20.50657,52
2019-06-06 16:00:00,1559862000.0,2019-06-06 23:00:00,1255940,,55.3082,20.2715,52
2019-06-06 18:00:00,1559869200.0,2019-06-07 01:00:00,1255942,,50.40967,21.33992,52
2019-06-06 20:00:00,1559876400.0,2019-06-07 03:00:00,1255944,,51.28121,17.96188,52
2019-06-06 21:00:00,1559880000.0,2019-06-07 04:00:00,1255945,,,,52
2019-06-06 22:00:00,1559883600.0,2019-06-07 05:00:00,1255946,,56.60803,16.67769,52
2019-06-07 00:00:00,1559890800.0,2019-06-07 07:00:00,1255948,,68.9255,15.5401,52
2019-06-07 01:00:00,1559894400.0,2019-06-07 08:00:00,1255949,,68.31834226415094,14.857926603773585,52
2019-06-07 02:00:00,1559898000.0,2019-06-07 09:00:00,1255950,,65.58293886792453,14.396377547169811,52
2019-06-07 05:00:00,1559908800.0,2019-06-07 12:00:00,1255953,,68.18637,14.34418,52
2019-06-07 06:00:00,1559912400.0,2019-06-07 13:00:00,1255954,,69.5968372,14.5291818,52
2019-06-07 07:00:00,1559916000.0,2019-06-07 14:00:00,1255955,,66.28326382352941,15.357,52
2019-06-07 09:00:00,1559923200.0,2019-06-07 16:00:00,1255957,,44.46784,17.50818,52
2019-06-07 10:00:00,1559926800.0,2019-06-07 17:00:00,1255958,,41.66219155555555,19.233722222222223,52
2019-06-07 11:00:00,1559930400.0,2019-06-07 18:00:00,1255959,,40.563225217391306,21.80768195652174,52
2019-06-07 12:00:00,1559934000.0,2019-06-07 19:00:00,1255960,,38.16865270833333,23.829314375,52
2019-06-07 13:00:00,1559937600.0,2019-06-07 20:00:00,1255961,,38.62904944444445,23.054125555555554,52
2019-06-07 15:00:00,1559944800.0,2019-06-07 22:00:00,1255963,,38.53279,24.0462,52
2019-06-07 16:00:00,1559948400.0,2019-06-07 23:00:00,1255964,,38.386661132075474,24.179722641509436,52
2019-06-07 17:00:00,1559952000.0,2019-06-08 00:00:00,1255965,,35.83248894736842,24.96092052631579,52
2019-06-07 18:00:00,1559955600.0,2019-06-08 01:00:00,1255966,,36.62935904761905,25.95632476190476,52
2019-06-07 19:00:00,1559959200.0,2019-06-08 02:00:00,1255967,,38.50861193548387,24.673229032258064,52
2019-06-07 20:00:00,1559962800.0,2019-06-08 03:00:00,1255968,,44.40818,22.235098,52
2019-06-07 21:00:00,1559966400.0,2019-06-08 04:00:00,1255969,,49.17416035714286,20.679285714285715,52
2019-06-07 22:00:00,1559970000.0,2019-06-08 05:00:00,1255970,,51.65120125,19.772748749999998,52
2019-06-07 23:00:00,1559973600.0,2019-06-08 06:00:00,1255971,,,,52
2019-06-08 01:00:00,1559980800.0,2019-06-08 08:00:00,1255973,,53.88899,18.32632,52
2019-06-08 02:00:00,1559984400.0,2019-06-08 09:00:00,1255974,,48.81612066666667,18.318381333333335,52
2019-06-08 03:00:00,1559988000.0,2019-06-08 10:00:00,1255975,,48.55122897959183,18.36006918367347,52
2019-06-08 04:00:00,1559991600.0,2019-06-08 11:00:00,1255976,,45.198134411764705,18.56458529411765,52
2019-06-08 05:00:00,1559995200.0,2019-06-08 12:00:00,1255977,,38.21952157894737,18.723342368421054,52
2019-06-08 06:00:00,1559998800.0,2019-06-08 13:00:00,1255978,,39.15447680851064,19.115413191489363,52
2019-06-08 07:00:00,1560002400.0,2019-06-08 14:00:00,1255979,,37.75077256410256,20.1810158974359,52
2019-06-08 08:00:00,1560006000.0,2019-06-08 15:00:00,1255980,,34.477590166666666,21.521120333333332,52
2019-06-08 09:00:00,1560009600.0,2019-06-08 16:00:00,1255981,,32.01092976744186,23.646048604651163,52
2019-06-08 10:00:00,1560013200.0,2019-06-08 17:00:00,1255982,,27.948097209302325,25.872783255813953,52
2019-06-08 11:00:00,1560016800.0,2019-06-08 18:00:00,1255983,,24.915776764705882,27.999259117647057,52
2019-06-08 12:00:00,1560020400.0,2019-06-08 19:00:00,1255984,,20.914614782608695,30.93698108695652,52
2019-06-08 13:00:00,1560024000.0,2019-06-08 20:00:00,1255985,,20.144275151515153,31.04932696969697,52
2019-06-08 14:00:00,1560027600.0,2019-06-08 21:00:00,1255986,,20.270759583333334,30.548857916666666,52
2019-06-08 15:00:00,1560031200.0,2019-06-08 22:00:00,1255987,,18.787407575757577,31.041332121212122,52
2019-06-08 17:00:00,1560038400.0,2019-06-09 00:00:00,1255989,,20.81395,31.630704857142856,52
2019-06-08 18:00:00,1560042000.0,2019-06-09 01:00:00,1255990,,26.264321842105264,32.41777052631579,52
2019-06-08 19:00:00,1560045600.0,2019-06-09 02:00:00,1255991,,30.477429122807017,30.160975789473685,52
2019-06-08 21:00:00,1560052800.0,2019-06-09 04:00:00,1255993,,31.92961,25.68094,52
2019-06-08 22:00:00,1560056400.0,2019-06-09 05:00:00,1255994,,,,52
2019-06-08 23:00:00,1560060000.0,2019-06-09 06:00:00,1255995,,32.804379375,23.768645,52
2019-06-09 00:00:00,1560063600.0,2019-06-09 07:00:00,1255996,,33.515539411764706,23.09380725490196,52
2019-06-09 03:00:00,1560074400.0,2019-06-09 10:00:00,1255999,,36.76485,21.65706,52
2019-06-09 04:00:00,1560078000.0,2019-06-09 11:00:00,1256000,,37.53034,21.16439350877193,52
2019-06-09 05:00:00,1560081600.0,2019-06-09 12:00:00,1256001,,34.45209,21.24319,52
2019-06-09 06:00:00,1560085200.0,2019-06-09 13:00:00,1256002,,36.643391944444446,21.394449444444444,52
2019-06-09 08:00:00,1560092400.0,2019-06-09 15:00:00,1256004,,,,52
2019-06-09 09:00:00,1560096000.0,2019-06-09 16:00:00,1256005,,24.08425,26.75653,52
2019-06-09 10:00:00,1560099600.0,2019-06-09 17:00:00,1256006,,21.95508022222222,28.408136222222222,52
2019-06-09 11:00:00,1560103200.0,2019-06-09 18:00:00,1256007,,21.336958723404255,30.551530212765957,52
2019-06-09 12:00:00,1560106800.0,2019-06-09 19:00:00,1256008,,19.67108911111111,33.63841866666667,52
2019-06-09 13:00:00,1560110400.0,2019-06-09 20:00:00,1256009,,19.86243,33.39846,52
2019-06-09 14:00:00,1560114000.0,2019-06-09 21:00:00,1256010,,20.36092214285714,33.29396666666667,52
2019-06-09 15:00:00,1560117600.0,2019-06-09 22:00:00,1256011,,20.90824894736842,33.45045596491228,52
2019-06-09 16:00:00,1560121200.0,2019-06-09 23:00:00,1256012,,21.12915159090909,33.966128181818185,52
2019-06-09 19:00:00,1560132000.0,2019-06-10 02:00:00,1256015,,22.43747,32.8889,52
2019-06-09 20:00:00,1560135600.0,2019-06-10 03:00:00,1256016,,24.826514285714286,31.07666342857143,52
2019-06-09 21:00:00,1560139200.0,2019-06-10 04:00:00,1256017,,23.468778684210527,30.50439263157895,52
2019-06-09 22:00:00,1560142800.0,2019-06-10 05:00:00,1256018,,22.833083684210525,30.458690789473685,52
2019-06-09 23:00:00,1560146400.0,2019-06-10 06:00:00,1256019,,23.448083148148147,30.158838333333332,52
2019-06-10 00:00:00,1560150000.0,2019-06-10 07:00:00,1256020,,24.707894347826088,29.786464782608697,52
2019-06-10 01:00:00,1560153600.0,2019-06-10 08:00:00,1256021,,28.427530606060607,29.015976363636362,52
2019-06-10 02:00:00,1560157200.0,2019-06-10 09:00:00,1256022,,29.25440552631579,28.397809736842106,52
2019-06-10 03:00:00,1560160800.0,2019-06-10 10:00:00,1256023,,,,52
2019-06-10 04:00:00,1560164400.0,2019-06-10 11:00:00,1256024,,,,52
2019-06-10 05:00:00,1560168000.0,2019-06-10 12:00:00,1256025,,25.77763,29.06234,52
2019-06-10 06:00:00,1560171600.0,2019-06-10 13:00:00,1256026,,26.19368075,29.32808575,52
2019-06-10 07:00:00,1560175200.0,2019-06-10 14:00:00,1256027,,26.067035833333332,29.408510833333334,52
2019-06-10 08:00:00,1560178800.0,2019-06-10 15:00:00,1256028,,26.379560238095237,30.127588333333332,52
2019-06-10 09:00:00,1560182400.0,2019-06-10 16:00:00,1256029,,26.642997352941176,30.88304205882353,52
2019-06-10 10:00:00,1560186000.0,2019-06-10 17:00:00,1256030,,25.509515217391304,32.859725652173914,52
2019-06-10 11:00:00,1560189600.0,2019-06-10 18:00:00,1256031,,23.41898292682927,34.93386414634146,52
2019-06-10 13:00:00,1560196800.0,2019-06-10 20:00:00,1256033,,21.19097,38.3668,52
2019-06-10 14:00:00,1560200400.0,2019-06-10 21:00:00,1256034,,21.290916,38.0409764,52
2019-06-10 16:00:00,1560207600.0,2019-06-10 23:00:00,1256036,,25.85666,37.46959,52
2019-06-10 17:00:00,1560211200.0,2019-06-11 00:00:00,1256037,,,,52
2019-06-10 18:00:00,1560214800.0,2019-06-11 01:00:00,1256038,,27.05024170212766,35.243240212765954,52
2019-06-10 19:00:00,1560218400.0,2019-06-11 02:00:00,1256039,,,,52
2019-06-10 21:00:00,1560225600.0,2019-06-11 04:00:00,1256041,,34.38558,29.84567,52
2019-06-10 22:00:00,1560229200.0,2019-06-11 05:00:00,1256042,,,,52
2019-06-10 23:00:00,1560232800.0,2019-06-11 06:00:00,1256043,,31.86625,28.51232,52
2019-06-11 00:00:00,1560236400.0,2019-06-11 07:00:00,1256044,,31.27511,28.24803,52
2019-06-11 01:00:00,1560240000.0,2019-06-11 08:00:00,1256045,,28.19628,29.15823,52
2019-06-11 03:00:00,1560247200.0,2019-06-11 10:00:00,1256047,,25.94763,29.71476,52
2019-06-11 04:00:00,1560250800.0,2019-06-11 11:00:00,1256048,,29.62131741935484,29.64356677419355,52
2019-06-11 05:00:00,1560254400.0,2019-06-11 12:00:00,1256049,,33.310585833333334,28.898477777777778,52
2019-06-11 07:00:00,1560261600.0,2019-06-11 14:00:00,1256051,,40.32801,29.05606,52
2019-06-11 08:00:00,1560265200.0,2019-06-11 15:00:00,1256052,,37.75946441860465,30.089122790697676,52
2019-06-11 09:00:00,1560268800.0,2019-06-11 16:00:00,1256053,,35.25652509090909,31.645217454545456,52
2019-06-11 11:00:00,1560276000.0,2019-06-11 18:00:00,1256055,,34.91758,34.53172,52
2019-06-11 12:00:00,1560279600.0,2019-06-11 19:00:00,1256056,,31.93785,36.99843,52
2019-06-11 13:00:00,1560283200.0,2019-06-11 20:00:00,1256057,,32.37253423076923,36.477389230769234,52
2019-06-11 14:00:00,1560286800.0,2019-06-11 21:00:00,1256058,,31.160210588235294,36.436498039215685,52
2019-06-11 15:00:00,1560290400.0,2019-06-11 22:00:00,1256059,,27.67476069767442,37.16932186046512,52
2019-06-11 16:00:00,1560294000.0,2019-06-11 23:00:00,1256060,,25.46799181818182,37.60294204545455,52
2019-06-11 17:00:00,1560297600.0,2019-06-12 00:00:00,1256061,,31.29732,35.21544,52
2019-06-11 18:00:00,1560301200.0,2019-06-12 01:00:00,1256062,,26.858039736842105,36.15589236842105,52
2019-06-11 19:00:00,1560304800.0,2019-06-12 02:00:00,1256063,,28.96548558139535,36.12905279069768,52
2019-06-11 21:00:00,1560312000.0,2019-06-12 04:00:00,1256065,,31.37027,31.90636,52
2019-06-11 22:00:00,1560315600.0,2019-06-12 05:00:00,1256066,,31.165501794871794,30.79190512820513,52
2019-06-11 23:00:00,1560319200.0,2019-06-12 06:00:00,1256067,,29.32541342105263,30.312864736842105,52
2019-06-12 00:00:00,1560322800.0,2019-06-12 07:00:00,1256068,,30.399455897435896,29.79126205128205,52
2019-06-12 01:00:00,1560326400.0,2019-06-12 08:00:00,1256069,,31.85117,28.399602833333333,52
2019-06-12 05:00:00,1560340800.0,2019-06-12 12:00:00,1256073,,43.80998133333333,26.31858,52
2019-06-12 06:00:00,1560344400.0,2019-06-12 13:00:00,1256074,,50.000820833333336,24.371304444444444,52
2019-06-12 07:00:00,1560348000.0,2019-06-12 14:00:00,1256075,,54.1451485,23.750638833333333,52
2019-06-12 08:00:00,1560351600.0,2019-06-12 15:00:00,1256076,,45.40738727272727,25.26471515151515,52
2019-06-12 10:00:00,1560358800.0,2019-06-12 17:00:00,1256078,,41.50311,28.20648,52
2019-06-12 11:00:00,1560362400.0,2019-06-12 18:00:00,1256079,,39.336732608695655,29.08083086956522,52
2019-06-12 13:00:00,1560369600.0,2019-06-12 20:00:00,1256081,,47.34465,27.14123,52
2019-06-12 15:00:00,1560376800.0,2019-06-12 22:00:00,1256083,,56.065,24.56998,52
2019-06-12 16:00:00,1560380400.0,2019-06-12 23:00:00,1256084,,,,52
2019-06-12 17:00:00,1560384000.0,2019-06-13 00:00:00,1256085,,62.87456,22.41959,52
2019-06-12 19:00:00,1560391200.0,2019-06-13 02:00:00,1256087,,70.89617,19.90747,52
2019-06-12 21:00:00,1560398400.0,2019-06-13 04:00:00,1256089,,79.67262,17.91736,52
2019-06-12 22:00:00,1560402000.0,2019-06-13 05:00:00,1256090,,81.61909941176471,17.48386117647059,52
2019-06-12 23:00:00,1560405600.0,2019-06-13 06:00:00,1256091,,83.60987166666666,17.056756666666665,52
2019-06-13 00:00:00,1560409200.0,2019-06-13 07:00:00,1256092,,84.91404793103449,16.64732672413793,52
2019-06-13 01:00:00,1560412800.0,2019-06-13 08:00:00,1256093,,84.99009864864865,16.515698378378378,52
2019-06-13 02:00:00,1560416400.0,2019-06-13 09:00:00,1256094,,85.25459368421053,16.37398289473684,52
2019-06-13 03:00:00,1560420000.0,2019-06-13 10:00:00,1256095,,84.40901021276596,16.266218510638296,52
2019-06-13 04:00:00,1560423600.0,2019-06-13 11:00:00,1256096,,83.79854451612903,16.159580322580645,52
2019-06-13 05:00:00,1560427200.0,2019-06-13 12:00:00,1256097,,83.93267148936171,16.11397680851064,52
2019-06-13 06:00:00,1560430800.0,2019-06-13 13:00:00,1256098,,83.40113525,16.17902175,52
2019-06-13 07:00:00,1560434400.0,2019-06-13 14:00:00,1256099,,81.73282,16.46265,52
2019-06-13 08:00:00,1560438000.0,2019-06-13 15:00:00,1256100,,,,52
2019-06-13 09:00:00,1560441600.0,2019-06-13 16:00:00,1256101,,76.63332,17.69343,52
2019-06-13 10:00:00,1560445200.0,2019-06-13 17:00:00,1256102,,75.81448533333334,17.742227333333332,52
2019-06-13 11:00:00,1560448800.0,2019-06-13 18:00:00,1256103,,,,52
2019-06-13 12:00:00,1560452400.0,2019-06-13 19:00:00,1256104,,,,52
2019-06-13 13:00:00,1560456000.0,2019-06-13 20:00:00,1256105,,69.50449342857142,19.590254571428574,52
2019-06-13 14:00:00,1560459600.0,2019-06-13 21:00:00,1256106,,70.58971,19.56576,52
2019-06-13 18:00:00,1560474000.0,2019-06-14 01:00:00,1256110,,79.4869,16.80429,52
2019-06-13 19:00:00,1560477600.0,2019-06-14 02:00:00,1256111,,81.28676675675676,16.380903783783783,52
2019-06-13 20:00:00,1560481200.0,2019-06-14 03:00:00,1256112,,83.05662081632653,15.771148979591837,52
2019-06-13 22:00:00,1560488400.0,2019-06-14 05:00:00,1256114,,86.22168,15.10926,52
2019-06-13 23:00:00,1560492000.0,2019-06-14 06:00:00,1256115,,86.96734895833333,14.96354,52
2019-06-14 00:00:00,1560495600.0,2019-06-14 07:00:00,1256116,,,,52
2019-06-14 01:00:00,1560499200.0,2019-06-14 08:00:00,1256117,,87.24334,14.7338,52
2019-06-14 02:00:00,1560502800.0,2019-06-14 09:00:00,1256118,,87.5678976923077,14.615504615384616,52
2019-06-14 03:00:00,1560506400.0,2019-06-14 10:00:00,1256119,,87.84502483333334,14.504386666666667,52
2019-06-14 04:00:00,1560510000.0,2019-06-14 11:00:00,1256120,,87.73929102040816,14.472931632653061,52
2019-06-14 05:00:00,1560513600.0,2019-06-14 12:00:00,1256121,,87.36082,14.39502,52
2019-06-14 06:00:00,1560517200.0,2019-06-14 13:00:00,1256122,,87.25523322580645,14.365083870967743,52
2019-06-14 07:00:00,1560520800.0,2019-06-14 14:00:00,1256123,,86.91675627906977,14.454929069767442,52
2019-06-14 08:00:00,1560524400.0,2019-06-14 15:00:00,1256124,,87.07316352941176,14.520381176470588,52
2019-06-14 09:00:00,1560528000.0,2019-06-14 16:00:00,1256125,,83.98515,15.560550303030302,52
2019-06-14 10:00:00,1560531600.0,2019-06-14 17:00:00,1256126,,,,52
2019-06-14 12:00:00,1560538800.0,2019-06-14 19:00:00,1256128,,70.57086,18.65685,52
2019-06-14 14:00:00,1560546000.0,2019-06-14 21:00:00,1256130,,70.60560135135135,18.74343918918919,52
2019-06-14 15:00:00,1560549600.0,2019-06-14 22:00:00,1256131,,70.8452903030303,18.55703696969697,52
2019-06-14 16:00:00,1560553200.0,2019-06-14 23:00:00,1256132,,70.50669,17.89491,52
2019-06-14 18:00:00,1560560400.0,2019-06-15 01:00:00,1256134,,76.83124512820513,15.982473846153846,52
2019-06-14 19:00:00,1560564000.0,2019-06-15 02:00:00,1256135,,79.43356152173914,15.130178695652175,52
2019-06-14 20:00:00,1560567600.0,2019-06-15 03:00:00,1256136,,81.26622742857143,14.697814857142857,52
2019-06-14 22:00:00,1560574800.0,2019-06-15 05:00:00,1256138,,,,52
2019-06-14 23:00:00,1560578400.0,2019-06-15 06:00:00,1256139,,,,52
2019-06-15 00:00:00,1560582000.0,2019-06-15 07:00:00,1256140,,80.23383,14.58606,52
2019-06-15 01:00:00,1560585600.0,2019-06-15 08:00:00,1256141,,81.44284931818181,14.392555,52
2019-06-15 02:00:00,1560589200.0,2019-06-15 09:00:00,1256142,,,,52
2019-06-15 03:00:00,1560592800.0,2019-06-15 10:00:00,1256143,,,,52
2019-06-15 05:00:00,1560600000.0,2019-06-15 12:00:00,1256145,,83.51865,13.92071,52
2019-06-15 06:00:00,1560603600.0,2019-06-15 13:00:00,1256146,,85.00194971428571,13.726525714285714,52
2019-06-15 07:00:00,1560607200.0,2019-06-15 14:00:00,1256147,,86.14054854166666,13.704238958333333,52
2019-06-15 08:00:00,1560610800.0,2019-06-15 15:00:00,1256148,,86.58892472222222,13.734192777777778,52
2019-06-15 09:00:00,1560614400.0,2019-06-15 16:00:00,1256149,,85.6395894,14.0887196,52
2019-06-15 11:00:00,1560621600.0,2019-06-15 18:00:00,1256151,,,,52
2019-06-15 12:00:00,1560625200.0,2019-06-15 19:00:00,1256152,,76.5335,15.8306,52
2019-06-15 13:00:00,1560628800.0,2019-06-15 20:00:00,1256153,,74.0899,16.51605,52
2019-06-15 14:00:00,1560632400.0,2019-06-15 21:00:00,1256154,,70.59554564102564,17.241458205128204,52
2019-06-15 15:00:00,1560636000.0,2019-06-15 22:00:00,1256155,,70.35317305555556,17.518338611111112,52
2019-06-15 16:00:00,1560639600.0,2019-06-15 23:00:00,1256156,,73.1044878,16.6684324,52
2019-06-15 17:00:00,1560643200.0,2019-06-16 00:00:00,1256157,,76.0238301724138,15.98097448275862,52
2019-06-15 18:00:00,1560646800.0,2019-06-16 01:00:00,1256158,,78.1365,15.43701,52
2019-06-15 20:00:00,1560654000.0,2019-06-16 03:00:00,1256160,,81.21145,14.80474,52
2019-06-15 23:00:00,1560664800.0,2019-06-16 06:00:00,1256163,,82.32316409090909,14.398304318181818,52
2019-06-16 00:00:00,1560668400.0,2019-06-16 07:00:00,1256164,,82.86221,14.40978,52
2019-06-16 01:00:00,1560672000.0,2019-06-16 08:00:00,1256165,,83.6116207142857,14.198503095238095,52
2019-06-16 03:00:00,1560679200.0,2019-06-16 10:00:00,1256167,,83.7701871875,13.899270625,52
2019-06-16 04:00:00,1560682800.0,2019-06-16 11:00:00,1256168,,85.53298351351351,13.66923918918919,52
2019-06-16 05:00:00,1560686400.0,2019-06-16 12:00:00,1256169,,,,52
2019-06-16 06:00:00,1560690000.0,2019-06-16 13:00:00,1256170,,86.19706744186047,13.635675348837209,52
2019-06-16 07:00:00,1560693600.0,2019-06-16 14:00:00,1256171,,86.83469818181818,13.542094,52
2019-06-16 08:00:00,1560697200.0,2019-06-16 15:00:00,1256172,,86.76844142857144,13.903622380952381,52
2019-06-16 09:00:00,1560700800.0,2019-06-16 16:00:00,1256173,,,,52
2019-06-16 10:00:00,1560704400.0,2019-06-16 17:00:00,1256174,,,,52
2019-06-16 11:00:00,1560708000.0,2019-06-16 18:00:00,1256175,,79.06436396226415,16.19352113207547,52
2019-06-16 12:00:00,1560711600.0,2019-06-16 19:00:00,1256176,,,,52
2019-06-16 13:00:00,1560715200.0,2019-06-16 20:00:00,1256177,,72.40383,17.67974,52
2019-06-16 17:00:00,1560729600.0,2019-06-17 00:00:00,1256181,,72.69493,16.88375,52
2019-06-16 18:00:00,1560733200.0,2019-06-17 01:00:00,1256182,,76.64168,15.76631,52
2019-06-16 19:00:00,1560736800.0,2019-06-17 02:00:00,1256183,,77.4366725,15.5966378125,52
2019-06-16 20:00:00,1560740400.0,2019-06-17 03:00:00,1256184,,78.90685838709678,15.074365483870968,52
2019-06-16 23:00:00,1560751200.0,2019-06-17 06:00:00,1256187,,81.68159,14.67324,52
2019-06-17 00:00:00,1560754800.0,2019-06-17 07:00:00,1256188,,82.32827083333333,14.584988333333333,52
2019-06-17 01:00:00,1560758400.0,2019-06-17 08:00:00,1256189,,,,52
2019-06-17 02:00:00,1560762000.0,2019-06-17 09:00:00,1256190,,,,52
2019-06-17 03:00:00,1560765600.0,2019-06-17 10:00:00,1256191,,82.33277102564102,15.062964102564102,52
2019-06-17 04:00:00,1560769200.0,2019-06-17 11:00:00,1256192,,82.07140766666667,15.186622666666667,52
2019-06-17 05:00:00,1560772800.0,2019-06-17 12:00:00,1256193,,81.37207857142857,15.537054571428571,52
2019-06-17 06:00:00,1560776400.0,2019-06-17 13:00:00,1256194,,,,52
2019-06-17 07:00:00,1560780000.0,2019-06-17 14:00:00,1256195,,,,52
2019-06-17 08:00:00,1560783600.0,2019-06-17 15:00:00,1256196,,78.36355474999999,17.46232025,52
2019-06-17 09:00:00,1560787200.0,2019-06-17 16:00:00,1256197,,74.12861688888889,18.73568311111111,52
2019-06-17 10:00:00,1560790800.0,2019-06-17 17:00:00,1256198,,70.39929457142857,19.646781142857144,52
2019-06-17 11:00:00,1560794400.0,2019-06-17 18:00:00,1256199,,66.91974027027027,20.59884054054054,52
2019-06-17 16:00:00,1560812400.0,2019-06-17 23:00:00,1256204,,,,52
2019-06-17 17:00:00,1560816000.0,2019-06-18 00:00:00,1256205,,67.11484787878788,19.60034303030303,52
2019-06-17 18:00:00,1560819600.0,2019-06-18 01:00:00,1256206,,67.04144142857143,19.648592142857144,52
2019-06-17 20:00:00,1560826800.0,2019-06-18 03:00:00,1256208,,,,52
2019-06-17 21:00:00,1560830400.0,2019-06-18 04:00:00,1256209,,80.19543886363637,16.322900681818183,52
2019-06-17 23:00:00,1560837600.0,2019-06-18 06:00:00,1256211,,82.93667743589744,15.900622564102564,52
2019-06-18 00:00:00,1560841200.0,2019-06-18 07:00:00,1256212,,83.96836184210527,15.629089210526315,52
2019-06-18 01:00:00,1560844800.0,2019-06-18 08:00:00,1256213,,85.0427919047619,15.440594523809525,52
2019-06-18 02:00:00,1560848400.0,2019-06-18 09:00:00,1256214,,85.32031,15.40009,52
2019-06-18 03:00:00,1560852000.0,2019-06-18 10:00:00,1256215,,86.06604673913043,15.415126739130434,52
2019-06-18 04:00:00,1560855600.0,2019-06-18 11:00:00,1256216,,85.15764838709677,15.86984,52
2019-06-18 05:00:00,1560859200.0,2019-06-18 12:00:00,1256217,,,,52
2019-06-18 06:00:00,1560862800.0,2019-06-18 13:00:00,1256218,,,,52
2019-06-18 08:00:00,1560870000.0,2019-06-18 15:00:00,1256220,,81.5035,17.65396,52
2019-06-18 09:00:00,1560873600.0,2019-06-18 16:00:00,1256221,,81.30211288888889,17.628370666666665,52
2019-06-18 10:00:00,1560877200.0,2019-06-18 17:00:00,1256222,,80.24850529411765,17.986782352941177,52
2019-06-18 11:00:00,1560880800.0,2019-06-18 18:00:00,1256223,,76.58407804878048,19.318206097560974,52
2019-06-18 12:00:00,1560884400.0,2019-06-18 19:00:00,1256224,,68.6423185,21.510664,52
2019-06-18 13:00:00,1560888000.0,2019-06-18 20:00:00,1256225,,,,52
2019-06-18 14:00:00,1560891600.0,2019-06-18 21:00:00,1256226,,,,52
2019-06-18 15:00:00,1560895200.0,2019-06-18 22:00:00,1256227,,70.26414694444445,19.806140555555555,52
2019-06-18 17:00:00,1560902400.0,2019-06-19 00:00:00,1256229,,63.04611,21.40413,52
2019-06-18 18:00:00,1560906000.0,2019-06-19 01:00:00,1256230,,,,52
2019-06-18 19:00:00,1560909600.0,2019-06-19 02:00:00,1256231,,75.47812628571428,17.94606657142857,52
2019-06-18 20:00:00,1560913200.0,2019-06-19 03:00:00,1256232,,79.662982,17.003013142857142,52
2019-06-18 21:00:00,1560916800.0,2019-06-19 04:00:00,1256233,,82.34883405405405,16.52354054054054,52
2019-06-18 22:00:00,1560920400.0,2019-06-19 05:00:00,1256234,,82.99785,16.179791315789473,52
2019-06-19 00:00:00,1560927600.0,2019-06-19 07:00:00,1256236,,86.12687,15.70232,52
2019-06-19 02:00:00,1560934800.0,2019-06-19 09:00:00,1256238,,87.50835708333334,15.73208375,52
2019-06-19 03:00:00,1560938400.0,2019-06-19 10:00:00,1256239,,87.5296668292683,15.916210243902439,52
2019-06-19 04:00:00,1560942000.0,2019-06-19 11:00:00,1256240,,87.10412085714286,16.090570857142858,52
2019-06-19 05:00:00,1560945600.0,2019-06-19 12:00:00,1256241,,86.44584684210527,16.25912763157895,52
2019-06-19 08:00:00,1560956400.0,2019-06-19 15:00:00,1256244,,87.4918659574468,16.86645404255319,52
2019-06-19 09:00:00,1560960000.0,2019-06-19 16:00:00,1256245,,84.86981432432432,17.405485945945944,52
2019-06-19 10:00:00,1560963600.0,2019-06-19 17:00:00,1256246,,83.29613541666667,17.804417291666667,52
2019-06-19 11:00:00,1560967200.0,2019-06-19 18:00:00,1256247,,81.2424118,17.9718388,52
2019-06-19 14:00:00,1560978000.0,2019-06-19 21:00:00,1256250,,74.25499,19.65859,52
2019-06-19 15:00:00,1560981600.0,2019-06-19 22:00:00,1256251,,,,52
2019-06-19 16:00:00,1560985200.0,2019-06-19 23:00:00,1256252,,75.07841794117647,18.97756411764706,52
2019-06-19 17:00:00,1560988800.0,2019-06-20 00:00:00,1256253,,77.2313,18.355994146341462,52
2019-06-19 18:00:00,1560992400.0,2019-06-20 01:00:00,1256254,,80.0326625,17.508664375,52
2019-06-19 19:00:00,1560996000.0,2019-06-20 02:00:00,1256255,,,,52
2019-06-19 21:00:00,1561003200.0,2019-06-20 04:00:00,1256257,,85.88493,16.18698,52
2019-06-19 22:00:00,1561006800.0,2019-06-20 05:00:00,1256258,,87.57005238095238,15.828160238095238,52
2019-06-19 23:00:00,1561010400.0,2019-06-20 06:00:00,1256259,,88.10177,15.658383555555556,52
2019-06-20 00:00:00,1561014000.0,2019-06-20 07:00:00,1256260,,88.6036128125,15.6054228125,52
2019-06-20 02:00:00,1561021200.0,2019-06-20 09:00:00,1256262,,,,52
2019-06-20 03:00:00,1561024800.0,2019-06-20 10:00:00,1256263,,,,52
2019-06-20 05:00:00,1561032000.0,2019-06-20 12:00:00,1256265,,,,52
2019-06-20 07:00:00,1561039200.0,2019-06-20 14:00:00,1256267,,86.50747,15.98214,52
2019-06-20 08:00:00,1561042800.0,2019-06-20 15:00:00,1256268,,,,52
2019-06-20 09:00:00,1561046400.0,2019-06-20 16:00:00,1256269,,83.0853,16.66315,52
2019-06-20 10:00:00,1561050000.0,2019-06-20 17:00:00,1256270,,,,52
2019-06-20 11:00:00,1561053600.0,2019-06-20 18:00:00,1256271,,74.90722,18.63296,52
2019-06-20 12:00:00,1561057200.0,2019-06-20 19:00:00,1256272,,71.33965743589744,19.23946,52
2019-06-20 13:00:00,1561060800.0,2019-06-20 20:00:00,1256273,,,,52
2019-06-20 14:00:00,1561064400.0,2019-06-20 21:00:00,1256274,,70.38254853658536,18.847156097560976,52
2019-06-20 15:00:00,1561068000.0,2019-06-20 22:00:00,1256275,,70.16370666666667,18.747216944444446,52
2019-06-20 17:00:00,1561075200.0,2019-06-21 00:00:00,1256277,,68.39075,18.99421,52
2019-06-20 18:00:00,1561078800.0,2019-06-21 01:00:00,1256278,,,,52
2019-06-20 20:00:00,1561086000.0,2019-06-21 03:00:00,1256280,,72.29648,16.21221,52
2019-06-20 22:00:00,1561093200.0,2019-06-21 05:00:00,1256282,,76.20559,15.46411,52
2019-06-21 00:00:00,1561100400.0,2019-06-21 07:00:00,1256284,,78.64456,15.48468,52
2019-06-21 01:00:00,1561104000.0,2019-06-21 08:00:00,1256285,,,,52
2019-06-21 02:00:00,1561107600.0,2019-06-21 09:00:00,1256286,,,,52
2019-06-21 03:00:00,1561111200.0,2019-06-21 10:00:00,1256287,,78.67754,16.06232,52
2019-06-21 05:00:00,1561118400.0,2019-06-21 12:00:00,1256289,,79.38316,16.0625,52
2019-06-21 06:00:00,1561122000.0,2019-06-21 13:00:00,1256290,,,,52
2019-06-21 07:00:00,1561125600.0,2019-06-21 14:00:00,1256291,,,,52
2019-06-21 08:00:00,1561129200.0,2019-06-21 15:00:00,1256292,,,,52
2019-06-21 09:00:00,1561132800.0,2019-06-21 16:00:00,1256293,,73.58248619047619,17.394668095238096,52
2019-06-21 11:00:00,1561140000.0,2019-06-21 18:00:00,1256295,,66.2333196969697,19.616942424242424,52
2019-06-21 12:00:00,1561143600.0,2019-06-21 19:00:00,1256296,,,,52
2019-06-21 13:00:00,1561147200.0,2019-06-21 20:00:00,1256297,,62.59153307692308,20.437560256410258,52
2019-06-21 14:00:00,1561150800.0,2019-06-21 21:00:00,1256298,,63.10947,20.38411,52
2019-06-21 15:00:00,1561154400.0,2019-06-21 22:00:00,1256299,,,,52
2019-06-21 16:00:00,1561158000.0,2019-06-21 23:00:00,1256300,,60.80475,20.67153,52
2019-06-21 18:00:00,1561165200.0,2019-06-22 01:00:00,1256302,,50.65267147058824,22.12109117647059,52
2019-06-21 19:00:00,1561168800.0,2019-06-22 02:00:00,1256303,,55.12133851851852,21.156096851851853,52
2019-06-21 21:00:00,1561176000.0,2019-06-22 04:00:00,1256305,,,,52
2019-06-21 22:00:00,1561179600.0,2019-06-22 05:00:00,1256306,,,,52
2019-06-22 00:00:00,1561186800.0,2019-06-22 07:00:00,1256308,,72.70146,17.12172,52
2019-06-22 03:00:00,1561197600.0,2019-06-22 10:00:00,1256311,,74.17754,16.52603,52
2019-06-22 04:00:00,1561201200.0,2019-06-22 11:00:00,1256312,,,,52
2019-06-22 07:00:00,1561212000.0,2019-06-22 14:00:00,1256315,,66.06626,19.92507,52
2019-06-22 08:00:00,1561215600.0,2019-06-22 15:00:00,1256316,,,,52
2019-06-22 09:00:00,1561219200.0,2019-06-22 16:00:00,1256317,,62.61479,22.2439,52
2019-06-22 10:00:00,1561222800.0,2019-06-22 17:00:00,1256318,,,,52
2019-06-22 11:00:00,1561226400.0,2019-06-22 18:00:00,1256319,,,,52
2019-06-22 13:00:00,1561233600.0,2019-06-22 20:00:00,1256321,,47.53972,26.85764,52
2019-06-22 14:00:00,1561237200.0,2019-06-22 21:00:00,1256322,,,,52
2019-06-22 15:00:00,1561240800.0,2019-06-22 22:00:00,1256323,,,,52
2019-06-22 19:00:00,1561255200.0,2019-06-23 02:00:00,1256327,,,,52
2019-06-22 20:00:00,1561258800.0,2019-06-23 03:00:00,1256328,,,,52
2019-06-23 04:00:00,1561287600.0,2019-06-23 11:00:00,1256336,,50.05582,21.576,52
2019-06-23 07:00:00,1561298400.0,2019-06-23 14:00:00,1256339,,43.83374342857143,23.52143057142857,52
2019-06-23 09:00:00,1561305600.0,2019-06-23 16:00:00,1256341,,,,52
2019-06-23 10:00:00,1561309200.0,2019-06-23 17:00:00,1256342,,,,52
2019-06-23 13:00:00,1561320000.0,2019-06-23 20:00:00,1256345,,48.3284153125,26.617091875,52
2019-06-23 14:00:00,1561323600.0,2019-06-23 21:00:00,1256346,,,,52
2019-06-23 15:00:00,1561327200.0,2019-06-23 22:00:00,1256347,,,,52
2019-06-23 17:00:00,1561334400.0,2019-06-24 00:00:00,1256349,,46.63957,24.97176,52
2019-06-23 18:00:00,1561338000.0,2019-06-24 01:00:00,1256350,,50.57627276595745,24.513883617021275,52
2019-06-23 19:00:00,1561341600.0,2019-06-24 02:00:00,1256351,,58.828958529411764,22.113201470588233,52
2019-06-23 20:00:00,1561345200.0,2019-06-24 03:00:00,1256352,,62.1702514,20.4252602,52
2019-06-23 22:00:00,1561352400.0,2019-06-24 05:00:00,1256354,,71.76739,18.39904,52
2019-06-23 23:00:00,1561356000.0,2019-06-24 06:00:00,1256355,,,,52
2019-06-24 01:00:00,1561363200.0,2019-06-24 08:00:00,1256357,,,,52
2019-06-24 02:00:00,1561366800.0,2019-06-24 09:00:00,1256358,,80.650426875,16.695514375000002,52
2019-06-24 06:00:00,1561381200.0,2019-06-24 13:00:00,1256362,,82.02561,16.65546,52
2019-06-24 07:00:00,1561384800.0,2019-06-24 14:00:00,1256363,,82.70646,16.79741,52
2019-06-24 08:00:00,1561388400.0,2019-06-24 15:00:00,1256364,,82.4886687878788,17.06291424242424,52
2019-06-24 10:00:00,1561395600.0,2019-06-24 17:00:00,1256366,,,,52
2019-06-24 11:00:00,1561399200.0,2019-06-24 18:00:00,1256367,,70.60020604166667,21.246493125,52
2019-06-24 12:00:00,1561402800.0,2019-06-24 19:00:00,1256368,,63.595419,22.9917406,52
2019-06-24 13:00:00,1561406400.0,2019-06-24 20:00:00,1256369,,62.72044346153846,22.268907692307693,52
2019-06-24 14:00:00,1561410000.0,2019-06-24 21:00:00,1256370,,64.7840868627451,21.40212862745098,52
2019-06-24 15:00:00,1561413600.0,2019-06-24 22:00:00,1256371,,64.29351447368421,21.391464736842106,52
2019-06-24 16:00:00,1561417200.0,2019-06-24 23:00:00,1256372,,65.48702,21.14469,52
2019-06-24 18:00:00,1561424400.0,2019-06-25 01:00:00,1256374,,65.34789,20.446517380952383,52
2019-06-24 19:00:00,1561428000.0,2019-06-25 02:00:00,1256375,,,,52
2019-06-24 20:00:00,1561431600.0,2019-06-25 03:00:00,1256376,,71.75372705882353,17.518214411764706,52
2019-06-24 21:00:00,1561435200.0,2019-06-25 04:00:00,1256377,,,,52
2019-06-24 22:00:00,1561438800.0,2019-06-25 05:00:00,1256378,,72.05582,17.00091,52
2019-06-25 02:00:00,1561453200.0,2019-06-25 09:00:00,1256382,,73.573,16.62048,52
2019-06-25 03:00:00,1561456800.0,2019-06-25 10:00:00,1256383,,,,52
2019-06-25 04:00:00,1561460400.0,2019-06-25 11:00:00,1256384,,75.97067,16.29443,52
2019-06-25 05:00:00,1561464000.0,2019-06-25 12:00:00,1256385,,,,52
2019-06-25 06:00:00,1561467600.0,2019-06-25 13:00:00,1256386,,76.8407,16.23053,52
2019-06-25 08:00:00,1561474800.0,2019-06-25 15:00:00,1256388,,70.17921,18.07329,52
2019-06-25 09:00:00,1561478400.0,2019-06-25 16:00:00,1256389,,,,52
2019-06-25 10:00:00,1561482000.0,2019-06-25 17:00:00,1256390,,,,52
2019-06-25 11:00:00,1561485600.0,2019-06-25 18:00:00,1256391,,,,52
2019-06-25 14:00:00,1561496400.0,2019-06-25 21:00:00,1256394,,,,52
2019-06-25 16:00:00,1561503600.0,2019-06-25 23:00:00,1256396,,57.45283,22.54532,52
2019-06-25 18:00:00,1561510800.0,2019-06-26 01:00:00,1256398,,59.26704,21.32475,52
2019-06-25 22:00:00,1561525200.0,2019-06-26 05:00:00,1256402,,,,52
2019-06-26 01:00:00,1561536000.0,2019-06-26 08:00:00,1256405,,59.01372,17.90348,52
2019-06-26 03:00:00,1561543200.0,2019-06-26 10:00:00,1256407,,72.13869,16.84921,52
2019-06-26 04:00:00,1561546800.0,2019-06-26 11:00:00,1256408,,,,52
2019-06-26 06:00:00,1561554000.0,2019-06-26 13:00:00,1256410,,70.30985,16.67183,52
2019-06-26 07:00:00,1561557600.0,2019-06-26 14:00:00,1256411,,71.89768461538462,17.055634102564103,52
2019-06-26 08:00:00,1561561200.0,2019-06-26 15:00:00,1256412,,,,52
2019-06-26 14:00:00,1561582800.0,2019-06-26 21:00:00,1256418,,62.17843,20.66811,52
2019-06-26 15:00:00,1561586400.0,2019-06-26 22:00:00,1256419,,,,52
2019-06-26 17:00:00,1561593600.0,2019-06-27 00:00:00,1256421,,63.40184,20.73126,52
2019-06-26 18:00:00,1561597200.0,2019-06-27 01:00:00,1256422,,,,52
2019-06-26 20:00:00,1561604400.0,2019-06-27 03:00:00,1256424,,,,52
2019-06-26 22:00:00,1561611600.0,2019-06-27 05:00:00,1256426,,69.35332,17.71303,52
2019-06-27 02:00:00,1561626000.0,2019-06-27 09:00:00,1256430,,,,52
2019-06-27 04:00:00,1561633200.0,2019-06-27 11:00:00,1256432,,74.06759,16.57886,52
2019-06-27 06:00:00,1561640400.0,2019-06-27 13:00:00,1256434,,73.73159,16.2939,52
2019-06-27 07:00:00,1561644000.0,2019-06-27 14:00:00,1256435,,,,52
2019-06-27 10:00:00,1561654800.0,2019-06-27 17:00:00,1256438,,63.87797,19.49076,52
2019-06-27 11:00:00,1561658400.0,2019-06-27 18:00:00,1256439,,,,52
2019-06-27 13:00:00,1561665600.0,2019-06-27 20:00:00,1256440,,62.59806,20.82358,52
2019-06-27 14:00:00,1561669200.0,2019-06-27 21:00:00,1256441,,,,52
2019-06-27 20:00:00,1561690800.0,2019-06-28 03:00:00,1256447,,52.56159,20.11063,52
2019-06-27 21:00:00,1561694400.0,2019-06-28 04:00:00,1256448,,54.95801604166667,19.033349791666666,52
2019-06-27 22:00:00,1561698000.0,2019-06-28 05:00:00,1256449,,53.52874846153846,19.10219153846154,52
2019-06-27 23:00:00,1561701600.0,2019-06-28 06:00:00,1256450,,,,52
2019-06-28 02:00:00,1561712400.0,2019-06-28 09:00:00,1256453,,63.22755451612903,18.3756464516129,52
2019-06-28 03:00:00,1561716000.0,2019-06-28 10:00:00,1256454,,63.280928823529415,18.08179431372549,52
2019-06-28 04:00:00,1561719600.0,2019-06-28 11:00:00,1256455,,64.23166,18.18992,52
2019-06-28 05:00:00,1561723200.0,2019-06-28 12:00:00,1256456,,71.08731102564103,17.501597435897434,52
2019-06-28 06:00:00,1561726800.0,2019-06-28 13:00:00,1256457,,72.398318,17.39384742857143,52
2019-06-28 07:00:00,1561730400.0,2019-06-28 14:00:00,1256458,,72.6956561111111,17.444874166666665,52
2019-06-28 08:00:00,1561734000.0,2019-06-28 15:00:00,1256459,,68.79546641025641,18.13770205128205,52
2019-06-28 10:00:00,1561741200.0,2019-06-28 17:00:00,1256461,,58.39207,20.97899,52
2019-06-28 11:00:00,1561744800.0,2019-06-28 18:00:00,1256462,,56.97160947368421,22.285553421052633,52
2019-06-28 12:00:00,1561748400.0,2019-06-28 19:00:00,1256463,,,,52
2019-06-28 13:00:00,1561752000.0,2019-06-28 20:00:00,1256464,,58.17501,21.87705,52
2019-06-28 14:00:00,1561755600.0,2019-06-28 21:00:00,1256465,,58.259634509803924,21.519936470588235,52
2019-06-28 15:00:00,1561759200.0,2019-06-28 22:00:00,1256466,,58.88682,21.43718,52
2019-06-28 16:00:00,1561762800.0,2019-06-28 23:00:00,1256467,,58.07778,21.701677096774194,52
2019-06-28 17:00:00,1561766400.0,2019-06-29 00:00:00,1256468,,55.474291,21.81006275,52
2019-06-28 18:00:00,1561770000.0,2019-06-29 01:00:00,1256469,,53.515535,22.400036842105262,52
2019-06-28 19:00:00,1561773600.0,2019-06-29 02:00:00,1256470,,,,52
2019-06-28 20:00:00,1561777200.0,2019-06-29 03:00:00,1256471,,63.30588659090909,19.240395227272728,52
2019-06-28 22:00:00,1561784400.0,2019-06-29 05:00:00,1256473,,66.46923,17.84657,52
2019-06-29 00:00:00,1561791600.0,2019-06-29 07:00:00,1256475,,66.00313,17.42454,52
2019-06-29 01:00:00,1561795200.0,2019-06-29 08:00:00,1256476,,68.67650183673469,16.73323693877551,52
2019-06-29 02:00:00,1561798800.0,2019-06-29 09:00:00,1256477,,,,52
2019-06-29 05:00:00,1561809600.0,2019-06-29 12:00:00,1256480,,79.03961,15.42014,52
2019-06-29 06:00:00,1561813200.0,2019-06-29 13:00:00,1256481,,77.85873194444444,15.537245833333333,52
2019-06-29 08:00:00,1561820400.0,2019-06-29 15:00:00,1256483,,72.94371,17.36698,52
2019-06-29 09:00:00,1561824000.0,2019-06-29 16:00:00,1256484,,,,52
2019-06-29 10:00:00,1561827600.0,2019-06-29 17:00:00,1256485,,64.9745131372549,19.722523921568627,52
2019-06-29 11:00:00,1561831200.0,2019-06-29 18:00:00,1256486,,64.18199,20.33221,52
2019-06-29 12:00:00,1561834800.0,2019-06-29 19:00:00,1256487,,59.0242571875,21.82795625,52
2019-06-29 13:00:00,1561838400.0,2019-06-29 20:00:00,1256488,,58.62667517241379,21.58796672413793,52
2019-06-29 15:00:00,1561845600.0,2019-06-29 22:00:00,1256490,,55.9005,21.787,52
2019-06-29 16:00:00,1561849200.0,2019-06-29 23:00:00,1256491,,55.69150621621622,22.36084324324324,52
2019-06-29 17:00:00,1561852800.0,2019-06-30 00:00:00,1256492,,55.2485884375,23.09705625,52
2019-06-29 22:00:00,1561870800.0,2019-06-30 05:00:00,1256497,,,,52
2019-06-29 23:00:00,1561874400.0,2019-06-30 06:00:00,1256498,,70.87130512820512,17.01200205128205,52
2019-06-30 00:00:00,1561878000.0,2019-06-30 07:00:00,1256499,,,,52
2019-06-30 01:00:00,1561881600.0,2019-06-30 08:00:00,1256500,,,,52
2019-06-30 03:00:00,1561888800.0,2019-06-30 10:00:00,1256502,,75.1751803125,16.4133196875,52
2019-06-30 04:00:00,1561892400.0,2019-06-30 11:00:00,1256503,,74.95991,16.31678,52
2019-06-30 05:00:00,1561896000.0,2019-06-30 12:00:00,1256504,,77.36015647058824,15.849527352941177,52
2019-06-30 07:00:00,1561903200.0,2019-06-30 14:00:00,1256506,,77.48614,16.25233,52
2019-06-30 08:00:00,1561906800.0,2019-06-30 15:00:00,1256507,,,,52
2019-06-30 09:00:00,1561910400.0,2019-06-30 16:00:00,1256508,,,,52
2019-06-30 10:00:00,1561914000.0,2019-06-30 17:00:00,1256509,,66.44205,19.2432,52
2019-06-30 11:00:00,1561917600.0,2019-06-30 18:00:00,1256510,,60.90737,21.25842,52
2019-06-30 13:00:00,1561924800.0,2019-06-30 20:00:00,1256512,,60.89923,20.99426,52
2019-06-30 15:00:00,1561932000.0,2019-06-30 22:00:00,1256514,,62.35726,20.73929,52
2019-06-30 16:00:00,1561935600.0,2019-06-30 23:00:00,1256515,,61.66354,20.67295,52
2019-06-30 17:00:00,1561939200.0,2019-07-01 00:00:00,1256516,,,,52
2019-06-30 18:00:00,1561942800.0,2019-07-01 01:00:00,1256517,,,,52
2019-06-30 23:00:00,1561960800.0,2019-07-01 06:00:00,1256522,,76.5216,16.45091,52
2019-07-01 00:00:00,1561964400.0,2019-07-01 07:00:00,1256523,,77.75091189189189,16.061893243243244,52
2019-07-01 01:00:00,1561968000.0,2019-07-01 08:00:00,1256524,,77.16901,16.18615,52
2019-07-01 03:00:00,1561975200.0,2019-07-01 10:00:00,1256526,,77.7732,16.07747,52
2019-07-01 04:00:00,1561978800.0,2019-07-01 11:00:00,1256527,,79.2999158974359,15.627295384615385,52
2019-07-01 05:00:00,1561982400.0,2019-07-01 12:00:00,1256528,,81.03989538461539,15.349283846153845,52
2019-07-01 06:00:00,1561986000.0,2019-07-01 13:00:00,1256529,,79.87255,15.73806,52
2019-07-01 07:00:00,1561989600.0,2019-07-01 14:00:00,1256530,,,,52
2019-07-01 10:00:00,1562000400.0,2019-07-01 17:00:00,1256532,,64.981,19.53987,52
2019-07-01 11:00:00,1562004000.0,2019-07-01 18:00:00,1256533,,,,52
2019-07-01 12:00:00,1562007600.0,2019-07-01 19:00:00,1256534,,59.08075705882353,21.719548529411764,52
2019-07-01 13:00:00,1562011200.0,2019-07-01 20:00:00,1256535,,59.06808,21.27929,52
2019-07-01 14:00:00,1562014800.0,2019-07-01 21:00:00,1256536,,,,52
2019-07-01 15:00:00,1562018400.0,2019-07-01 22:00:00,1256537,,,,52
2019-07-01 20:00:00,1562036400.0,2019-07-02 03:00:00,1256542,,66.23575,18.65308,52
2019-07-01 21:00:00,1562040000.0,2019-07-02 04:00:00,1256543,,,,52
2019-07-01 22:00:00,1562043600.0,2019-07-02 05:00:00,1256544,,72.73314,17.41027,52
2019-07-02 03:00:00,1562061600.0,2019-07-02 10:00:00,1256549,,69.18352,17.16503,52
2019-07-02 04:00:00,1562065200.0,2019-07-02 11:00:00,1256550,,,,52
2019-07-02 06:00:00,1562072400.0,2019-07-02 13:00:00,1256552,,63.92049,17.65837,52
2019-07-02 07:00:00,1562076000.0,2019-07-02 14:00:00,1256553,,,,52
2019-07-02 09:00:00,1562083200.0,2019-07-02 16:00:00,1256555,,59.68899,20.57397,52
2019-07-02 10:00:00,1562086800.0,2019-07-02 17:00:00,1256556,,,,52
2019-07-02 12:00:00,1562094000.0,2019-07-02 19:00:00,1256558,,48.36888,24.40567,52
2019-07-02 14:00:00,1562101200.0,2019-07-02 21:00:00,1256560,,52.03605,23.54011,52
2019-07-02 15:00:00,1562104800.0,2019-07-02 22:00:00,1256561,,53.18375023255814,22.934988604651164,52
2019-07-02 16:00:00,1562108400.0,2019-07-02 23:00:00,1256562,,56.304626875,22.3364003125,52
2019-07-02 17:00:00,1562112000.0,2019-07-03 00:00:00,1256563,,,,52
2019-07-02 18:00:00,1562115600.0,2019-07-03 01:00:00,1256564,,,,52
2019-07-03 00:00:00,1562137200.0,2019-07-03 07:00:00,1256570,,65.20777,18.44579,52
2019-07-03 02:00:00,1562144400.0,2019-07-03 09:00:00,1256572,,70.16139,17.16869,52
2019-07-03 04:00:00,1562151600.0,2019-07-03 11:00:00,1256574,,,,52
2019-07-03 05:00:00,1562155200.0,2019-07-03 12:00:00,1256575,,73.60703,15.89494,52
2019-07-03 06:00:00,1562158800.0,2019-07-03 13:00:00,1256576,,,,52
2019-07-03 08:00:00,1562166000.0,2019-07-03 15:00:00,1256578,,,,52
2019-07-03 10:00:00,1562173200.0,2019-07-03 17:00:00,1256580,,60.15362,20.68702,52
2019-07-03 11:00:00,1562176800.0,2019-07-03 18:00:00,1256581,,,,52
2019-07-03 12:00:00,1562180400.0,2019-07-03 19:00:00,1256582,,,,52
2019-07-03 13:00:00,1562184000.0,2019-07-03 20:00:00,1256583,,55.83192,22.33475,52
2019-07-03 14:00:00,1562187600.0,2019-07-03 21:00:00,1256584,,51.170634285714286,23.18332448979592,52
2019-07-03 15:00:00,1562191200.0,2019-07-03 22:00:00,1256585,,52.64694,23.61423,52
2019-07-03 16:00:00,1562194800.0,2019-07-03 23:00:00,1256586,,53.81793260869565,23.033915434782607,52
2019-07-03 17:00:00,1562198400.0,2019-07-04 00:00:00,1256587,,56.90255464285714,22.177507678571427,52
2019-07-03 18:00:00,1562202000.0,2019-07-04 01:00:00,1256588,,58.07393425531915,21.813997234042553,52
2019-07-03 19:00:00,1562205600.0,2019-07-04 02:00:00,1256589,,62.22904878787879,20.116585454545454,52
2019-07-03 20:00:00,1562209200.0,2019-07-04 03:00:00,1256590,,,,52
2019-07-03 21:00:00,1562212800.0,2019-07-04 04:00:00,1256591,,,,52
2019-07-03 22:00:00,1562216400.0,2019-07-04 05:00:00,1256592,,75.8729431707317,16.41401024390244,52
2019-07-03 23:00:00,1562220000.0,2019-07-04 06:00:00,1256593,,77.15075081632654,16.26449918367347,52
2019-07-04 00:00:00,1562223600.0,2019-07-04 07:00:00,1256594,,78.13517365853659,16.18871487804878,52
2019-07-04 01:00:00,1562227200.0,2019-07-04 08:00:00,1256595,,78.08171,15.96966,52
2019-07-04 02:00:00,1562230800.0,2019-07-04 09:00:00,1256596,,80.46271716666666,15.411877833333333,52
2019-07-04 04:00:00,1562238000.0,2019-07-04 11:00:00,1256598,,80.30419,15.42986,52
2019-07-04 05:00:00,1562241600.0,2019-07-04 12:00:00,1256599,,,,52
2019-07-04 07:00:00,1562248800.0,2019-07-04 14:00:00,1256601,,77.42828,16.02922,52
2019-07-04 09:00:00,1562256000.0,2019-07-04 16:00:00,1256603,,71.07506,17.80582,52
2019-07-04 10:00:00,1562259600.0,2019-07-04 17:00:00,1256604,,68.30367,18.7617,52
2019-07-04 14:00:00,1562274000.0,2019-07-04 21:00:00,1256608,,60.60428,21.33464,52
2019-07-04 15:00:00,1562277600.0,2019-07-04 22:00:00,1256609,,60.66661,20.98734,52
2019-07-04 16:00:00,1562281200.0,2019-07-04 23:00:00,1256610,,62.3191,20.35591,52
2019-07-04 20:00:00,1562295600.0,2019-07-05 03:00:00,1256614,,74.93929,16.8668,52
2019-07-04 21:00:00,1562299200.0,2019-07-05 04:00:00,1256615,,78.03758487179488,16.369594102564104,52
2019-07-04 23:00:00,1562306400.0,2019-07-05 06:00:00,1256617,,79.79337,15.84743,52
2019-07-05 00:00:00,1562310000.0,2019-07-05 07:00:00,1256618,,,,52
2019-07-05 01:00:00,1562313600.0,2019-07-05 08:00:00,1256619,,81.54035891891893,15.587073513513513,52
2019-07-05 02:00:00,1562317200.0,2019-07-05 09:00:00,1256620,,83.47363933333334,15.2363995,52
2019-07-05 03:00:00,1562320800.0,2019-07-05 10:00:00,1256621,,,,52
2019-07-05 05:00:00,1562328000.0,2019-07-05 12:00:00,1256623,,82.21753515151515,15.664095454545455,52
2019-07-05 07:00:00,1562335200.0,2019-07-05 14:00:00,1256625,,80.85703,15.60282,52
2019-07-05 08:00:00,1562338800.0,2019-07-05 15:00:00,1256626,,79.44826557692308,16.125594615384614,52
2019-07-05 09:00:00,1562342400.0,2019-07-05 16:00:00,1256627,,,,52
2019-07-05 10:00:00,1562346000.0,2019-07-05 17:00:00,1256628,,70.09115955555555,18.950018666666665,52
2019-07-05 11:00:00,1562349600.0,2019-07-05 18:00:00,1256629,,,,52
2019-07-05 12:00:00,1562353200.0,2019-07-05 19:00:00,1256630,,57.89255,22.98269,52
2019-07-05 14:00:00,1562360400.0,2019-07-05 21:00:00,1256632,,60.61473,21.67817,52
2019-07-05 15:00:00,1562364000.0,2019-07-05 22:00:00,1256633,,59.41750042553191,21.632675319148937,52
2019-07-05 16:00:00,1562367600.0,2019-07-05 23:00:00,1256634,,60.55218133333333,20.914148666666666,52
2019-07-05 17:00:00,1562371200.0,2019-07-06 00:00:00,1256635,,60.525645625,20.933631666666667,52
2019-07-05 18:00:00,1562374800.0,2019-07-06 01:00:00,1256636,,,,52
2019-07-05 19:00:00,1562378400.0,2019-07-06 02:00:00,1256637,,64.32323,19.32481,52
2019-07-05 20:00:00,1562382000.0,2019-07-06 03:00:00,1256638,,69.5873156097561,18.016191707317073,52
2019-07-05 21:00:00,1562385600.0,2019-07-06 04:00:00,1256639,,73.58871,17.1317,52
2019-07-05 22:00:00,1562389200.0,2019-07-06 05:00:00,1256640,,76.21410642857143,16.48760238095238,52
2019-07-05 23:00:00,1562392800.0,2019-07-06 06:00:00,1256641,,77.718042,16.24708125,52
2019-07-06 01:00:00,1562400000.0,2019-07-06 08:00:00,1256643,,78.73152,15.81762,52
2019-07-06 02:00:00,1562403600.0,2019-07-06 09:00:00,1256644,,,,52
2019-07-06 04:00:00,1562410800.0,2019-07-06 11:00:00,1256646,,79.2872,15.53243,52
2019-07-06 05:00:00,1562414400.0,2019-07-06 12:00:00,1256647,,80.63846692307692,15.147074807692308,52
2019-07-06 06:00:00,1562418000.0,2019-07-06 13:00:00,1256648,,80.6982454347826,15.021751304347827,52
2019-07-06 07:00:00,1562421600.0,2019-07-06 14:00:00,1256649,,78.8624023076923,15.638540769230769,52
2019-07-06 08:00:00,1562425200.0,2019-07-06 15:00:00,1256650,,75.99508900000001,16.48878,52
2019-07-06 10:00:00,1562432400.0,2019-07-06 17:00:00,1256652,,62.79342431818182,20.300410227272728,52
2019-07-06 11:00:00,1562436000.0,2019-07-06 18:00:00,1256653,,58.4896184,21.8116392,52
2019-07-06 13:00:00,1562443200.0,2019-07-06 20:00:00,1256655,,56.0484,22.40818,52
2019-07-06 14:00:00,1562446800.0,2019-07-06 21:00:00,1256656,,58.265760666666665,21.373462444444446,52
2019-07-06 16:00:00,1562454000.0,2019-07-06 23:00:00,1256658,,58.3354893939394,21.136777272727272,52
2019-07-06 18:00:00,1562461200.0,2019-07-07 01:00:00,1256660,,54.46149,22.17865,52
2019-07-06 20:00:00,1562468400.0,2019-07-07 03:00:00,1256662,,65.22941,18.29414,52
2019-07-06 21:00:00,1562472000.0,2019-07-07 04:00:00,1256663,,68.49085651162791,17.60226930232558,52
2019-07-06 22:00:00,1562475600.0,2019-07-07 05:00:00,1256664,,,,52
2019-07-07 01:00:00,1562486400.0,2019-07-07 08:00:00,1256667,,77.41535,15.74997,52
2019-07-07 03:00:00,1562493600.0,2019-07-07 10:00:00,1256669,,78.56276,15.38673,52
2019-07-07 04:00:00,1562497200.0,2019-07-07 11:00:00,1256670,,,,52
2019-07-07 05:00:00,1562500800.0,2019-07-07 12:00:00,1256671,,78.84050424242425,15.167345454545455,52
2019-07-07 07:00:00,1562508000.0,2019-07-07 14:00:00,1256673,,,,52
2019-07-07 08:00:00,1562511600.0,2019-07-07 15:00:00,1256674,,,,52
2019-07-07 11:00:00,1562522400.0,2019-07-07 18:00:00,1256677,,65.50195,19.287501860465117,52
2019-07-07 12:00:00,1562526000.0,2019-07-07 19:00:00,1256678,,59.50648783783784,21.159008648648648,52
2019-07-07 15:00:00,1562536800.0,2019-07-07 22:00:00,1256681,,61.19451,20.4506,52
2019-07-07 16:00:00,1562540400.0,2019-07-07 23:00:00,1256682,,61.73915,20.32412,52
2019-07-07 19:00:00,1562551200.0,2019-07-08 02:00:00,1256685,,71.71273,17.26701,52
2019-07-07 21:00:00,1562558400.0,2019-07-08 04:00:00,1256687,,75.61335,16.43273,52
2019-07-07 23:00:00,1562565600.0,2019-07-08 06:00:00,1256689,,79.83442,15.71564,52
2019-07-08 00:00:00,1562569200.0,2019-07-08 07:00:00,1256690,,,,52
2019-07-08 03:00:00,1562580000.0,2019-07-08 10:00:00,1256693,,82.95429,15.19529,52
2019-07-08 04:00:00,1562583600.0,2019-07-08 11:00:00,1256694,,83.64996,14.95121,52
2019-07-08 05:00:00,1562587200.0,2019-07-08 12:00:00,1256695,,84.33354975,14.86370025,52
2019-07-08 06:00:00,1562590800.0,2019-07-08 13:00:00,1256696,,,,52
2019-07-08 09:00:00,1562601600.0,2019-07-08 16:00:00,1256699,,85.12815,15.427,52
2019-07-08 11:00:00,1562608800.0,2019-07-08 18:00:00,1256701,,74.05062,17.57313,52
2019-07-08 16:00:00,1562626800.0,2019-07-08 23:00:00,1256706,,68.74212,19.52029,52
2019-07-08 17:00:00,1562630400.0,2019-07-09 00:00:00,1256707,,,,52
2019-07-08 18:00:00,1562634000.0,2019-07-09 01:00:00,1256708,,,,52
2019-07-08 21:00:00,1562644800.0,2019-07-09 04:00:00,1256711,,78.3703,16.4631,52
2019-07-08 22:00:00,1562648400.0,2019-07-09 05:00:00,1256712,,,,52
2019-07-09 02:00:00,1562662800.0,2019-07-09 09:00:00,1256716,,,,52
2019-07-09 04:00:00,1562670000.0,2019-07-09 11:00:00,1256718,,78.51361,15.69019,52
2019-07-09 05:00:00,1562673600.0,2019-07-09 12:00:00,1256719,,,,52
2019-07-09 06:00:00,1562677200.0,2019-07-09 13:00:00,1256720,,77.90927,16.00457,52
2019-07-09 07:00:00,1562680800.0,2019-07-09 14:00:00,1256721,,,,52
2019-07-09 09:00:00,1562688000.0,2019-07-09 16:00:00,1256723,,74.58699,17.26249,52
2019-07-09 10:00:00,1562691600.0,2019-07-09 17:00:00,1256724,,72.05390911764705,18.281105294117648,52
2019-07-09 11:00:00,1562695200.0,2019-07-09 18:00:00,1256725,,64.33853,20.69691,52
2019-07-09 13:00:00,1562702400.0,2019-07-09 20:00:00,1256727,,62.42914,22.37055,52
2019-10-10 16:00:00,1570748400.0,2019-10-10 23:00:00,1256729,,15.22252,23.82936,52
2019-10-10 17:00:00,1570752000.0,2019-10-11 00:00:00,1256730,,14.685516666666667,24.5880985,52
2019-10-10 18:00:00,1570755600.0,2019-10-11 01:00:00,1256731,,16.370920833333333,23.897236166666666,52
2019-10-11 12:00:00,1570820400.0,2019-10-11 19:00:00,1256750,,18.207980833333334,24.684401666666666,52
2019-10-11 13:00:00,1570824000.0,2019-10-11 20:00:00,1256751,,16.193090166666668,28.420921333333332,52
2019-10-11 14:00:00,1570827600.0,2019-10-11 21:00:00,1256752,,16.23947,29.339742666666666,52
2019-10-11 15:00:00,1570831200.0,2019-10-11 22:00:00,1256753,,17.938851,27.596181166666668,52
2019-10-11 16:00:00,1570834800.0,2019-10-11 23:00:00,1256754,,18.380399666666666,27.229937833333334,52
2019-10-11 17:00:00,1570838400.0,2019-10-12 00:00:00,1256755,,20.096194,26.6076845,52
2019-10-11 18:00:00,1570842000.0,2019-10-12 01:00:00,1256756,,21.997456833333334,24.608426666666666,52
2019-10-12 12:00:00,1570906800.0,2019-10-12 19:00:00,1256774,,33.23199316666667,25.8128305,52
2019-10-12 13:00:00,1570910400.0,2019-10-12 20:00:00,1256775,,29.3296555,28.5840525,52
2019-10-12 14:00:00,1570914000.0,2019-10-12 21:00:00,1256776,,25.6403845,29.102265666666668,52
2019-10-12 15:00:00,1570917600.0,2019-10-12 22:00:00,1256777,,24.978671166666665,28.087815333333335,52
2019-10-12 16:00:00,1570921200.0,2019-10-12 23:00:00,1256778,,25.2381825,27.994460666666665,52
2019-10-12 17:00:00,1570924800.0,2019-10-13 00:00:00,1256779,,25.219377666666666,27.252882833333334,52
2019-10-12 18:00:00,1570928400.0,2019-10-13 01:00:00,1256780,,27.675553,25.015638,52
2019-10-12 19:00:00,1570932000.0,2019-10-13 02:00:00,1256781,,28.6391695,23.379178666666668,52
2019-10-13 11:00:00,1570989600.0,2019-10-13 18:00:00,1256797,,46.927344166666664,21.416871,52
2019-10-13 12:00:00,1570993200.0,2019-10-13 19:00:00,1256798,,43.81486,22.977131166666666,52
2019-10-13 13:00:00,1570996800.0,2019-10-13 20:00:00,1256799,,30.2318845,25.90865133333333,52
2019-10-13 14:00:00,1571000400.0,2019-10-13 21:00:00,1256800,,37.124357833333335,24.667610333333332,52
2019-10-13 15:00:00,1571004000.0,2019-10-13 22:00:00,1256801,,48.52313783333334,21.446738333333332,52
2019-10-14 13:00:00,1571083200.0,2019-10-14 20:00:00,1256823,,48.55883216666667,22.893214166666667,52
2019-10-14 14:00:00,1571086800.0,2019-10-14 21:00:00,1256824,,48.23562033333333,22.394611333333334,52
2019-10-14 16:00:00,1571094000.0,2019-10-14 23:00:00,1256826,,57.827898833333336,19.803582166666665,52
2019-10-15 11:00:00,1571162400.0,2019-10-15 18:00:00,1256845,,73.81737431034483,15.65270827586207,52
2019-10-15 12:00:00,1571166000.0,2019-10-15 19:00:00,1256846,,65.36712169491526,18.248684237288135,52
2019-10-15 13:00:00,1571169600.0,2019-10-15 20:00:00,1256847,,48.33276178571428,24.15055107142857,52
2019-10-15 14:00:00,1571173200.0,2019-10-15 21:00:00,1256848,,46.30439421052632,24.292231228070175,52
2019-10-15 15:00:00,1571176800.0,2019-10-15 22:00:00,1256849,,47.30013549019608,24.397779215686274,52
2019-10-15 16:00:00,1571180400.0,2019-10-15 23:00:00,1256850,,47.01638406779661,24.541727966101696,52
2019-10-15 17:00:00,1571184000.0,2019-10-16 00:00:00,1256851,,49.829707368421055,23.05718052631579,52
2019-10-15 18:00:00,1571187600.0,2019-10-16 01:00:00,1256852,,54.391454,20.5577585,52
2019-10-15 19:00:00,1571191200.0,2019-10-16 02:00:00,1256853,,56.70485913793104,18.315362413793103,52
2019-10-15 20:00:00,1571194800.0,2019-10-16 03:00:00,1256854,,53.05366508474576,18.153205084745764,52
2019-10-15 21:00:00,1571198400.0,2019-10-16 04:00:00,1256855,,49.11453758620689,18.171711379310345,52
2019-10-15 22:00:00,1571202000.0,2019-10-16 05:00:00,1256856,,56.21630857142857,17.437169464285713,52
2019-10-15 23:00:00,1571205600.0,2019-10-16 06:00:00,1256857,,52.123388771929825,17.843199122807018,52
2019-10-16 00:00:00,1571209200.0,2019-10-16 07:00:00,1256858,,52.55310661016949,17.760746440677966,52
2019-10-28 15:00:00,1572300000.0,2019-10-28 22:00:00,1256860,,17.44726,21.69853,52
2019-10-29 16:00:00,1572390000.0,2019-10-29 23:00:00,1256885,,19.2360035,22.430847333333332,52
2019-10-30 13:00:00,1572465600.0,2019-10-30 20:00:00,1256906,,14.246330666666667,23.369989333333333,52
2019-10-30 14:00:00,1572469200.0,2019-10-30 21:00:00,1161325,,15.90256,22.43787,52
2019-10-30 15:00:00,1572472800.0,2019-10-30 22:00:00,1945799,,16.589618333333334,21.960539166666667,52
2019-10-30 16:00:00,1572476400.0,2019-10-30 23:00:00,1945800,,17.943868166666668,21.225880333333333,52
2019-10-30 17:00:00,1572480000.0,2019-10-31 00:00:00,1945801,,18.624024833333333,20.531444333333333,52
2019-10-30 18:00:00,1572483600.0,2019-10-31 01:00:00,1945802,,18.940747333333334,19.60918016666667,52
2019-10-30 19:00:00,1572487200.0,2019-10-31 02:00:00,1945803,,19.104776333333334,19.267462333333334,52
2019-10-30 20:00:00,1572490800.0,2019-10-31 03:00:00,1945804,,19.370906166666668,19.219924666666667,52
2019-10-30 21:00:00,1572494400.0,2019-10-31 04:00:00,1945805,,19.763452666666666,19.237165,52
2019-10-30 22:00:00,1572498000.0,2019-10-31 05:00:00,1945806,,21.233177833333333,19.125976166666668,52
2019-10-30 23:00:00,1572501600.0,2019-10-31 06:00:00,1945807,,21.729752833333333,18.882308,52
2019-10-31 00:00:00,1572505200.0,2019-10-31 07:00:00,1945808,,19.8255075,18.426240333333332,52
2019-10-31 01:00:00,1572508800.0,2019-10-31 08:00:00,1945809,,17.905044666666665,18.08108633333333,52
2019-10-31 02:00:00,1572512400.0,2019-10-31 09:00:00,1945810,,17.752859,17.857687666666667,52
2019-10-31 03:00:00,1572516000.0,2019-10-31 10:00:00,1945811,,18.751313333333332,17.619218333333333,52
2019-10-31 04:00:00,1572519600.0,2019-10-31 11:00:00,1945812,,20.89467683333333,16.564984166666665,52
2019-10-31 05:00:00,1572523200.0,2019-10-31 12:00:00,1945813,,18.588843666666666,16.240608333333334,52
2019-10-31 06:00:00,1572526800.0,2019-10-31 13:00:00,1945814,,15.2331765,16.519124666666666,52
2019-10-31 07:00:00,1572530400.0,2019-10-31 14:00:00,1945815,,14.763092666666667,16.466040666666668,52
2019-10-31 08:00:00,1572534000.0,2019-10-31 15:00:00,1945816,,16.5892495,16.267229166666667,52
2019-10-31 09:00:00,1572537600.0,2019-10-31 16:00:00,1945817,,17.253901333333335,16.510908,52
2019-10-31 10:00:00,1572541200.0,2019-10-31 17:00:00,1945818,,17.669652333333335,17.819101,52
2019-10-31 11:00:00,1572544800.0,2019-10-31 18:00:00,1945819,,16.417701166666667,19.480407166666666,52
2019-10-31 12:00:00,1572548400.0,2019-10-31 19:00:00,1945820,,15.385196,21.308951666666665,52
2019-10-31 13:00:00,1572552000.0,2019-10-31 20:00:00,1945821,,14.631372166666667,24.34898533333333,52
2019-10-31 14:00:00,1572555600.0,2019-10-31 21:00:00,1945822,,12.797160166666666,26.734616833333334,52
2019-10-31 15:00:00,1572559200.0,2019-10-31 22:00:00,1945823,,14.649260333333334,24.582272500000002,52
2019-10-31 16:00:00,1572562800.0,2019-10-31 23:00:00,1945824,,15.356945166666666,23.777968333333334,52
2019-10-31 17:00:00,1572566400.0,2019-11-01 00:00:00,1945825,,18.10663033333333,22.7960695,52
2019-10-31 18:00:00,1572570000.0,2019-11-01 01:00:00,1945826,,19.49554983333333,20.529260166666667,52
2019-10-31 19:00:00,1572573600.0,2019-11-01 02:00:00,1945827,,19.526252166666666,19.162667166666665,52
2019-10-31 20:00:00,1572577200.0,2019-11-01 03:00:00,1945828,,20.106510166666666,18.624859,52
2019-10-31 21:00:00,1572580800.0,2019-11-01 04:00:00,1945829,,21.679595,18.147866666666665,52
2019-10-31 22:00:00,1572584400.0,2019-11-01 05:00:00,1945830,,21.980430666666667,17.765428833333335,52
2019-10-31 23:00:00,1572588000.0,2019-11-01 06:00:00,1945831,,21.625345833333334,17.692316166666668,52
2019-11-01 00:00:00,1572591600.0,2019-11-01 07:00:00,1945832,,23.036746666666666,18.070285333333334,52
2019-11-01 01:00:00,1572595200.0,2019-11-01 08:00:00,1945833,,23.378631833333333,18.104814833333332,52
2019-11-01 02:00:00,1572598800.0,2019-11-01 09:00:00,1945834,,23.272352333333334,17.783670166666667,52
2019-11-01 03:00:00,1572602400.0,2019-11-01 10:00:00,1945835,,23.3008695,17.508220333333334,52
2019-11-01 04:00:00,1572606000.0,2019-11-01 11:00:00,1945836,,24.36920466666667,16.97501816666667,52
2019-11-01 05:00:00,1572609600.0,2019-11-01 12:00:00,1945837,,24.908279833333335,16.610786333333333,52
2019-11-01 06:00:00,1572613200.0,2019-11-01 13:00:00,1945838,,27.784847666666668,16.0261585,52
2019-11-01 07:00:00,1572616800.0,2019-11-01 14:00:00,1945839,,31.1252355,15.514243,52
2019-11-01 08:00:00,1572620400.0,2019-11-01 15:00:00,1945840,,31.175791833333335,15.714297166666666,52
2019-11-01 09:00:00,1572624000.0,2019-11-01 16:00:00,1945841,,28.569355333333334,17.097924166666665,52
2019-11-01 10:00:00,1572627600.0,2019-11-01 17:00:00,1945842,,25.862128666666667,19.1669365,52
2019-11-01 11:00:00,1572631200.0,2019-11-01 18:00:00,1945843,,22.715077333333333,21.121063666666668,52
2019-11-01 12:00:00,1572634800.0,2019-11-01 19:00:00,1945844,,25.315843166666667,23.002490166666668,52
2019-11-01 13:00:00,1572638400.0,2019-11-01 20:00:00,1945845,,25.5177525,25.509139,52
2019-11-01 14:00:00,1572642000.0,2019-11-01 21:00:00,1945846,,14.934015333333333,28.259341666666668,52
2019-11-01 15:00:00,1572645600.0,2019-11-01 22:00:00,1945847,,16.06732433333333,25.681724,52
2019-11-01 16:00:00,1572649200.0,2019-11-01 23:00:00,1945848,,16.590611666666668,24.827622166666668,52
2019-11-01 17:00:00,1572652800.0,2019-11-02 00:00:00,1945849,,18.932587333333334,24.183708,52
2019-11-01 18:00:00,1572656400.0,2019-11-02 01:00:00,1945850,,19.990012333333333,22.481825333333333,52
2019-11-01 19:00:00,1572660000.0,2019-11-02 02:00:00,1945851,,20.2507505,21.129989833333333,52
2019-11-01 20:00:00,1572663600.0,2019-11-02 03:00:00,1945852,,21.053419333333334,20.510185666666665,52
2019-11-01 21:00:00,1572667200.0,2019-11-02 04:00:00,1945853,,21.529168666666667,19.892970166666668,52
2019-11-01 22:00:00,1572670800.0,2019-11-02 05:00:00,1945854,,21.8880835,19.475010833333332,52
2019-11-01 23:00:00,1572674400.0,2019-11-02 06:00:00,1945855,,21.158285333333332,19.2587185,52
2019-11-02 00:00:00,1572678000.0,2019-11-02 07:00:00,1945856,,23.5553605,19.389852333333334,52
2019-11-02 01:00:00,1572681600.0,2019-11-02 08:00:00,1945857,,23.410009333333335,18.744283,52
2019-11-02 02:00:00,1572685200.0,2019-11-02 09:00:00,1945858,,23.340890833333333,18.28200633333333,52
2019-11-02 03:00:00,1572688800.0,2019-11-02 10:00:00,1945859,,23.584845833333333,18.671761333333333,52
2019-11-02 04:00:00,1572692400.0,2019-11-02 11:00:00,1945860,,24.823536666666666,18.5987485,52
2019-11-02 05:00:00,1572696000.0,2019-11-02 12:00:00,1945861,,26.489147833333334,18.627153333333332,52
2019-11-02 06:00:00,1572699600.0,2019-11-02 13:00:00,1945862,,27.444847333333332,18.825663833333333,52
2019-11-02 07:00:00,1572703200.0,2019-11-02 14:00:00,1945863,,27.295042666666667,18.690637833333334,52
2019-11-02 08:00:00,1572706800.0,2019-11-02 15:00:00,1945864,,26.730399,18.831338333333335,52
2019-11-02 09:00:00,1572710400.0,2019-11-02 16:00:00,1945865,,24.470905,19.352322166666667,52
2019-11-02 10:00:00,1572714000.0,2019-11-02 17:00:00,1945866,,23.35948966666667,20.1698215,52
2019-11-02 11:00:00,1572717600.0,2019-11-02 18:00:00,1945867,,22.938074166666667,21.2665865,52
2019-11-02 12:00:00,1572721200.0,2019-11-02 19:00:00,1945868,,20.9183335,23.035100333333332,52
2019-11-02 13:00:00,1572724800.0,2019-11-02 20:00:00,1945869,,19.1177685,25.949654833333334,52
2019-11-02 14:00:00,1572728400.0,2019-11-02 21:00:00,1945870,,16.9580255,28.666315666666666,52
2019-11-02 15:00:00,1572732000.0,2019-11-02 22:00:00,1945871,,18.882386666666665,26.235735666666667,52
2019-11-02 16:00:00,1572735600.0,2019-11-02 23:00:00,1945872,,19.462226666666666,25.600033833333335,52
2019-11-02 17:00:00,1572739200.0,2019-11-03 00:00:00,1945873,,19.831172833333333,24.811061,52
2019-11-02 18:00:00,1572742800.0,2019-11-03 01:00:00,1945874,,21.712006666666667,23.022273,52
2019-11-02 19:00:00,1572746400.0,2019-11-03 02:00:00,1945875,,18.327047166666667,22.103360666666667,52
2019-11-02 20:00:00,1572750000.0,2019-11-03 03:00:00,1945876,,24.47817016666667,21.9278995,52
2019-11-02 21:00:00,1572753600.0,2019-11-03 04:00:00,1945877,,19.701345,21.135893,52
2019-11-02 22:00:00,1572757200.0,2019-11-03 05:00:00,1945878,,21.681741,20.472303166666666,52
2019-11-02 23:00:00,1572760800.0,2019-11-03 06:00:00,1945879,,24.305144333333335,20.064402833333332,52
2019-11-03 00:00:00,1572764400.0,2019-11-03 07:00:00,1945880,,25.525219833333335,20.141647666666668,52
2019-11-03 01:00:00,1572768000.0,2019-11-03 08:00:00,1945881,,25.875850166666666,19.960424,52
2019-11-03 01:00:00,1572771600.0,2019-11-03 09:00:00,1945882,,26.330025,20.048244166666667,52
2019-11-03 02:00:00,1572775200.0,2019-11-03 10:00:00,1945883,,27.446465833333335,19.911752,52
2019-11-03 03:00:00,1572778800.0,2019-11-03 11:00:00,1945884,,27.976718,19.638222166666665,52
2019-11-03 04:00:00,1572782400.0,2019-11-03 12:00:00,1945885,,27.983083833333332,19.150221833333333,52
2019-11-03 05:00:00,1572786000.0,2019-11-03 13:00:00,1945886,,27.106506833333334,19.096164666666667,52
2019-11-03 06:00:00,1572789600.0,2019-11-03 14:00:00,1945887,,26.98649,19.025403666666666,52
2019-11-03 07:00:00,1572793200.0,2019-11-03 15:00:00,1945888,,28.987050333333332,18.8475715,52
2019-11-03 08:00:00,1572796800.0,2019-11-03 16:00:00,1945889,,28.365749,20.254735666666665,52
2019-11-03 09:00:00,1572800400.0,2019-11-03 17:00:00,1945890,,30.052669833333333,22.293603166666667,52
2019-11-03 10:00:00,1572804000.0,2019-11-03 18:00:00,1945891,,28.3346805,23.802427333333334,52
2019-11-03 11:00:00,1572807600.0,2019-11-03 19:00:00,1945892,,29.0395845,25.070264166666668,52
2019-11-03 12:00:00,1572811200.0,2019-11-03 20:00:00,1945893,,27.7034025,27.698699833333333,52
2019-11-03 13:00:00,1572814800.0,2019-11-03 21:00:00,1945894,,26.735283,28.906338333333334,52
2019-11-03 14:00:00,1572818400.0,2019-11-03 22:00:00,1945895,,26.634381,27.884513166666668,52
2019-11-03 15:00:00,1572822000.0,2019-11-03 23:00:00,1945896,,26.3932755,28.001316833333334,52
2019-11-03 16:00:00,1572825600.0,2019-11-04 00:00:00,1945897,,27.434184166666668,27.033307333333333,52
2019-11-03 17:00:00,1572829200.0,2019-11-04 01:00:00,1945898,,25.581752333333334,25.303501,52
2019-11-03 18:00:00,1572832800.0,2019-11-04 02:00:00,1945899,,24.474398333333333,23.69272266666667,52
2019-11-03 19:00:00,1572836400.0,2019-11-04 03:00:00,1945900,,22.919996166666667,23.583753166666668,52
2019-11-03 20:00:00,1572840000.0,2019-11-04 04:00:00,1945901,,24.384325666666665,23.1003515,52
2019-11-03 21:00:00,1572843600.0,2019-11-04 05:00:00,1945902,,22.829767666666665,22.657141166666666,52
2019-11-03 22:00:00,1572847200.0,2019-11-04 06:00:00,1945903,,23.916760833333335,22.381169,52
2019-11-03 23:00:00,1572850800.0,2019-11-04 07:00:00,1945904,,25.758640166666666,21.2868725,52
2019-11-04 00:00:00,1572854400.0,2019-11-04 08:00:00,1945905,,26.0085865,20.931882333333334,52
2019-11-04 01:00:00,1572858000.0,2019-11-04 09:00:00,1945906,,25.089902833333333,21.460761833333333,52
2019-11-04 02:00:00,1572861600.0,2019-11-04 10:00:00,1945907,,26.346724333333334,20.979665999999998,52
2019-11-04 03:00:00,1572865200.0,2019-11-04 11:00:00,1945908,,27.905675166666665,20.400444666666665,52
2019-11-04 04:00:00,1572868800.0,2019-11-04 12:00:00,1945909,,28.731390263157895,20.04509342105263,52
2019-11-04 05:00:00,1572872400.0,2019-11-04 13:00:00,1945910,,29.538031458333332,18.813278333333333,52
2019-11-04 06:00:00,1572876000.0,2019-11-04 14:00:00,1945911,,30.3379815,18.577967833333332,52
2019-11-04 07:00:00,1572879600.0,2019-11-04 15:00:00,1945912,,31.84820440677966,18.996005423728814,52
2019-11-04 08:00:00,1572883200.0,2019-11-04 16:00:00,1945913,,30.317159444444446,20.351620740740742,52
2019-11-04 09:00:00,1572886800.0,2019-11-04 17:00:00,1945914,,29.818926833333332,21.6168565,52
2019-11-04 10:00:00,1572890400.0,2019-11-04 18:00:00,1945915,,35.12413866666667,23.040690166666668,52
2019-11-04 11:00:00,1572894000.0,2019-11-04 19:00:00,1945916,,37.61713392156863,24.119193725490195,52
2019-11-04 12:00:00,1572897600.0,2019-11-04 20:00:00,1945917,,29.401816833333335,27.6946585,52
2019-11-04 13:00:00,1572901200.0,2019-11-04 21:00:00,1945918,,31.66706,28.829312280701753,52
2019-11-04 15:00:00,1572908400.0,2019-11-04 23:00:00,1945920,,36.63185847826087,26.879056739130434,52
2019-11-04 16:00:00,1572912000.0,2019-11-05 00:00:00,1945921,,37.544815666666665,25.835978666666666,52
2019-11-04 17:00:00,1572915600.0,2019-11-05 01:00:00,1945922,,32.227523833333336,23.999024,52
2019-11-04 18:00:00,1572919200.0,2019-11-05 02:00:00,1945923,,33.20592237288135,22.734807966101695,52
2019-11-04 19:00:00,1572922800.0,2019-11-05 03:00:00,1945924,,31.5350525,22.34604076923077,52
2019-11-04 20:00:00,1572926400.0,2019-11-05 04:00:00,1945925,,32.913515714285715,21.955278571428572,52
2019-11-04 21:00:00,1572930000.0,2019-11-05 05:00:00,1945926,,36.624835166666664,21.368499166666666,52
2019-11-04 23:00:00,1572937200.0,2019-11-05 07:00:00,1945928,,,,52
2019-11-05 00:00:00,1572940800.0,2019-11-05 08:00:00,1945929,,31.839351999999998,21.147049333333335,52
2019-11-05 01:00:00,1572944400.0,2019-11-05 09:00:00,1945930,,31.864069999999998,19.973896296296296,52
2019-11-05 02:00:00,1572948000.0,2019-11-05 10:00:00,1945931,,37.26156448275862,19.37758655172414,52
2019-11-05 03:00:00,1572951600.0,2019-11-05 11:00:00,1945932,,37.602504347826084,19.550290869565217,52
2019-11-05 04:00:00,1572955200.0,2019-11-05 12:00:00,1945933,,38.4736312,18.896103,52
2019-11-05 05:00:00,1572958800.0,2019-11-05 13:00:00,1945934,,39.62400542857143,18.443827428571428,52
2019-11-05 06:00:00,1572962400.0,2019-11-05 14:00:00,1945935,,38.37532733333333,18.661248,52
2019-11-05 07:00:00,1572966000.0,2019-11-05 15:00:00,1945936,,40.035940000000004,19.244462666666667,52
2019-11-05 08:00:00,1572969600.0,2019-11-05 16:00:00,1945937,,38.16981895833334,19.969376875000002,52
2019-11-05 09:00:00,1572973200.0,2019-11-05 17:00:00,1945938,,35.4244025,21.8433985,52
2019-11-05 10:00:00,1572976800.0,2019-11-05 18:00:00,1945939,,42.08394529411765,23.179139215686273,52
2019-11-05 11:00:00,1572980400.0,2019-11-05 19:00:00,1945940,,44.23044240740741,23.994298148148147,52
2019-11-05 12:00:00,1572984000.0,2019-11-05 20:00:00,1945941,,41.62036142857143,26.14978232142857,52
2019-11-05 13:00:00,1572987600.0,2019-11-05 21:00:00,1945942,,32.48406947368421,28.69226789473684,52
2019-11-05 14:00:00,1572991200.0,2019-11-05 22:00:00,1945943,,32.48551511111111,28.203601555555554,52
2019-11-05 15:00:00,1572994800.0,2019-11-05 23:00:00,1945944,,33.4787082,27.5086006,52
2019-11-05 16:00:00,1572998400.0,2019-11-06 00:00:00,1945945,,33.31217685185185,26.003027962962964,52
2019-11-05 17:00:00,1573002000.0,2019-11-06 01:00:00,1945946,,32.211082545454545,24.04700581818182,52
2019-11-05 18:00:00,1573005600.0,2019-11-06 02:00:00,1945947,,30.210737,23.1603815,52
2019-11-05 19:00:00,1573009200.0,2019-11-06 03:00:00,1945948,,31.52194796296296,22.928350000000002,52
2019-11-05 20:00:00,1573012800.0,2019-11-06 04:00:00,1945949,,36.14286911111111,22.442934,52
2019-11-05 22:00:00,1573020000.0,2019-11-06 06:00:00,1945951,,37.73616,20.70396,52
2019-11-05 23:00:00,1573023600.0,2019-11-06 07:00:00,1945952,,45.08813833333333,19.445223333333335,52
2019-11-06 00:00:00,1573027200.0,2019-11-06 08:00:00,1945953,,63.20320566666667,16.0129375,52
2019-11-06 01:00:00,1573030800.0,2019-11-06 09:00:00,1945954,,75.681432,14.279332,52
2019-11-06 02:00:00,1573034400.0,2019-11-06 10:00:00,1945955,,77.89548585365854,14.031841951219512,52
2019-11-06 03:00:00,1573038000.0,2019-11-06 11:00:00,1945956,,78.86808,13.70469,52
2019-11-06 04:00:00,1573041600.0,2019-11-06 12:00:00,1945957,,80.35293527272728,13.441057272727273,52
2019-11-06 05:00:00,1573045200.0,2019-11-06 13:00:00,1945958,,80.44303411764706,13.530569019607842,52
2019-11-06 06:00:00,1573048800.0,2019-11-06 14:00:00,1945959,,80.67018,13.495001833333333,52
2019-11-06 07:00:00,1573052400.0,2019-11-06 15:00:00,1945960,,79.27631192307692,13.798407692307693,52
2019-11-06 08:00:00,1573056000.0,2019-11-06 16:00:00,1945961,,75.94524019607843,14.518191176470587,52
2019-11-06 09:00:00,1573059600.0,2019-11-06 17:00:00,1945962,,73.63171709090909,15.178989818181819,52
2019-11-06 10:00:00,1573063200.0,2019-11-06 18:00:00,1945963,,66.0491742,17.4736594,52
2019-11-06 11:00:00,1573066800.0,2019-11-06 19:00:00,1945964,,59.30673755555556,19.354336888888888,52
2019-11-06 12:00:00,1573070400.0,2019-11-06 20:00:00,1945965,,52.03474581818182,21.754814545454547,52
2019-11-06 13:00:00,1573074000.0,2019-11-06 21:00:00,1945966,,50.028993695652176,22.33600108695652,52
2019-11-06 14:00:00,1573077600.0,2019-11-06 22:00:00,1945967,,53.84731685185185,20.656730925925928,52
2019-11-06 15:00:00,1573081200.0,2019-11-06 23:00:00,1945968,,55.92971261904762,20.08088619047619,52
2019-11-06 16:00:00,1573084800.0,2019-11-07 00:00:00,1945969,,60.74269,18.4017,52
2019-11-06 17:00:00,1573088400.0,2019-11-07 01:00:00,1945970,,64.1002606122449,16.97660775510204,52
2019-11-06 19:00:00,1573095600.0,2019-11-07 03:00:00,1945972,,58.92526384615385,18.003860576923078,52
2019-11-06 20:00:00,1573099200.0,2019-11-07 04:00:00,1945973,,58.718814897959184,17.929592653061224,52
2019-11-06 21:00:00,1573102800.0,2019-11-07 05:00:00,1945974,,61.9505215,17.00532725,52
2019-11-06 22:00:00,1573106400.0,2019-11-07 06:00:00,1945975,,61.99585901960784,16.849705294117648,52
2019-11-06 23:00:00,1573110000.0,2019-11-07 07:00:00,1945976,,72.36802452830189,14.65446603773585,52
2019-11-07 00:00:00,1573113600.0,2019-11-07 08:00:00,1945977,,71.89695108695652,14.896470869565217,52
2019-11-07 01:00:00,1573117200.0,2019-11-07 09:00:00,1945978,,71.86826472222222,14.34520611111111,52
2019-11-07 02:00:00,1573120800.0,2019-11-07 10:00:00,1945979,,70.796854,14.620108,52
2019-11-07 03:00:00,1573124400.0,2019-11-07 11:00:00,1945980,,70.30927276595745,14.194491489361702,52
2019-11-07 05:00:00,1573131600.0,2019-11-07 13:00:00,1945982,,71.75319,14.21372,52
2019-11-07 06:00:00,1573135200.0,2019-11-07 14:00:00,1945983,,79.1802585,12.879897333333334,52
2019-11-07 07:00:00,1573138800.0,2019-11-07 15:00:00,1945984,,79.13146096153847,13.105626538461538,52
2019-11-07 08:00:00,1573142400.0,2019-11-07 16:00:00,1945985,,81.003913,13.8252035,52
2019-11-07 09:00:00,1573146000.0,2019-11-07 17:00:00,1945986,,79.75116583333333,15.282466666666666,52
2019-11-07 10:00:00,1573149600.0,2019-11-07 18:00:00,1945987,,74.08627636363636,16.458698,52
2019-11-07 11:00:00,1573153200.0,2019-11-07 19:00:00,1945988,,65.693766,18.575612800000002,52
2019-11-07 12:00:00,1573156800.0,2019-11-07 20:00:00,1945989,,55.68771549019608,21.820762156862745,52
2019-11-07 13:00:00,1573160400.0,2019-11-07 21:00:00,1945990,,48.799306666666666,23.529055625,52
2019-11-07 14:00:00,1573164000.0,2019-11-07 22:00:00,1945991,,56.307605208333335,20.407874583333335,52
2019-11-07 15:00:00,1573167600.0,2019-11-07 23:00:00,1945992,,67.28640892857143,16.8019725,52
2019-11-07 16:00:00,1573171200.0,2019-11-08 00:00:00,1945993,,77.5654665,14.3775865,52
2019-11-07 17:00:00,1573174800.0,2019-11-08 01:00:00,1945994,,80.18663016666666,14.032112166666666,52
2019-11-07 18:00:00,1573178400.0,2019-11-08 02:00:00,1945995,,79.45847326086957,14.217151739130435,52
2019-11-07 19:00:00,1573182000.0,2019-11-08 03:00:00,1945996,,80.92874416666666,13.925985833333334,52
2019-11-07 20:00:00,1573185600.0,2019-11-08 04:00:00,1945997,,80.95863574074075,13.996006851851853,52
2019-11-07 21:00:00,1573189200.0,2019-11-08 05:00:00,1945998,,80.7957362264151,14.04492679245283,52
2019-11-07 22:00:00,1573192800.0,2019-11-08 06:00:00,1945999,,81.63027867924528,13.957395471698113,52
2019-11-07 23:00:00,1573196400.0,2019-11-08 07:00:00,1946000,,79.99245901960785,14.16425862745098,52
2019-11-08 00:00:00,1573200000.0,2019-11-08 08:00:00,1946001,,77.866591,14.3236175,52
2019-11-08 01:00:00,1573203600.0,2019-11-08 09:00:00,1946002,,74.98954488372092,14.049446976744186,52
2019-11-08 02:00:00,1573207200.0,2019-11-08 10:00:00,1946003,,79.82736042553191,13.742990638297872,52
2019-11-08 03:00:00,1573210800.0,2019-11-08 11:00:00,1946004,,81.52997346153846,13.609399038461538,52
2019-11-08 04:00:00,1573214400.0,2019-11-08 12:00:00,1946005,,79.22822557692308,13.890319615384616,52
2019-11-08 05:00:00,1573218000.0,2019-11-08 13:00:00,1946006,,76.77851,13.51739652173913,52
2019-11-08 07:00:00,1573225200.0,2019-11-08 15:00:00,1946008,,79.1064,13.31001,52
2019-11-08 08:00:00,1573228800.0,2019-11-08 16:00:00,1946009,,81.421631,14.058336166666667,52
2019-11-08 09:00:00,1573232400.0,2019-11-08 17:00:00,1946010,,69.3618585106383,16.82781914893617,52
2019-11-08 10:00:00,1573236000.0,2019-11-08 18:00:00,1946011,,53.698408,19.1479285,52
2019-11-08 11:00:00,1573239600.0,2019-11-08 19:00:00,1946012,,52.305076666666665,21.241603541666667,52
2019-11-08 12:00:00,1573243200.0,2019-11-08 20:00:00,1946013,,43.4245046,23.9929726,52
2019-11-08 13:00:00,1573246800.0,2019-11-08 21:00:00,1946014,,47.47522563636364,23.505972181818183,52
2019-11-08 14:00:00,1573250400.0,2019-11-08 22:00:00,1946015,,51.2324175,22.069050909090908,52
2019-11-08 15:00:00,1573254000.0,2019-11-08 23:00:00,1946016,,56.747636166666666,20.200520833333332,52
2019-11-08 16:00:00,1573257600.0,2019-11-09 00:00:00,1946017,,67.30007333333333,16.856017666666666,52
2019-11-08 17:00:00,1573261200.0,2019-11-09 01:00:00,1946018,,70.6961274074074,15.696376851851852,52
2019-11-08 18:00:00,1573264800.0,2019-11-09 02:00:00,1946019,,66.8798719047619,15.971769047619048,52
2019-11-08 19:00:00,1573268400.0,2019-11-09 03:00:00,1946020,,68.07691315789474,15.531574210526315,52
2019-11-08 20:00:00,1573272000.0,2019-11-09 04:00:00,1946021,,66.81671723404256,16.0844414893617,52
2019-11-08 21:00:00,1573275600.0,2019-11-09 05:00:00,1946022,,65.91890159090909,16.32929340909091,52
2019-11-08 22:00:00,1573279200.0,2019-11-09 06:00:00,1946023,,65.5245332,16.3846432,52
2019-11-08 23:00:00,1573282800.0,2019-11-09 07:00:00,1946024,,68.59054866666666,15.806013,52
2019-11-09 01:00:00,1573290000.0,2019-11-09 09:00:00,1946026,,66.50716652173914,16.077085,52
2019-11-09 02:00:00,1573293600.0,2019-11-09 10:00:00,1946027,,77.63211185185185,14.04146074074074,52
2019-11-09 03:00:00,1573297200.0,2019-11-09 11:00:00,1946028,,77.34367,13.98091,52
2019-11-09 04:00:00,1573300800.0,2019-11-09 12:00:00,1946029,,73.8680936,14.6925956,52
2019-11-09 05:00:00,1573304400.0,2019-11-09 13:00:00,1946030,,71.1633030909091,14.722885090909092,52
2019-11-09 06:00:00,1573308000.0,2019-11-09 14:00:00,1946031,,69.84687627450981,14.547197647058823,52
2019-11-09 07:00:00,1573311600.0,2019-11-09 15:00:00,1946032,,72.74005195121951,14.351031707317073,52
2019-11-09 08:00:00,1573315200.0,2019-11-09 16:00:00,1946033,,75.99073283333334,13.949465666666667,52
2019-11-09 09:00:00,1573318800.0,2019-11-09 17:00:00,1946034,,73.41161983333333,15.371581833333334,52
2019-11-09 10:00:00,1573322400.0,2019-11-09 18:00:00,1946035,,70.69892116666666,16.9142455,52
2019-11-09 11:00:00,1573326000.0,2019-11-09 19:00:00,1946036,,61.53728709090909,19.42360109090909,52
2019-11-09 12:00:00,1573329600.0,2019-11-09 20:00:00,1946037,,54.00874525423729,21.867749830508476,52
2019-11-09 13:00:00,1573333200.0,2019-11-09 21:00:00,1946038,,46.44822923076923,24.035744615384615,52
2019-11-09 14:00:00,1573336800.0,2019-11-09 22:00:00,1946039,,,,52
2019-11-09 15:00:00,1573340400.0,2019-11-09 23:00:00,1946040,,42.93705981132075,25.61866641509434,52
2019-11-09 16:00:00,1573344000.0,2019-11-10 00:00:00,1946041,,50.04706,22.2563912,52
2019-11-09 17:00:00,1573347600.0,2019-11-10 01:00:00,1946042,,53.38016775510204,19.198440612244898,52
2019-11-09 18:00:00,1573351200.0,2019-11-10 02:00:00,1946043,,51.600617962962964,18.76233851851852,52
2019-11-09 19:00:00,1573354800.0,2019-11-10 03:00:00,1946044,,59.19264964285714,17.511201785714285,52
2019-11-09 20:00:00,1573358400.0,2019-11-10 04:00:00,1946045,,63.760310952380955,16.51882738095238,52
2019-11-09 21:00:00,1573362000.0,2019-11-10 05:00:00,1946046,,68.86980283018868,15.526587735849057,52
2019-11-09 22:00:00,1573365600.0,2019-11-10 06:00:00,1946047,,78.36681333333333,13.837242666666667,52
2019-11-09 23:00:00,1573369200.0,2019-11-10 07:00:00,1946048,,80.37366244444445,13.649632888888888,52
2019-11-10 00:00:00,1573372800.0,2019-11-10 08:00:00,1946049,,81.51928866666667,13.528617333333333,52
2019-11-10 01:00:00,1573376400.0,2019-11-10 09:00:00,1946050,,82.67967245614035,13.265114210526315,52
2019-11-10 02:00:00,1573380000.0,2019-11-10 10:00:00,1946051,,81.66125326530612,13.40583918367347,52
2019-11-10 03:00:00,1573383600.0,2019-11-10 11:00:00,1946052,,76.230275625,13.780562083333333,52
2019-11-10 04:00:00,1573387200.0,2019-11-10 12:00:00,1946053,,79.01151186046512,13.28561511627907,52
2019-11-10 05:00:00,1573390800.0,2019-11-10 13:00:00,1946054,,77.81193941176471,13.340823529411765,52
2019-11-10 06:00:00,1573394400.0,2019-11-10 14:00:00,1946055,,81.71931563636363,12.951240727272728,52
2019-11-10 07:00:00,1573398000.0,2019-11-10 15:00:00,1946056,,80.32218980392157,12.97598137254902,52
2019-11-10 09:00:00,1573405200.0,2019-11-10 17:00:00,1946058,,76.75910227272728,15.354132727272727,52
2019-11-10 10:00:00,1573408800.0,2019-11-10 18:00:00,1946059,,68.9640796226415,18.517093396226414,52
2019-11-10 11:00:00,1573412400.0,2019-11-10 19:00:00,1946060,,58.83459038461538,20.659766923076923,52
2019-11-10 12:00:00,1573416000.0,2019-11-10 20:00:00,1946061,,52.29521781818182,22.914171272727273,52
2019-11-10 13:00:00,1573419600.0,2019-11-10 21:00:00,1946062,,47.727361951219514,24.586685365853658,52
2019-11-10 14:00:00,1573423200.0,2019-11-10 22:00:00,1946063,,45.266047666666665,25.725402,52
2019-11-10 15:00:00,1573426800.0,2019-11-10 23:00:00,1946064,,49.83112173913044,23.84377608695652,52
2019-11-10 16:00:00,1573430400.0,2019-11-11 00:00:00,1946065,,51.20340761904762,22.507677857142856,52
2019-11-10 17:00:00,1573434000.0,2019-11-11 01:00:00,1946066,,47.80925,21.15491,52
2019-11-10 18:00:00,1573437600.0,2019-11-11 02:00:00,1946067,,49.43037230769231,21.077868076923078,52
2019-11-10 19:00:00,1573441200.0,2019-11-11 03:00:00,1946068,,43.27187326530612,21.266813265306123,52
2019-11-10 20:00:00,1573444800.0,2019-11-11 04:00:00,1946069,,36.05901045454545,22.093828181818182,52
2019-11-10 21:00:00,1573448400.0,2019-11-11 05:00:00,1946070,,48.13613779661017,19.86460627118644,52
2019-11-10 22:00:00,1573452000.0,2019-11-11 06:00:00,1946071,,48.30239053571429,19.513203392857143,52
2019-11-10 23:00:00,1573455600.0,2019-11-11 07:00:00,1946072,,47.173149607843136,19.162587647058825,52
2019-11-11 00:00:00,1573459200.0,2019-11-11 08:00:00,1946073,,43.245685087719295,19.89552754385965,52
2019-11-11 01:00:00,1573462800.0,2019-11-11 09:00:00,1946074,,37.39883571428572,20.13759,52
2019-11-11 02:00:00,1573466400.0,2019-11-11 10:00:00,1946075,,37.019276363636365,20.34860181818182,52
2019-11-11 03:00:00,1573470000.0,2019-11-11 11:00:00,1946076,,39.07408791666667,19.901894583333334,52
2019-11-11 04:00:00,1573473600.0,2019-11-11 12:00:00,1946077,,39.7603275,19.964361964285715,52
2019-11-11 05:00:00,1573477200.0,2019-11-11 13:00:00,1946078,,38.0453184,21.0572824,52
2019-11-11 06:00:00,1573480800.0,2019-11-11 14:00:00,1946079,,36.45392416666667,22.054414166666668,52
2019-11-11 07:00:00,1573484400.0,2019-11-11 15:00:00,1946080,,38.41923314814815,22.034521851851853,52
2019-11-11 08:00:00,1573488000.0,2019-11-11 16:00:00,1946081,,36.43352183673469,22.676936938775512,52
2019-11-11 09:00:00,1573491600.0,2019-11-11 17:00:00,1946082,,34.816421818181816,24.073064363636362,52
2019-11-11 10:00:00,1573495200.0,2019-11-11 18:00:00,1946083,,34.55823673076923,25.379751730769232,52
2019-11-11 11:00:00,1573498800.0,2019-11-11 19:00:00,1946084,,32.31701763636364,26.472495454545456,52
2019-11-11 12:00:00,1573502400.0,2019-11-11 20:00:00,1946085,,30.35284288888889,28.037601555555554,52
2019-11-11 13:00:00,1573506000.0,2019-11-11 21:00:00,1946086,,30.35550183333333,28.7266775,52
2019-11-11 14:00:00,1573509600.0,2019-11-11 22:00:00,1946087,,30.35934804347826,28.402893478260868,52
2019-11-11 15:00:00,1573513200.0,2019-11-11 23:00:00,1946088,,32.33534,27.529464,52
2019-11-11 16:00:00,1573516800.0,2019-11-12 00:00:00,1946089,,35.16119047619048,26.681060476190478,52
2019-11-11 17:00:00,1573520400.0,2019-11-12 01:00:00,1946090,,37.68668566666667,24.698780333333332,52
2019-11-11 18:00:00,1573524000.0,2019-11-12 02:00:00,1946091,,38.4054655,23.593133833333333,52
2019-11-11 19:00:00,1573527600.0,2019-11-12 03:00:00,1946092,,38.163047192982454,23.397277192982457,52
2019-11-11 21:00:00,1573534800.0,2019-11-12 05:00:00,1946094,,39.26056,23.00908,52
2019-11-11 22:00:00,1573538400.0,2019-11-12 06:00:00,1946095,,40.5735693220339,22.666410338983052,52
2019-11-11 23:00:00,1573542000.0,2019-11-12 07:00:00,1946096,,41.06304446428572,22.484450714285714,52
2019-11-12 00:00:00,1573545600.0,2019-11-12 08:00:00,1946097,,41.42520773584906,22.33357037735849,52
2019-11-12 01:00:00,1573549200.0,2019-11-12 09:00:00,1946098,,41.357175272727275,22.27775181818182,52
2019-11-12 02:00:00,1573552800.0,2019-11-12 10:00:00,1946099,,43.251443555555554,21.898760444444445,52
2019-11-12 03:00:00,1573556400.0,2019-11-12 11:00:00,1946100,,44.79885135135135,21.471037567567567,52
2019-11-12 04:00:00,1573560000.0,2019-11-12 12:00:00,1946101,,45.99943538461538,20.73793423076923,52
2019-11-12 05:00:00,1573563600.0,2019-11-12 13:00:00,1946102,,45.6816256,20.623781,52
2019-11-12 06:00:00,1573567200.0,2019-11-12 14:00:00,1946103,,45.44638333333333,20.275516333333332,52
2019-11-12 07:00:00,1573570800.0,2019-11-12 15:00:00,1946104,,43.73103232142857,20.462954107142856,52
2019-11-12 08:00:00,1573574400.0,2019-11-12 16:00:00,1946105,,42.73387604166667,21.679087708333334,52
2019-11-12 09:00:00,1573578000.0,2019-11-12 17:00:00,1946106,,43.28767355932203,21.993599491525423,52
2019-11-12 10:00:00,1573581600.0,2019-11-12 18:00:00,1946107,,38.55997693877551,23.38382530612245,52
2019-11-12 11:00:00,1573585200.0,2019-11-12 19:00:00,1946108,,35.46969,24.832170333333334,52
2019-11-12 12:00:00,1573588800.0,2019-11-12 20:00:00,1946109,,39.47430946428572,26.974279285714285,52
2019-11-12 13:00:00,1573592400.0,2019-11-12 21:00:00,1946110,,36.23703779661017,27.992236779661017,52
2019-11-12 14:00:00,1573596000.0,2019-11-12 22:00:00,1946111,,36.423863454545454,28.10386727272727,52
2019-11-12 15:00:00,1573599600.0,2019-11-12 23:00:00,1946112,,,,52
2019-11-12 16:00:00,1573603200.0,2019-11-13 00:00:00,1946113,,35.17166705882353,25.701835098039215,52
2019-11-12 17:00:00,1573606800.0,2019-11-13 01:00:00,1946114,,37.85140666666667,24.097213541666665,52
2019-11-12 18:00:00,1573610400.0,2019-11-13 02:00:00,1946115,,37.58207293103448,23.031157068965516,52
2019-11-12 19:00:00,1573614000.0,2019-11-13 03:00:00,1946116,,40.81097625,22.90628375,52
2019-11-12 20:00:00,1573617600.0,2019-11-13 04:00:00,1946117,,40.63168926829268,22.437627804878048,52
2019-11-12 21:00:00,1573621200.0,2019-11-13 05:00:00,1946118,,40.08373596153846,21.707878846153847,52
2019-11-12 22:00:00,1573624800.0,2019-11-13 06:00:00,1946119,,41.392072127659574,21.868511914893617,52
2019-11-12 23:00:00,1573628400.0,2019-11-13 07:00:00,1946120,,42.20924814814815,21.62185703703704,52
2019-11-13 00:00:00,1573632000.0,2019-11-13 08:00:00,1946121,,44.28179166666666,21.044031166666667,52
2019-11-13 01:00:00,1573635600.0,2019-11-13 09:00:00,1946122,,45.285971694915254,20.68476220338983,52
2019-11-13 02:00:00,1573639200.0,2019-11-13 10:00:00,1946123,,44.63569977777778,20.977179777777778,52
2019-11-13 03:00:00,1573642800.0,2019-11-13 11:00:00,1946124,,45.72795693877551,20.495991224489796,52
2019-11-13 04:00:00,1573646400.0,2019-11-13 12:00:00,1946125,,47.93813285714286,19.716021020408164,52
2019-11-13 05:00:00,1573650000.0,2019-11-13 13:00:00,1946126,,51.11026245283019,19.23658113207547,52
2019-11-13 06:00:00,1573653600.0,2019-11-13 14:00:00,1946127,,51.76888345454545,18.894738363636364,52
2019-11-13 08:00:00,1573660800.0,2019-11-13 16:00:00,1946129,,57.59793,18.79049,52
2019-11-13 09:00:00,1573664400.0,2019-11-13 17:00:00,1946130,,63.95305416666667,17.920611166666667,52
2019-11-13 10:00:00,1573668000.0,2019-11-13 18:00:00,1946131,,58.876896333333335,20.024838833333334,52
2019-11-13 11:00:00,1573671600.0,2019-11-13 19:00:00,1946132,,59.21124368421053,19.693443157894738,52
2019-11-13 12:00:00,1573675200.0,2019-11-13 20:00:00,1946133,,60.887565813953486,19.26447441860465,52
2019-11-13 13:00:00,1573678800.0,2019-11-13 21:00:00,1946134,,57.993664,20.376758666666667,52
2019-11-13 14:00:00,1573682400.0,2019-11-13 22:00:00,1946135,,60.87291903846154,19.188253846153845,52
2019-11-13 15:00:00,1573686000.0,2019-11-13 23:00:00,1946136,,71.81200618181818,16.112531636363638,52
2019-11-13 16:00:00,1573689600.0,2019-11-14 00:00:00,1946137,,75.80722784313726,15.511387843137255,52
2019-11-13 17:00:00,1573693200.0,2019-11-14 01:00:00,1946138,,77.74873534482758,15.032871896551724,52
2019-11-13 18:00:00,1573696800.0,2019-11-14 02:00:00,1946139,,78.13543745454545,15.032181818181819,52
2019-11-13 19:00:00,1573700400.0,2019-11-14 03:00:00,1946140,,77.3454025,15.1175825,52
2019-11-13 20:00:00,1573704000.0,2019-11-14 04:00:00,1946141,,78.07095389830508,14.953665423728813,52
2019-11-13 21:00:00,1573707600.0,2019-11-14 05:00:00,1946142,,78.16806254237288,14.755470508474577,52
2019-11-13 22:00:00,1573711200.0,2019-11-14 06:00:00,1946143,,77.09263113636364,14.971387727272727,52
2019-11-13 23:00:00,1573714800.0,2019-11-14 07:00:00,1946144,,76.3640584090909,15.181434318181818,52
2019-11-14 01:00:00,1573722000.0,2019-11-14 09:00:00,1946146,,76.19618,15.13746,52
2019-11-14 02:00:00,1573725600.0,2019-11-14 10:00:00,1946147,,74.9539029787234,15.170523404255318,52
2019-11-14 03:00:00,1573729200.0,2019-11-14 11:00:00,1946148,,73.6668952173913,15.356336739130434,52
2019-11-14 04:00:00,1573732800.0,2019-11-14 12:00:00,1946149,,73.33322636363636,15.550937454545455,52
2019-11-14 05:00:00,1573736400.0,2019-11-14 13:00:00,1946150,,74.13477102040817,15.399934897959184,52
2019-11-14 06:00:00,1573740000.0,2019-11-14 14:00:00,1946151,,77.59202666666667,15.083757,52
2019-11-14 07:00:00,1573743600.0,2019-11-14 15:00:00,1946152,,75.54512762711865,14.99686661016949,52
2019-11-14 08:00:00,1573747200.0,2019-11-14 16:00:00,1946153,,71.92079581818182,15.442254181818182,52
2019-11-14 09:00:00,1573750800.0,2019-11-14 17:00:00,1946154,,67.91265176470588,16.398381470588234,52
2019-11-14 10:00:00,1573754400.0,2019-11-14 18:00:00,1946155,,64.7205725,17.237795,52
2019-11-14 11:00:00,1573758000.0,2019-11-14 19:00:00,1946156,,65.85773862745098,17.509982549019607,52
2019-11-14 12:00:00,1573761600.0,2019-11-14 20:00:00,1946157,,67.12900416666666,17.761568166666667,52
2019-11-14 14:00:00,1573768800.0,2019-11-14 22:00:00,1946159,,79.60495,16.49732,52
2019-11-14 15:00:00,1573772400.0,2019-11-14 23:00:00,1946160,,80.74596183333334,16.226045666666668,52
2019-11-14 16:00:00,1573776000.0,2019-11-15 00:00:00,1946161,,80.9222945,15.972960333333333,52
2019-11-14 17:00:00,1573779600.0,2019-11-15 01:00:00,1946162,,80.2157113559322,15.646024915254237,52
2019-11-14 18:00:00,1573783200.0,2019-11-15 02:00:00,1946163,,80.16070133333334,15.6683195,52
2019-11-14 19:00:00,1573786800.0,2019-11-15 03:00:00,1946164,,80.07761351851852,15.702647777777777,52
2019-11-14 20:00:00,1573790400.0,2019-11-15 04:00:00,1946165,,81.48803,15.530172307692307,52
2019-11-14 21:00:00,1573794000.0,2019-11-15 05:00:00,1946166,,79.9905055,15.816835,52
2019-11-14 22:00:00,1573797600.0,2019-11-15 06:00:00,1946167,,80.68893921568628,15.71602862745098,52
2019-11-14 23:00:00,1573801200.0,2019-11-15 07:00:00,1946168,,78.35669224489796,15.524837142857143,52
2019-11-15 00:00:00,1573804800.0,2019-11-15 08:00:00,1946169,,76.48291101694915,15.480197288135594,52
2019-11-15 01:00:00,1573808400.0,2019-11-15 09:00:00,1946170,,74.68804899999999,16.00175425,52
2019-11-15 02:00:00,1573812000.0,2019-11-15 10:00:00,1946171,,74.90452977272727,16.076401363636364,52
2019-11-15 03:00:00,1573815600.0,2019-11-15 11:00:00,1946172,,75.95472,15.86839,52
2019-11-15 04:00:00,1573819200.0,2019-11-15 12:00:00,1946173,,75.585673,15.8950754,52
2019-11-15 05:00:00,1573822800.0,2019-11-15 13:00:00,1946174,,73.76122196078431,16.003465490196078,52
2019-11-15 06:00:00,1573826400.0,2019-11-15 14:00:00,1946175,,,,52
2019-11-15 07:00:00,1573830000.0,2019-11-15 15:00:00,1946176,,72.36071754716981,16.249797924528302,52
2019-11-15 08:00:00,1573833600.0,2019-11-15 16:00:00,1946177,,70.12945395833333,16.767424166666668,52
2019-11-15 09:00:00,1573837200.0,2019-11-15 17:00:00,1946178,,67.98033276595744,17.585409787234042,52
2019-11-15 10:00:00,1573840800.0,2019-11-15 18:00:00,1946179,,63.9547005,18.423725666666666,52
2019-11-15 11:00:00,1573844400.0,2019-11-15 19:00:00,1946180,,60.76373275862069,19.587738965517243,52
2019-11-15 12:00:00,1573848000.0,2019-11-15 20:00:00,1946181,,54.5505405,21.86770425,52
2019-11-15 13:00:00,1573851600.0,2019-11-15 21:00:00,1946182,,51.75994607843137,23.407837647058823,52
2019-11-15 14:00:00,1573855200.0,2019-11-15 22:00:00,1946183,,52.429503898305086,23.49846711864407,52
2019-11-15 15:00:00,1573858800.0,2019-11-15 23:00:00,1946184,,63.4513426,20.1318278,52
2019-11-15 16:00:00,1573862400.0,2019-11-16 00:00:00,1946185,,67.62543475,19.1482065,52
2019-11-15 17:00:00,1573866000.0,2019-11-16 01:00:00,1946186,,68.87773833333334,18.455008333333332,52
2019-11-15 18:00:00,1573869600.0,2019-11-16 02:00:00,1946187,,68.86654883333334,18.306538333333332,52
2019-11-15 19:00:00,1573873200.0,2019-11-16 03:00:00,1946188,,70.33941,18.077750961538463,52
2019-11-15 20:00:00,1573876800.0,2019-11-16 04:00:00,1946189,,72.29698727272728,17.549064,52
2019-11-15 21:00:00,1573880400.0,2019-11-16 05:00:00,1946190,,72.16135111111112,17.339803888888888,52
2019-11-15 22:00:00,1573884000.0,2019-11-16 06:00:00,1946191,,72.281856,17.1301535,52
2019-11-15 23:00:00,1573887600.0,2019-11-16 07:00:00,1946192,,71.94051576923077,17.249654615384614,52
2019-11-16 00:00:00,1573891200.0,2019-11-16 08:00:00,1946193,,72.42768,16.990768125,52
2019-11-16 01:00:00,1573894800.0,2019-11-16 09:00:00,1946194,,72.653865,16.90817173076923,52
2019-11-16 02:00:00,1573898400.0,2019-11-16 10:00:00,1946195,,72.09167076923077,16.91444230769231,52
2019-11-16 03:00:00,1573902000.0,2019-11-16 11:00:00,1946196,,73.25992176470588,16.704262352941175,52
2019-11-16 04:00:00,1573905600.0,2019-11-16 12:00:00,1946197,,72.50760395833333,16.582851041666668,52
2019-11-16 05:00:00,1573909200.0,2019-11-16 13:00:00,1946198,,73.18249633333333,15.939044333333333,52
2019-11-16 06:00:00,1573912800.0,2019-11-16 14:00:00,1946199,,76.562669,15.626479833333333,52
2019-11-16 07:00:00,1573916400.0,2019-11-16 15:00:00,1946200,,74.42753375,16.05523375,52
2019-11-16 09:00:00,1573923600.0,2019-11-16 17:00:00,1946202,,74.82166558139535,17.93693441860465,52
2019-11-16 10:00:00,1573927200.0,2019-11-16 18:00:00,1946203,,71.42985484848485,19.664675454545453,52
2019-11-16 11:00:00,1573930800.0,2019-11-16 19:00:00,1946204,,67.32483183333333,20.487523,52
2019-11-16 12:00:00,1573934400.0,2019-11-16 20:00:00,1946205,,58.621049,22.834683000000002,52
2019-11-16 13:00:00,1573938000.0,2019-11-16 21:00:00,1946206,,50.995351666666664,24.7429045,52
2019-11-16 14:00:00,1573941600.0,2019-11-16 22:00:00,1946207,,47.064139245283016,25.369325849056604,52
2019-11-16 15:00:00,1573945200.0,2019-11-16 23:00:00,1946208,,47.98363090909091,24.00394,52
2019-11-16 16:00:00,1573948800.0,2019-11-17 00:00:00,1946209,,50.61275387755102,22.310935714285716,52
2019-11-16 17:00:00,1573952400.0,2019-11-17 01:00:00,1946210,,56.7811835,20.855853833333335,52
2019-11-16 18:00:00,1573956000.0,2019-11-17 02:00:00,1946211,,55.758066666666664,20.32826254901961,52
2019-11-16 19:00:00,1573959600.0,2019-11-17 03:00:00,1946212,,57.12834037037037,20.05293388888889,52
2019-11-16 20:00:00,1573963200.0,2019-11-17 04:00:00,1946213,,59.363776666666666,19.956208166666666,52
2019-11-16 21:00:00,1573966800.0,2019-11-17 05:00:00,1946214,,54.00301549019608,20.05334568627451,52
2019-11-16 22:00:00,1573970400.0,2019-11-17 06:00:00,1946215,,53.996826,20.244015555555556,52
2019-11-16 23:00:00,1573974000.0,2019-11-17 07:00:00,1946216,,55.50518956521739,20.338950652173914,52
2019-11-17 00:00:00,1573977600.0,2019-11-17 08:00:00,1946217,,52.7707866,20.171895,52
2019-11-17 01:00:00,1573981200.0,2019-11-17 09:00:00,1946218,,56.239052962962965,19.744085925925926,52
2019-11-17 02:00:00,1573984800.0,2019-11-17 10:00:00,1946219,,55.87070911111111,19.195224222222222,52
2019-11-17 03:00:00,1573988400.0,2019-11-17 11:00:00,1946220,,56.39096118644068,18.344724237288137,52
2019-11-17 04:00:00,1573992000.0,2019-11-17 12:00:00,1946221,,52.726689787234044,18.87067829787234,52
2019-11-17 05:00:00,1573995600.0,2019-11-17 13:00:00,1946222,,44.69771543478261,20.0883,52
2019-11-17 06:00:00,1573999200.0,2019-11-17 14:00:00,1946223,,43.295397037037034,20.270617592592593,52
2019-11-17 07:00:00,1574002800.0,2019-11-17 15:00:00,1946224,,44.267952,20.32369575,52
2019-11-17 08:00:00,1574006400.0,2019-11-17 16:00:00,1946225,,45.45129450980392,20.888544705882353,52
2019-11-17 09:00:00,1574010000.0,2019-11-17 17:00:00,1946226,,47.30513561403509,21.47813596491228,52
2019-11-17 10:00:00,1574013600.0,2019-11-17 18:00:00,1946227,,42.68666708333333,22.622631666666667,52
2019-11-17 11:00:00,1574017200.0,2019-11-17 19:00:00,1946228,,37.28427647058823,23.67258725490196,52
2019-11-17 12:00:00,1574020800.0,2019-11-17 20:00:00,1946229,,32.7160793877551,25.48014612244898,52
2019-11-17 13:00:00,1574024400.0,2019-11-17 21:00:00,1946230,,29.147896607142858,28.088951785714286,52
2019-11-17 14:00:00,1574028000.0,2019-11-17 22:00:00,1946231,,28.39786,28.901124210526316,52
2019-11-17 15:00:00,1574031600.0,2019-11-17 23:00:00,1946232,,33.050472444444445,26.334970666666667,52
2019-11-17 16:00:00,1574035200.0,2019-11-18 00:00:00,1946233,,36.75423555555555,25.056513555555554,52
2019-11-17 17:00:00,1574038800.0,2019-11-18 01:00:00,1946234,,39.96019066666667,22.96474033333333,52
2019-11-17 18:00:00,1574042400.0,2019-11-18 02:00:00,1946235,,40.425079333333336,22.296290666666668,52
2019-11-17 19:00:00,1574046000.0,2019-11-18 03:00:00,1946236,,41.52045530612245,22.00737,52
2019-11-17 20:00:00,1574049600.0,2019-11-18 04:00:00,1946237,,42.8776986,21.8295526,52
2019-11-17 21:00:00,1574053200.0,2019-11-18 05:00:00,1946238,,41.799472,21.6772608,52
2019-11-17 22:00:00,1574056800.0,2019-11-18 06:00:00,1946239,,42.010106271186444,21.103585593220338,52
2019-11-17 23:00:00,1574060400.0,2019-11-18 07:00:00,1946240,,41.35349956521739,21.08024152173913,52
2019-11-18 00:00:00,1574064000.0,2019-11-18 08:00:00,1946241,,39.481425869565214,21.244744565217392,52
2019-11-18 02:00:00,1574071200.0,2019-11-18 10:00:00,1946243,,38.60283,21.52384,52
2019-11-18 03:00:00,1574074800.0,2019-11-18 11:00:00,1946244,,40.487004,20.933626727272728,52
2019-11-18 05:00:00,1574082000.0,2019-11-18 13:00:00,1946246,,48.411525555555556,19.51308648148148,52
2019-11-18 06:00:00,1574085600.0,2019-11-18 14:00:00,1946247,,50.5576702,18.9266638,52
2019-11-18 07:00:00,1574089200.0,2019-11-18 15:00:00,1946248,,51.5891706122449,18.860907959183674,52
2019-11-18 08:00:00,1574092800.0,2019-11-18 16:00:00,1946249,,46.964527,20.3355,52
2019-11-18 09:00:00,1574096400.0,2019-11-18 17:00:00,1946250,,44.72105411764706,22.34690088235294,52
2019-11-18 10:00:00,1574100000.0,2019-11-18 18:00:00,1946251,,44.13622066666667,23.331005833333332,52
2019-11-18 11:00:00,1574103600.0,2019-11-18 19:00:00,1946252,,42.08594333333333,24.7628845,52
2019-11-18 12:00:00,1574107200.0,2019-11-18 20:00:00,1946253,,37.164793,26.36571875,52
2019-11-18 13:00:00,1574110800.0,2019-11-18 21:00:00,1946254,,31.783534150943396,28.822851509433963,52
2019-11-18 14:00:00,1574114400.0,2019-11-18 22:00:00,1946255,,29.432256724137932,29.90142224137931,52
2019-11-18 15:00:00,1574118000.0,2019-11-18 23:00:00,1946256,,33.00522636363636,27.389275227272726,52
2019-11-18 17:00:00,1574125200.0,2019-11-19 01:00:00,1946258,,41.84838186440678,24.125768983050847,52
2019-11-18 18:00:00,1574128800.0,2019-11-19 02:00:00,1946259,,45.37745808510638,22.29065425531915,52
2019-11-18 19:00:00,1574132400.0,2019-11-19 03:00:00,1946260,,42.989388,22.369418666666668,52
2019-11-18 20:00:00,1574136000.0,2019-11-19 04:00:00,1946261,,41.737339,22.412918166666667,52
2019-11-18 21:00:00,1574139600.0,2019-11-19 05:00:00,1946262,,43.569013166666664,21.88702,52
2019-11-18 22:00:00,1574143200.0,2019-11-19 06:00:00,1946263,,45.91536020408163,20.971805714285715,52
2019-11-18 23:00:00,1574146800.0,2019-11-19 07:00:00,1946264,,53.43138195652174,19.60227586956522,52
2019-11-19 00:00:00,1574150400.0,2019-11-19 08:00:00,1946265,,52.91643833333333,19.949750555555557,52
2019-11-19 02:00:00,1574157600.0,2019-11-19 10:00:00,1946267,,66.88868559322034,17.893887627118644,52
2019-11-19 03:00:00,1574161200.0,2019-11-19 11:00:00,1946268,,69.04200452380952,17.68348619047619,52
2019-11-19 04:00:00,1574164800.0,2019-11-19 12:00:00,1946269,,72.00751901960784,17.39566117647059,52
2019-11-19 05:00:00,1574168400.0,2019-11-19 13:00:00,1946270,,73.95571957446809,17.124318936170212,52
2019-11-19 06:00:00,1574172000.0,2019-11-19 14:00:00,1946271,,77.78746033333333,16.510638166666666,52
2019-11-19 07:00:00,1574175600.0,2019-11-19 15:00:00,1946272,,70.88789113207547,16.24417320754717,52
2019-11-19 08:00:00,1574179200.0,2019-11-19 16:00:00,1946273,,66.0848979245283,16.167258679245283,52
2019-11-19 09:00:00,1574182800.0,2019-11-19 17:00:00,1946274,,62.67531709090909,17.330956,52
2019-11-19 10:00:00,1574186400.0,2019-11-19 18:00:00,1946275,,51.819148727272726,19.032130181818182,52
2019-11-19 11:00:00,1574190000.0,2019-11-19 19:00:00,1946276,,50.116568039215686,20.094039019607845,52
2019-11-19 12:00:00,1574193600.0,2019-11-19 20:00:00,1946277,,45.850770727272725,21.432208727272727,52
2019-11-19 13:00:00,1574197200.0,2019-11-19 21:00:00,1946278,,42.50689933333334,22.528453,52
2019-11-19 14:00:00,1574200800.0,2019-11-19 22:00:00,1946279,,43.715105641025644,22.771537692307692,52
2019-11-19 15:00:00,1574204400.0,2019-11-19 23:00:00,1946280,,49.815747333333334,20.875155333333332,52
2019-11-19 16:00:00,1574208000.0,2019-11-20 00:00:00,1946281,,57.30077595744681,18.761734255319148,52
2019-11-19 17:00:00,1574211600.0,2019-11-20 01:00:00,1946282,,63.3154548,17.003745,52
2019-11-19 18:00:00,1574215200.0,2019-11-20 02:00:00,1946283,,66.06950911764706,16.363306470588235,52
2019-11-19 19:00:00,1574218800.0,2019-11-20 03:00:00,1946284,,66.51695595744681,15.895621489361702,52
2019-11-19 20:00:00,1574222400.0,2019-11-20 04:00:00,1946285,,67.07045518518518,15.473955925925926,52
2019-11-19 21:00:00,1574226000.0,2019-11-20 05:00:00,1946286,,67.0847235,15.13042,52
2019-11-19 22:00:00,1574229600.0,2019-11-20 06:00:00,1946287,,62.26895535714286,15.84909875,52
2019-11-19 23:00:00,1574233200.0,2019-11-20 07:00:00,1946288,,60.34233814814815,15.678673333333334,52
2019-11-20 00:00:00,1574236800.0,2019-11-20 08:00:00,1946289,,59.28588408163265,15.123244285714286,52
2019-11-20 01:00:00,1574240400.0,2019-11-20 09:00:00,1946290,,59.32987120689655,14.665691896551724,52
2019-11-20 02:00:00,1574244000.0,2019-11-20 10:00:00,1946291,,57.55276648648649,14.870238648648648,52
2019-11-20 03:00:00,1574247600.0,2019-11-20 11:00:00,1946292,,55.430630588235296,15.082463529411765,52
2019-11-20 04:00:00,1574251200.0,2019-11-20 12:00:00,1946293,,54.80040327586207,14.861005172413794,52
2019-11-20 05:00:00,1574254800.0,2019-11-20 13:00:00,1946294,,52.630949743589746,15.206014615384616,52
2019-11-20 06:00:00,1574258400.0,2019-11-20 14:00:00,1946295,,48.913379152542376,15.620184745762712,52
2019-11-20 07:00:00,1574262000.0,2019-11-20 15:00:00,1946296,,43.949865319148934,16.184056382978724,52
2019-11-20 08:00:00,1574265600.0,2019-11-20 16:00:00,1946297,,39.84669976744186,17.081121627906978,52
2019-11-20 09:00:00,1574269200.0,2019-11-20 17:00:00,1946298,,36.3819565,18.337297,52
2019-11-20 10:00:00,1574272800.0,2019-11-20 18:00:00,1946299,,31.962621428571428,19.950896530612244,52
2019-11-20 11:00:00,1574276400.0,2019-11-20 19:00:00,1946300,,28.851889818181817,21.572938363636364,52
2019-11-20 13:00:00,1574283600.0,2019-11-20 21:00:00,1946302,,23.435208695652175,25.278033260869567,52
2019-11-20 14:00:00,1574287200.0,2019-11-20 22:00:00,1946303,,22.551712653061223,26.082124897959183,52
2019-11-20 15:00:00,1574290800.0,2019-11-20 23:00:00,1946304,,25.705583,23.1613642,52
2019-11-20 16:00:00,1574294400.0,2019-11-21 00:00:00,1946305,,28.20536388888889,21.69858138888889,52
2019-11-20 17:00:00,1574298000.0,2019-11-21 01:00:00,1946306,,30.872438,19.71044716666667,52
2019-11-20 18:00:00,1574301600.0,2019-11-21 02:00:00,1946307,,32.114299833333334,18.516311,52
2019-11-20 19:00:00,1574305200.0,2019-11-21 03:00:00,1946308,,32.031981458333334,18.1624775,52
2019-11-20 20:00:00,1574308800.0,2019-11-21 04:00:00,1946309,,32.673274375,17.402292708333334,52
2019-11-20 21:00:00,1574312400.0,2019-11-21 05:00:00,1946310,,32.723474745762715,16.970854915254236,52
2019-11-20 22:00:00,1574316000.0,2019-11-21 06:00:00,1946311,,33.18960666666667,17.007191111111112,52
2019-11-20 23:00:00,1574319600.0,2019-11-21 07:00:00,1946312,,32.400171395348835,17.0879988372093,52
2019-11-21 00:00:00,1574323200.0,2019-11-21 08:00:00,1946313,,43.8799945,15.895477666666666,52
2019-11-21 01:00:00,1574326800.0,2019-11-21 09:00:00,1946314,,49.72684233333333,15.295997166666666,52
2019-11-21 02:00:00,1574330400.0,2019-11-21 10:00:00,1946315,,52.7197375,14.877877333333334,52
2019-11-21 03:00:00,1574334000.0,2019-11-21 11:00:00,1946316,,53.15101148148148,14.772662962962963,52
2019-11-21 04:00:00,1574337600.0,2019-11-21 12:00:00,1946317,,53.22171076923077,14.832850961538462,52
2019-11-21 05:00:00,1574341200.0,2019-11-21 13:00:00,1946318,,56.2298862264151,14.41179679245283,52
2019-11-21 06:00:00,1574344800.0,2019-11-21 14:00:00,1946319,,57.202120925925925,14.224941296296297,52
2019-11-21 07:00:00,1574348400.0,2019-11-21 15:00:00,1946320,,55.60616086206897,14.363306896551723,52
2019-11-21 09:00:00,1574355600.0,2019-11-21 17:00:00,1946322,,55.9913118,15.7344854,52
2019-11-21 10:00:00,1574359200.0,2019-11-21 18:00:00,1946323,,55.76666254901961,17.310742352941176,52
2019-11-21 11:00:00,1574362800.0,2019-11-21 19:00:00,1946324,,47.8044925,18.663296875,52
2019-11-21 12:00:00,1574366400.0,2019-11-21 20:00:00,1946325,,43.445881320754715,19.787233018867926,52
2019-11-21 13:00:00,1574370000.0,2019-11-21 21:00:00,1946326,,39.57403090909091,21.363363636363637,52
2019-11-21 14:00:00,1574373600.0,2019-11-21 22:00:00,1946327,,39.43010568965517,22.140251724137933,52
2019-11-21 15:00:00,1574377200.0,2019-11-21 23:00:00,1946328,,44.21417733333333,20.13700111111111,52
2019-11-21 16:00:00,1574380800.0,2019-11-22 00:00:00,1946329,,54.35909448275862,18.54859775862069,52
2019-11-21 17:00:00,1574384400.0,2019-11-22 01:00:00,1946330,,65.32783973684211,16.798807631578946,52
2019-11-21 18:00:00,1574388000.0,2019-11-22 02:00:00,1946331,,69.86589716666667,15.993530166666666,52
2019-11-21 19:00:00,1574391600.0,2019-11-22 03:00:00,1946332,,69.29710407407407,16.029082962962963,52
2019-11-21 20:00:00,1574395200.0,2019-11-22 04:00:00,1946333,,70.50770102040816,15.47692387755102,52
2019-11-21 21:00:00,1574398800.0,2019-11-22 05:00:00,1946334,,68.75843529411765,15.374132549019608,52
2019-11-21 22:00:00,1574402400.0,2019-11-22 06:00:00,1946335,,67.05171775510205,15.429428979591837,52
2019-11-21 23:00:00,1574406000.0,2019-11-22 07:00:00,1946336,,66.81418018181819,15.28839490909091,52
2019-11-22 00:00:00,1574409600.0,2019-11-22 08:00:00,1946337,,66.07008875,15.402392708333334,52
2019-11-22 01:00:00,1574413200.0,2019-11-22 09:00:00,1946338,,67.28627790697675,15.153729069767442,52
2019-11-22 02:00:00,1574416800.0,2019-11-22 10:00:00,1946339,,67.56673042553192,15.06408404255319,52
2019-11-22 03:00:00,1574420400.0,2019-11-22 11:00:00,1946340,,67.14688303030303,15.019079696969698,52
2019-11-22 04:00:00,1574424000.0,2019-11-22 12:00:00,1946341,,69.52314666666666,14.7488705,52
2019-11-22 05:00:00,1574427600.0,2019-11-22 13:00:00,1946342,,70.20705683333334,14.261051833333333,52
2019-11-22 06:00:00,1574431200.0,2019-11-22 14:00:00,1946343,,70.861326,14.146017666666667,52
2019-11-22 07:00:00,1574434800.0,2019-11-22 15:00:00,1946344,,71.33060406779661,14.255486779661016,52
2019-11-22 08:00:00,1574438400.0,2019-11-22 16:00:00,1946345,,71.61928483333334,14.786292833333333,52
2019-11-22 09:00:00,1574442000.0,2019-11-22 17:00:00,1946346,,68.65066588235294,15.977733921568628,52
2019-11-22 10:00:00,1574445600.0,2019-11-22 18:00:00,1946347,,63.90711576271187,17.017375762711865,52
2019-11-22 11:00:00,1574449200.0,2019-11-22 19:00:00,1946348,,57.983069787234044,18.541242978723403,52
2019-11-22 12:00:00,1574452800.0,2019-11-22 20:00:00,1946349,,52.570546944444445,20.349425833333335,52
2019-11-22 14:00:00,1574460000.0,2019-11-22 22:00:00,1946351,,42.296802452830185,23.19298283018868,52
2019-11-22 15:00:00,1574463600.0,2019-11-22 23:00:00,1946352,,44.3582955,21.287997,52
2019-11-22 17:00:00,1574470800.0,2019-11-23 01:00:00,1946354,,54.06026,18.57812,52
2019-11-22 18:00:00,1574474400.0,2019-11-23 02:00:00,1946355,,55.53762396551724,17.402133448275862,52
2019-11-22 19:00:00,1574478000.0,2019-11-23 03:00:00,1946356,,55.99993413043478,16.94917086956522,52
2019-11-22 21:00:00,1574485200.0,2019-11-23 05:00:00,1946358,,59.107454363636364,16.344068545454547,52
2019-11-22 22:00:00,1574488800.0,2019-11-23 06:00:00,1946359,,59.0663144680851,16.369956170212767,52
2019-11-23 00:00:00,1574496000.0,2019-11-23 08:00:00,1946361,,56.750362307692306,16.633653846153845,52
2019-11-23 01:00:00,1574499600.0,2019-11-23 09:00:00,1946362,,55.983298035714284,16.517045535714285,52
2019-11-23 02:00:00,1574503200.0,2019-11-23 10:00:00,1946363,,57.018722727272724,15.751741454545455,52
2019-11-23 03:00:00,1574506800.0,2019-11-23 11:00:00,1946364,,56.388899433962266,15.604811509433961,52
2019-11-23 04:00:00,1574510400.0,2019-11-23 12:00:00,1946365,,54.16107596153846,15.791477307692308,52
2019-11-23 05:00:00,1574514000.0,2019-11-23 13:00:00,1946366,,51.80124638888889,16.214941944444444,52
2019-11-23 06:00:00,1574517600.0,2019-11-23 14:00:00,1946367,,53.37429576923077,15.837740576923077,52
2019-11-23 07:00:00,1574521200.0,2019-11-23 15:00:00,1946368,,52.924348,15.915156222222222,52
2019-11-23 08:00:00,1574524800.0,2019-11-23 16:00:00,1946369,,55.759252033898306,16.649496610169493,52
2019-11-23 09:00:00,1574528400.0,2019-11-23 17:00:00,1946370,,51.94344511627907,17.8058388372093,52
2019-11-23 10:00:00,1574532000.0,2019-11-23 18:00:00,1946371,,44.646156607142856,19.207126607142857,52
2019-11-23 11:00:00,1574535600.0,2019-11-23 19:00:00,1946372,,41.76150339285714,20.585839285714286,52
2019-11-23 12:00:00,1574539200.0,2019-11-23 20:00:00,1946373,,40.81435705882353,22.676038627450982,52
2019-11-23 13:00:00,1574542800.0,2019-11-23 21:00:00,1946374,,33.683847647058826,24.67850745098039,52
2019-11-23 14:00:00,1574546400.0,2019-11-23 22:00:00,1946375,,28.0698175,26.22614090909091,52
2019-11-23 15:00:00,1574550000.0,2019-11-23 23:00:00,1946376,,31.5058,23.27858,52
2019-11-23 16:00:00,1574553600.0,2019-11-24 00:00:00,1946377,,35.077272826086954,22.189323913043477,52
2019-11-23 17:00:00,1574557200.0,2019-11-24 01:00:00,1946378,,36.83364837209302,20.38532069767442,52
2019-11-23 18:00:00,1574560800.0,2019-11-24 02:00:00,1946379,,39.74286466666667,19.043619333333332,52
2019-11-23 19:00:00,1574564400.0,2019-11-24 03:00:00,1946380,,42.228563666666666,18.298822833333332,52
2019-11-23 20:00:00,1574568000.0,2019-11-24 04:00:00,1946381,,42.85610633333334,18.147840833333333,52
2019-11-23 21:00:00,1574571600.0,2019-11-24 05:00:00,1946382,,42.234462962962965,18.370870185185186,52
2019-11-23 22:00:00,1574575200.0,2019-11-24 06:00:00,1946383,,42.54512525423729,18.16728,52
2019-11-23 23:00:00,1574578800.0,2019-11-24 07:00:00,1946384,,41.0342532,18.4589168,52
2019-11-24 00:00:00,1574582400.0,2019-11-24 08:00:00,1946385,,41.31437803921568,18.50546431372549,52
2019-11-24 01:00:00,1574586000.0,2019-11-24 09:00:00,1946386,,44.51329044444444,17.463438222222223,52
2019-11-24 02:00:00,1574589600.0,2019-11-24 10:00:00,1946387,,45.202498235294115,17.108818039215688,52
2019-11-24 03:00:00,1574593200.0,2019-11-24 11:00:00,1946388,,45.095129,17.1067808,52
2019-11-24 04:00:00,1574596800.0,2019-11-24 12:00:00,1946389,,45.1330085,16.7523725,52
2019-11-24 05:00:00,1574600400.0,2019-11-24 13:00:00,1946390,,46.27047145833333,16.521082291666666,52
2019-11-24 06:00:00,1574604000.0,2019-11-24 14:00:00,1946391,,46.12560319148936,16.899043191489362,52
2019-11-24 07:00:00,1574607600.0,2019-11-24 15:00:00,1946392,,48.15657133333333,16.300544666666667,52
2019-11-24 08:00:00,1574611200.0,2019-11-24 16:00:00,1946393,,49.3407724,16.6614024,52
2019-11-24 09:00:00,1574614800.0,2019-11-24 17:00:00,1946394,,44.41406156862745,18.500469215686273,52
2019-11-24 10:00:00,1574618400.0,2019-11-24 18:00:00,1946395,,44.7797293220339,20.346311694915254,52
2019-11-24 11:00:00,1574622000.0,2019-11-24 19:00:00,1946396,,43.753614509803924,21.51489039215686,52
2019-11-24 12:00:00,1574625600.0,2019-11-24 20:00:00,1946397,,41.590914444444444,22.73407088888889,52
2019-11-24 13:00:00,1574629200.0,2019-11-24 21:00:00,1946398,,36.909426333333336,24.605048333333333,52
2019-11-24 14:00:00,1574632800.0,2019-11-24 22:00:00,1946399,,32.61613372881356,26.472027966101695,52
2019-11-24 15:00:00,1574636400.0,2019-11-24 23:00:00,1946400,,37.11976282051282,23.547979743589742,52
2019-11-24 16:00:00,1574640000.0,2019-11-25 00:00:00,1946401,,39.3969405,21.545858833333334,52
2019-11-24 17:00:00,1574643600.0,2019-11-25 01:00:00,1946402,,45.034968666666664,19.100405833333333,52
2019-11-24 18:00:00,1574647200.0,2019-11-25 02:00:00,1946403,,42.22390457627119,18.116224576271186,52
2019-11-24 19:00:00,1574650800.0,2019-11-25 03:00:00,1946404,,41.916413272727276,18.449126545454547,52
2019-11-24 20:00:00,1574654400.0,2019-11-25 04:00:00,1946405,,54.44494,16.860518,52
2019-11-24 21:00:00,1574658000.0,2019-11-25 05:00:00,1946406,,53.407547,16.296363333333332,52
2019-11-24 22:00:00,1574661600.0,2019-11-25 06:00:00,1946407,,63.732281428571426,15.728480535714287,52
2019-11-24 23:00:00,1574665200.0,2019-11-25 07:00:00,1946408,,48.7476812962963,16.21155037037037,52
2019-11-25 00:00:00,1574668800.0,2019-11-25 08:00:00,1946409,,53.3459262,16.0483408,52
2019-11-25 01:00:00,1574672400.0,2019-11-25 09:00:00,1946410,,53.63350965517241,15.580364655172414,52
2019-11-25 02:00:00,1574676000.0,2019-11-25 10:00:00,1946411,,59.615652727272725,15.49935909090909,52
2019-11-25 03:00:00,1574679600.0,2019-11-25 11:00:00,1946412,,66.36416263157895,14.71753456140351,52
2019-11-25 04:00:00,1574683200.0,2019-11-25 12:00:00,1946413,,67.27507826923078,14.457632307692307,52
2019-11-25 05:00:00,1574686800.0,2019-11-25 13:00:00,1946414,,62.56780728813559,14.09489593220339,52
2019-11-25 06:00:00,1574690400.0,2019-11-25 14:00:00,1946415,,54.73763708333333,13.800173125,52
2019-11-25 07:00:00,1574694000.0,2019-11-25 15:00:00,1946416,,55.035201754385966,13.389929649122807,52
2019-11-25 08:00:00,1574697600.0,2019-11-25 16:00:00,1946417,,51.74951,13.975826909090909,52
2019-11-25 09:00:00,1574701200.0,2019-11-25 17:00:00,1946418,,42.16135740740741,15.19305,52
2019-11-25 10:00:00,1574704800.0,2019-11-25 18:00:00,1946419,,36.754643076923074,16.72460326923077,52
2019-11-25 11:00:00,1574708400.0,2019-11-25 19:00:00,1946420,,29.908959649122806,18.18999543859649,52
2019-11-25 12:00:00,1574712000.0,2019-11-25 20:00:00,1946421,,25.858184166666668,20.507501875,52
2019-11-25 13:00:00,1574715600.0,2019-11-25 21:00:00,1946422,,21.617102833333334,22.382832666666665,52
2019-11-25 15:00:00,1574722800.0,2019-11-25 23:00:00,1946424,,30.59246,20.23626,52
2019-11-25 16:00:00,1574726400.0,2019-11-26 00:00:00,1946425,,36.2186755,18.626556333333333,52
2019-11-25 17:00:00,1574730000.0,2019-11-26 01:00:00,1946426,,40.79458052631579,17.014704912280703,52
2019-11-25 18:00:00,1574733600.0,2019-11-26 02:00:00,1946427,,41.197696739130436,15.888265434782609,52
2019-11-25 20:00:00,1574740800.0,2019-11-26 04:00:00,1946429,,42.774059111111114,14.592179111111111,52
2019-11-25 21:00:00,1574744400.0,2019-11-26 05:00:00,1946430,,43.91558833333333,13.965641296296296,52
2019-11-25 22:00:00,1574748000.0,2019-11-26 06:00:00,1946431,,45.05321830508475,13.374966949152542,52
2019-11-25 23:00:00,1574751600.0,2019-11-26 07:00:00,1946432,,45.86989122807017,12.982692631578947,52
2019-11-26 00:00:00,1574755200.0,2019-11-26 08:00:00,1946433,,47.063865744680854,12.660245957446808,52
2019-11-26 01:00:00,1574758800.0,2019-11-26 09:00:00,1946434,,47.62628681818182,12.255732272727272,52
2019-11-26 02:00:00,1574762400.0,2019-11-26 10:00:00,1946435,,47.24447266666667,12.152953333333333,52
2019-11-26 03:00:00,1574766000.0,2019-11-26 11:00:00,1946436,,47.7154788,11.8853794,52
2019-11-26 04:00:00,1574769600.0,2019-11-26 12:00:00,1946437,,50.208476153846156,11.376788269230769,52
2019-11-26 05:00:00,1574773200.0,2019-11-26 13:00:00,1946438,,51.3677352631579,10.9161,52
2019-11-26 06:00:00,1574776800.0,2019-11-26 14:00:00,1946439,,52.04446576923077,10.825569038461538,52
2019-11-26 07:00:00,1574780400.0,2019-11-26 15:00:00,1946440,,50.647279142857144,11.060357714285715,52
2019-11-26 08:00:00,1574784000.0,2019-11-26 16:00:00,1946441,,46.96628977272727,11.868082727272727,52
2019-11-26 09:00:00,1574787600.0,2019-11-26 17:00:00,1946442,,43.60553924528302,12.228105094339623,52
2019-11-26 10:00:00,1574791200.0,2019-11-26 18:00:00,1946443,,,,52
2019-11-26 11:00:00,1574794800.0,2019-11-26 19:00:00,1946444,,49.563379833333336,12.845266666666667,52
2019-11-26 12:00:00,1574798400.0,2019-11-26 20:00:00,1946445,,55.19531966666667,13.162904833333334,52
2019-11-26 13:00:00,1574802000.0,2019-11-26 21:00:00,1946446,,55.63938490566038,13.029651886792452,52
2019-11-26 14:00:00,1574805600.0,2019-11-26 22:00:00,1946447,,,,52
2019-11-26 15:00:00,1574809200.0,2019-11-26 23:00:00,1946448,,59.447895762711866,11.575655423728813,52
2019-11-26 16:00:00,1574812800.0,2019-11-27 00:00:00,1946449,,75.38522023809524,9.461149523809524,52
2019-11-26 17:00:00,1574816400.0,2019-11-27 01:00:00,1946450,,78.36138915254237,9.15830779661017,52
2019-11-26 18:00:00,1574820000.0,2019-11-27 02:00:00,1946451,,81.75302948275862,9.19367551724138,52
2019-11-26 19:00:00,1574823600.0,2019-11-27 03:00:00,1946452,,83.95341583333334,10.378634666666667,52
2019-11-26 20:00:00,1574827200.0,2019-11-27 04:00:00,1946453,,84.02582583333333,10.709597833333333,52
2019-11-26 21:00:00,1574830800.0,2019-11-27 05:00:00,1946454,,81.484813,11.5284155,52
2019-11-26 22:00:00,1574834400.0,2019-11-27 06:00:00,1946455,,74.622257,11.802123,52
2019-11-26 23:00:00,1574838000.0,2019-11-27 07:00:00,1946456,,74.18286383333333,10.679557,52
2019-11-27 00:00:00,1574841600.0,2019-11-27 08:00:00,1946457,,74.45201416666667,10.267227,52
2019-11-27 01:00:00,1574845200.0,2019-11-27 09:00:00,1946458,,74.287009,10.027364166666667,52
2019-11-27 02:00:00,1574848800.0,2019-11-27 10:00:00,1946459,,73.02494416666667,9.91484,52
2019-11-27 03:00:00,1574852400.0,2019-11-27 11:00:00,1946460,,75.373716,9.918175833333333,52
2019-11-27 04:00:00,1574856000.0,2019-11-27 12:00:00,1946461,,76.61722483333334,10.173454,52
2019-11-27 05:00:00,1574859600.0,2019-11-27 13:00:00,1946462,,75.195485,10.196227666666667,52
2019-11-27 06:00:00,1574863200.0,2019-11-27 14:00:00,1946463,,74.089914,10.042621333333333,52
2019-11-27 07:00:00,1574866800.0,2019-11-27 15:00:00,1946464,,72.44269816666667,9.881374333333333,52
2019-11-27 08:00:00,1574870400.0,2019-11-27 16:00:00,1946465,,73.51793983333333,10.096321833333333,52
2019-11-27 09:00:00,1574874000.0,2019-11-27 17:00:00,1946466,,74.1243915,10.579000333333333,52
2019-11-27 10:00:00,1574877600.0,2019-11-27 18:00:00,1946467,,65.06660416666666,11.681698833333334,52
2019-11-27 11:00:00,1574881200.0,2019-11-27 19:00:00,1946468,,65.14473116666667,11.443447166666667,52
2019-11-27 12:00:00,1574884800.0,2019-11-27 20:00:00,1946469,,60.114329833333336,12.092107,52
2019-11-27 13:00:00,1574888400.0,2019-11-27 21:00:00,1946470,,57.02053683333333,12.908854999999999,52
2019-11-27 14:00:00,1574892000.0,2019-11-27 22:00:00,1946471,,54.45453783333333,13.5897485,52
2019-11-27 15:00:00,1574895600.0,2019-11-27 23:00:00,1946472,,57.8329095,12.212720333333333,52
2019-11-27 16:00:00,1574899200.0,2019-11-28 00:00:00,1946473,,61.943759666666665,11.0968325,52
2019-11-27 17:00:00,1574902800.0,2019-11-28 01:00:00,1946474,,61.398762833333336,10.6469135,52
2019-11-27 18:00:00,1574906400.0,2019-11-28 02:00:00,1946475,,63.45031433333333,10.208788166666666,52
2019-11-27 19:00:00,1574910000.0,2019-11-28 03:00:00,1946476,,64.41550083333334,10.007757666666667,52
2019-11-27 20:00:00,1574913600.0,2019-11-28 04:00:00,1946477,,66.6890255,9.931061166666666,52
2019-11-27 21:00:00,1574917200.0,2019-11-28 05:00:00,1946478,,68.65880533333333,9.369738,52
2019-11-27 22:00:00,1574920800.0,2019-11-28 06:00:00,1946479,,69.24715483333334,9.482534,52
2019-11-27 23:00:00,1574924400.0,2019-11-28 07:00:00,1946480,,68.104032,8.944037666666667,52
2019-11-28 00:00:00,1574928000.0,2019-11-28 08:00:00,1946481,,76.13011633333333,8.781683833333334,52
2019-11-28 01:00:00,1574931600.0,2019-11-28 09:00:00,1946482,,79.47124883333333,8.542888166666668,52
2019-11-28 02:00:00,1574935200.0,2019-11-28 10:00:00,1946483,,80.91621183333334,8.201384833333334,52
2019-11-28 03:00:00,1574938800.0,2019-11-28 11:00:00,1946484,,81.0684835,8.004309833333334,52
2019-11-28 04:00:00,1574942400.0,2019-11-28 12:00:00,1946485,,77.7904805,8.020005666666666,52
2019-11-28 05:00:00,1574946000.0,2019-11-28 13:00:00,1946486,,77.586974,7.8816473333333334,52
2019-11-28 06:00:00,1574949600.0,2019-11-28 14:00:00,1946487,,78.69317283333334,7.986455,52
2019-11-28 07:00:00,1574953200.0,2019-11-28 15:00:00,1946488,,79.09656616666666,8.121648166666667,52
2019-11-28 08:00:00,1574956800.0,2019-11-28 16:00:00,1946489,,78.82211716666667,8.275885,52
2019-11-28 09:00:00,1574960400.0,2019-11-28 17:00:00,1946490,,78.91802366666667,8.312475,52
2019-11-28 10:00:00,1574964000.0,2019-11-28 18:00:00,1946491,,78.03302316666667,8.40039,52
2019-11-28 11:00:00,1574967600.0,2019-11-28 19:00:00,1946492,,77.43924133333333,8.809371166666667,52
2019-11-28 12:00:00,1574971200.0,2019-11-28 20:00:00,1946493,,75.39453766666666,9.733470333333333,52
2019-11-28 13:00:00,1574974800.0,2019-11-28 21:00:00,1946494,,69.796338,11.565642833333333,52
2019-11-28 14:00:00,1574978400.0,2019-11-28 22:00:00,1946495,,63.139357068965516,12.561693448275863,52
2019-11-28 15:00:00,1574982000.0,2019-11-28 23:00:00,1946496,,66.2275355,11.061569166666667,52
2019-11-28 16:00:00,1574985600.0,2019-11-29 00:00:00,1946497,,67.67682316666667,10.481647666666667,52
2019-11-28 17:00:00,1574989200.0,2019-11-29 01:00:00,1946498,,68.206504,9.959369166666667,52
2019-11-28 18:00:00,1574992800.0,2019-11-29 02:00:00,1946499,,70.30644216666667,9.501966166666667,52
2019-11-28 19:00:00,1574996400.0,2019-11-29 03:00:00,1946500,,70.56642466666666,9.537842166666668,52
2019-11-28 20:00:00,1575000000.0,2019-11-29 04:00:00,1946501,,69.35813266666666,9.6886905,52
2019-11-28 21:00:00,1575003600.0,2019-11-29 05:00:00,1946502,,70.01855233333333,9.327206166666667,52
2019-11-28 22:00:00,1575007200.0,2019-11-29 06:00:00,1946503,,70.1644985,9.092431,52
2019-11-28 23:00:00,1575010800.0,2019-11-29 07:00:00,1946504,,69.11617083333333,8.776405833333333,52
2019-11-29 00:00:00,1575014400.0,2019-11-29 08:00:00,1946505,,69.33263533333333,8.625676,52
2019-11-29 01:00:00,1575018000.0,2019-11-29 09:00:00,1946506,,68.55514966666667,8.749107666666667,52
2019-11-29 02:00:00,1575021600.0,2019-11-29 10:00:00,1946507,,69.98102183333333,8.789430666666666,52
2019-11-29 03:00:00,1575025200.0,2019-11-29 11:00:00,1946508,,71.62141383333334,8.802608666666666,52
2019-11-29 04:00:00,1575028800.0,2019-11-29 12:00:00,1946509,,73.30863283333333,8.448414333333334,52
2019-11-29 05:00:00,1575032400.0,2019-11-29 13:00:00,1946510,,72.78919316666666,8.333851,52
2019-11-29 06:00:00,1575036000.0,2019-11-29 14:00:00,1946511,,71.04775166666667,8.372316666666666,52
2019-11-29 07:00:00,1575039600.0,2019-11-29 15:00:00,1946512,,71.582368,8.436557833333334,52
2019-11-29 08:00:00,1575043200.0,2019-11-29 16:00:00,1946513,,70.16060383333334,9.425461166666667,52
2019-11-29 09:00:00,1575046800.0,2019-11-29 17:00:00,1946514,,65.7993995,10.416989666666666,52
2019-11-29 10:00:00,1575050400.0,2019-11-29 18:00:00,1946515,,58.572849833333336,11.769299166666666,52
2019-11-29 11:00:00,1575054000.0,2019-11-29 19:00:00,1946516,,55.8033205,12.5558445,52
2019-11-29 12:00:00,1575057600.0,2019-11-29 20:00:00,1946517,,51.96461633333333,13.4539085,52
2019-11-29 13:00:00,1575061200.0,2019-11-29 21:00:00,1946518,,46.94621583333333,14.735362833333333,52
2019-11-29 14:00:00,1575064800.0,2019-11-29 22:00:00,1946519,,47.38726416666667,14.435239833333334,52
2019-11-29 15:00:00,1575068400.0,2019-11-29 23:00:00,1946520,,58.289706833333334,12.511034333333333,52
2019-11-29 16:00:00,1575072000.0,2019-11-30 00:00:00,1946521,,62.693942,11.716181166666667,52
2019-11-29 17:00:00,1575075600.0,2019-11-30 01:00:00,1946522,,64.2430805,11.0262735,52
2019-11-29 18:00:00,1575079200.0,2019-11-30 02:00:00,1946523,,66.960591,10.295548333333333,52
2019-11-29 19:00:00,1575082800.0,2019-11-30 03:00:00,1946524,,65.85119333333333,9.981387666666667,52
2019-11-29 20:00:00,1575086400.0,2019-11-30 04:00:00,1946525,,67.161985,10.067446833333333,52
2019-11-29 21:00:00,1575090000.0,2019-11-30 05:00:00,1946526,,65.480683,10.118735333333333,52
2019-11-29 22:00:00,1575093600.0,2019-11-30 06:00:00,1946527,,65.46450275862068,10.045624310344827,52
2019-11-29 23:00:00,1575097200.0,2019-11-30 07:00:00,1946528,,64.87151583333333,10.301832666666666,52
2019-11-30 00:00:00,1575100800.0,2019-11-30 08:00:00,1946529,,63.735269333333335,10.548569,52
2019-11-30 01:00:00,1575104400.0,2019-11-30 09:00:00,1946530,,63.56195133333333,10.424343666666667,52
2019-11-30 02:00:00,1575108000.0,2019-11-30 10:00:00,1946531,,62.524738166666666,10.474394166666666,52
2019-11-30 03:00:00,1575111600.0,2019-11-30 11:00:00,1946532,,62.07347516666667,10.435122833333333,52
2019-11-30 04:00:00,1575115200.0,2019-11-30 12:00:00,1946533,,59.860003666666664,10.821682166666667,52
2019-11-30 05:00:00,1575118800.0,2019-11-30 13:00:00,1946534,,58.303955,10.974650833333333,52
2019-11-30 06:00:00,1575122400.0,2019-11-30 14:00:00,1946535,,55.81666283333333,11.1911845,52
2019-11-30 07:00:00,1575126000.0,2019-11-30 15:00:00,1946536,,52.5870115,11.452958333333333,52
2019-11-30 08:00:00,1575129600.0,2019-11-30 16:00:00,1946537,,53.742245,11.764158833333333,52
2019-11-30 09:00:00,1575133200.0,2019-11-30 17:00:00,1946538,,51.62843,12.460169833333334,52
2019-11-30 10:00:00,1575136800.0,2019-11-30 18:00:00,1946539,,56.49825233333333,12.362492,52
2019-11-30 11:00:00,1575140400.0,2019-11-30 19:00:00,1946540,,68.34565316666666,11.573062333333333,52
2019-11-30 12:00:00,1575144000.0,2019-11-30 20:00:00,1946541,,74.45651849056604,11.265914150943397,52
2019-11-30 13:00:00,1575147600.0,2019-11-30 21:00:00,1946542,,75.74867745454546,11.039511818181818,52
2019-11-30 14:00:00,1575151200.0,2019-11-30 22:00:00,1946543,,77.79840016666667,10.812255333333333,52
2019-11-30 15:00:00,1575154800.0,2019-11-30 23:00:00,1946544,,81.59546316666666,10.543117666666667,52
2019-11-30 16:00:00,1575158400.0,2019-12-01 00:00:00,1946545,,82.3746655,10.625976,52
2019-11-30 17:00:00,1575162000.0,2019-12-01 01:00:00,1946546,,82.38682916666667,10.9064035,52
2019-11-30 18:00:00,1575165600.0,2019-12-01 02:00:00,1946547,,73.60769216666667,12.056033333333334,52
2019-11-30 19:00:00,1575169200.0,2019-12-01 03:00:00,1946548,,69.29909016949152,12.794394237288136,52
2019-11-30 20:00:00,1575172800.0,2019-12-01 04:00:00,1946549,,71.04817516666667,12.896885666666666,52
2019-11-30 21:00:00,1575176400.0,2019-12-01 05:00:00,1946550,,75.29988233333333,12.840851166666667,52
2019-11-30 22:00:00,1575180000.0,2019-12-01 06:00:00,1946551,,69.96383833333333,14.077226,52
2019-11-30 23:00:00,1575183600.0,2019-12-01 07:00:00,1946552,,67.94680183333334,14.630918666666666,52
2019-12-01 00:00:00,1575187200.0,2019-12-01 08:00:00,1946553,,74.12235283333334,14.124428666666667,52
2019-12-01 01:00:00,1575190800.0,2019-12-01 09:00:00,1946554,,75.12593083333333,14.157999,52
2019-12-01 02:00:00,1575194400.0,2019-12-01 10:00:00,1946555,,74.19915583333334,14.351151833333333,52
2019-12-01 03:00:00,1575198000.0,2019-12-01 11:00:00,1946556,,75.4965115,14.329450833333333,52
2019-12-01 04:00:00,1575201600.0,2019-12-01 12:00:00,1946557,,75.725879,14.394226166666666,52
2019-12-01 05:00:00,1575205200.0,2019-12-01 13:00:00,1946558,,74.85552745762712,14.490498983050847,52
2019-12-01 06:00:00,1575208800.0,2019-12-01 14:00:00,1946559,,80.84453316666666,13.7917395,52
2019-12-01 07:00:00,1575212400.0,2019-12-01 15:00:00,1946560,,82.83783866666667,13.770106666666667,52
2019-12-01 08:00:00,1575216000.0,2019-12-01 16:00:00,1946561,,84.09637233333333,13.9641925,52
2019-12-01 09:00:00,1575219600.0,2019-12-01 17:00:00,1946562,,81.3207337254902,14.333681176470588,52
2019-12-01 10:00:00,1575223200.0,2019-12-01 18:00:00,1946563,,83.4204894117647,14.284036274509804,52
2019-12-01 11:00:00,1575226800.0,2019-12-01 19:00:00,1946564,,84.69165118644068,14.18099254237288,52
2019-12-01 12:00:00,1575230400.0,2019-12-01 20:00:00,1946565,,84.55041683333333,14.241193666666666,52
2019-12-01 14:00:00,1575237600.0,2019-12-01 22:00:00,1946567,,81.43529,14.77882,52
2019-12-01 15:00:00,1575241200.0,2019-12-01 23:00:00,1946568,,80.34395266666667,14.939275666666667,52
2019-12-01 16:00:00,1575244800.0,2019-12-02 00:00:00,1946569,,83.84459533333333,14.529953166666667,52
2019-12-01 17:00:00,1575248400.0,2019-12-02 01:00:00,1946570,,82.94545066666667,14.782228166666666,52
2019-12-01 18:00:00,1575252000.0,2019-12-02 02:00:00,1946571,,80.09189283333333,15.225813833333333,52
2019-12-01 19:00:00,1575255600.0,2019-12-02 03:00:00,1946572,,76.83722583333333,15.537462666666666,52
2019-12-01 20:00:00,1575259200.0,2019-12-02 04:00:00,1946573,,74.40111018518519,15.937459629629629,52
2019-12-01 21:00:00,1575262800.0,2019-12-02 05:00:00,1946574,,79.21467883333334,15.173862666666666,52
2019-12-01 23:00:00,1575270000.0,2019-12-02 07:00:00,1946576,,83.31119,14.68737,52
2019-12-02 00:00:00,1575273600.0,2019-12-02 08:00:00,1946577,,84.86178433333333,14.6971245,52
2019-12-02 01:00:00,1575277200.0,2019-12-02 09:00:00,1946578,,86.6218072881356,14.729545593220339,52
2019-12-02 02:00:00,1575280800.0,2019-12-02 10:00:00,1946579,,86.05492689655172,14.911550517241379,52
2019-12-02 03:00:00,1575284400.0,2019-12-02 11:00:00,1946580,,84.70495666666666,15.084590370370371,52
2019-12-02 04:00:00,1575288000.0,2019-12-02 12:00:00,1946581,,84.02218781818182,15.062244909090909,52
2019-12-02 05:00:00,1575291600.0,2019-12-02 13:00:00,1946582,,84.26099293103448,14.87909,52
2019-12-02 06:00:00,1575295200.0,2019-12-02 14:00:00,1946583,,81.132911,15.5033628,52
2019-12-02 07:00:00,1575298800.0,2019-12-02 15:00:00,1946584,,77.9811157142857,15.684233214285713,52
2019-12-02 08:00:00,1575302400.0,2019-12-02 16:00:00,1946585,,78.6395397826087,15.46445152173913,52
2019-12-02 09:00:00,1575306000.0,2019-12-02 17:00:00,1946586,,81.90984333333333,15.403575614035088,52
2019-12-02 10:00:00,1575309600.0,2019-12-02 18:00:00,1946587,,82.023463,15.523830333333333,52
2019-12-02 11:00:00,1575313200.0,2019-12-02 19:00:00,1946588,,84.01688875,15.931795,52
2019-12-02 12:00:00,1575316800.0,2019-12-02 20:00:00,1946589,,84.53972245283019,16.143754528301887,52
2019-12-02 13:00:00,1575320400.0,2019-12-02 21:00:00,1946590,,81.3041114,16.4701198,52
2019-12-02 14:00:00,1575324000.0,2019-12-02 22:00:00,1946591,,80.61787905660377,15.99674433962264,52
2019-12-02 15:00:00,1575327600.0,2019-12-02 23:00:00,1946592,,81.01048551724138,15.68134724137931,52
2019-12-02 16:00:00,1575331200.0,2019-12-03 00:00:00,1946593,,79.51842631578947,15.606418947368422,52
2019-12-02 17:00:00,1575334800.0,2019-12-03 01:00:00,1946594,,81.63998166666667,14.773015833333334,52
2019-12-02 18:00:00,1575338400.0,2019-12-03 02:00:00,1946595,,81.80347186440677,14.695376610169491,52
2019-12-02 19:00:00,1575342000.0,2019-12-03 03:00:00,1946596,,81.96999076923076,14.737063269230768,52
2019-12-02 20:00:00,1575345600.0,2019-12-03 04:00:00,1946597,,82.2151715,14.646513,52
2019-12-02 21:00:00,1575349200.0,2019-12-03 05:00:00,1946598,,82.16354204081632,14.582637142857143,52
2019-12-02 22:00:00,1575352800.0,2019-12-03 06:00:00,1946599,,81.31880083333333,14.777285625,52
2019-12-02 23:00:00,1575356400.0,2019-12-03 07:00:00,1946600,,80.6557706122449,14.80504693877551,52
2019-12-03 00:00:00,1575360000.0,2019-12-03 08:00:00,1946601,,,,52
2019-12-03 01:00:00,1575363600.0,2019-12-03 09:00:00,1946602,,78.71686883333334,15.215383333333333,52
2019-12-03 02:00:00,1575367200.0,2019-12-03 10:00:00,1946603,,80.62067431372549,14.646067843137255,52
2019-12-03 03:00:00,1575370800.0,2019-12-03 11:00:00,1946604,,80.68378672727273,14.543256,52
2019-12-03 04:00:00,1575374400.0,2019-12-03 12:00:00,1946605,,80.12431159090909,14.695892045454546,52
2019-12-03 05:00:00,1575378000.0,2019-12-03 13:00:00,1946606,,79.68180816666667,14.794339166666667,52
2019-12-03 06:00:00,1575381600.0,2019-12-03 14:00:00,1946607,,79.49530616666667,14.755700333333333,52
2019-12-03 07:00:00,1575385200.0,2019-12-03 15:00:00,1946608,,78.25118310344827,14.775502931034483,52
2019-12-03 08:00:00,1575388800.0,2019-12-03 16:00:00,1946609,,77.49577491525423,14.92364440677966,52
2019-12-03 09:00:00,1575392400.0,2019-12-03 17:00:00,1946610,,74.57655441860464,15.887587906976744,52
2019-12-03 10:00:00,1575396000.0,2019-12-03 18:00:00,1946611,,72.18697166666666,16.506620625,52
2019-12-03 11:00:00,1575399600.0,2019-12-03 19:00:00,1946612,,68.5549369047619,17.48589857142857,52
2019-12-03 12:00:00,1575403200.0,2019-12-03 20:00:00,1946613,,64.28076117647059,18.483507254901962,52
2019-12-03 13:00:00,1575406800.0,2019-12-03 21:00:00,1946614,,65.6403264102564,17.872712307692307,52
2019-12-03 14:00:00,1575410400.0,2019-12-03 22:00:00,1946615,,70.74150647058823,16.807637647058822,52
2019-12-03 15:00:00,1575414000.0,2019-12-03 23:00:00,1946616,,68.70841,17.06807,52
2019-12-03 16:00:00,1575417600.0,2019-12-04 00:00:00,1946617,,67.1332493877551,17.134554285714287,52
2019-12-03 17:00:00,1575421200.0,2019-12-04 01:00:00,1946618,,65.43343732142857,17.263031428571427,52
2019-12-03 18:00:00,1575424800.0,2019-12-04 02:00:00,1946619,,65.8037812244898,17.427505714285715,52
2019-12-03 19:00:00,1575428400.0,2019-12-04 03:00:00,1946620,,65.32648,17.55005,52
2019-12-03 20:00:00,1575432000.0,2019-12-04 04:00:00,1946621,,62.88469633333333,17.082018333333334,52
2019-12-03 21:00:00,1575435600.0,2019-12-04 05:00:00,1946622,,55.0786720754717,17.09352924528302,52
2019-12-03 22:00:00,1575439200.0,2019-12-04 06:00:00,1946623,,56.85892139534884,17.196914651162793,52
2019-12-03 23:00:00,1575442800.0,2019-12-04 07:00:00,1946624,,62.2518379245283,16.53848150943396,52
2019-12-04 00:00:00,1575446400.0,2019-12-04 08:00:00,1946625,,62.289386808510635,16.73928425531915,52
2019-12-04 01:00:00,1575450000.0,2019-12-04 09:00:00,1946626,,72.04652166666666,15.655469333333333,52
2019-12-04 02:00:00,1575453600.0,2019-12-04 10:00:00,1946627,,78.22630104166667,14.656567708333334,52
2019-12-04 03:00:00,1575457200.0,2019-12-04 11:00:00,1946628,,82.4193759322034,13.893539322033899,52
2019-12-04 04:00:00,1575460800.0,2019-12-04 12:00:00,1946629,,83.63079951219513,13.338228536585365,52
2019-12-04 05:00:00,1575464400.0,2019-12-04 13:00:00,1946630,,82.67965191489361,13.641804042553192,52
2019-12-04 06:00:00,1575468000.0,2019-12-04 14:00:00,1946631,,79.05959847826087,14.190212173913043,52
2019-12-04 07:00:00,1575471600.0,2019-12-04 15:00:00,1946632,,78.53770976744187,14.213537441860465,52
2019-12-04 08:00:00,1575475200.0,2019-12-04 16:00:00,1946633,,,,52
2019-12-04 09:00:00,1575478800.0,2019-12-04 17:00:00,1946634,,82.35351724137931,13.678883103448277,52
2019-12-04 10:00:00,1575482400.0,2019-12-04 18:00:00,1946635,,82.78810634146342,13.63163219512195,52
2019-12-04 11:00:00,1575486000.0,2019-12-04 19:00:00,1946636,,83.61656777777777,13.619574074074073,52
2019-12-04 12:00:00,1575489600.0,2019-12-04 20:00:00,1946637,,84.00424982142857,13.943356428571429,52
2019-12-04 13:00:00,1575493200.0,2019-12-04 21:00:00,1946638,,81.8022084,14.5745062,52
2019-12-04 14:00:00,1575496800.0,2019-12-04 22:00:00,1946639,,80.5903637037037,14.85159425925926,52
2019-12-04 15:00:00,1575500400.0,2019-12-04 23:00:00,1946640,,79.74861181818181,15.05659409090909,52
2019-12-04 16:00:00,1575504000.0,2019-12-05 00:00:00,1946641,,77.82164047619048,15.244425,52
2019-12-04 17:00:00,1575507600.0,2019-12-05 01:00:00,1946642,,79.13041655172414,14.904185172413793,52
2019-12-04 18:00:00,1575511200.0,2019-12-05 02:00:00,1946643,,77.3445172,15.2085086,52
2019-12-04 19:00:00,1575514800.0,2019-12-05 03:00:00,1946644,,77.3113305,15.3518135,52
2019-12-04 20:00:00,1575518400.0,2019-12-05 04:00:00,1946645,,77.95650133333334,15.151918222222223,52
2019-12-04 21:00:00,1575522000.0,2019-12-05 05:00:00,1946646,,78.53481879310345,15.323783448275861,52
2019-12-04 22:00:00,1575525600.0,2019-12-05 06:00:00,1946647,,78.48444088235294,15.598570294117646,52
2019-12-04 23:00:00,1575529200.0,2019-12-05 07:00:00,1946648,,78.96890365853659,15.53098243902439,52
2019-12-05 00:00:00,1575532800.0,2019-12-05 08:00:00,1946649,,79.23292,15.5111,52
2019-12-05 01:00:00,1575536400.0,2019-12-05 09:00:00,1946650,,79.6122886440678,15.24719,52
2019-12-05 02:00:00,1575540000.0,2019-12-05 10:00:00,1946651,,79.5450298,15.3294168,52
2019-12-05 03:00:00,1575543600.0,2019-12-05 11:00:00,1946652,,79.68848053571429,15.014574285714286,52
2019-12-05 06:00:00,1575554400.0,2019-12-05 14:00:00,1946655,,77.85211265306123,13.903571836734693,52
2019-12-05 07:00:00,1575558000.0,2019-12-05 15:00:00,1946656,,79.60990166666666,13.655737291666666,52
2019-12-05 08:00:00,1575561600.0,2019-12-05 16:00:00,1946657,,80.04080276595745,14.41328680851064,52
2019-12-05 09:00:00,1575565200.0,2019-12-05 17:00:00,1946658,,79.9195325862069,15.091197413793104,52
2019-12-05 10:00:00,1575568800.0,2019-12-05 18:00:00,1946659,,78.74715,15.82653,52
2019-12-05 12:00:00,1575576000.0,2019-12-05 20:00:00,1946661,,76.23852,17.03426,52
2019-12-05 13:00:00,1575579600.0,2019-12-05 21:00:00,1946662,,74.87135315789473,17.468885614035088,52
2019-12-05 14:00:00,1575583200.0,2019-12-05 22:00:00,1946663,,73.19487944444444,17.880305555555555,52
2019-12-05 15:00:00,1575586800.0,2019-12-05 23:00:00,1946664,,73.36085383333334,17.033759,52
2019-12-05 16:00:00,1575590400.0,2019-12-06 00:00:00,1946665,,76.47697583333333,16.538526666666666,52
2019-12-05 17:00:00,1575594000.0,2019-12-06 01:00:00,1946666,,76.72076520833333,16.737394791666667,52
2019-12-05 18:00:00,1575597600.0,2019-12-06 02:00:00,1946667,,74.13583236842105,17.167779736842107,52
2019-12-05 19:00:00,1575601200.0,2019-12-06 03:00:00,1946668,,74.90191807692308,17.133949230769232,52
2019-12-05 20:00:00,1575604800.0,2019-12-06 04:00:00,1946669,,74.54105581395349,17.17604511627907,52
2019-12-05 21:00:00,1575608400.0,2019-12-06 05:00:00,1946670,,73.51020351351352,17.225273783783784,52
2019-12-05 22:00:00,1575612000.0,2019-12-06 06:00:00,1946671,,72.33811734693877,17.251162653061225,52
2019-12-05 23:00:00,1575615600.0,2019-12-06 07:00:00,1946672,,72.44262545454545,17.088651272727272,52
2019-12-06 00:00:00,1575619200.0,2019-12-06 08:00:00,1946673,,70.49770263157895,16.99491236842105,52
2019-12-06 01:00:00,1575622800.0,2019-12-06 09:00:00,1946674,,69.82433961538462,16.817300576923078,52
2019-12-06 02:00:00,1575626400.0,2019-12-06 10:00:00,1946675,,68.41160431034483,16.742182068965516,52
2019-12-06 03:00:00,1575630000.0,2019-12-06 11:00:00,1946676,,69.08088857142857,16.834286428571428,52
2019-12-06 04:00:00,1575633600.0,2019-12-06 12:00:00,1946677,,68.48726461538462,16.730174615384616,52
2019-12-06 05:00:00,1575637200.0,2019-12-06 13:00:00,1946678,,65.21530216666666,16.806705666666666,52
2019-12-06 06:00:00,1575640800.0,2019-12-06 14:00:00,1946679,,62.2251195,17.0823125,52
2019-12-06 07:00:00,1575644400.0,2019-12-06 15:00:00,1946680,,62.97254813559322,16.992567288135593,52
2019-12-06 08:00:00,1575648000.0,2019-12-06 16:00:00,1946681,,61.63669483333334,17.230081666666667,52
2019-12-06 09:00:00,1575651600.0,2019-12-06 17:00:00,1946682,,59.34559762711864,18.068927966101697,52
2019-12-06 10:00:00,1575655200.0,2019-12-06 18:00:00,1946683,,54.566907368421056,19.155778771929825,52
2019-12-06 11:00:00,1575658800.0,2019-12-06 19:00:00,1946684,,48.23666862745098,20.483959607843136,52
2019-12-06 12:00:00,1575662400.0,2019-12-06 20:00:00,1946685,,50.055408166666666,20.028875666666668,52
2019-12-06 13:00:00,1575666000.0,2019-12-06 21:00:00,1946686,,52.778415263157896,19.47422894736842,52
2019-12-06 14:00:00,1575669600.0,2019-12-06 22:00:00,1946687,,54.39410886792453,19.179632264150943,52
2019-12-06 15:00:00,1575673200.0,2019-12-06 23:00:00,1946688,,59.82687911764706,18.34339970588235,52
2019-12-06 16:00:00,1575676800.0,2019-12-07 00:00:00,1946689,,61.045972666666664,17.702878666666667,52
2019-12-06 18:00:00,1575684000.0,2019-12-07 02:00:00,1946691,,67.4322884,17.2569264,52
2019-12-06 19:00:00,1575687600.0,2019-12-07 03:00:00,1946692,,70.22041372093024,16.882178139534883,52
2019-12-06 20:00:00,1575691200.0,2019-12-07 04:00:00,1946693,,82.093347,15.2109195,52
2019-12-06 21:00:00,1575694800.0,2019-12-07 05:00:00,1946694,,85.56997033333333,14.781135166666667,52
2019-12-06 22:00:00,1575698400.0,2019-12-07 06:00:00,1946695,,86.40574070175438,14.441309649122807,52
2019-12-06 23:00:00,1575702000.0,2019-12-07 07:00:00,1946696,,86.58248785714285,14.596701904761904,52
2019-12-07 00:00:00,1575705600.0,2019-12-07 08:00:00,1946697,,87.67967355555555,14.737151333333333,52
2019-12-07 01:00:00,1575709200.0,2019-12-07 09:00:00,1946698,,88.12847447368421,15.067758421052632,52
2019-12-07 02:00:00,1575712800.0,2019-12-07 10:00:00,1946699,,87.76765,15.59468,52
2019-12-07 03:00:00,1575716400.0,2019-12-07 11:00:00,1946700,,87.25234145833333,15.944300208333333,52
2019-12-07 04:00:00,1575720000.0,2019-12-07 12:00:00,1946701,,85.64605695652173,16.214279782608696,52
2019-12-07 05:00:00,1575723600.0,2019-12-07 13:00:00,1946702,,84.77427366666667,16.09140633333333,52
2019-12-07 06:00:00,1575727200.0,2019-12-07 14:00:00,1946703,,82.38940266666667,16.172652166666666,52
2019-12-07 07:00:00,1575730800.0,2019-12-07 15:00:00,1946704,,78.68356125,16.556362291666666,52
2019-12-07 09:00:00,1575738000.0,2019-12-07 17:00:00,1946706,,72.62714886363636,17.28980818181818,52
2019-12-07 10:00:00,1575741600.0,2019-12-07 18:00:00,1946707,,73.7160148275862,17.24184793103448,52
2019-12-07 12:00:00,1575748800.0,2019-12-07 20:00:00,1946709,,84.89493127272728,16.71540781818182,52
2019-12-07 13:00:00,1575752400.0,2019-12-07 21:00:00,1946710,,86.35014333333334,16.702881458333334,52
2019-12-07 14:00:00,1575756000.0,2019-12-07 22:00:00,1946711,,86.96617355555556,16.67856777777778,52
2019-12-07 15:00:00,1575759600.0,2019-12-07 23:00:00,1946712,,84.62418226415095,15.081248301886793,52
2019-12-07 16:00:00,1575763200.0,2019-12-08 00:00:00,1946713,,88.30752411764706,16.128944705882354,52
2019-12-07 17:00:00,1575766800.0,2019-12-08 01:00:00,1946714,,87.9022030909091,16.407663636363637,52
2019-12-07 18:00:00,1575770400.0,2019-12-08 02:00:00,1946715,,87.50998944444444,16.258691388888888,52
2019-12-07 19:00:00,1575774000.0,2019-12-08 03:00:00,1946716,,87.47481066666667,16.1410205,52
2019-12-07 20:00:00,1575777600.0,2019-12-08 04:00:00,1946717,,85.76291063829787,16.15178191489362,52
2019-12-07 21:00:00,1575781200.0,2019-12-08 05:00:00,1946718,,86.38378117647059,16.209399215686275,52
2019-12-07 22:00:00,1575784800.0,2019-12-08 06:00:00,1946719,,86.31699571428571,16.08024214285714,52
2019-12-07 23:00:00,1575788400.0,2019-12-08 07:00:00,1946720,,85.82398433962264,15.858908867924528,52
2019-12-08 00:00:00,1575792000.0,2019-12-08 08:00:00,1946721,,86.66955645833333,15.701495416666667,52
2019-12-08 01:00:00,1575795600.0,2019-12-08 09:00:00,1946722,,86.82140754716981,15.421803962264152,52
2019-12-08 02:00:00,1575799200.0,2019-12-08 10:00:00,1946723,,87.6275974,15.4666238,52
2019-12-08 04:00:00,1575806400.0,2019-12-08 12:00:00,1946725,,87.4233248,15.2639284,52
2019-12-08 05:00:00,1575810000.0,2019-12-08 13:00:00,1946726,,87.13413952380952,14.90446880952381,52
2019-12-08 06:00:00,1575813600.0,2019-12-08 14:00:00,1946727,,87.15071978723404,15.009145957446808,52
2019-12-08 07:00:00,1575817200.0,2019-12-08 15:00:00,1946728,,86.32950487179487,14.906100256410257,52
2019-12-08 09:00:00,1575824400.0,2019-12-08 17:00:00,1946730,,83.64968,15.44631,52
2019-12-08 10:00:00,1575828000.0,2019-12-08 18:00:00,1946731,,83.20152410256411,15.466730256410257,52
2019-12-08 11:00:00,1575831600.0,2019-12-08 19:00:00,1946732,,81.22641387755102,15.730048571428572,52
2019-12-08 12:00:00,1575835200.0,2019-12-08 20:00:00,1946733,,76.23286170212766,16.847529574468084,52
2019-12-08 13:00:00,1575838800.0,2019-12-08 21:00:00,1946734,,70.22505983333333,18.1652075,52
2019-12-08 14:00:00,1575842400.0,2019-12-08 22:00:00,1946735,,69.0128026,18.614632,52
2019-12-08 15:00:00,1575846000.0,2019-12-08 23:00:00,1946736,,70.08600723404255,18.505108936170213,52
2019-12-08 16:00:00,1575849600.0,2019-12-09 00:00:00,1946737,,73.15101306122449,17.662948979591835,52
2019-12-08 17:00:00,1575853200.0,2019-12-09 01:00:00,1946738,,75.56415295454545,16.6856075,52
2019-12-08 18:00:00,1575856800.0,2019-12-09 02:00:00,1946739,,75.9268764,16.160463,52
2019-12-08 19:00:00,1575860400.0,2019-12-09 03:00:00,1946740,,76.47929423728813,15.597087457627119,52
2019-12-08 20:00:00,1575864000.0,2019-12-09 04:00:00,1946741,,76.82848723404256,15.419159574468084,52
2019-12-08 22:00:00,1575871200.0,2019-12-09 06:00:00,1946743,,78.44210780487805,15.085555853658537,52
2019-12-09 00:00:00,1575878400.0,2019-12-09 08:00:00,1946745,,,,52
2019-12-09 01:00:00,1575882000.0,2019-12-09 09:00:00,1946746,,75.5551006779661,14.495063050847458,52
2019-12-09 02:00:00,1575885600.0,2019-12-09 10:00:00,1946747,,78.03503019607844,14.00770843137255,52
2019-12-09 03:00:00,1575889200.0,2019-12-09 11:00:00,1946748,,77.1342246,14.1339338,52
2019-12-09 04:00:00,1575892800.0,2019-12-09 12:00:00,1946749,,75.42225891891891,14.388960810810811,52
2019-12-09 05:00:00,1575896400.0,2019-12-09 13:00:00,1946750,,76.05765596153846,14.010229038461539,52
2019-12-09 06:00:00,1575900000.0,2019-12-09 14:00:00,1946751,,77.24333864406779,13.909076949152542,52
2019-12-09 08:00:00,1575907200.0,2019-12-09 16:00:00,1946753,,84.14481754716981,12.997682452830189,52
2019-12-09 09:00:00,1575910800.0,2019-12-09 17:00:00,1946754,,85.56405568181818,13.294169772727273,52
2019-12-09 10:00:00,1575914400.0,2019-12-09 18:00:00,1946755,,84.6902,13.904851960784313,52
2019-12-09 11:00:00,1575918000.0,2019-12-09 19:00:00,1946756,,81.16267790697674,14.592229302325581,52
2019-12-09 12:00:00,1575921600.0,2019-12-09 20:00:00,1946757,,80.88707,14.72636,52
2019-12-09 13:00:00,1575925200.0,2019-12-09 21:00:00,1946758,,79.74258897959183,14.727482653061225,52
2019-12-09 14:00:00,1575928800.0,2019-12-09 22:00:00,1946759,,75.5518815625,15.2287115625,52
2019-12-09 15:00:00,1575932400.0,2019-12-09 23:00:00,1946760,,75.382664,14.876363333333334,52
2019-12-09 16:00:00,1575936000.0,2019-12-10 00:00:00,1946761,,73.4899925,14.921846333333333,52
2019-12-09 17:00:00,1575939600.0,2019-12-10 01:00:00,1946762,,75.95422333333333,14.348919666666667,52
2019-12-09 18:00:00,1575943200.0,2019-12-10 02:00:00,1946763,,76.30279033333333,14.657227666666667,52
2019-12-09 19:00:00,1575946800.0,2019-12-10 03:00:00,1946764,,75.713125,14.833732333333334,52
2019-12-09 20:00:00,1575950400.0,2019-12-10 04:00:00,1946765,,74.97727125,15.086802083333334,52
2019-12-09 21:00:00,1575954000.0,2019-12-10 05:00:00,1946766,,73.25990025641026,15.08933923076923,52
2019-12-09 23:00:00,1575961200.0,2019-12-10 07:00:00,1946768,,71.69726166666666,14.877371875,52
2019-12-10 00:00:00,1575964800.0,2019-12-10 08:00:00,1946769,,74.20481677419355,14.14151741935484,52
2019-12-10 01:00:00,1575968400.0,2019-12-10 09:00:00,1946770,,75.07394534482759,13.305471206896552,52
2019-12-10 02:00:00,1575972000.0,2019-12-10 10:00:00,1946771,,77.18748964912281,13.031426666666666,52
2019-12-10 03:00:00,1575975600.0,2019-12-10 11:00:00,1946772,,77.38124949152542,13.135929491525424,52
2019-12-10 04:00:00,1575979200.0,2019-12-10 12:00:00,1946773,,77.94538366666667,12.9330335,52
2019-12-10 06:00:00,1575986400.0,2019-12-10 14:00:00,1946775,,74.36612,13.75591,52
2019-12-10 07:00:00,1575990000.0,2019-12-10 15:00:00,1946776,,76.97381633333333,13.185892333333333,52
2019-12-10 08:00:00,1575993600.0,2019-12-10 16:00:00,1946777,,77.18208416666667,13.1889105,52
2019-12-10 09:00:00,1575997200.0,2019-12-10 17:00:00,1946778,,75.131751,13.890545,52
2019-12-10 10:00:00,1576000800.0,2019-12-10 18:00:00,1946779,,71.7713097826087,14.958930217391304,52
2019-12-10 11:00:00,1576004400.0,2019-12-10 19:00:00,1946780,,69.593465,15.483387166666667,52
2019-12-10 12:00:00,1576008000.0,2019-12-10 20:00:00,1946781,,68.32673215686275,16.230936078431373,52
2019-12-10 13:00:00,1576011600.0,2019-12-10 21:00:00,1946782,,62.02381,18.352405555555556,52
2019-12-10 14:00:00,1576015200.0,2019-12-10 22:00:00,1946783,,57.557210784313725,18.805835490196078,52
2019-12-10 15:00:00,1576018800.0,2019-12-10 23:00:00,1946784,,62.71910935483871,17.253343870967743,52
2019-12-10 16:00:00,1576022400.0,2019-12-11 00:00:00,1946785,,67.55183,16.65901,52
2019-12-10 17:00:00,1576026000.0,2019-12-11 01:00:00,1946786,,68.6357296226415,15.981100188679246,52
2019-12-10 18:00:00,1576029600.0,2019-12-11 02:00:00,1946787,,72.94832025,15.66998325,52
2019-12-10 19:00:00,1576033200.0,2019-12-11 03:00:00,1946788,,79.08227,14.73207,52
2019-12-10 20:00:00,1576036800.0,2019-12-11 04:00:00,1946789,,81.12255542857143,14.382477142857143,52
2019-12-10 21:00:00,1576040400.0,2019-12-11 05:00:00,1946790,,81.32272268292682,13.784499268292683,52
2019-12-10 23:00:00,1576047600.0,2019-12-11 07:00:00,1946792,,,,52
2019-12-11 00:00:00,1576051200.0,2019-12-11 08:00:00,1946793,,75.57379568965517,14.727469310344828,52
2019-12-11 01:00:00,1576054800.0,2019-12-11 09:00:00,1946794,,74.57553296296297,14.50079611111111,52
2019-12-11 02:00:00,1576058400.0,2019-12-11 10:00:00,1946795,,71.54939634615384,14.664999807692308,52
2019-12-11 03:00:00,1576062000.0,2019-12-11 11:00:00,1946796,,72.07941804347826,14.578130434782608,52
2019-12-11 04:00:00,1576065600.0,2019-12-11 12:00:00,1946797,,67.97699212765957,14.86466255319149,52
2019-12-11 06:00:00,1576072800.0,2019-12-11 14:00:00,1946799,,75.730033125,15.518531041666666,52
2019-12-11 07:00:00,1576076400.0,2019-12-11 15:00:00,1946800,,82.39966,14.69933,52
2019-12-11 08:00:00,1576080000.0,2019-12-11 16:00:00,1946801,,81.3827768292683,15.513045365853658,52
2019-12-11 09:00:00,1576083600.0,2019-12-11 17:00:00,1946802,,76.90383829268292,16.045536097560976,52
2019-12-11 10:00:00,1576087200.0,2019-12-11 18:00:00,1946803,,79.9443618367347,16.340012448979593,52
2019-12-11 11:00:00,1576090800.0,2019-12-11 19:00:00,1946804,,78.3755482,16.921173,52
2019-12-11 12:00:00,1576094400.0,2019-12-11 20:00:00,1946805,,80.65915916666667,16.503128125,52
2019-12-11 13:00:00,1576098000.0,2019-12-11 21:00:00,1946806,,82.61161672413793,16.634976034482758,52
2019-12-11 14:00:00,1576101600.0,2019-12-11 22:00:00,1946807,,80.90408192307693,16.953458846153847,52
2019-12-11 15:00:00,1576105200.0,2019-12-11 23:00:00,1946808,,82.25922375,16.698970892857144,52
2019-12-11 16:00:00,1576108800.0,2019-12-12 00:00:00,1946809,,80.65636581395349,16.74597488372093,52
2019-12-11 17:00:00,1576112400.0,2019-12-12 01:00:00,1946810,,80.87674204081632,16.722337959183672,52
2019-12-11 18:00:00,1576116000.0,2019-12-12 02:00:00,1946811,,79.12211511111111,17.231822444444443,52
2019-12-11 19:00:00,1576119600.0,2019-12-12 03:00:00,1946812,,80.3766456,16.9590416,52
2019-12-11 20:00:00,1576123200.0,2019-12-12 04:00:00,1946813,,81.71490075471698,17.048700188679245,52
2019-12-11 21:00:00,1576126800.0,2019-12-12 05:00:00,1946814,,85.5140027118644,16.657306440677967,52
2019-12-11 22:00:00,1576130400.0,2019-12-12 06:00:00,1946815,,,,52
2019-12-11 23:00:00,1576134000.0,2019-12-12 07:00:00,1946816,,85.67701847457627,16.872057796610168,52
2019-12-12 00:00:00,1576137600.0,2019-12-12 08:00:00,1946817,,87.78428566666666,16.913056166666667,52
